"ID","GENDER1","AGE1","MOD1","GENDER2","AGE2","MOD2","GENDER3","AGE3","MOD3","MOD1_02","MOD1_03","MOD1_04","MOD1_05","MOD1_05X1","MOD1_06","MOD1_07","MOD1_08_1","MOD1_08_2","MOD1_08_3","MOD1_08B_1","MOD1_08B_2","MOD1_08B_3","MOD1_09R","MOD1_10R","MOD1_11R","MOD1_12R","MOD1_13R","MOD1_14R","MOD1_15R","MOD1_09S","MOD1_10S","MOD1_11S","MOD1_12S","MOD1_13S","MOD1_14S","MOD1_15S","MOD1_09T","MOD1_10T","MOD1_11T","MOD1_12T","MOD1_13T","MOD1_14T","MOD1_15T","MOD1_16S","MOD1_17S","MOD1_18S","MOD1_19S","MOD1_20S","MOD1_21S","MOD1_16U","MOD1_17U","MOD1_18U","MOD1_19U","MOD1_20U","MOD1_21U","MOD1_16T","MOD1_17T","MOD1_18T","MOD1_19T","MOD1_20T","MOD1_21T","MOD1_16K","MOD1_17K","MOD1_18K","MOD1_19K","MOD1_20K","MOD1_21K","MOD1_16G","MOD1_17G","MOD1_18G","MOD1_19G","MOD1_20G","MOD1_21G","MOD1_16V","MOD1_17V","MOD1_18V","MOD1_19V","MOD1_20V","MOD1_21V","MOD1_16J","MOD1_17J","MOD1_18J","MOD1_19J","MOD1_20J","MOD1_21J","MOD1_22R","MOD1_23R","MOD1_24_R1","MOD1_24_R2","MOD1_24_R3","MOD1_24_R4","MOD1_24_R5","MOD1_24_R6A1","MOD1_24_R6A2","MOD1_22S","MOD1_23S","MOD1_24_S1","MOD1_24_S2","MOD1_24_S3","MOD1_24_S4","MOD1_24_S5","MOD1_24_S6A1","MOD1_24_S6A2","MOD1_22T","MOD1_23T","MOD1_24_T1","MOD1_24_T2","MOD1_24_T3","MOD1_24_T4","MOD1_24_T5","MOD1_24_T6A1","MOD1_24_T6A2","MOD1_25S","MOD1_26S","MOD1_27_S1","MOD1_27_S2","MOD1_27_S3","MOD1_27_S4","MOD1_27_S5","MOD1_27_S6A1","MOD1_27_S6A2","MOD1_25U","MOD1_26U","MOD1_27_U1","MOD1_27_U2","MOD1_27_U3","MOD1_27_U4","MOD1_27_U5","MOD1_27_U6A1","MOD1_27_U6A2","MOD1_25T","MOD1_26T","MOD1_27_T1","MOD1_27_T2","MOD1_27_T3","MOD1_27_T4","MOD1_27_T5","MOD1_27_T6A1","MOD1_27_T6A2","MOD1_25K","MOD1_26K","MOD1_27_K1","MOD1_27_K2","MOD1_27_K3","MOD1_27_K4","MOD1_27_K5","MOD1_27_K6A1","MOD1_27_K6A2","MOD1_25G","MOD1_26G","MOD1_27_G1","MOD1_27_G2","MOD1_27_G3","MOD1_27_G4","MOD1_27_G5","MOD1_27_G6A1","MOD1_27_G6A2","MOD1_25V","MOD1_26V","MOD1_27_V1","MOD1_27_V2","MOD1_27_V3","MOD1_27_V4","MOD1_27_V5","MOD1_27_V6A1","MOD1_27_V6A2","MOD1_25J","MOD1_26J","MOD1_27_J1","MOD1_27_J2","MOD1_27_J3","MOD1_27_J4","MOD1_27_J5","MOD1_27_J6A1","MOD1_27_J6A2","M_2_01R","M_2_01S","M_2_01T","M_2_02B","M_2_02Z","M2_03_4","M2_03_5","M2_03_6","M2_03_7","M2_03_8","M2_03_9","M2_03_10","M_2_04B","M_2_04Z","M2_2_05A","M2_2_05B","M2_2_06AA","M2_2_06AB","M2_2_06AC","M2_2_06AD","M2_2_06AE","M2_2_06AF","M2_2_06AG","M2_2_06AH","M2_2_06AI","M2_2_06BA","M2_2_06BB","M2_2_06BC","M2_2_06BD","M2_2_06BE","M2_2_06BF","M2_2_06BG","M2_2_06BH","M2_2_06BI","M2_2_07A","M2_2_07B","M2_2_08A1","M2_2_08A2","M2_2_08B1","M2_2_08B2","M2_2_09_1","M2_2_09_2","M2_2_10_1","M2_2_10_2","M_2_11_1","M_2_11_2","M_2_12A","M_2_12B","M_2_12A1","M_2_12A2","M_2_13_1","M_2_13_2","M_2_14_1Y_1","M_2_14_1Y_2","M_2_14_1Y_3","M_2_14A_1_1","M_2_14A_1_2","M_2_14A_1_3","M_2_14A_2_1","M_2_14A_2_2","M_2_14_2Y_1","M_2_14_2Y_2","M_2_14_2Y_3","M_2_14B_1_1","M_2_14B_1_2","M_2_14B_1_3","M_2_14B_2_1","M_2_14B_2_2","M_30A_1","M_30A_2","M_30A_3","M_30A_4","M_30A_5","M_30A_6","M_30A_7","M_30B_1","M_30B_2","M_30B_3","M_30B_4","M_30B_5","M_30B_6","M_30B_7","M_3_08A","M_3_08B","M_3_09A","M_3_09B","M_3_010A","M_3_010B","M_3_010AA","M_3_010AB","M_3_011A","M_3_011B","M_3_12A","M_3_12B","M_3_013A","M_3_013B","M_3_014A","M_3_014B","M_3_015A","M_3_015B","M_3_016A","M_3_016B","M_3_017A_1","M_3_017A_2","M_3_017A_3","M_3_017A_4","M_3_017A_5","M_3_017A_6","M_3_017A_7","M_3_017A_8","M_3_017A_9","M_3_017A_10","M_3_017A_11","M_3_017A_12","M_3_018A_1","M_3_018A_2","M_3_018A_3","M_3_018A_4","M_3_018A_5","M_3_018A_6","M_3_018A_7","M_3_018A_8","M_3_018A_9","M_3_018A_10","M_3_018A_11","M_3_018A_12","M_3_019A_1","M_3_019A_2","M_3_019A_3","M_3_019A_4","M_3_019A_5","M_3_019A_6","M_3_019A_7","M_3_019A_8","M_3_019A_9","M_3_019A_10","M_3_019A_11","M_3_019A_12","M_3_020_1","M_3_020_2","M_3_020_3","M_3_020_4","M_3_020_5","M_3_020_6","M_3_020_7","M_3_020_8","M_3_020_9","M_3_020_10","M_3_020_11","M_3_021_1","M_3_021_2","M_3_021_3","M_3_021_4","M_3_021_5","M_3_021_6","M_3_021_7","M_3_021_8","M_3_021_9","M_3_021_10","M_3_021_11","M_3_022_1","M_3_022_2","M_3_022_3","M_3_022_4","M_3_022_5","M_3_022_6","M_3_022_7","M_3_022_8","M_3_022_9","M_3_022_10","M_3_022_11","M_4_01A","M_4_01B","M_4_02A_1","M_4_02A_2","M_4_02A_3","M_4_02A_4","M_4_02A_5","M_4_02A_6A","M_4_02A_6AX","M_4_02B_1","M_4_02B_2","M_4_02B_3","M_4_02B_4","M_4_02B_5","M_4_02B_6A","M_4_02B_6AX","M_4_03A","M_4_03B","M_4_04A","M_4_04B","M_4_05A","M_4_05B","M_4_06A_1","M_4_06A_2","M_4_06A_3","M_4_06A_4","M_4_06A_4X","M_4_06B_1","M_4_06B_2","M_4_06B_3","M_4_06B_4","M_4_06B_4X","M_4_07A_1P","M_4_07A_2P","M_4_07A_3P","M_4_07A_4P","M_4_07A_4X","M_4_07A_1B","M_4_07A_2B","M_4_07A_3B","M_4_07A_4B","M_4_07A_4BX","M_4_07BP_1","M_4_07BP_2","M_4_07BP_3","M_4_07BP_4","M_4_07B_4X","M_4_07BB_1","M_4_07BB_2","M_4_07BB_3","M_4_07BB_4","M_4_07B_4BX","M_4_08A","M_4_08AX1","M_4_08B","M_4_08BX1","M_4_09A","M_4_09B","M_4_010A","M_4_010B","M_4_011A","M_4_011B","M_4_012A_1","M_4_012A_2","M_4_012A_3","M_4_012A_4","M_4_012A_5","M_4_012A_5X","M_4_012B_1","M_4_012B_2","M_4_012B_3","M_4_012B_4","M_4_012B_5","M_4_012B_5X","M_4_013AP_1","M_4_013AP_2","M_4_013AP_3","M_4_013AP_4","M_4_013AP_5","M_4_013AB_1","M_4_013AB_2","M_4_013AB_3","M_4_013AB_4","M_4_013AB_5","M_4_013BP_1","M_4_013BP_2","M_4_013BP_3","M_4_013BP_4","M_4_013BP_5","M_4_013BB_1","M_4_013BB_2","M_4_013BB_3","M_4_013BB_4","M_4_013BB_5","M_4_014A","M_4_014B","M_4_015A","M_4_015B","M_4_016A","M_4_016B","M_4_017_1","M_4_017_2","M_4_017_3","M_4_017_4","M_4_017_5","M_4_018","M_4_019_1","M_4_019_2","M_4_019_3","M_4_019_4","M_4_019_5","M_4_020_1","M_4_020_2","M_4_020_3","M_4_020_4","M_4_020_5","M_4_021_1","M_4_021_2","M_4_021_3","M_4_021_4","M_4_021_5","M_4_021_6","M_4_021_7","M_4_021_8","M_4_021_9","M_4_021_10","M_4_021_11","M_4_021_12","M_5_01","M_5_02","M_5_03","M_5_03X1","M_5_04","M_5_05_1","M_5_05_2","M_5_05_3","M_5_05_4","M_5_06","M_5_07_1","M_5_07_2","M_5_07_3","M_5_07_4","M_5_07_5","M_5_07_6","M_5_07_7","M_5_07_8","M_5_07_9","M_5_07_10","M_5_07_11","M_5_08_1","M_5_08_2","M_5_08_3","M_5_08_4","M_5_08_5","M_5_08_6","M_5_08_7","M_5_08_8","M_5_09","M_5_11_2_3_1","M_5_11_2_3_2","M_5_11_2_3_3","M_5_11_2_3_4","M_5_11_2_3_5","M_5_11_2_4_1","M_5_11_2_4_2","M_5_11_2_4_3","M_5_11_2_4_4","M_5_11_2_4_5","M_5_13","M_6_01","M_6_02","M_6_03","M_6_04","MUNICIPALITY","SECTOR","COUNTY","REGION","SIZE","INT_CODE","SUP_CODE","SUP_CALLBACK","NONCOMPLETE","ACCEPT","REFUSAL","ORIGINAL_STRATUM","Final_weight","Country"
98309,2,2,"M1 through M5",-44,-44,"M6",-44,-44,"-44",2,-44,2007,4,"-44",1,9,97,50,47,0,0,0,1,17,17,10,47.0588235294118,0,0,1,7,4,4,57.1428571428571,28.5714285714286,0,1,4,4,10,50,0,0,1,23,23,50,56.5217391304348,0,1,31,31,50,54.8387096774194,0,1,1,1,5,100,0,2,-44,-44,-44,-44,-44,2,-44,-44,-44,-44,-44,1,1,1,1,0,0,1,13,13,20,15.3846153846154,0,2,-44,-44,-44,-44,-44,-44,-44,"-44",1,1,2,2,2,2,2,2,"-44",2,-44,-44,-44,-44,-44,-44,-44,"-44",2,-44,-44,-44,-44,-44,-44,-44,"-44",1,1,2,2,2,2,2,2,"-44",2,-44,-44,-44,-44,-44,-44,-44,"-44",2,-44,-44,-44,-44,-44,-44,-44,"-44",2,-44,-44,-44,-44,-44,-44,-44,"-44",2,-44,-44,-44,-44,-44,-44,-44,"-44",2,-44,-44,-44,-44,-44,-44,-44,"-44",1,1,1,3,"Technicians and associate professionals",1,1,1,2,2,1,1,6,"Sales workers","Technicians and associate professionals","Sales workers",2,2,2,2,2,1,2,2,2,2,2,2,2,2,1,2,2,2,2,2,-44,-44,-44,-44,-44,-44,6,5,1,1,60000,21000,2,2,1,2,1,5,-44,2,1,2,-44,-44,1,2,5,1,2,2,1,2,2,1,2,2,2,1,2,1,1,2,2,2,2,1,3,2,3,3,30000,12000,2,2,12,6,6,5,1,1,1,1,27,25,2,1,2,2,2,2,2,2,2,2,2,2,2,2,-44,-44,-44,-44,-44,-44,-44,-44,-44,-44,-44,-44,4,4,4,4,1,4,4,2,4,4,3,4,2,2,2,2,2,2,2,2,2,2,2,-44,-44,-44,-44,-44,-44,-44,-44,-44,-44,-44,1,2,4,4,3,4,4,4,4,4,4,1,1,1,2,2,2,2,2,"-44",1,2,2,2,2,2,"-44",1,2,70,-44,1,2,2,2,1,-44,"-44",-44,-44,-44,-44,"-44",-44,-44,70,-44,"-44",-44,-44,4,-44,"-44",-44,-44,-44,-44,"-44",-44,-44,-44,-44,"-44",5,"-44",-44,"-44",7,-44,120000,-44,1,2,2,1,2,2,2,"-44",-44,-44,-44,-44,-44,"-44",-44,10,-44,-44,-44,-44,5,-44,-44,-44,-44,-44,-44,-44,-44,-44,-44,-44,-44,-44,250000,-44,1,2,3,-44,3,3,3,3,3,1,3,3,3,2,3,5,1,1,5,5,1,3,3,2,2,1,3,1,3,3,2,3,3,5,1,"-44",2,1,1,1,1,2,3,1,3,2,2,3,2,3,3,3,3,1,3,2,3,3,4,0,2,1,12,62,12000000,8075000,162000000,12,97,13000000,18157000,175000000,100,1,2,1,4,"NAIROBI",9,"-44","-44",97,114,999,1,-44,1,-44,1,151.659393310547,"Kenya"
98298,1,2,"M1 through M5",-44,-44,"M6",-44,-44,"-44",1,2005,2005,1,"-44",1,3,22,13,9,0,0,0,1,1,1,1,0,100,0,1,11,11,11,36.3636363636364,100,0,2,-44,-44,-44,-44,-44,-44,1,1,1,1,100,0,1,5,5,5,80,0,1,4,4,4,0,0,2,-44,-44,-44,-44,-44,2,-44,-44,-44,-44,-44,2,-44,-44,-44,-44,-44,2,-44,-44,-44,-44,-44,2,-44,-44,-44,-44,-44,-44,-44,"-44",1,1,2,2,2,2,2,2,"-44",2,-44,-44,-44,-44,-44,-44,-44,"-44",2,-44,-44,-44,-44,-44,-44,-44,"-44",2,-44,-44,-44,-44,-44,-44,-44,"-44",1,1,2,2,2,2,2,2,"-44",2,-44,-44,-44,-44,-44,-44,-44,"-44",2,-44,-44,-44,-44,-44,-44,-44,"-44",2,-44,-44,-44,-44,-44,-44,-44,"-44",2,-44,-44,-44,-44,-44,-44,-44,"-44",1,1,2,2,"Professionals",1,1,1,2,2,2,2,6,"Sales workers","Professionals","Sales workers",1,2,2,2,2,1,2,2,2,1,2,2,2,2,1,2,2,2,2,2,-44,-44,-44,-44,-44,-44,6,6,1,1,30000,30000,1,1,2,2,5,-44,-44,-44,-44,-44,-44,-44,5,-44,-44,-44,-44,-44,-44,-44,2,2,2,2,2,1,1,2,2,2,2,2,1,1,3,3,2,2,30000,30000,1,1,0,0,6,6,1,1,1,1,27,27,1,1,2,2,3,2,2,2,2,2,2,2,1,2,-44,-44,-44,-44,-44,-44,-44,-44,-44,-44,2,-44,1,2,4,4,4,3,4,4,4,4,4,4,2,2,3,2,2,2,2,2,2,2,2,-44,-44,-44,-44,-44,-44,-44,-44,-44,-44,-44,1,2,4,4,4,4,4,4,4,4,3,2,2,-44,-44,-44,-44,-44,-44,"-44",-44,-44,-44,-44,-44,-44,"-44",2,2,-44,-44,2,2,-44,-44,-44,-44,"-44",-44,-44,-44,-44,"-44",-44,-44,-44,-44,"-44",-44,-44,-44,-44,"-44",-44,-44,-44,-44,"-44",-44,-44,-44,-44,"-44",-44,"-44",-44,"-44",-44,-44,-44,-44,2,2,-44,-44,-44,-44,-44,"-44",-44,-44,-44,-44,-44,"-44",-44,-44,-44,-44,-44,-44,-44,-44,-44,-44,-44,-44,-44,-44,-44,-44,-44,-44,-44,-44,-44,-44,2,2,-44,-44,4,4,4,4,4,2,-44,-44,-44,-44,-44,2,2,2,2,2,3,3,3,3,3,3,3,3,3,3,3,3,4,3,1,"-44",2,2,2,1,1,2,0,0,0,0,0,0,0,1,1,0,0,0,0,0,0,0,0,0,0,1,1,23,400000,200000,7500000,1,24,420000,230000,8500000,0,2,2,3,2,"NAIROBI",3,"-44","-44",22,110,999,1,-44,1,-44,1,151.659393310547,"Kenya"
10071,2,2,"M1 through M5",-44,-44,"M6",-44,-44,"-44",2,-44,1965,3,"-44",1,19,200,100,100,0,0,0,1,10,10,4,50,0,0,1,155,62,62,50.9677419354839,0,0,2,-44,-44,-44,-44,-44,-44,2,-44,-44,-44,-44,-44,1,2,2,2,100,0,1,27,10,10,48.1481481481481,0,2,-44,-44,-44,-44,-44,2,-44,-44,-44,-44,-44,1,6,6,6,16.6666666666667,0,2,-44,-44,-44,-44,-44,2,-44,-44,-44,-44,-44,-44,-44,"-44",1,1,2,1,1,2,1,888997,"-44",2,-44,-44,-44,-44,-44,-44,-44,"-44",2,-44,-44,-44,-44,-44,-44,-44,"-44",2,-44,-44,-44,-44,-44,-44,-44,"-44",1,1,2,1,1,2,1,2,"-44",2,-44,-44,-44,-44,-44,-44,-44,"-44",2,-44,-44,-44,-44,-44,-44,-44,"-44",2,-44,-44,-44,-44,-44,-44,-44,"-44",2,-44,-44,-44,-44,-44,-44,-44,"-44",1,1,2,1,"Managers",2,1,1,2,2,1,2,6,"Sales workers","Managers","Sales workers",2,2,2,2,2,1,1,2,2,2,2,2,2,2,1,1,2,2,2,2,-44,-44,-44,-44,-44,-44,6,6,2,2,50000,17000,2,2,1,1,5,-44,-44,-44,-44,-44,-44,-44,1,2,5,2,1,2,2,1,1,1,2,2,2,1,1,1,1,1,2,2,1,1,4,3,3,3,55000,14000,2,2,6,12,6,6,2,1,1,1,35,25,1,2,2,2,2,2,2,2,2,2,2,2,2,2,-44,-44,-44,-44,-44,-44,-44,-44,-44,-44,-44,-44,4,4,4,4,4,1,2,4,3,4,4,4,2,2,2,2,2,2,2,2,2,2,2,-44,-44,-44,-44,-44,-44,-44,-44,-44,-44,-44,4,1,4,4,2,4,4,4,4,3,4,2,2,-44,-44,-44,-44,-44,-44,"-44",-44,-44,-44,-44,-44,-44,"-44",1,1,10,100,2,2,-44,-44,-44,-44,"-44",-44,-44,-44,-44,"-44",-44,-44,-44,-44,"-44",-44,-44,-44,-44,"-44",-44,-44,-44,-44,"-44",-44,-44,-44,-44,"-44",-44,"-44",-44,"-44",-44,-44,-44,-44,2,2,-44,-44,-44,-44,-44,"-44",-44,-44,-44,-44,-44,"-44",-44,-44,-44,-44,-44,-44,-44,-44,-44,-44,-44,-44,-44,-44,-44,-44,-44,-44,-44,-44,-44,-44,1,1,3,3,4,2,888997,1,4,2,-44,-44,-44,-44,-44,2,1,1,1,4,3,3,888997,2,1,3,2,1,1,3,2,3,3,3,1,"-44",1,1,1,1,1,1,3,0,0,1,1,0,0,1,1,1,0,0,0,0,0,0,0,0,0,1,6,888997,184226,591431,717561,6,200,888998,405584,373729,100,1,2,3,3,"NAIROBI",19,"-44","-44",200,108,999,2,-44,1,-44,1,151.659393310547,"Kenya"
21063,1,2,"M1 through M5",-44,-44,"M6",-44,-44,"-44",2,-44,2010,1,"-44",1,19,4,4,0,8,6,2,1,1,1,1,0,0,0,2,-44,-44,-44,-44,-44,-44,1,11,2,2,18.1818181818182,0,0,2,-44,-44,-44,-44,-44,2,-44,-44,-44,-44,-44,2,-44,-44,-44,-44,-44,2,-44,-44,-44,-44,-44,2,-44,-44,-44,-44,-44,2,-44,-44,-44,-44,-44,2,-44,-44,-44,-44,-44,2,-44,-44,-44,-44,-44,-44,-44,"-44",2,-44,-44,-44,-44,-44,-44,-44,"-44",1,1,2,1,1,2,1,888997,"-44",2,-44,-44,-44,-44,-44,-44,-44,"-44",2,-44,-44,-44,-44,-44,-44,-44,"-44",2,-44,-44,-44,-44,-44,-44,-44,"-44",2,-44,-44,-44,-44,-44,-44,-44,"-44",2,-44,-44,-44,-44,-44,-44,-44,"-44",2,-44,-44,-44,-44,-44,-44,-44,"-44",2,-44,-44,-44,-44,-44,-44,-44,"-44",1,2,1,3,"Technicians and associate professionals",2,2,2,2,2,2,2,888996,"None","Technicians and associate professionals","None",2,2,2,1,2,2,2,1,2,-44,-44,-44,-44,-44,-44,-44,-44,-44,2,-44,-44,-44,-44,-44,-44,-44,5,-44,1,-44,10000,-44,1,-44,1,-44,5,-44,-44,-44,-44,-44,-44,-44,-44,-44,-44,-44,-44,-44,-44,-44,1,1,1,1,2,2,1,-44,-44,-44,-44,-44,-44,-44,4,-44,3,-44,20000,-44,2,-44,36,-44,5,-44,1,-44,1,-44,28,-44,1,-44,2,2,3,1,2,2,2,1,2,1,1,1,-44,-44,-44,2,-44,-44,-44,1,-44,1,1,2,4,4,4,4,4,1,2,3,4,4,4,4,-44,-44,-44,-44,-44,-44,-44,-44,-44,-44,-44,-44,-44,-44,-44,-44,-44,-44,-44,-44,-44,-44,-44,-44,-44,-44,-44,-44,-44,-44,-44,-44,-44,2,-44,-44,-44,-44,-44,-44,-44,"-44",-44,-44,-44,-44,-44,-44,"-44",2,-44,-44,-44,2,-44,-44,-44,-44,-44,"-44",-44,-44,-44,-44,"-44",-44,-44,-44,-44,"-44",-44,-44,-44,-44,"-44",-44,-44,-44,-44,"-44",-44,-44,-44,-44,"-44",-44,"-44",-44,"-44",-44,-44,-44,-44,2,-44,-44,-44,-44,-44,-44,"-44",-44,-44,-44,-44,-44,"-44",-44,-44,-44,-44,-44,-44,-44,-44,-44,-44,-44,-44,-44,-44,-44,-44,-44,-44,-44,-44,-44,-44,2,-44,-44,-44,2,1,4,1,4,2,-44,-44,-44,-44,-44,2,2,2,4,4,1,2,888997,1,1,1,2,1,1,1,2,1,4,2,1,"-44",2,1,2,1,2,2,1,1,0,1,2,0,3,3,3,2,1,1,1,0,0,1,0,1,2,2,12,8,1920000,600000,4000000,12,12,2880000,480000,3900000,100,2,3,2,1,"NAIROBI",19,"-44","-44",12,108,999,2,-44,1,-44,1,151.659393310547,"Kenya"
98275,1,3,"M1 through M5",-44,-44,"M6",-44,-44,"-44",1,2011,2011,3,"-44",1,7,20,14,6,3,3,0,1,1,1,0,0,0,0,1,2,2,4,100,0,0,2,-44,-44,-44,-44,-44,-44,1,3,3,5,33.3333333333333,0,1,7,7,10,14.2857142857143,0,1,5,5,9,40,0,2,-44,-44,-44,-44,-44,2,-44,-44,-44,-44,-44,1,5,5,5,0,0,2,-44,-44,-44,-44,-44,2,-44,-44,-44,-44,-44,-44,-44,"-44",1,1,1,2,1,2,2,2,"-44",2,-44,-44,-44,-44,-44,-44,-44,"-44",1,1,2,2,2,2,2,2,"-44",2,-44,-44,-44,-44,-44,-44,-44,"-44",1,1,2,2,1,1,1,2,"-44",2,-44,-44,-44,-44,-44,-44,-44,"-44",2,-44,-44,-44,-44,-44,-44,-44,"-44",2,-44,-44,-44,-44,-44,-44,-44,"-44",2,-44,-44,-44,-44,-44,-44,-44,"-44",1,1,2,2,"Professionals",1,1,1,2,2,1,2,5,"Service workers","Professionals","Service workers",2,2,2,2,2,1,1,2,2,2,2,2,2,2,1,2,2,2,1,2,70,-44,-44,-44,30,-44,6,4,2,2,45000,20000,2,2,1,1,2,1,3,2,1,2,1,2,2,1,5,2,1,2,1,2,1,2,1,1,2,1,2,1,1,2,2,2,2,2,4,2,3,3,25000,10000,2,2,24,12,6,5,1,1,1,2,35,25,1,2,2,2,2,2,2,2,2,2,2,2,2,2,-44,-44,-44,-44,-44,-44,-44,-44,-44,-44,-44,-44,4,4,4,4,1,4,4,3,4,2,4,4,1,2,2,2,1,2,1,2,2,1,2,2,-44,-44,-44,1,-44,2,-44,-44,1,-44,2,1,4,4,4,4,3,4,4,4,4,2,2,-44,-44,-44,-44,-44,-44,"-44",-44,-44,-44,-44,-44,-44,"-44",2,2,-44,-44,2,2,-44,-44,-44,-44,"-44",-44,-44,-44,-44,"-44",-44,-44,-44,-44,"-44",-44,-44,-44,-44,"-44",-44,-44,-44,-44,"-44",-44,-44,-44,-44,"-44",-44,"-44",-44,"-44",-44,-44,-44,-44,2,2,-44,-44,-44,-44,-44,"-44",-44,-44,-44,-44,-44,"-44",-44,-44,-44,-44,-44,-44,-44,-44,-44,-44,-44,-44,-44,-44,-44,-44,-44,-44,-44,-44,-44,-44,2,2,-44,-44,5,5,5,5,5,2,-44,-44,-44,-44,-44,2,1,1,2,1,1,3,3,1,1,3,3,3,3,3,1,1,4,5,2,"-44",2,1,1,1,2,2,3,1,1,1,1,1,3,3,1,1,2,1,1,1,0,0,2,0,0,1,7,20,1500000,18000000,35000000,7,23,1700000,13000000,42000000,100,1,1,1,4,"NAIROBI",7,"-44","-44",23,114,999,1,-44,1,-44,1,151.659393310547,"Kenya"
10036,2,3,"M1 through M5",-44,-44,"M6",-44,-44,"-44",2,-44,1978,3,"-44",1,12,10,4,6,0,0,0,1,3,3,3,100,0,0,2,-44,-44,-44,-44,-44,-44,2,-44,-44,-44,-44,-44,-44,1,3,3,3,66.6666666666667,0,1,2,2,2,0,0,2,-44,-44,-44,-44,-44,2,-44,-44,-44,-44,-44,2,-44,-44,-44,-44,-44,2,-44,-44,-44,-44,-44,1,2,2,2,50,0,2,-44,-44,-44,-44,-44,-44,-44,"-44",2,-44,-44,-44,-44,-44,-44,-44,"-44",2,-44,-44,-44,-44,-44,-44,-44,"-44",2,-44,-44,-44,-44,-44,-44,-44,"-44",2,-44,-44,-44,-44,-44,-44,-44,"-44",2,-44,-44,-44,-44,-44,-44,-44,"-44",2,-44,-44,-44,-44,-44,-44,-44,"-44",2,-44,-44,-44,-44,-44,-44,-44,"-44",2,-44,-44,-44,-44,-44,-44,-44,"-44",1,2,2,2,2,2,2,2,"-44",1,2,2,1,"Managers",1,1,2,2,2,2,1,5,"Service workers","Managers","Service workers",2,2,2,2,2,2,2,1,2,2,2,2,2,2,2,2,1,2,2,2,-44,-44,-44,-44,-44,-44,6,4,1,2,200000,40000,2,2,2,2,3,5,-44,-44,-44,-44,-44,-44,3,2,5,-44,-44,-44,2,1,1,2,2,1,2,2,1,2,2,2,2,2,2,1,2,1,1,1,200000,40000,2,2,12,12,6,4,1,1,1,1,45,35,2,2,2,2,2,2,2,2,2,2,2,2,2,2,-44,-44,-44,-44,-44,-44,-44,-44,-44,-44,-44,-44,4,4,4,4,2,3,1,4,4,4,4,4,2,2,2,2,2,2,2,2,2,2,2,-44,-44,-44,-44,-44,-44,-44,-44,-44,-44,-44,4,4,4,4,2,1,4,3,4,4,4,2,2,-44,-44,-44,-44,-44,-44,"-44",-44,-44,-44,-44,-44,-44,"-44",2,2,-44,-44,2,2,-44,-44,-44,-44,"-44",-44,-44,-44,-44,"-44",-44,-44,-44,-44,"-44",-44,-44,-44,-44,"-44",-44,-44,-44,-44,"-44",-44,-44,-44,-44,"-44",-44,"-44",-44,"-44",-44,-44,-44,-44,2,2,-44,-44,-44,-44,-44,"-44",-44,-44,-44,-44,-44,"-44",-44,-44,-44,-44,-44,-44,-44,-44,-44,-44,-44,-44,-44,-44,-44,-44,-44,-44,-44,-44,-44,-44,2,2,-44,-44,2,4,2,3,2,2,-44,-44,-44,-44,-44,1,1,1,1,1,3,3,3,3,3,3,3,3,3,3,3,3,4,4,1,"-44",1,1,2,2,2,2,2,0,0,3,0,0,1,1,0,0,0,0,0,0,0,0,0,0,0,2,11,10,14400000,18000000,180000000,11,10,15000000,19600000,201000000,0,1,1,1,4,"NAIROBI",12,"-44","-44",10,113,999,1,-44,1,-44,1,151.659393310547,"Kenya"
10082,2,2,"M1 through M5",-44,-44,"M6",-44,-44,"-44",1,2015,2015,3,"-44",1,3,11,6,5,4,2,2,1,1,0,2,0,100,0,2,-44,-44,-44,-44,-44,-44,2,-44,-44,-44,-44,-44,-44,1,2,0,2,50,0,1,4,0,6,50,0,1,5,0,10,80,0,2,-44,-44,-44,-44,-44,2,-44,-44,-44,-44,-44,1,3,0,7,0,0,2,-44,-44,-44,-44,-44,1,1,2,2,2,1,1,2,"-44",2,-44,-44,-44,-44,-44,-44,-44,"-44",2,-44,-44,-44,-44,-44,-44,-44,"-44",1,1,2,2,2,2,2,2,"-44",1,1,2,2,2,2,2,2,"-44",1,1,1,2,1,1,1,2,"-44",2,-44,-44,-44,-44,-44,-44,-44,"-44",2,-44,-44,-44,-44,-44,-44,-44,"-44",1,2,2,2,2,2,2,2,"-44",2,-44,-44,-44,-44,-44,-44,-44,"-44",1,2,2,1,"Managers",1,1,1,2,2,1,2,6,"Sales workers","Managers","Sales workers",1,2,2,2,2,2,2,2,2,2,2,2,2,2,1,2,2,2,2,2,-44,-44,-44,-44,-44,-44,6,5,1,2,300000,80000,2,2,2,1,1,2,4,2,1,2,1,2,1,4,2,1,2,2,2,1,1,2,1,1,2,2,2,1,2,2,2,1,2,2,4,2,3,2,50000,10000,2,1,3,0,6,4,1,1,1,1,30,23,1,2,2,2,2,2,2,2,2,2,2,2,2,2,-44,-44,-44,-44,-44,-44,-44,-44,-44,-44,-44,-44,1,4,4,3,4,4,4,2,4,4,4,4,2,1,2,2,2,2,2,2,2,2,2,-44,1,-44,-44,-44,-44,-44,-44,-44,-44,-44,4,1,4,4,4,4,4,4,3,2,4,2,2,-44,-44,-44,-44,-44,-44,"-44",-44,-44,-44,-44,-44,-44,"-44",1,2,100,-44,1,888996,2,2,1,-44,"-44",-44,-44,-44,-44,"-44",-44,-44,100,-44,"-44",-44,-44,3,-44,"-44",-44,-44,-44,-44,"-44",-44,-44,-44,-44,"-44",1,"-44",-44,"-44",4,-44,15000,-44,1,1,2,1,2,2,2,"-44",2,1,2,2,2,"-44",-44,100,-44,-44,-44,-44,3,-44,-44,-44,-44,100,-44,-44,-44,-44,3,-44,-44,-44,15000,15000,1,1,3,3,5,5,5,5,5,2,-44,-44,-44,-44,-44,5,1,1,5,5,3,3,3,3,3,3,3,3,3,3,3,3,3,5,1,"-44",2,2,2,2,2,2,3,2,0,3,1,3,3,0,0,0,3,0,3,1,1,2,2,0,1,1,12,888998,888998,888998,888998,12,888998,888998,888998,888998,0,1,1,2,3,"NAIROBI",3,"-44","-44",15,114,999,1,-44,1,-44,1,151.659393310547,"Kenya"
99112,1,2,"M1 through M5",-44,-44,"M6",-44,-44,"-44",2,-44,1998,1,"-44",1,9,15,10,5,0,0,0,1,1,1,1,0,0,0,2,-44,-44,-44,-44,-44,-44,2,-44,-44,-44,-44,-44,-44,2,-44,-44,-44,-44,-44,2,-44,-44,-44,-44,-44,2,-44,-44,-44,-44,-44,2,-44,-44,-44,-44,-44,1,14,11,18,35.7142857142857,0,2,-44,-44,-44,-44,-44,2,-44,-44,-44,-44,-44,2,-44,-44,-44,-44,-44,-44,-44,"-44",2,-44,-44,-44,-44,-44,-44,-44,"-44",2,-44,-44,-44,-44,-44,-44,-44,"-44",2,-44,-44,-44,-44,-44,-44,-44,"-44",2,-44,-44,-44,-44,-44,-44,-44,"-44",2,-44,-44,-44,-44,-44,-44,-44,"-44",2,-44,-44,-44,-44,-44,-44,-44,"-44",1,1,1,2,2,1,2,2,"-44",2,-44,-44,-44,-44,-44,-44,-44,"-44",2,-44,-44,-44,-44,-44,-44,-44,"-44",1,2,2,1,"Managers",2,2,2,2,1,2,2,8,"Construction, craft, and related trade w","Managers","Construction, craft, and related trade w",2,1,2,1,2,2,2,2,2,2,2,1,2,2,2,2,1,2,2,1,-44,60,40,60,-44,7,4,4,1,2,26400,9100,2,2,1,2,2,5,-44,-44,-44,-44,1,2,2,5,-44,-44,-44,-44,1,2,1,1,2,2,1,2,1,1,2,2,1,2,2,2,3,3,2,2,26400,7600,2,2,8,8,6,5,2,1,2,1,47,31,1,1,2,2,1,1,3,1,3,2,2,1,1,2,-44,-44,1,1,-44,1,-44,-44,-44,1,2,-44,1,4,4,3,4,4,4,2,4,4,4,4,2,2,2,2,2,2,2,1,2,2,2,-44,-44,-44,-44,-44,-44,-44,3,-44,-44,-44,1,3,4,4,2,4,4,4,4,4,4,2,2,-44,-44,-44,-44,-44,-44,"-44",-44,-44,-44,-44,-44,-44,"-44",2,2,-44,-44,2,2,-44,-44,-44,-44,"-44",-44,-44,-44,-44,"-44",-44,-44,-44,-44,"-44",-44,-44,-44,-44,"-44",-44,-44,-44,-44,"-44",-44,-44,-44,-44,"-44",-44,"-44",-44,"-44",-44,-44,-44,-44,2,2,-44,-44,-44,-44,-44,"-44",-44,-44,-44,-44,-44,"-44",-44,-44,-44,-44,-44,-44,-44,-44,-44,-44,-44,-44,-44,-44,-44,-44,-44,-44,-44,-44,-44,-44,2,2,-44,-44,3,4,3,2,4,2,-44,-44,-44,-44,-44,2,5,1,2,5,3,2,2,3,1,2,3,2,1,1,2,1,3,3,1,"-44",2,2,1,2,2,2,1,1,4,0,4,0,0,2,2,0,1,4,4,0,1,2,0,0,4,1,11,16,1733000,3387400,6946400,11,17,1367400,3532900,5406800,20,1,2,1,4,"NAIROBI",9,"-44","-44",15,114,202,1,-44,1,-44,1,151.659393310547,"Kenya"
98246,1,2,"M1 through M5",-44,-44,"M6",-44,-44,"-44",1,2010,2010,3,"-44",1,11,5,4,1,0,0,0,1,1,1,2,0,0,0,1,4,3,4,25,25,0,2,-44,-44,-44,-44,-44,-44,2,-44,-44,-44,-44,-44,2,-44,-44,-44,-44,-44,2,-44,-44,-44,-44,-44,2,-44,-44,-44,-44,-44,2,-44,-44,-44,-44,-44,2,-44,-44,-44,-44,-44,2,-44,-44,-44,-44,-44,2,-44,-44,-44,-44,-44,-44,-44,"-44",1,1,2,2,2,2,2,2,"-44",2,-44,-44,-44,-44,-44,-44,-44,"-44",2,-44,-44,-44,-44,-44,-44,-44,"-44",2,-44,-44,-44,-44,-44,-44,-44,"-44",2,-44,-44,-44,-44,-44,-44,-44,"-44",2,-44,-44,-44,-44,-44,-44,-44,"-44",2,-44,-44,-44,-44,-44,-44,-44,"-44",2,-44,-44,-44,-44,-44,-44,-44,"-44",2,-44,-44,-44,-44,-44,-44,-44,"-44",1,1,2,2,"Professionals",2,2,2,2,2,2,2,888996,"None","Professionals","None",2,2,2,2,2,1,1,2,2,-44,-44,-44,-44,-44,-44,-44,-44,-44,1,-44,90,-44,-44,-44,30,-44,6,-44,2,-44,30000,-44,2,-44,1,-44,1,3,5,2,1,2,-44,-44,-44,-44,-44,-44,-44,-44,-44,-44,1,1,1,1,2,2,2,-44,-44,-44,-44,-44,-44,-44,4,-44,3,-44,35000,-44,2,-44,12,-44,6,-44,1,-44,1,-44,30,-44,2,-44,2,2,2,1,1,2,2,2,2,2,2,2,-44,-44,-44,2,2,-44,-44,-44,-44,-44,-44,-44,2,4,4,4,3,1,4,4,4,4,4,4,-44,-44,-44,-44,-44,-44,-44,-44,-44,-44,-44,-44,-44,-44,-44,-44,-44,-44,-44,-44,-44,-44,-44,-44,-44,-44,-44,-44,-44,-44,-44,-44,-44,2,-44,-44,-44,-44,-44,-44,-44,"-44",-44,-44,-44,-44,-44,-44,"-44",2,-44,-44,-44,2,-44,-44,-44,-44,-44,"-44",-44,-44,-44,-44,"-44",-44,-44,-44,-44,"-44",-44,-44,-44,-44,"-44",-44,-44,-44,-44,"-44",-44,-44,-44,-44,"-44",-44,"-44",-44,"-44",-44,-44,-44,-44,2,-44,-44,-44,-44,-44,-44,"-44",-44,-44,-44,-44,-44,"-44",-44,-44,-44,-44,-44,-44,-44,-44,-44,-44,-44,-44,-44,-44,-44,-44,-44,-44,-44,-44,-44,-44,2,-44,-44,-44,4,5,4,5,5,2,-44,-44,-44,-44,-44,2,1,1,4,4,3,3,3,3,1,1,2,3,3,1,3,3,1,5,1,"-44",2,1,2,1,2,2,2,0,2,0,0,1,2,1,0,0,0,0,0,0,1,0,0,1,1,2,7,4,850000,1900000,2900000,7,5,1000000,2000000,3000000,100,2,2,1,2,"NAIROBI",11,"-44","-44",5,114,999,1,-44,1,-44,1,151.659393310547,"Kenya"
10098,2,2,"M1 through M5",-44,-44,"M6",-44,-44,"-44",2,-44,2003,10,"non governmental organisation",1,19,7,2,5,0,0,0,1,2,2,2,50,0,0,1,4,3,4,75,25,0,2,-44,-44,-44,-44,-44,-44,1,1,1,1,100,0,2,-44,-44,-44,-44,-44,2,-44,-44,-44,-44,-44,2,-44,-44,-44,-44,-44,2,-44,-44,-44,-44,-44,2,-44,-44,-44,-44,-44,2,-44,-44,-44,-44,-44,2,-44,-44,-44,-44,-44,-44,-44,"-44",1,1,2,2,2,2,2,2,"-44",2,-44,-44,-44,-44,-44,-44,-44,"-44",2,-44,-44,-44,-44,-44,-44,-44,"-44",2,-44,-44,-44,-44,-44,-44,-44,"-44",2,-44,-44,-44,-44,-44,-44,-44,"-44",2,-44,-44,-44,-44,-44,-44,-44,"-44",2,-44,-44,-44,-44,-44,-44,-44,"-44",2,-44,-44,-44,-44,-44,-44,-44,"-44",2,-44,-44,-44,-44,-44,-44,-44,"-44",1,1,2,2,"Professionals",1,2,2,2,2,2,2,4,"Clerical and support workers","Professionals","Clerical and support workers",2,2,2,2,2,2,1,2,2,2,2,2,2,2,2,1,2,2,1,2,25,-44,-44,-44,60,-44,6,5,2,2,200000,50000,2,2,1,1,5,-44,-44,-44,-44,-44,-44,-44,2,5,-44,-44,-44,-44,2,1,1,2,2,2,2,2,1,1,1,2,2,2,2,1,2,2,1,1,200000,50000,2,2,4,14,6,5,1,1,1,1,40,35,2,2,2,2,3,2,2,2,2,2,2,2,2,2,-44,-44,-44,-44,-44,-44,-44,-44,-44,-44,-44,-44,4,4,4,4,2,1,3,4,4,4,4,4,2,2,3,2,2,2,2,2,2,2,2,-44,-44,-44,-44,-44,-44,-44,-44,-44,-44,-44,4,1,4,4,2,4,4,4,4,3,4,2,2,-44,-44,-44,-44,-44,-44,"-44",-44,-44,-44,-44,-44,-44,"-44",2,2,-44,-44,2,2,-44,-44,-44,-44,"-44",-44,-44,-44,-44,"-44",-44,-44,-44,-44,"-44",-44,-44,-44,-44,"-44",-44,-44,-44,-44,"-44",-44,-44,-44,-44,"-44",-44,"-44",-44,"-44",-44,-44,-44,-44,2,2,-44,-44,-44,-44,-44,"-44",-44,-44,-44,-44,-44,"-44",-44,-44,-44,-44,-44,-44,-44,-44,-44,-44,-44,-44,-44,-44,-44,-44,-44,-44,-44,-44,-44,-44,2,2,-44,-44,1,1,2,2,2,2,-44,-44,-44,-44,-44,1,1,1,1,1,3,3,3,3,3,3,3,3,3,3,3,3,5,5,2,"-44",2,1,2,1,2,1,0,0,0,0,0,0,0,0,0,0,0,0,0,0,0,0,0,0,0,2,12,6,3750000,888997,888997,12,8,888997,888997,888997,60,2,2,2,2,"NAIROBI",19,"-44","-44",7,113,999,1,-44,1,-44,1,151.659393310547,"Kenya"
21259,1,2,"M1 through M5",-44,-44,"M6",-44,-44,"-44",1,2009,2009,1,"-44",1,2,10,10,0,5,5,0,1,1,0,0,0,0,0,2,-44,-44,-44,-44,-44,-44,2,-44,-44,-44,-44,-44,-44,2,-44,-44,-44,-44,-44,1,9,9,15,0,0,2,-44,-44,-44,-44,-44,2,-44,-44,-44,-44,-44,2,-44,-44,-44,-44,-44,1,5,5,10,0,0,2,-44,-44,-44,-44,-44,1,1,2,2,1,2,2,2,"-44",2,-44,-44,-44,-44,-44,-44,-44,"-44",2,-44,-44,-44,-44,-44,-44,-44,"-44",2,-44,-44,-44,-44,-44,-44,-44,"-44",2,-44,-44,-44,-44,-44,-44,-44,"-44",2,-44,-44,-44,-44,-44,-44,-44,"-44",2,-44,-44,-44,-44,-44,-44,-44,"-44",2,-44,-44,-44,-44,-44,-44,-44,"-44",2,-44,-44,-44,-44,-44,-44,-44,"-44",2,-44,-44,-44,-44,-44,-44,-44,"-44",1,2,2,1,"Managers",2,1,2,2,2,1,2,5,"Service workers","Managers","Service workers",2,2,2,2,2,2,2,1,2,2,2,2,2,2,2,2,1,2,2,2,-44,-44,-44,-44,-44,-44,6,5,1,1,30000,18000,2,2,1,1,1,2,5,2,1,2,1,2,1,2,5,1,2,2,1,2,2,2,1,2,2,2,2,1,2,2,2,2,2,2,3,2,3,3,30000,18000,2,2,12,12,6,5,1,1,1,1,27,22,1,1,2,2,3,1,2,2,1,2,2,2,2,2,-44,-44,-44,2,-44,-44,1,-44,-44,-44,-44,-44,1,4,4,4,2,4,4,3,4,4,4,4,2,2,3,1,2,2,2,2,2,2,2,-44,-44,-44,1,-44,-44,-44,-44,-44,-44,-44,4,4,4,4,1,4,2,4,3,4,4,2,2,-44,-44,-44,-44,-44,-44,"-44",-44,-44,-44,-44,-44,-44,"-44",1,1,1,100,2,2,-44,-44,-44,-44,"-44",-44,-44,-44,-44,"-44",-44,-44,-44,-44,"-44",-44,-44,-44,-44,"-44",-44,-44,-44,-44,"-44",-44,-44,-44,-44,"-44",-44,"-44",-44,"-44",-44,-44,-44,-44,2,2,-44,-44,-44,-44,-44,"-44",-44,-44,-44,-44,-44,"-44",-44,-44,-44,-44,-44,-44,-44,-44,-44,-44,-44,-44,-44,-44,-44,-44,-44,-44,-44,-44,-44,-44,1,1,4,4,5,5,3,2,3,2,-44,-44,-44,-44,-44,4,1,1,2,1,3,3,3,2,1,3,3,1,1,3,3,1,4,5,1,"-44",2,2,1,1,2,2,0,3,2,3,0,0,0,3,1,0,0,0,0,0,0,0,0,0,0,2,6,15,282000,20000,888998,6,15,282000,31000,888998,100,2,1,2,4,"NAIROBI",2,"-44","-44",15,110,999,1,-44,1,-44,1,151.659393310547,"Kenya"
99120,1,3,"M1 through M5",-44,-44,"M6",-44,-44,"-44",2,-44,1998,4,"-44",1,7,15,8,7,0,0,0,1,1,1,1,0,0,0,1,3,3,5,66.6666666666667,33.3333333333333,0,1,2,2,5,0,0,0,1,2,2,5,50,0,1,2,2,10,0,0,1,4,4,15,100,0,2,-44,-44,-44,-44,-44,2,-44,-44,-44,-44,-44,1,1,1,1,0,0,2,-44,-44,-44,-44,-44,2,-44,-44,-44,-44,-44,-44,-44,"-44",1,1,2,2,2,2,2,2,"-44",2,-44,-44,-44,-44,-44,-44,-44,"-44",2,-44,-44,-44,-44,-44,-44,-44,"-44",2,-44,-44,-44,-44,-44,-44,-44,"-44",1,1,2,2,1,2,1,2,"-44",2,-44,-44,-44,-44,-44,-44,-44,"-44",2,-44,-44,-44,-44,-44,-44,-44,"-44",2,-44,-44,-44,-44,-44,-44,-44,"-44",2,-44,-44,-44,-44,-44,-44,-44,"-44",1,1,1,2,"Professionals",1,1,1,2,2,1,2,4,"Clerical and support workers","Professionals","Clerical and support workers",2,2,2,2,2,1,1,2,2,2,2,2,2,2,1,2,2,2,1,2,90,-44,-44,-44,30,-44,6,5,1,2,34000,19000,2,2,1,2,5,-44,-44,-44,-44,-44,-44,-44,2,5,-44,-44,-44,-44,2,1,1,1,1,1,2,1,1,1,1,1,1,2,1,1,4,3,2,3,15000,10000,2,2,24,12,6,5,1,1,1,1,32,26,1,2,2,2,2,2,2,2,2,2,2,2,2,2,-44,-44,-44,-44,-44,-44,-44,-44,-44,-44,-44,-44,3,4,4,2,1,4,4,4,4,4,4,4,2,2,2,2,2,2,2,2,2,2,2,-44,-44,-44,-44,-44,-44,-44,-44,-44,-44,-44,4,4,4,1,4,2,4,4,3,4,4,2,2,-44,-44,-44,-44,-44,-44,"-44",-44,-44,-44,-44,-44,-44,"-44",2,2,-44,-44,2,2,-44,-44,-44,-44,"-44",-44,-44,-44,-44,"-44",-44,-44,-44,-44,"-44",-44,-44,-44,-44,"-44",-44,-44,-44,-44,"-44",-44,-44,-44,-44,"-44",-44,"-44",-44,"-44",-44,-44,-44,-44,2,2,-44,-44,-44,-44,-44,"-44",-44,-44,-44,-44,-44,"-44",-44,-44,-44,-44,-44,-44,-44,-44,-44,-44,-44,-44,-44,-44,-44,-44,-44,-44,-44,-44,-44,-44,2,2,-44,-44,4,4,4,4,4,2,-44,-44,-44,-44,-44,4,4,4,4,4,3,3,3,3,3,3,3,3,3,3,3,3,4,5,2,"-44",2,1,1,2,1,2,1,1,1,1,1,1,1,1,3,3,2,2,1,1,1,1,2,3,1,1,6,15,3000000,700000,3000000,6,15,3000000,900000,5000000,100,1,1,1,4,"NAIROBI",7,"-44","-44",15,114,202,1,-44,1,-44,1,151.659393310547,"Kenya"
21165,1,3,"M1 through M5",-44,-44,"M6",-44,-44,"-44",2,-44,1997,3,"-44",1,3,30,22,8,0,0,0,1,5,4,5,40,20,0,1,5,5,5,40,0,0,1,11,11,11,0,0,0,1,4,4,4,50,0,2,-44,-44,-44,-44,-44,1,3,3,3,66.6666666666667,0,2,-44,-44,-44,-44,-44,2,-44,-44,-44,-44,-44,1,2,2,2,0,0,2,-44,-44,-44,-44,-44,1,1,2,2,2,2,2,2,"-44",1,1,2,2,2,2,2,2,"-44",1,1,2,2,2,2,2,2,"-44",2,-44,-44,-44,-44,-44,-44,-44,"-44",2,-44,-44,-44,-44,-44,-44,-44,"-44",1,1,2,2,2,2,2,2,"-44",2,-44,-44,-44,-44,-44,-44,-44,"-44",2,-44,-44,-44,-44,-44,-44,-44,"-44",1,1,2,2,2,2,2,2,"-44",2,-44,-44,-44,-44,-44,-44,-44,"-44",1,1,1,2,"Professionals",1,2,1,2,2,1,2,6,"Sales workers","Professionals","Sales workers",2,1,2,2,2,2,1,1,2,2,1,2,2,2,2,1,1,2,1,1,50,40,60,40,90,60,6,5,1,1,110000,110000,2,1,1,1,1,5,-44,2,1,2,-44,-44,5,-44,-44,-44,-44,-44,-44,-44,1,1,1,1,2,1,1,1,1,1,1,2,1,1,3,3,3,3,110000,110000,2,2,1,6,6,6,1,1,1,1,33,30,1,1,2,2,3,2,2,2,2,2,2,2,2,2,-44,-44,-44,-44,-44,-44,-44,-44,-44,-44,-44,-44,4,4,4,4,1,2,3,4,4,4,4,4,2,2,3,2,2,2,2,2,2,2,3,-44,-44,-44,-44,-44,-44,-44,-44,-44,-44,-44,1,4,4,4,3,4,4,4,4,2,4,1,1,1,2,1,2,1,2,"-44",1,2,1,2,1,2,"-44",1,1,100,100,1,1,1,1,1,-44,"-44",1,2,2,-44,"-44",100,100,100,-44,"-44",3,14,3,-44,"-44",100,-44,-44,-44,"-44",14,-44,-44,-44,"-44",4,"-44",4,"-44",3,14,200000,0,1,1,1,2,2,2,2,"-44",1,2,2,2,2,"-44",100,-44,-44,-44,-44,365,-44,-44,-44,-44,100,-44,-44,-44,-44,365,-44,-44,-44,-44,200000,200000,1,1,1,1,2,2,2,2,2,1,2,2,4,4,4,1,1,1,2,2,3,3,3,2,2,3,2,3,2,3,3,1,5,5,2,"-44",1,1,1,1,1,1,0,1,1,2,1,1,3,3,4,2,1,2,3,2,2,2,2,2,2,2,12,25,14000000,20000000,100000000,12,30,14000000,27000000,174000000,100,2,2,3,3,"NAIROBI",3,"-44","-44",30,111,999,1,-44,1,-44,1,151.659393310547,"Kenya"
21032,1,2,"M1 through M5",-44,-44,"M6",-44,-44,"-44",2,-44,2001,2,"-44",1,6,5,4,1,0,0,0,1,1,1,1,0,0,0,1,1,1,1,0,0,0,1,1,1,2,0,0,0,2,-44,-44,-44,-44,-44,2,-44,-44,-44,-44,-44,2,-44,-44,-44,-44,-44,2,-44,-44,-44,-44,-44,1,2,2,3,50,0,2,-44,-44,-44,-44,-44,2,-44,-44,-44,-44,-44,2,-44,-44,-44,-44,-44,-44,-44,"-44",2,-44,-44,-44,-44,-44,-44,-44,"-44",2,-44,-44,-44,-44,-44,-44,-44,"-44",2,-44,-44,-44,-44,-44,-44,-44,"-44",2,-44,-44,-44,-44,-44,-44,-44,"-44",2,-44,-44,-44,-44,-44,-44,-44,"-44",2,-44,-44,-44,-44,-44,-44,-44,"-44",1,1,1,1,1,2,2,2,"-44",2,-44,-44,-44,-44,-44,-44,-44,"-44",2,-44,-44,-44,-44,-44,-44,-44,"-44",1,1,1,3,"Technicians and associate professionals",2,2,2,2,1,2,2,8,"Construction, craft, and related trade w","Technicians and associate professionals","Construction, craft, and related trade w",2,2,1,1,2,2,2,1,2,2,2,1,1,2,2,2,1,2,2,2,-44,-44,-44,-44,-44,-44,6,6,1,2,480000,35000,2,2,1,1,2,1,5,2,1,2,1,2,5,-44,-44,-44,-44,-44,-44,-44,1,1,1,2,2,1,1,1,2,1,2,2,2,1,4,4,1,1,200000,100000,2,2,0,30,6,6,1,1,1,1,30,28,1,2,2,2,1,2,2,2,2,2,2,2,2,2,-44,-44,3,-44,-44,-44,-44,-44,-44,-44,-44,-44,4,4,4,1,2,4,4,4,3,4,4,4,2,2,1,2,2,2,2,2,2,2,2,-44,-44,3,-44,-44,-44,-44,-44,-44,-44,-44,4,4,4,1,4,4,4,3,4,2,4,2,2,-44,-44,-44,-44,-44,-44,"-44",-44,-44,-44,-44,-44,-44,"-44",1,1,100,100,2,2,-44,-44,-44,-44,"-44",-44,-44,-44,-44,"-44",-44,-44,-44,-44,"-44",-44,-44,-44,-44,"-44",-44,-44,-44,-44,"-44",-44,-44,-44,-44,"-44",-44,"-44",-44,"-44",-44,-44,-44,-44,2,2,-44,-44,-44,-44,-44,"-44",-44,-44,-44,-44,-44,"-44",-44,-44,-44,-44,-44,-44,-44,-44,-44,-44,-44,-44,-44,-44,-44,-44,-44,-44,-44,-44,-44,-44,1,1,4,3,2,2,5,4,5,2,-44,-44,-44,-44,-44,1,1,1,1,2,3,3,3,3,1,3,3,3,3,3,3,3,2,4,1,"-44",1,2,2,2,1,2,0,0,0,1,1,0,1,1,1,1,1,0,0,0,0,0,0,2,1,2,12,5,3000000,100000,50000000,12,6,3100000,500000,70000000,100,2,2,1,2,"NAIROBI",6,"-44","-44",5,104,999,2,-44,1,-44,1,151.659393310547,"Kenya"
98342,1,2,"M1 through M5",-44,-44,"M6",-44,-44,"-44",2,-44,2012,3,"-44",1,19,14,10,4,0,0,0,1,1,1,1,100,0,0,1,2,2,3,100,0,0,1,1,1,4,100,0,0,2,-44,-44,-44,-44,-44,2,-44,-44,-44,-44,-44,2,-44,-44,-44,-44,-44,2,-44,-44,-44,-44,-44,2,-44,-44,-44,-44,-44,2,-44,-44,-44,-44,-44,1,10,0,0,0,0,2,-44,-44,-44,-44,-44,-44,-44,"-44",2,-44,-44,-44,-44,-44,-44,-44,"-44",2,-44,-44,-44,-44,-44,-44,-44,"-44",2,-44,-44,-44,-44,-44,-44,-44,"-44",2,-44,-44,-44,-44,-44,-44,-44,"-44",2,-44,-44,-44,-44,-44,-44,-44,"-44",2,-44,-44,-44,-44,-44,-44,-44,"-44",2,-44,-44,-44,-44,-44,-44,-44,"-44",2,-44,-44,-44,-44,-44,-44,-44,"-44",1,1,1,2,2,2,2,2,"-44",1,1,1,2,"Professionals",2,2,2,2,2,2,1,10,"Elementary occupations","Professionals","Elementary occupations",2,2,2,2,2,1,2,2,2,2,2,2,2,2,2,2,1,2,2,1,-44,5,95,5,-44,14,6,4,2,1,40000,15000,2,2,2,2,5,-44,-44,-44,-44,-44,-44,-44,1,2,3,2,1,2,1,2,1,2,2,1,2,2,1,1,1,2,2,2,2,2,3,2,3,3,15000,10000,2,2,12,1,6,4,1,2,1,1,27,30,2,1,2,2,2,2,2,2,2,2,2,2,2,2,-44,-44,-44,-44,-44,-44,-44,-44,-44,-44,-44,-44,4,4,4,1,2,4,4,4,4,4,3,4,1,2,3,3,3,2,2,2,2,3,3,1,-44,-44,-44,-44,-44,-44,-44,-44,-44,-44,4,1,4,2,4,4,3,4,4,4,4,2,2,-44,-44,-44,-44,-44,-44,"-44",-44,-44,-44,-44,-44,-44,"-44",2,2,-44,-44,2,2,-44,-44,-44,-44,"-44",-44,-44,-44,-44,"-44",-44,-44,-44,-44,"-44",-44,-44,-44,-44,"-44",-44,-44,-44,-44,"-44",-44,-44,-44,-44,"-44",-44,"-44",-44,"-44",-44,-44,-44,-44,2,2,-44,-44,-44,-44,-44,"-44",-44,-44,-44,-44,-44,"-44",-44,-44,-44,-44,-44,-44,-44,-44,-44,-44,-44,-44,-44,-44,-44,-44,-44,-44,-44,-44,-44,-44,2,2,-44,-44,5,1,5,5,5,2,-44,-44,-44,-44,-44,1,1,1,1,1,3,3,3,3,3,3,3,3,3,3,1,1,4,1,2,"-44",2,1,2,1,2,2,3,1,3,1,1,1,2,2,3,1,1,0,2,1,0,1,1,0,0,2,12,14,1500000,2200000,10000000,12,14,1500000,1800000,14000000,100,1,1,2,4,"NAIROBI",19,"-44","-44",14,114,999,1,-44,1,-44,1,151.659393310547,"Kenya"
98400,1,3,"M1 through M5",-44,-44,"M6",-44,-44,"-44",2,-44,1990,1,"-44",1,3,2,2,0,3,3,0,1,1,1,1,0,0,0,2,-44,-44,-44,-44,-44,-44,2,-44,-44,-44,-44,-44,-44,2,-44,-44,-44,-44,-44,2,-44,-44,-44,-44,-44,2,-44,-44,-44,-44,-44,2,-44,-44,-44,-44,-44,1,4,3,5,0,0,2,-44,-44,-44,-44,-44,2,-44,-44,-44,-44,-44,2,-44,-44,-44,-44,-44,-44,-44,"-44",2,-44,-44,-44,-44,-44,-44,-44,"-44",2,-44,-44,-44,-44,-44,-44,-44,"-44",2,-44,-44,-44,-44,-44,-44,-44,"-44",2,-44,-44,-44,-44,-44,-44,-44,"-44",2,-44,-44,-44,-44,-44,-44,-44,"-44",2,-44,-44,-44,-44,-44,-44,-44,"-44",1,2,2,2,1,2,1,2,"-44",2,-44,-44,-44,-44,-44,-44,-44,"-44",2,-44,-44,-44,-44,-44,-44,-44,"-44",1,2,2,1,"Managers",2,2,2,2,1,2,2,8,"Construction, craft, and related trade w","Managers","Construction, craft, and related trade w",2,2,2,2,2,2,2,1,2,2,2,2,2,2,2,2,1,2,2,1,-44,0,100,0,-44,7,4,4,1,1,25000,15000,2,1,2,2,5,-44,-44,-44,-44,-44,-44,-44,5,-44,-44,-44,-44,-44,-44,-44,1,2,1,2,2,2,1,2,2,1,2,2,2,1,1,1,3,3,25000,15000,2,1,6,0,4,5,1,1,1,1,49,25,1,1,2,2,3,2,2,2,2,3,3,3,3,2,-44,-44,-44,-44,-44,-44,-44,-44,-44,-44,-44,-44,1,2,4,4,4,3,4,4,4,4,4,4,2,2,3,1,2,2,2,2,2,3,1,-44,-44,-44,2,-44,-44,-44,-44,-44,-44,2,1,2,4,4,4,4,4,4,4,4,3,2,2,-44,-44,-44,-44,-44,-44,"-44",-44,-44,-44,-44,-44,-44,"-44",2,1,-44,100,2,2,-44,-44,-44,-44,"-44",-44,-44,-44,-44,"-44",-44,-44,-44,-44,"-44",-44,-44,-44,-44,"-44",-44,-44,-44,-44,"-44",-44,-44,-44,-44,"-44",-44,"-44",-44,"-44",-44,-44,-44,-44,2,2,-44,-44,-44,-44,-44,"-44",-44,-44,-44,-44,-44,"-44",-44,-44,-44,-44,-44,-44,-44,-44,-44,-44,-44,-44,-44,-44,-44,-44,-44,-44,-44,-44,-44,-44,2,1,-44,4,2,3,4,2,3,2,-44,-44,-44,-44,-44,3,3,2,4,4,1,3,3,3,1,1,2,1,1,1,1,2,2,5,1,"-44",2,1,1,1,2,2,0,0,4,1,0,1,3,2,0,2,0,0,0,0,0,2,0,0,2,2,12,6,540000,1500000,2600000,12,5,480000,1500000,2400000,0,1,1,1,3,"NAIROBI",3,"-44","-44",5,106,999,1,-44,1,-44,1,151.659393310547,"Kenya"
99116,2,1,"M1 through M5",-44,-44,"M6",-44,-44,"-44",2,-44,1999,4,"-44",1,13,19,11,8,0,0,0,1,3,3,5,33.3333333333333,0,0,1,2,2,5,0,0,0,1,4,3,5,50,25,0,1,2,1,5,50,0,1,2,2,5,50,0,1,4,4,5,50,0,2,-44,-44,-44,-44,-44,2,-44,-44,-44,-44,-44,2,-44,-44,-44,-44,-44,1,2,2,3,50,0,2,-44,-44,-44,-44,-44,-44,-44,"-44",2,-44,-44,-44,-44,-44,-44,-44,"-44",1,1,1,2,1,2,2,2,"-44",2,-44,-44,-44,-44,-44,-44,-44,"-44",2,-44,-44,-44,-44,-44,-44,-44,"-44",1,1,2,2,2,2,2,2,"-44",2,-44,-44,-44,-44,-44,-44,-44,"-44",2,-44,-44,-44,-44,-44,-44,-44,"-44",2,-44,-44,-44,-44,-44,-44,-44,"-44",2,-44,-44,-44,-44,-44,-44,-44,"-44",1,1,1,1,"Managers",1,1,1,2,2,2,1,5,"Service workers","Managers","Service workers",2,1,2,2,2,1,1,2,2,2,1,2,2,2,1,1,2,2,2,2,-44,-44,-44,-44,-44,-44,7,6,1,2,150000,35000,2,2,1,1,1,2,5,2,1,2,1,2,2,5,-44,-44,-44,-44,2,1,1,1,1,1,2,1,1,1,1,1,1,2,1,1,4,3,3,3,50000,10000,2,2,0,12,7,6,1,1,1,1,40,26,1,2,2,2,2,2,2,2,2,2,2,2,2,2,-44,-44,-44,-44,-44,-44,-44,-44,-44,-44,-44,-44,4,4,4,3,1,4,4,4,4,4,2,4,2,2,2,2,2,2,2,2,2,2,2,-44,-44,-44,-44,-44,-44,-44,-44,-44,-44,-44,4,1,4,4,2,4,3,4,4,4,4,2,1,-44,-44,-44,-44,-44,-44,"-44",2,2,2,2,1,2,"-44",2,1,-44,100,2,1,-44,-44,-44,-44,"-44",2,2,1,-44,"-44",-44,-44,-44,-44,"-44",-44,-44,-44,-44,"-44",-44,-44,100,-44,"-44",-44,-44,7,-44,"-44",-44,"-44",2,"-44",-44,14,-44,700000,2,1,-44,-44,-44,-44,-44,"-44",1,1,2,2,2,"-44",-44,-44,-44,-44,-44,-44,-44,-44,-44,-44,100,100,-44,-44,-44,7,7,-44,-44,-44,-44,600000,2,1,-44,3,5,5,5,5,5,2,-44,-44,-44,-44,-44,5,5,5,5,5,3,3,3,3,3,3,3,3,3,3,3,3,4,5,1,"-44",2,1,1,2,1,2,1,1,1,1,1,1,1,1,1,1,1,1,1,1,1,1,1,1,1,2,12,15,3000000,1500000,9000000,12,19,3000000,2000000,12500000,100,1,1,1,4,"NAIROBI",13,"-44","-44",19,114,202,1,-44,1,-44,1,151.659393310547,"Kenya"
99113,1,2,"M1 through M5",-44,-44,"M6",-44,-44,"-44",2,-44,2003,1,"-44",1,10,14,10,4,2,2,0,1,2,2,2,0,0,0,2,-44,-44,-44,-44,-44,-44,1,7,6,9,14.2857142857143,14.2857142857143,0,2,-44,-44,-44,-44,-44,2,-44,-44,-44,-44,-44,1,7,6,7,42.8571428571429,0,2,-44,-44,-44,-44,-44,2,-44,-44,-44,-44,-44,2,-44,-44,-44,-44,-44,2,-44,-44,-44,-44,-44,2,-44,-44,-44,-44,-44,-44,-44,"-44",2,-44,-44,-44,-44,-44,-44,-44,"-44",1,1,1,1,1,2,2,2,"-44",2,-44,-44,-44,-44,-44,-44,-44,"-44",2,-44,-44,-44,-44,-44,-44,-44,"-44",1,2,2,2,2,2,2,2,"-44",2,-44,-44,-44,-44,-44,-44,-44,"-44",2,-44,-44,-44,-44,-44,-44,-44,"-44",2,-44,-44,-44,-44,-44,-44,-44,"-44",2,-44,-44,-44,-44,-44,-44,-44,"-44",1,2,1,3,"Technicians and associate professionals",2,2,1,2,2,2,2,6,"Sales workers","Technicians and associate professionals","Sales workers",2,2,2,1,1,2,2,1,2,2,1,2,2,2,2,2,2,2,1,1,60,0,100,0,5,30,5,5,2,2,26800,16800,2,2,2,1,1,5,-44,2,1,2,-44,-44,5,-44,-44,-44,-44,-44,-44,-44,1,2,1,2,2,1,1,2,1,1,2,2,2,2,5,4,2,3,25500,18400,2,2,12,4,5,5,1,1,1,1,39,35,1,1,1,2,1,2,2,3,2,2,2,2,3,1,1,-44,2,-44,-44,-44,-44,-44,-44,-44,-44,2,4,4,4,3,4,4,4,2,4,1,4,4,2,1,1,1,2,2,1,2,1,1,2,-44,1,1,1,-44,-44,3,-44,1,2,-44,1,4,4,4,2,4,4,4,3,4,4,1,2,1,2,2,1,2,2,"-44",-44,-44,-44,-44,-44,-44,"-44",2,1,-44,80,2,2,-44,-44,-44,-44,"-44",-44,-44,-44,-44,"-44",-44,-44,-44,-44,"-44",-44,-44,-44,-44,"-44",-44,-44,-44,-44,"-44",-44,-44,-44,-44,"-44",-44,"-44",-44,"-44",-44,-44,-44,-44,2,2,-44,-44,-44,-44,-44,"-44",-44,-44,-44,-44,-44,"-44",-44,-44,-44,-44,-44,-44,-44,-44,-44,-44,-44,-44,-44,-44,-44,-44,-44,-44,-44,-44,-44,-44,2,1,-44,888997,2,2,5,5,5,1,5,4,3,4,4,4,5,1,5,1,3,3,3,3,1,1,3,2,1,1,3,3,2,5,1,"-44",2,2,2,2,1,2,4,0,1,0,0,0,1,4,4,1,1,1,1,0,4,0,0,1,1,1,11,17,2023200,1927000,88517200,11,17,3466500,1721700,180824400,20,1,2,1,4,"NAIROBI",10,"-44","-44",16,114,202,1,-44,1,-44,1,151.659393310547,"Kenya"
10017,1,3,"M1 through M5",-44,-44,"M6",-44,-44,"-44",2,-44,1996,1,"-44",1,7,3,3,0,2,2,0,1,1,1,1,0,0,0,2,-44,-44,-44,-44,-44,-44,2,-44,-44,-44,-44,-44,-44,2,-44,-44,-44,-44,-44,2,-44,-44,-44,-44,-44,1,4,4,4,0,0,2,-44,-44,-44,-44,-44,2,-44,-44,-44,-44,-44,2,-44,-44,-44,-44,-44,2,-44,-44,-44,-44,-44,2,-44,-44,-44,-44,-44,-44,-44,"-44",2,-44,-44,-44,-44,-44,-44,-44,"-44",2,-44,-44,-44,-44,-44,-44,-44,"-44",2,-44,-44,-44,-44,-44,-44,-44,"-44",2,-44,-44,-44,-44,-44,-44,-44,"-44",2,-44,-44,-44,-44,-44,-44,-44,"-44",1,2,2,2,2,2,2,2,"-44",2,-44,-44,-44,-44,-44,-44,-44,"-44",2,-44,-44,-44,-44,-44,-44,-44,"-44",2,-44,-44,-44,-44,-44,-44,-44,"-44",1,2,2,1,"Managers",2,2,1,2,2,2,2,6,"Sales workers","Managers","Sales workers",2,2,2,2,2,2,2,1,2,2,2,2,2,2,2,2,1,2,2,2,-44,-44,-44,-44,-44,-44,4,4,1,1,20000,10000,2,2,2,2,2,1,3,2,1,2,1,2,2,1,3,2,1,2,1,2,1,2,1,1,2,2,2,1,2,2,1,2,2,2,2,2,3,3,20000,10000,2,2,6,12,4,4,2,2,1,1,45,30,1,1,2,3,3,3,2,2,2,2,2,2,3,3,-44,-44,-44,-44,-44,-44,-44,-44,-44,-44,-44,-44,4,4,4,4,4,1,2,4,3,4,4,4,2,3,3,2,2,2,2,2,2,3,3,-44,-44,-44,-44,-44,-44,-44,-44,-44,-44,-44,1,4,4,2,4,3,4,4,4,4,4,2,2,-44,-44,-44,-44,-44,-44,"-44",-44,-44,-44,-44,-44,-44,"-44",2,2,-44,-44,2,2,-44,-44,-44,-44,"-44",-44,-44,-44,-44,"-44",-44,-44,-44,-44,"-44",-44,-44,-44,-44,"-44",-44,-44,-44,-44,"-44",-44,-44,-44,-44,"-44",-44,"-44",-44,"-44",-44,-44,-44,-44,2,2,-44,-44,-44,-44,-44,"-44",-44,-44,-44,-44,-44,"-44",-44,-44,-44,-44,-44,-44,-44,-44,-44,-44,-44,-44,-44,-44,-44,-44,-44,-44,-44,-44,-44,-44,2,2,-44,-44,2,2,4,2,2,2,-44,-44,-44,-44,-44,888997,888997,888997,888997,888997,888997,888997,888997,888997,888997,888997,888997,888997,888997,888997,888997,888997,5,5,1,"-44",2,1,2,2,2,2,1,3,0,1,0,1,1,1,1,0,0,0,0,0,0,1,0,0,0,2,12,3,480000,120000,720000,12,3,480000,120000,720000,0,1,2,2,3,"NAIROBI",7,"-44","-44",5,111,999,1,-44,1,-44,1,151.659393310547,"Kenya"
99114,2,3,"M1 through M5",-44,-44,"M6",-44,-44,"-44",2,-44,1994,2,"-44",1,12,13,6,7,0,0,0,1,1,1,1,100,0,0,1,3,3,3,33.3333333333333,0,0,2,-44,-44,-44,-44,-44,-44,2,-44,-44,-44,-44,-44,1,5,4,5,60,0,2,-44,-44,-44,-44,-44,2,-44,-44,-44,-44,-44,2,-44,-44,-44,-44,-44,1,3,3,3,33.3333333333333,0,1,1,1,1,100,0,2,-44,-44,-44,-44,-44,-44,-44,"-44",1,1,2,2,1,2,2,2,"-44",2,-44,-44,-44,-44,-44,-44,-44,"-44",2,-44,-44,-44,-44,-44,-44,-44,"-44",1,1,2,2,2,2,2,2,"-44",2,-44,-44,-44,-44,-44,-44,-44,"-44",2,-44,-44,-44,-44,-44,-44,-44,"-44",2,-44,-44,-44,-44,-44,-44,-44,"-44",1,1,1,2,2,2,2,2,"-44",1,1,2,1,2,2,1,2,"-44",1,1,2,2,"Professionals",2,1,2,2,2,1,1,10,"Elementary occupations","Professionals","Elementary occupations",2,2,2,1,1,1,1,2,2,1,1,2,2,1,2,2,1,1,1,1,50,10,90,10,30,10,6,4,2,2,17400,11700,2,2,2,1,1,2,5,2,2,1,1,2,5,-44,-44,-44,-44,-44,-44,-44,1,1,2,2,2,1,1,1,2,2,1,1,2,1,2,3,3,1,14800,11700,2,2,12,8,4,2,2,2,1,1,48,34,1,2,2,1,1,2,2,3,2,1,3,2,2,2,-44,1,1,-44,-44,-44,-44,1,-44,-44,-44,-44,4,4,4,4,4,1,2,4,4,4,4,3,3,2,1,2,3,2,3,2,2,2,2,-44,-44,2,-44,-44,-44,-44,-44,-44,-44,-44,2,4,4,4,1,4,4,4,3,4,4,1,1,1,2,2,2,2,2,"-44",1,2,1,1,2,2,"-44",1,2,50,-44,2,2,-44,-44,-44,-44,"-44",-44,-44,-44,-44,"-44",-44,-44,-44,-44,"-44",-44,-44,-44,-44,"-44",-44,-44,-44,-44,"-44",-44,-44,-44,-44,"-44",-44,"-44",-44,"-44",-44,-44,-44,-44,2,2,-44,-44,-44,-44,-44,"-44",-44,-44,-44,-44,-44,"-44",-44,-44,-44,-44,-44,-44,-44,-44,-44,-44,-44,-44,-44,-44,-44,-44,-44,-44,-44,-44,-44,-44,1,2,888997,-44,2,3,4,2,3,1,5,3,3,5,3,2,1,1,2,1,1,1,1,2,2,3,3,3,2,3,2,2,5,5,1,"-44",1,1,2,2,2,1,4,4,3,1,1,4,4,1,0,1,0,1,1,1,1,1,0,2,1,1,11,14,732300,114600,1709300,11,13,917600,143000,1700800,30,1,1,1,4,"NAIROBI",12,"-44","-44",13,114,202,1,-44,1,-44,1,151.659393310547,"Kenya"
10024,1,2,"M1 through M5",-44,-44,"M6",-44,-44,"-44",2,-44,2002,1,"-44",1,7,21,18,3,0,0,0,1,3,3,3,33.3333333333333,0,0,1,2,2,2,50,0,0,1,8,8,8,0,0,0,1,1,1,1,100,0,1,3,3,3,0,0,1,4,4,4,0,0,2,-44,-44,-44,-44,-44,2,-44,-44,-44,-44,-44,2,-44,-44,-44,-44,-44,2,-44,-44,-44,-44,-44,2,-44,-44,-44,-44,-44,-44,-44,"-44",1,1,888997,888997,888997,888997,888997,888997,"-44",1,1,2,2,2,1,2,2,"-44",2,-44,-44,-44,-44,-44,-44,-44,"-44",2,-44,-44,-44,-44,-44,-44,-44,"-44",1,1,2,2,1,2,2,888997,"-44",2,-44,-44,-44,-44,-44,-44,-44,"-44",2,-44,-44,-44,-44,-44,-44,-44,"-44",2,-44,-44,-44,-44,-44,-44,-44,"-44",2,-44,-44,-44,-44,-44,-44,-44,"-44",1,1,1,1,"Managers",1,1,1,2,2,2,2,5,"Service workers","Managers","Service workers",2,2,2,2,2,2,1,2,2,2,2,2,2,2,2,1,2,2,2,2,-44,-44,-44,-44,-44,-44,6,4,1,1,100000,30000,1,1,1,1,1,2,5,2,2,1,1,2,2,1,5,2,2,1,1,2,1,1,1,1,2,1,1,1,2,2,1,2,2,2,4,3,3,3,150000,30000,1,1,18,12,6,4,2,2,1,1,40,45,1,1,1,1,3,1,1,1,1,1,1,1,1,1,1,1,-44,1,1,1,1,1,1,1,1,1,3,4,4,2,4,1,4,4,4,4,4,4,3,2,3,2,2,2,2,2,2,888997,888997,-44,-44,-44,-44,-44,-44,-44,-44,-44,-44,-44,4,4,4,4,1,4,4,2,3,4,4,1,1,2,2,2,1,2,2,"-44",2,2,2,1,2,2,"-44",1,888997,100,-44,1,888997,2,2,1,-44,"-44",-44,-44,-44,-44,"-44",-44,-44,100,-44,"-44",-44,-44,5,-44,"-44",-44,-44,-44,-44,"-44",-44,-44,-44,-44,"-44",1,"-44",-44,"-44",14,-44,0,-44,1,888997,2,2,1,2,2,"-44",-44,-44,-44,-44,-44,"-44",-44,-44,100,-44,-44,-44,-44,14,-44,-44,-44,-44,-44,-44,-44,-44,-44,-44,-44,-44,0,-44,1,888997,1,-44,5,4,4,4,4,2,-44,-44,-44,-44,-44,1,1,1,5,5,1,3,888997,3,1,3,1,3,2,3,3,3,5,5,1,"-44",1,888997,888997,888997,2,888997,2,1,1,0,2,2,2,2,2,2,0,0,0,0,0,1,1,0,0,2,12,20,4800000,5600000,16000000,12,20,5000000,6000000,25000000,100,3,2,3,2,"NAIROBI",7,"-44","-44",21,111,999,1,-44,1,-44,1,151.659393310547,"Kenya"
98252,2,2,"M1 through M5",-44,-44,"M6",-44,-44,"-44",1,1976,2000,2,"-44",1,13,7,5,2,0,0,0,1,1,1,1,100,0,0,1,3,3,3,0,33.3333333333333,0,2,-44,-44,-44,-44,-44,-44,1,1,1,1,100,0,2,-44,-44,-44,-44,-44,2,-44,-44,-44,-44,-44,2,-44,-44,-44,-44,-44,2,-44,-44,-44,-44,-44,2,-44,-44,-44,-44,-44,1,2,2,2,0,0,2,-44,-44,-44,-44,-44,-44,-44,"-44",1,1,2,2,2,2,2,2,"-44",2,-44,-44,-44,-44,-44,-44,-44,"-44",2,-44,-44,-44,-44,-44,-44,-44,"-44",2,-44,-44,-44,-44,-44,-44,-44,"-44",2,-44,-44,-44,-44,-44,-44,-44,"-44",2,-44,-44,-44,-44,-44,-44,-44,"-44",2,-44,-44,-44,-44,-44,-44,-44,"-44",2,-44,-44,-44,-44,-44,-44,-44,"-44",2,-44,-44,-44,-44,-44,-44,-44,"-44",1,1,2,2,"Professionals",1,2,2,2,2,2,1,10,"Elementary occupations","Professionals","Elementary occupations",2,2,2,2,1,2,2,2,2,2,2,2,2,2,2,2,1,2,1,2,50,-44,-44,-44,30,-44,6,4,1,2,120000,15000,2,2,2,1,5,-44,-44,-44,-44,-44,-44,-44,2,5,-44,-44,-44,-44,2,1,2,2,2,1,2,1,1,2,2,2,2,2,2,1,4,1,3,3,120000,15000,2,2,6,5,6,4,1,2,1,1,30,40,1,2,2,2,3,2,2,2,2,2,2,2,1,2,-44,-44,-44,-44,-44,-44,-44,-44,-44,-44,1,-44,4,4,4,1,2,3,4,4,4,4,4,4,2,2,3,3,3,2,2,3,3,3,3,-44,-44,-44,-44,-44,-44,-44,-44,-44,-44,-44,4,4,4,4,2,1,4,4,3,4,4,1,2,1,2,2,2,2,2,"-44",-44,-44,-44,-44,-44,-44,"-44",2,2,-44,-44,2,2,-44,-44,-44,-44,"-44",-44,-44,-44,-44,"-44",-44,-44,-44,-44,"-44",-44,-44,-44,-44,"-44",-44,-44,-44,-44,"-44",-44,-44,-44,-44,"-44",-44,"-44",-44,"-44",-44,-44,-44,-44,2,2,-44,-44,-44,-44,-44,"-44",-44,-44,-44,-44,-44,"-44",-44,-44,-44,-44,-44,-44,-44,-44,-44,-44,-44,-44,-44,-44,-44,-44,-44,-44,-44,-44,-44,-44,2,2,-44,-44,2,2,4,2,5,1,5,4,4,4,5,3,1,1,4,4,3,3,3,3,3,3,3,3,3,3,3,3,4,3,1,"-44",2,1,1,1,2,2,1,0,0,0,0,1,0,1,1,2,1,0,1,1,2,2,1,0,2,2,12,7,9080000,2600000,20000000,12,7,11000000,3800000,29000000,100,1,2,1,4,"NAIROBI",13,"-44","-44",7,113,999,1,-44,1,-44,1,151.659393310547,"Kenya"
10061,2,2,"M1 through M5",-44,-44,"M6",-44,-44,"-44",2,-44,2000,4,"-44",1,10,5,2,3,0,0,0,1,1,1,2,100,0,0,2,-44,-44,-44,-44,-44,-44,1,1,1,1,100,0,0,2,-44,-44,-44,-44,-44,2,-44,-44,-44,-44,-44,1,3,2,6,33.3333333333333,0,2,-44,-44,-44,-44,-44,2,-44,-44,-44,-44,-44,2,-44,-44,-44,-44,-44,2,-44,-44,-44,-44,-44,2,-44,-44,-44,-44,-44,-44,-44,"-44",2,-44,-44,-44,-44,-44,-44,-44,"-44",2,-44,-44,-44,-44,-44,-44,-44,"-44",2,-44,-44,-44,-44,-44,-44,-44,"-44",2,-44,-44,-44,-44,-44,-44,-44,"-44",1,1,1,1,2,2,2,2,"-44",2,-44,-44,-44,-44,-44,-44,-44,"-44",2,-44,-44,-44,-44,-44,-44,-44,"-44",2,-44,-44,-44,-44,-44,-44,-44,"-44",2,-44,-44,-44,-44,-44,-44,-44,"-44",1,2,1,3,"Technicians and associate professionals",2,2,1,2,2,2,2,6,"Sales workers","Technicians and associate professionals","Sales workers",2,2,2,2,2,2,2,1,2,2,2,2,2,2,2,2,1,2,2,1,-44,50,50,50,-44,14,5,5,2,2,20000,15000,2,2,2,1,5,-44,-44,-44,-44,-44,-44,-44,5,-44,-44,-44,-44,-44,-44,-44,1,2,1,2,2,2,1,2,2,2,2,2,1,1,3,2,3,3,20000,15000,2,2,12,3,5,6,2,2,1,1,26,32,2,2,2,2,3,1,2,1,2,1,2,2,1,1,-44,-44,-44,2,-44,1,-44,1,-44,-44,2,2,1,4,4,4,4,3,4,2,4,4,4,4,2,3,3,2,2,1,1,2,2,3,3,-44,-44,-44,-44,-44,1,2,-44,-44,-44,-44,4,4,4,3,1,4,2,4,4,4,4,2,2,-44,-44,-44,-44,-44,-44,"-44",-44,-44,-44,-44,-44,-44,"-44",2,2,-44,-44,2,2,-44,-44,-44,-44,"-44",-44,-44,-44,-44,"-44",-44,-44,-44,-44,"-44",-44,-44,-44,-44,"-44",-44,-44,-44,-44,"-44",-44,-44,-44,-44,"-44",-44,"-44",-44,"-44",-44,-44,-44,-44,2,2,-44,-44,-44,-44,-44,"-44",-44,-44,-44,-44,-44,"-44",-44,-44,-44,-44,-44,-44,-44,-44,-44,-44,-44,-44,-44,-44,-44,-44,-44,-44,-44,-44,-44,-44,2,2,-44,-44,4,4,3,4,3,2,-44,-44,-44,-44,-44,3,1,1,1,1,3,3,3,2,1,3,3,1,2,3,2,3,3,4,1,"-44",1,2,1,2,2,2,0,2,1,1,1,2,2,3,0,0,0,0,1,0,0,1,1,0,0,2,12,5,1980000,1400000,70000000,12,5,2500000,1400000,95000000,20,2,1,1,4,"NAIROBI",10,"-44","-44",5,105,999,1,-44,1,-44,1,151.659393310547,"Kenya"
98313,1,2,"M1 through M5",-44,-44,"M6",-44,-44,"-44",2,-44,1996,1,"-44",1,4,5,5,0,0,0,0,1,1,1,2,0,0,0,2,-44,-44,-44,-44,-44,-44,1,4,4,5,0,0,0,2,-44,-44,-44,-44,-44,2,-44,-44,-44,-44,-44,2,-44,-44,-44,-44,-44,2,-44,-44,-44,-44,-44,2,-44,-44,-44,-44,-44,2,-44,-44,-44,-44,-44,2,-44,-44,-44,-44,-44,2,-44,-44,-44,-44,-44,-44,-44,"-44",2,-44,-44,-44,-44,-44,-44,-44,"-44",1,2,2,2,2,2,2,2,"-44",2,-44,-44,-44,-44,-44,-44,-44,"-44",2,-44,-44,-44,-44,-44,-44,-44,"-44",2,-44,-44,-44,-44,-44,-44,-44,"-44",2,-44,-44,-44,-44,-44,-44,-44,"-44",2,-44,-44,-44,-44,-44,-44,-44,"-44",2,-44,-44,-44,-44,-44,-44,-44,"-44",2,-44,-44,-44,-44,-44,-44,-44,"-44",1,2,1,3,"Technicians and associate professionals",2,2,2,2,2,2,2,888996,"None","Technicians and associate professionals","None",2,2,2,2,2,2,2,1,2,-44,-44,-44,-44,-44,-44,-44,-44,-44,1,-44,100,-44,-44,-44,1,-44,6,-44,1,-44,27000,-44,2,-44,2,-44,2,5,-44,-44,-44,-44,1,2,-44,-44,-44,-44,-44,-44,-44,-44,2,1,1,1,2,1,1,-44,-44,-44,-44,-44,-44,-44,3,-44,3,-44,27000,-44,2,-44,36,-44,6,-44,1,-44,1,-44,30,-44,1,-44,1,1,3,1,1,1,1,1,1,1,1,1,1,1,-44,1,1,1,1,1,1,1,1,1,4,4,4,4,2,3,4,4,4,4,4,1,-44,-44,-44,-44,-44,-44,-44,-44,-44,-44,-44,-44,-44,-44,-44,-44,-44,-44,-44,-44,-44,-44,-44,-44,-44,-44,-44,-44,-44,-44,-44,-44,-44,2,-44,-44,-44,-44,-44,-44,-44,"-44",-44,-44,-44,-44,-44,-44,"-44",2,-44,-44,-44,2,-44,-44,-44,-44,-44,"-44",-44,-44,-44,-44,"-44",-44,-44,-44,-44,"-44",-44,-44,-44,-44,"-44",-44,-44,-44,-44,"-44",-44,-44,-44,-44,"-44",-44,"-44",-44,"-44",-44,-44,-44,-44,2,-44,-44,-44,-44,-44,-44,"-44",-44,-44,-44,-44,-44,"-44",-44,-44,-44,-44,-44,-44,-44,-44,-44,-44,-44,-44,-44,-44,-44,-44,-44,-44,-44,-44,-44,-44,2,-44,-44,-44,2,4,4,2,4,2,-44,-44,-44,-44,-44,5,5,5,1,1,3,3,3,3,3,3,1,3,1,3,3,1,3,3,1,"-44",1,1,1,1,2,2,0,0,0,3,0,0,0,0,1,0,0,0,0,3,3,0,0,0,0,2,10,5,1000000,240000,8000000,10,5,2000000,240000,1000000,100,2,1,3,4,"NAIROBI",4,"-44","-44",5,102,102,1,-44,1,-44,1,151.659393310547,"Kenya"
10027,1,2,"M1 through M5",-44,-44,"M6",-44,-44,"-44",2,-44,1993,4,"-44",1,19,19,12,7,0,0,0,1,5,5,6,20,0,0,1,2,2,3,0,0,0,1,5,5,7,0,0,0,2,-44,-44,-44,-44,-44,1,3,3,3,66.6666666666667,0,1,4,4,6,100,1,2,-44,-44,-44,-44,-44,2,-44,-44,-44,-44,-44,2,-44,-44,-44,-44,-44,2,-44,-44,-44,-44,-44,1,1,1,2,1,2,1,2,"-44",1,1,1,1,2,1,2,2,"-44",2,-44,-44,-44,-44,-44,-44,-44,"-44",1,1,1,1,1,2,1,2,"-44",2,-44,-44,-44,-44,-44,-44,-44,"-44",1,1,1,2,1,2,1,2,"-44",2,-44,-44,-44,-44,-44,-44,-44,"-44",2,-44,-44,-44,-44,-44,-44,-44,"-44",2,-44,-44,-44,-44,-44,-44,-44,"-44",2,-44,-44,-44,-44,-44,-44,-44,"-44",1,1,1,2,"Professionals",2,1,1,2,2,2,2,5,"Service workers","Professionals","Service workers",2,2,2,2,2,1,2,2,2,2,2,2,2,2,1,2,2,2,1,2,60,-44,-44,-44,30,-44,6,6,1,1,27000,18000,2,2,2,2,5,-44,-44,-44,-44,-44,-44,-44,5,-44,-44,-44,-44,-44,-44,-44,1,2,2,1,2,2,2,2,2,1,2,2,2,2,4,3,3,3,21000,13000,2,2,12,12,6,6,1,1,1,1,30,30,1,1,1,1,3,1,1,1,1,1,1,1,1,1,1,1,-44,2,2,2,2,3,2,3,2,3,4,4,4,4,4,1,4,2,4,3,4,4,1,1,3,1,1,1,1,1,1,1,1,1,1,-44,2,2,2,2,2,2,1,1,4,4,4,4,1,4,2,4,3,4,4,2,2,-44,-44,-44,-44,-44,-44,"-44",-44,-44,-44,-44,-44,-44,"-44",2,2,-44,-44,2,2,-44,-44,-44,-44,"-44",-44,-44,-44,-44,"-44",-44,-44,-44,-44,"-44",-44,-44,-44,-44,"-44",-44,-44,-44,-44,"-44",-44,-44,-44,-44,"-44",-44,"-44",-44,"-44",-44,-44,-44,-44,2,2,-44,-44,-44,-44,-44,"-44",-44,-44,-44,-44,-44,"-44",-44,-44,-44,-44,-44,-44,-44,-44,-44,-44,-44,-44,-44,-44,-44,-44,-44,-44,-44,-44,-44,-44,2,2,-44,-44,1,1,1,1,1,2,-44,-44,-44,-44,-44,1,1,1,1,2,3,3,3,3,3,3,3,3,3,3,3,3,4,3,2,"-44",1,1,2,1,1,2,1,2,3,3,3,0,1,1,4,2,1,1,0,1,1,1,2,0,1,2,12,2,15680000,97000000,143000000,12,2,15965230,103000000,126000000,100,1,1,1,2,"NAIROBI",19,"-44","-44",19,114,999,1,-44,1,-44,1,151.659393310547,"Kenya"
98235,1,2,"M1 through M5",-44,-44,"M6",-44,-44,"-44",2,-44,1997,4,"-44",2,10,5,3,2,0,0,0,1,1,1,1,0,0,1,1,1,1,1,100,0,0,2,-44,-44,-44,-44,-44,-44,1,1,1,1,0,0,1,1,1,2,100,0,1,1,1,2,0,0,2,-44,-44,-44,-44,-44,2,-44,-44,-44,-44,-44,2,-44,-44,-44,-44,-44,2,-44,-44,-44,-44,-44,2,-44,-44,-44,-44,-44,-44,-44,"-44",1,2,2,2,2,2,2,2,"-44",1,2,2,2,2,2,2,2,"-44",2,-44,-44,-44,-44,-44,-44,-44,"-44",2,-44,-44,-44,-44,-44,-44,-44,"-44",2,-44,-44,-44,-44,-44,-44,-44,"-44",2,-44,-44,-44,-44,-44,-44,-44,"-44",2,-44,-44,-44,-44,-44,-44,-44,"-44",2,-44,-44,-44,-44,-44,-44,-44,"-44",2,-44,-44,-44,-44,-44,-44,-44,"-44",1,1,2,2,"Professionals",1,1,1,2,2,2,2,5,"Service workers","Professionals","Service workers",2,2,2,2,2,2,2,2,1,2,2,2,2,2,2,2,1,2,2,2,-44,-44,-44,-44,-44,-44,6,4,1,2,60000,30000,2,2,2,2,1,5,-44,2,1,2,-44,-44,5,-44,-44,-44,-44,-44,-44,-44,1,1,1,1,1,1,1,1,1,2,2,1,2,1,5,3,3,3,60000,30000,2,2,16,16,6,4,1,2,2,2,30,35,1,2,1,1,2,1,1,1,1,1,1,1,1,1,1,1,-44,1,1,1,1,1,1,1,1,1,4,4,4,4,4,3,4,4,4,4,2,1,1,1,2,2,1,1,2,1,1,2,1,2,1,-44,-44,2,1,-44,1,1,-44,1,2,4,4,4,1,4,4,3,4,4,4,2,2,-44,-44,-44,-44,-44,-44,"-44",-44,-44,-44,-44,-44,-44,"-44",2,2,-44,-44,2,2,-44,-44,-44,-44,"-44",-44,-44,-44,-44,"-44",-44,-44,-44,-44,"-44",-44,-44,-44,-44,"-44",-44,-44,-44,-44,"-44",-44,-44,-44,-44,"-44",-44,"-44",-44,"-44",-44,-44,-44,-44,2,2,-44,-44,-44,-44,-44,"-44",-44,-44,-44,-44,-44,"-44",-44,-44,-44,-44,-44,-44,-44,-44,-44,-44,-44,-44,-44,-44,-44,-44,-44,-44,-44,-44,-44,-44,2,2,-44,-44,1,2,4,2,4,2,-44,-44,-44,-44,-44,4,2,1,5,4,1,3,3,3,1,3,3,3,3,3,1,1,3,4,3,"-44",2,1,1,1,1,2,3,3,0,1,0,1,1,3,1,2,0,0,0,1,1,2,0,1,1,2,6,6,2000000,120000,1200000,6,5,20000000,1200000,12000000,100,1,1,1,4,"NAIROBI",10,"-44","-44",5,102,102,1,-44,1,-44,1,151.659393310547,"Kenya"
10001,2,2,"M1 through M5",-44,-44,"M6",-44,-44,"-44",2,-44,2003,1,"-44",1,7,8,5,3,0,0,0,1,2,2,2,100,0,0,2,-44,-44,-44,-44,-44,-44,2,-44,-44,-44,-44,-44,-44,1,1,1,1,0,0,2,-44,-44,-44,-44,-44,1,3,2,3,33.3333333333333,0,2,-44,-44,-44,-44,-44,2,-44,-44,-44,-44,-44,1,1,1,1,0,0,1,1,1,1,0,0,2,-44,-44,-44,-44,-44,-44,-44,"-44",2,-44,-44,-44,-44,-44,-44,-44,"-44",2,-44,-44,-44,-44,-44,-44,-44,"-44",2,-44,-44,-44,-44,-44,-44,-44,"-44",2,-44,-44,-44,-44,-44,-44,-44,"-44",1,1,2,1,2,2,2,2,"-44",2,-44,-44,-44,-44,-44,-44,-44,"-44",2,-44,-44,-44,-44,-44,-44,-44,"-44",2,-44,-44,-44,-44,-44,-44,-44,"-44",1,1,2,2,2,2,2,2,"-44",1,2,2,1,"Managers",1,2,1,2,2,1,1,10,"Elementary occupations","Managers","Elementary occupations",2,2,2,1,2,2,1,1,2,2,2,2,2,2,2,2,1,2,2,1,-44,25,75,25,-44,10,5,3,2,1,45000,15000,2,2,1,2,5,-44,-44,-44,-44,-44,-44,-44,5,-44,-44,-44,-44,-44,-44,-44,1,2,2,2,2,1,1,2,2,2,2,2,2,1,2,1,1,1,45000,15000,2,2,1,1,5,3,1,2,1,1,35,30,2,1,2,2,3,2,2,2,2,2,2,2,2,2,-44,-44,-44,-44,-44,-44,-44,-44,-44,-44,-44,-44,4,4,4,3,4,1,2,4,4,4,4,4,3,2,3,2,2,2,2,2,3,3,3,-44,-44,-44,-44,-44,-44,-44,-44,-44,-44,-44,4,4,4,4,1,2,4,4,3,4,4,2,2,-44,-44,-44,-44,-44,-44,"-44",-44,-44,-44,-44,-44,-44,"-44",1,2,100,-44,2,2,-44,-44,-44,-44,"-44",-44,-44,-44,-44,"-44",-44,-44,-44,-44,"-44",-44,-44,-44,-44,"-44",-44,-44,-44,-44,"-44",-44,-44,-44,-44,"-44",-44,"-44",-44,"-44",-44,-44,-44,-44,2,2,-44,-44,-44,-44,-44,"-44",-44,-44,-44,-44,-44,"-44",-44,-44,-44,-44,-44,-44,-44,-44,-44,-44,-44,-44,-44,-44,-44,-44,-44,-44,-44,-44,-44,-44,1,2,4,-44,2,4,4,2,2,2,-44,-44,-44,-44,-44,2,2,2,4,4,3,3,3,3,3,3,2,1,1,3,3,3,3,2,1,"-44",1,1,1,1,1,2,2,3,1,4,4,2,1,3,3,3,1,1,1,1,1,1,1,1,1,2,6,8,2500000,9000000,1400000,6,8,3000000,1000000,1450000,100,1,1,1,2,"NAIROBI",7,"-44","-44",8,112,999,2,-44,1,-44,1,151.659393310547,"Kenya"
21010,1,2,"M1 through M5",-44,-44,"M6",-44,-44,"-44",2,-44,2002,1,"-44",1,13,24,13,11,0,0,0,1,4,4,6,75,0,0,1,6,6,6,66.6666666666667,0,0,2,-44,-44,-44,-44,-44,-44,1,1,1,2,100,0,1,9,1,1,11.1111111111111,0,1,4,5,7,50,0,2,-44,-44,-44,-44,-44,2,-44,-44,-44,-44,-44,2,-44,-44,-44,-44,-44,2,-44,-44,-44,-44,-44,1,1,2,2,2,2,2,1,"Too many applicants",1,1,2,2,1,2,1,2,"-44",2,-44,-44,-44,-44,-44,-44,-44,"-44",1,1,2,2,1,2,1,2,"-44",1,2,1,1,2,2,1,2,"-44",1,1,2,1,1,2,1,2,"-44",2,-44,-44,-44,-44,-44,-44,-44,"-44",2,-44,-44,-44,-44,-44,-44,-44,"-44",2,-44,-44,-44,-44,-44,-44,-44,"-44",2,-44,-44,-44,-44,-44,-44,-44,"-44",1,1,2,1,"Managers",1,1,1,2,2,2,2,6,"Sales workers","Managers","Sales workers",2,1,2,1,2,2,2,1,2,2,2,2,2,2,2,2,1,2,1,1,50,10,90,10,30,30,6,4,1,1,40000,12000,2,2,2,2,1,2,5,2,1,2,2,1,2,5,-44,-44,-44,-44,2,1,1,1,1,1,1,1,1,1,1,1,2,2,1,1,4,3,3,3,30000,15000,2,2,24,12,6,6,1,1,1,1,40,30,2,2,2,2,3,2,2,2,2,2,2,2,2,2,-44,-44,-44,-44,-44,-44,-44,-44,-44,-44,-44,-44,3,2,4,4,4,4,4,4,4,1,4,4,2,2,3,2,2,2,2,2,2,2,2,-44,-44,-44,-44,-44,-44,-44,-44,-44,-44,-44,4,3,4,4,2,4,4,4,1,4,4,2,2,-44,-44,-44,-44,-44,-44,"-44",-44,-44,-44,-44,-44,-44,"-44",1,1,50,50,2,2,-44,-44,-44,-44,"-44",-44,-44,-44,-44,"-44",-44,-44,-44,-44,"-44",-44,-44,-44,-44,"-44",-44,-44,-44,-44,"-44",-44,-44,-44,-44,"-44",-44,"-44",-44,"-44",-44,-44,-44,-44,2,2,-44,-44,-44,-44,-44,"-44",-44,-44,-44,-44,-44,"-44",-44,-44,-44,-44,-44,-44,-44,-44,-44,-44,-44,-44,-44,-44,-44,-44,-44,-44,-44,-44,-44,-44,1,1,3,3,1,1,2,1,1,2,-44,-44,-44,-44,-44,2,4,4,1,1,3,3,3,3,3,3,3,1,1,3,3,3,3,3,3,"-44",1,1,1,1,1,1,0,0,0,1,1,1,0,2,0,2,0,0,2,2,0,2,0,0,0,2,12,23,1000000,3000000,52000000,12,24,1000000,3000000,60000000,100,2,1,1,2,"NAIROBI",13,"-44","-44",24,102,102,1,-44,1,-44,1,151.659393310547,"Kenya"
21031,1,2,"M1 through M5",-44,-44,"M6",-44,-44,"-44",2,-44,2001,1,"-44",1,6,7,6,1,0,0,0,1,1,1,2,0,0,0,2,-44,-44,-44,-44,-44,-44,1,1,1,2,0,0,0,1,1,1,1,100,0,2,-44,-44,-44,-44,-44,2,-44,-44,-44,-44,-44,2,-44,-44,-44,-44,-44,1,2,2,3,0,0,1,1,1,2,0,0,1,1,1,3,0,0,2,-44,-44,-44,-44,-44,-44,-44,"-44",2,-44,-44,-44,-44,-44,-44,-44,"-44",1,2,1,1,1,1,1,2,"-44",2,-44,-44,-44,-44,-44,-44,-44,"-44",2,-44,-44,-44,-44,-44,-44,-44,"-44",2,-44,-44,-44,-44,-44,-44,-44,"-44",2,-44,-44,-44,-44,-44,-44,-44,"-44",1,1,1,1,1,1,1,2,"-44",2,-44,-44,-44,-44,-44,-44,-44,"-44",2,-44,-44,-44,-44,-44,-44,-44,"-44",1,2,1,3,"Technicians and associate professionals",1,2,2,2,1,1,1,10,"Elementary occupations","Technicians and associate professionals","Elementary occupations",2,2,1,1,2,1,1,1,2,2,2,1,1,1,1,1,1,2,1,2,100,-44,-44,-44,60,-44,6,6,1,1,60000,20000,2,2,1,1,2,1,3,2,1,2,1,2,2,1,3,2,1,2,1,2,1,1,1,2,2,1,1,1,1,2,2,2,2,1,2,1,3,2,50000,20000,2,2,0,0,6,6,1,2,1,1,30,30,1,1,2,2,1,2,2,2,2,2,2,2,2,2,-44,-44,3,-44,-44,-44,-44,-44,-44,-44,-44,-44,4,4,4,1,4,2,3,4,4,4,4,4,2,2,1,2,2,2,2,2,2,2,2,-44,-44,3,-44,-44,-44,-44,-44,-44,-44,-44,4,4,4,4,4,3,2,4,1,4,4,2,2,-44,-44,-44,-44,-44,-44,"-44",-44,-44,-44,-44,-44,-44,"-44",1,2,100,-44,2,2,-44,-44,-44,-44,"-44",-44,-44,-44,-44,"-44",-44,-44,-44,-44,"-44",-44,-44,-44,-44,"-44",-44,-44,-44,-44,"-44",-44,-44,-44,-44,"-44",-44,"-44",-44,"-44",-44,-44,-44,-44,2,2,-44,-44,-44,-44,-44,"-44",-44,-44,-44,-44,-44,"-44",-44,-44,-44,-44,-44,-44,-44,-44,-44,-44,-44,-44,-44,-44,-44,-44,-44,-44,-44,-44,-44,-44,1,2,1,-44,3,5,3,5,3,2,-44,-44,-44,-44,-44,5,5,5,5,5,3,3,3,3,1,3,3,1,1,3,1,1,4,5,2,"-44",2,1,1,1,1,2,2,2,0,2,0,0,0,1,3,0,0,1,0,1,0,0,0,1,1,1,2,5,20000000,100000,1000000,2,7,30000000,120000,1200000,100,2,2,2,2,"NAIROBI",6,"-44","-44",7,104,999,1,-44,1,-44,1,151.659393310547,"Kenya"
98388,2,2,"M1 through M5",-44,-44,"M6",-44,-44,"-44",2,-44,2002,1,"-44",2,6,5,4,1,0,0,0,1,1,1,1,0,0,1,2,-44,-44,-44,-44,-44,-44,2,-44,-44,-44,-44,-44,-44,1,1,1,2,100,0,2,-44,-44,-44,-44,-44,1,3,2,4,0,0,2,-44,-44,-44,-44,-44,2,-44,-44,-44,-44,-44,2,-44,-44,-44,-44,-44,2,-44,-44,-44,-44,-44,2,-44,-44,-44,-44,-44,-44,-44,"-44",2,-44,-44,-44,-44,-44,-44,-44,"-44",2,-44,-44,-44,-44,-44,-44,-44,"-44",1,1,1,1,1,1,2,2,"-44",2,-44,-44,-44,-44,-44,-44,-44,"-44",1,1,1,2,1,1,2,2,"-44",2,-44,-44,-44,-44,-44,-44,-44,"-44",2,-44,-44,-44,-44,-44,-44,-44,"-44",2,-44,-44,-44,-44,-44,-44,-44,"-44",2,-44,-44,-44,-44,-44,-44,-44,"-44",1,2,2,1,"Managers",1,2,1,2,2,2,2,6,"Sales workers","Managers","Sales workers",2,2,2,1,2,2,2,1,2,2,2,2,2,2,2,2,1,2,2,1,-44,50,50,50,-44,20,6,5,1,1,500000,20000,2,2,1,1,5,-44,-44,-44,-44,-44,-44,-44,2,5,-44,-44,-44,-44,1,2,1,2,1,1,1,1,2,2,1,1,2,2,1,2,2,2,1,1,300000,120000,1,2,0,0,6,5,1,2,1,1,36,30,1,1,2,2,2,2,2,2,2,2,2,2,2,2,-44,-44,-44,-44,-44,-44,-44,-44,-44,-44,-44,-44,4,4,2,4,1,3,4,4,4,4,4,4,2,2,1,2,2,2,2,2,2,2,2,-44,-44,3,-44,-44,-44,-44,-44,-44,-44,-44,1,2,4,3,4,4,4,4,4,4,4,2,2,-44,-44,-44,-44,-44,-44,"-44",-44,-44,-44,-44,-44,-44,"-44",2,2,-44,-44,2,2,-44,-44,-44,-44,"-44",-44,-44,-44,-44,"-44",-44,-44,-44,-44,"-44",-44,-44,-44,-44,"-44",-44,-44,-44,-44,"-44",-44,-44,-44,-44,"-44",-44,"-44",-44,"-44",-44,-44,-44,-44,2,2,-44,-44,-44,-44,-44,"-44",-44,-44,-44,-44,-44,"-44",-44,-44,-44,-44,-44,-44,-44,-44,-44,-44,-44,-44,-44,-44,-44,-44,-44,-44,-44,-44,-44,-44,2,2,-44,-44,2,2,3,3,2,2,-44,-44,-44,-44,-44,1,1,1,1,1,3,3,3,3,2,2,3,2,2,3,3,3,3,3,1,"-44",1,1,2,1,1,2,1,3,1,2,2,2,3,2,2,2,2,1,1,1,1,2,1,3,3,2,1,3,500000,10000000,20000000,1,4,500000,10000000,25000000,100,2,2,2,3,"NAIROBI",6,"-44","-44",5,104,999,1,-44,1,-44,1,151.659393310547,"Kenya"
10034,1,2,"M1 through M5",-44,-44,"M6",-44,-44,"-44",2,-44,2013,1,"-44",1,4,12,11,1,0,0,0,2,-44,-44,-44,-44,-44,-44,2,-44,-44,-44,-44,-44,-44,2,-44,-44,-44,-44,-44,-44,1,3,3,3,0,0,2,-44,-44,-44,-44,-44,1,8,8,8,12.5,0,2,-44,-44,-44,-44,-44,2,-44,-44,-44,-44,-44,2,-44,-44,-44,-44,-44,1,1,1,1,0,0,2,-44,-44,-44,-44,-44,-44,-44,"-44",2,-44,-44,-44,-44,-44,-44,-44,"-44",2,-44,-44,-44,-44,-44,-44,-44,"-44",1,2,2,2,1,1,2,2,"-44",2,-44,-44,-44,-44,-44,-44,-44,"-44",1,1,2,2,2,2,2,2,"-44",2,-44,-44,-44,-44,-44,-44,-44,"-44",2,-44,-44,-44,-44,-44,-44,-44,"-44",2,-44,-44,-44,-44,-44,-44,-44,"-44",1,2,2,2,2,2,2,2,"-44",2,2,2,888996,"None",1,2,1,2,2,2,1,10,"Elementary occupations","None","Elementary occupations",-44,-44,-44,-44,-44,-44,-44,-44,-44,2,2,2,1,2,2,2,1,2,-44,1,-44,0,100,0,-44,30,-44,3,-44,1,-44,9000,-44,2,-44,1,-44,-44,-44,-44,-44,-44,-44,-44,2,1,4,2,1,2,1,2,-44,-44,-44,-44,-44,-44,-44,2,2,2,2,1,2,2,-44,1,-44,1,-44,9000,-44,2,-44,2,-44,3,-44,2,-44,1,-44,40,-44,1,-44,-44,-44,-44,-44,-44,-44,-44,-44,-44,-44,-44,-44,-44,-44,-44,-44,-44,-44,-44,-44,-44,-44,-44,-44,-44,-44,-44,-44,-44,-44,-44,-44,-44,-44,-44,2,2,2,2,2,3,2,2,1,3,2,-44,-44,-44,-44,-44,-44,-44,-44,1,-44,-44,4,4,4,4,1,3,4,2,4,4,4,-44,2,-44,-44,-44,-44,-44,-44,"-44",-44,-44,-44,-44,-44,-44,"-44",-44,2,-44,-44,-44,2,-44,-44,-44,-44,"-44",-44,-44,-44,-44,"-44",-44,-44,-44,-44,"-44",-44,-44,-44,-44,"-44",-44,-44,-44,-44,"-44",-44,-44,-44,-44,"-44",-44,"-44",-44,"-44",-44,-44,-44,-44,-44,2,-44,-44,-44,-44,-44,"-44",-44,-44,-44,-44,-44,"-44",-44,-44,-44,-44,-44,-44,-44,-44,-44,-44,-44,-44,-44,-44,-44,-44,-44,-44,-44,-44,-44,-44,-44,2,-44,-44,4,4,4,888997,4,2,-44,-44,-44,-44,-44,4,4,4,4,5,1,3,888997,3,1,1,2,1,1,1,888997,1,4,4,1,"-44",2,1,2,1,2,2,0,1,0,0,0,1,888997,1,3,1,0,0,0,0,0,0,1,0,1,2,12,12,960000,600000,1600000,12,12,1000000,680000,17800000,50,1,2,2,2,"THIKA",4,"-44","-44",12,113,999,1,-44,1,-44,1,151.659393310547,"Kenya"
21202,2,2,"M1 through M5",-44,-44,"M6",-44,-44,"-44",2,-44,2000,1,"-44",1,13,12,8,4,0,0,0,1,1,1,2,100,0,0,1,8,8,14,37.5,50,1,2,-44,-44,-44,-44,-44,-44,1,3,3,6,0,1,2,-44,-44,-44,-44,-44,2,-44,-44,-44,-44,-44,2,-44,-44,-44,-44,-44,2,-44,-44,-44,-44,-44,2,-44,-44,-44,-44,-44,2,-44,-44,-44,-44,-44,2,-44,-44,-44,-44,-44,-44,-44,"-44",1,1,2,1,1,2,1,2,"-44",2,-44,-44,-44,-44,-44,-44,-44,"-44",1,1,1,2,2,2,2,2,"-44",2,-44,-44,-44,-44,-44,-44,-44,"-44",2,-44,-44,-44,-44,-44,-44,-44,"-44",2,-44,-44,-44,-44,-44,-44,-44,"-44",2,-44,-44,-44,-44,-44,-44,-44,"-44",2,-44,-44,-44,-44,-44,-44,-44,"-44",2,-44,-44,-44,-44,-44,-44,-44,"-44",1,1,2,2,"Professionals",1,2,2,2,2,2,2,4,"Clerical and support workers","Professionals","Clerical and support workers",1,1,2,1,1,1,1,2,2,2,1,1,2,2,1,2,2,2,1,1,70,50,50,50,30,14,6,5,1,1,70000,30000,2,2,1,2,5,-44,-44,-44,-44,-44,-44,-44,5,-44,-44,-44,-44,-44,-44,-44,1,1,2,1,2,1,1,1,1,1,1,2,2,1,3,3,1,1,70000,30000,2,2,1,1,6,5,2,1,2,1,32,32,1,1,2,2,3,2,1,1,2,2,1,1,2,2,-44,-44,-44,-44,3,1,-44,-44,3,2,-44,-44,4,1,4,4,4,2,4,3,4,4,4,4,2,2,3,2,2,2,2,2,2,2,2,-44,-44,-44,-44,-44,-44,-44,-44,-44,-44,-44,4,1,4,4,2,4,3,4,4,4,4,2,2,-44,-44,-44,-44,-44,-44,"-44",-44,-44,-44,-44,-44,-44,"-44",1,2,100,-44,1,2,2,1,2,-44,"-44",-44,-44,-44,-44,"-44",-44,100,-44,-44,"-44",-44,2,-44,-44,"-44",-44,-44,-44,-44,"-44",-44,-44,-44,-44,"-44",5,"-44",-44,"-44",2,-44,2,-44,1,2,2,1,2,2,2,"-44",-44,-44,-44,-44,-44,"-44",-44,100,-44,-44,-44,-44,2,-44,-44,-44,-44,-44,-44,-44,-44,-44,-44,-44,-44,-44,15000,-44,1,2,3,-44,2,2,2,2,2,2,-44,-44,-44,-44,-44,4,4,2,4,4,3,3,2,3,3,3,3,2,3,3,3,3,4,3,2,"-44",1,1,1,1,1,1,1,0,0,0,0,0,2,3,3,1,3,1,3,0,1,3,3,1,1,2,6,15,1200000,600000,2000000,6,20,1400000,700000,2300000,100,1,2,1,2,"NAIROBI",13,"-44","-44",12,112,999,1,-44,1,-44,1,151.659393310547,"Kenya"
10076,1,2,"M1 through M5",-44,-44,"M6",-44,-44,"-44",2,-44,2012,1,"-44",1,7,9,7,2,2,2,0,1,1,1,2,0,0,0,2,-44,-44,-44,-44,-44,-44,2,-44,-44,-44,-44,-44,-44,2,-44,-44,-44,-44,-44,2,-44,-44,-44,-44,-44,1,2,2,3,50,0,2,-44,-44,-44,-44,-44,1,6,8,8,16.6666666666667,0,2,-44,-44,-44,-44,-44,1,2,1,3,0,0,2,-44,-44,-44,-44,-44,-44,-44,"-44",1,2,1,1,1,2,1,2,"-44",2,-44,-44,-44,-44,-44,-44,-44,"-44",2,-44,-44,-44,-44,-44,-44,-44,"-44",2,-44,-44,-44,-44,-44,-44,-44,"-44",1,1,1,1,2,2,1,2,"-44",2,-44,-44,-44,-44,-44,-44,-44,"-44",1,1,2,1,1,2,1,2,"-44",2,-44,-44,-44,-44,-44,-44,-44,"-44",1,1,2,2,1,1,2,2,"-44",1,2,2,1,"Managers",2,2,1,2,1,2,1,6,"Sales workers","Managers","Sales workers",2,1,2,2,2,2,2,2,2,2,1,2,2,2,2,2,1,2,2,1,-44,10,90,10,-44,7,4,5,1,2,150000,18000,2,2,1,1,5,-44,-44,-44,-44,-44,-44,-44,2,1,5,2,1,2,2,1,1,1,1,1,1,1,1,1,1,1,2,2,1,1,3,2,1,2,150000,18000,2,2,12,12,4,5,1,1,2,1,34,25,1,2,2,2,3,2,2,2,2,2,2,2,2,2,-44,-44,-44,-44,-44,-44,-44,-44,-44,-44,-44,-44,4,4,4,4,4,1,2,3,4,4,4,4,2,2,3,2,2,2,2,2,2,2,2,-44,-44,-44,-44,-44,-44,-44,-44,-44,-44,-44,4,4,4,2,1,3,4,4,4,4,4,2,2,-44,-44,-44,-44,-44,-44,"-44",-44,-44,-44,-44,-44,-44,"-44",2,2,-44,-44,2,2,-44,-44,-44,-44,"-44",-44,-44,-44,-44,"-44",-44,-44,-44,-44,"-44",-44,-44,-44,-44,"-44",-44,-44,-44,-44,"-44",-44,-44,-44,-44,"-44",-44,"-44",-44,"-44",-44,-44,-44,-44,2,2,-44,-44,-44,-44,-44,"-44",-44,-44,-44,-44,-44,"-44",-44,-44,-44,-44,-44,-44,-44,-44,-44,-44,-44,-44,-44,-44,-44,-44,-44,-44,-44,-44,-44,-44,2,2,-44,-44,1,1,2,2,3,2,-44,-44,-44,-44,-44,4,5,3,2,5,1,3,888997,1,1,1,3,1,1,1,2,1,3,4,1,"-44",2,1,1,1,2,1,1,0,0,0,0,0,0,0,1,0,0,0,1,1,0,0,0,0,0,2,6,6,3000000,2500000,6000000,6,7,3500000,2800000,7000000,10,2,2,2,3,"NAIROBI",7,"-44","-44",11,103,999,1,-44,1,-44,1,151.659393310547,"Kenya"
99119,1,3,"M1 through M5",-44,-44,"M6",-44,-44,"-44",2,-44,2009,1,"-44",1,3,11,5,6,5,3,2,1,1,1,1,0,0,0,1,2,1,2,50,50,0,1,1,1,1,100,0,0,1,5,4,5,40,0,1,2,2,2,100,0,1,3,3,3,66.6666666666667,0,2,-44,-44,-44,-44,-44,2,-44,-44,-44,-44,-44,1,1,1,1,0,0,1,1,1,1,0,0,2,-44,-44,-44,-44,-44,-44,-44,"-44",1,1,1,1,1,1,2,2,"-44",1,1,2,2,1,2,1,2,"-44",1,1,2,1,1,2,2,2,"-44",2,-44,-44,-44,-44,-44,-44,-44,"-44",2,-44,-44,-44,-44,-44,-44,-44,"-44",2,-44,-44,-44,-44,-44,-44,-44,"-44",2,-44,-44,-44,-44,-44,-44,-44,"-44",1,1,2,1,2,2,2,2,"-44",2,-44,-44,-44,-44,-44,-44,-44,"-44",1,1,1,2,"Professionals",1,1,1,2,2,1,1,6,"Sales workers","Professionals","Sales workers",2,2,2,2,1,2,2,2,2,1,2,1,2,2,2,1,2,2,1,2,30,-44,-44,-44,45,-44,6,6,1,1,144300,32000,2,2,2,1,1,2,3,2,2,1,2,1,1,3,2,2,2,1,1,2,1,1,1,1,2,1,1,1,1,1,2,1,1,1,2,2,1,3,175600,32000,2,2,1,12,6,4,2,1,2,1,48,47,2,1,2,2,2,2,2,2,2,2,2,2,2,2,-44,-44,-44,-44,-44,-44,-44,-44,-44,-44,-44,-44,4,4,4,3,4,4,4,1,4,2,4,4,2,3,1,3,2,2,3,2,3,2,3,-44,-44,1,-44,-44,-44,-44,-44,-44,-44,-44,3,4,4,1,4,4,4,4,2,4,4,1,2,1,2,2,2,2,2,"-44",-44,-44,-44,-44,-44,-44,"-44",2,1,-44,40,2,1,-44,-44,-44,-44,"-44",1,2,1,-44,"-44",-44,-44,-44,-44,"-44",-44,-44,-44,-44,"-44",70,-44,30,-44,"-44",2,-44,5,-44,"-44",-44,"-44",2,"-44",-44,5,-44,16000,2,1,-44,-44,-44,-44,-44,"-44",2,2,1,2,2,"-44",-44,-44,-44,-44,-44,-44,-44,-44,-44,-44,-44,-44,30,-44,-44,-44,-44,4,-44,-44,-44,12000,2,1,-44,1,4,2,2,3,2,1,2,2,4,1,1,2,3,3,3,5,1,2,3,3,1,3,2,3,1,1,2,2,3,5,4,"-44",2,2,2,2,1,2,1,2,4,0,4,1,0,2,0,0,0,4,1,0,0,0,0,0,1,1,6,18,10664600,485070000,846310100,6,17,18452600,651934100,1070060500,50,1,2,1,4,"NAIROBI",3,"-44","-44",16,114,202,1,-44,1,-44,1,151.659393310547,"Kenya"
10081,1,2,"M1 through M5",-44,-44,"M6",-44,-44,"-44",1,2003,2003,6,"-44",2,10,8,6,2,2,2,0,1,3,3,3,33.3333333333333,0,0,2,-44,-44,-44,-44,-44,-44,1,4,4,4,0,0,0,1,1,1,1,100,0,2,-44,-44,-44,-44,-44,2,-44,-44,-44,-44,-44,2,-44,-44,-44,-44,-44,2,-44,-44,-44,-44,-44,2,-44,-44,-44,-44,-44,1,2,2,2,0,0,2,-44,-44,-44,-44,-44,-44,-44,"-44",2,-44,-44,-44,-44,-44,-44,-44,"-44",2,-44,-44,-44,-44,-44,-44,-44,"-44",2,-44,-44,-44,-44,-44,-44,-44,"-44",2,-44,-44,-44,-44,-44,-44,-44,"-44",2,-44,-44,-44,-44,-44,-44,-44,"-44",2,-44,-44,-44,-44,-44,-44,-44,"-44",2,-44,-44,-44,-44,-44,-44,-44,"-44",2,-44,-44,-44,-44,-44,-44,-44,"-44",2,-44,-44,-44,-44,-44,-44,-44,"-44",1,2,1,1,"Managers",1,2,2,2,2,2,1,10,"Elementary occupations","Managers","Elementary occupations",2,2,2,1,2,2,2,1,2,2,2,2,2,2,2,2,1,2,2,2,-44,-44,-44,-44,-44,-44,6,4,1,1,70000,20000,2,2,1,2,1,5,-44,2,2,1,-44,-44,2,1,5,2,1,2,1,2,1,1,1,1,2,1,1,1,2,2,2,2,2,1,3,2,3,3,70000,20000,2,2,48,0,6,4,2,888997,1,1,36,30,1,1,2,2,3,1,2,2,2,2,2,2,2,3,-44,-44,-44,1,-44,-44,-44,-44,-44,-44,-44,-44,4,4,4,4,4,1,3,2,4,4,4,4,3,2,3,3,2,2,3,3,3,3,3,-44,-44,-44,-44,-44,-44,-44,-44,-44,-44,-44,4,4,4,4,1,4,4,4,2,4,3,1,2,2,2,2,2,2,1,"the firm wants to try moving to media so they keep the contacts",-44,-44,-44,-44,-44,-44,"-44",1,2,20,-44,1,2,2,2,1,-44,"-44",-44,-44,-44,-44,"-44",-44,-44,40,-44,"-44",-44,-44,14,-44,"-44",-44,-44,-44,-44,"-44",-44,-44,-44,-44,"-44",4,"-44",-44,"-44",14,-44,33000,-44,1,2,2,1,2,2,2,"-44",-44,-44,-44,-44,-44,"-44",-44,40,-44,-44,-44,-44,14,-44,-44,-44,-44,-44,-44,-44,-44,-44,-44,-44,-44,-44,33000,-44,1,2,1,-44,5,4,3,2,2,2,-44,-44,-44,-44,-44,888997,888997,888997,888997,888997,888997,888997,888997,888997,888997,888997,888997,888997,888997,888997,888997,888997,2,4,2,"-44",1,1,1,1,2,2,3,3,3,3,3,4,4,4,4,0,0,0,0,0,0,1,0,0,0,2,5,10,888997,120000,1000,5,10,888997,120000,1000,100,2,1,1,3,"NAIROBI",10,"-44","-44",10,111,999,1,-44,1,-44,1,151.659393310547,"Kenya"
99110,2,2,"M1 through M5",-44,-44,"M6",-44,-44,"-44",2,-44,1984,2,"-44",1,7,7,2,5,0,0,0,1,1,1,1,100,0,0,2,-44,-44,-44,-44,-44,-44,1,1,1,1,100,0,0,1,1,1,1,100,0,2,-44,-44,-44,-44,-44,1,2,2,2,50,0,2,-44,-44,-44,-44,-44,2,-44,-44,-44,-44,-44,1,1,1,1,100,0,1,1,1,1,0,0,2,-44,-44,-44,-44,-44,-44,-44,"-44",2,-44,-44,-44,-44,-44,-44,-44,"-44",2,-44,-44,-44,-44,-44,-44,-44,"-44",1,1,1,2,2,1,2,2,"-44",2,-44,-44,-44,-44,-44,-44,-44,"-44",1,1,2,2,2,1,1,2,"-44",2,-44,-44,-44,-44,-44,-44,-44,"-44",2,-44,-44,-44,-44,-44,-44,-44,"-44",2,-44,-44,-44,-44,-44,-44,-44,"-44",1,2,1,2,1,2,1,2,"-44",1,2,1,1,"Managers",1,2,1,2,2,1,1,9,"Plant and machine operators, and assembl","Managers","Plant and machine operators, and assembl",1,1,2,1,2,2,2,2,2,2,1,2,1,2,2,1,2,2,2,2,-44,-44,-44,-44,-44,-44,5,4,2,2,87100,26200,2,2,1,1,3,2,5,-44,-44,-44,2,1,3,5,-44,-44,-44,-44,-44,-44,1,1,1,1,2,2,1,1,1,2,2,2,2,2,4,1,3,3,87100,26200,2,2,8,1,6,4,2,2,1,1,50,38,2,2,2,2,2,2,1,2,2,2,2,2,2,3,-44,-44,-44,-44,2,-44,-44,-44,-44,-44,-44,-44,4,4,4,3,4,1,4,4,4,2,4,4,2,2,1,2,3,2,2,2,2,2,2,-44,-44,2,-44,-44,-44,-44,-44,-44,-44,-44,4,4,4,1,3,4,4,4,2,4,4,1,2,2,1,1,1,2,2,"-44",-44,-44,-44,-44,-44,-44,"-44",1,2,100,-44,1,2,1,2,2,-44,"-44",-44,-44,-44,-44,"-44",100,-44,-44,-44,"-44",2,-44,-44,-44,"-44",-44,-44,-44,-44,"-44",-44,-44,-44,-44,"-44",1,"-44",-44,"-44",2,-44,-44,-44,1,2,2,2,2,1,2,"-44",-44,-44,-44,-44,-44,"-44",-44,-44,-44,100,-44,-44,-44,-44,4,-44,-44,-44,-44,-44,-44,-44,-44,-44,-44,-44,8000,-44,1,2,4,-44,1,2,2,2,3,2,-44,-44,-44,-44,-44,1,1,1,3,5,3,2,3,2,3,2,1,1,3,2,3,1,5,2,1,"-44",2,2,2,2,1,2,4,1,0,0,2,0,2,3,4,2,1,1,1,4,4,3,0,1,4,2,1,7,51029400,276756500,216163200,1,7,52990700,258525700,328054600,20,1,2,1,4,"NAIROBI",7,"-44","-44",7,114,202,1,-44,1,-44,1,151.659393310547,"Kenya"
99121,2,2,"M1 through M5",-44,-44,"M6",-44,-44,"-44",2,-44,2009,1,"-44",1,8,8,1,7,0,0,0,1,1,1,1,100,0,0,2,-44,-44,-44,-44,-44,-44,2,-44,-44,-44,-44,-44,-44,2,-44,-44,-44,-44,-44,2,-44,-44,-44,-44,-44,2,-44,-44,-44,-44,-44,2,-44,-44,-44,-44,-44,1,7,5,10,85.7142857142857,0,2,-44,-44,-44,-44,-44,2,-44,-44,-44,-44,-44,1,1,1,2,1,2,2,2,"-44",2,-44,-44,-44,-44,-44,-44,-44,"-44",2,-44,-44,-44,-44,-44,-44,-44,"-44",2,-44,-44,-44,-44,-44,-44,-44,"-44",2,-44,-44,-44,-44,-44,-44,-44,"-44",2,-44,-44,-44,-44,-44,-44,-44,"-44",2,-44,-44,-44,-44,-44,-44,-44,"-44",1,1,1,2,2,1,1,2,"-44",2,-44,-44,-44,-44,-44,-44,-44,"-44",2,-44,-44,-44,-44,-44,-44,-44,"-44",1,2,2,1,"Managers",2,2,2,2,1,2,2,8,"Construction, craft, and related trade w","Managers","Construction, craft, and related trade w",2,2,1,2,2,2,2,2,1,2,1,1,1,2,2,2,2,2,1,1,60,30,70,30,20,6,6,4,2,1,26300,10500,2,2,2,1,5,-44,-44,-44,-44,-44,-44,-44,5,-44,-44,-44,-44,-44,-44,-44,2,1,1,2,2,2,1,1,2,2,2,2,2,1,3,3,2,2,26300,11000,2,2,5,8,6,4,2,2,1,1,34,30,2,1,1,2,1,1,1,2,2,2,2,3,2,2,1,-44,1,1,1,-44,-44,-44,-44,-44,-44,-44,1,4,4,4,4,2,3,4,4,4,4,4,2,2,2,2,2,2,2,3,3,3,1,-44,-44,-44,-44,-44,-44,-44,-44,-44,-44,1,1,4,4,4,4,2,4,4,3,4,4,1,1,2,1,2,1,2,2,"-44",1,2,2,1,2,2,"-44",1,1,100,70,2,2,-44,-44,-44,-44,"-44",-44,-44,-44,-44,"-44",-44,-44,-44,-44,"-44",-44,-44,-44,-44,"-44",-44,-44,-44,-44,"-44",-44,-44,-44,-44,"-44",-44,"-44",-44,"-44",-44,-44,-44,-44,2,2,-44,-44,-44,-44,-44,"-44",-44,-44,-44,-44,-44,"-44",-44,-44,-44,-44,-44,-44,-44,-44,-44,-44,-44,-44,-44,-44,-44,-44,-44,-44,-44,-44,-44,-44,1,1,4,888997,4,5,3,5,3,1,4,2,4,3,5,3,1,1,5,2,1,2,3,2,3,2,2,2,3,1,3,3,2,1,4,"-44",2,2,2,2,1,2,0,4,4,1,0,0,1,2,0,4,0,3,2,0,1,2,3,4,4,2,3,9,1319500,2698000,4735400,3,9,906000,2884500,5028500,40,1,1,1,4,"NAIROBI",8,"-44","-44",8,114,202,1,-44,1,-44,1,151.659393310547,"Kenya"
10088,1,2,"M1 through M5",-44,-44,"M6",-44,-44,"-44",2,-44,2014,1,"-44",1,19,5,0,5,0,0,0,2,-44,-44,-44,-44,-44,-44,2,-44,-44,-44,-44,-44,-44,2,-44,-44,-44,-44,-44,-44,1,5,5,5,100,0,2,-44,-44,-44,-44,-44,2,-44,-44,-44,-44,-44,2,-44,-44,-44,-44,-44,2,-44,-44,-44,-44,-44,2,-44,-44,-44,-44,-44,2,-44,-44,-44,-44,-44,2,-44,-44,-44,-44,-44,-44,-44,"-44",2,-44,-44,-44,-44,-44,-44,-44,"-44",2,-44,-44,-44,-44,-44,-44,-44,"-44",1,1,2,2,1,2,2,2,"-44",2,-44,-44,-44,-44,-44,-44,-44,"-44",2,-44,-44,-44,-44,-44,-44,-44,"-44",2,-44,-44,-44,-44,-44,-44,-44,"-44",2,-44,-44,-44,-44,-44,-44,-44,"-44",2,-44,-44,-44,-44,-44,-44,-44,"-44",2,-44,-44,-44,-44,-44,-44,-44,"-44",2,2,2,888996,"None",1,2,2,2,2,2,2,4,"Clerical and support workers","None","Clerical and support workers",-44,-44,-44,-44,-44,-44,-44,-44,-44,2,2,2,2,2,2,2,1,2,-44,1,-44,100,0,100,-44,0,-44,4,-44,2,-44,10000,-44,2,-44,1,-44,-44,-44,-44,-44,-44,-44,-44,1,3,2,2,1,2,2,1,-44,-44,-44,-44,-44,-44,-44,1,2,1,2,2,2,2,-44,2,-44,3,-44,12000,-44,2,-44,5,-44,4,-44,2,-44,1,-44,26,-44,2,-44,-44,-44,-44,-44,-44,-44,-44,-44,-44,-44,-44,-44,-44,-44,-44,-44,-44,-44,-44,-44,-44,-44,-44,-44,-44,-44,-44,-44,-44,-44,-44,-44,-44,-44,-44,2,2,3,1,2,2,1,2,2,2,2,-44,-44,-44,1,-44,-44,1,-44,-44,-44,-44,2,4,4,4,1,4,3,4,4,4,4,-44,2,-44,-44,-44,-44,-44,-44,"-44",-44,-44,-44,-44,-44,-44,"-44",-44,2,-44,-44,-44,2,-44,-44,-44,-44,"-44",-44,-44,-44,-44,"-44",-44,-44,-44,-44,"-44",-44,-44,-44,-44,"-44",-44,-44,-44,-44,"-44",-44,-44,-44,-44,"-44",-44,"-44",-44,"-44",-44,-44,-44,-44,-44,2,-44,-44,-44,-44,-44,"-44",-44,-44,-44,-44,-44,"-44",-44,-44,-44,-44,-44,-44,-44,-44,-44,-44,-44,-44,-44,-44,-44,-44,-44,-44,-44,-44,-44,-44,-44,2,-44,-44,4,4,5,4,5,2,-44,-44,-44,-44,-44,2,1,1,4,4,3,2,888997,3,3,2,2,3,3,2,1,3,4,4,1,"-44",2,2,2,1,1,2,1,1,0,1,1,1,1,2,2,1,1,0,0,0,0,0,1,1,0,2,11,1,150000,100000,300000,11,1,156000,120000,450000,100,2,2,2,3,"KIAMBU",19,"-44","-44",5,107,999,1,-44,1,-44,1,151.659393310547,"Kenya"
98241,1,2,"M1 through M5",-44,-44,"M6",-44,-44,"-44",1,2013,2013,1,"-44",1,11,14,9,5,0,0,0,1,1,1,1,0,100,0,1,8,8,8,37.5,100,0,1,2,2,2,0,100,0,1,1,1,1,100,0,2,-44,-44,-44,-44,-44,1,2,2,2,50,0,2,-44,-44,-44,-44,-44,2,-44,-44,-44,-44,-44,2,-44,-44,-44,-44,-44,2,-44,-44,-44,-44,-44,2,-44,-44,-44,-44,-44,-44,-44,"-44",1,1,2,2,2,2,2,2,"-44",2,-44,-44,-44,-44,-44,-44,-44,"-44",2,-44,-44,-44,-44,-44,-44,-44,"-44",2,-44,-44,-44,-44,-44,-44,-44,"-44",1,1,2,2,2,2,2,2,"-44",2,-44,-44,-44,-44,-44,-44,-44,"-44",2,-44,-44,-44,-44,-44,-44,-44,"-44",2,-44,-44,-44,-44,-44,-44,-44,"-44",2,-44,-44,-44,-44,-44,-44,-44,"-44",1,1,1,1,"Managers",1,2,1,2,2,2,2,6,"Sales workers","Managers","Sales workers",1,2,2,2,2,1,1,2,2,1,2,2,2,1,1,2,2,2,2,2,-44,-44,-44,-44,-44,-44,6,6,1,2,35000,320000,2,2,2,2,5,-44,-44,-44,-44,-44,-44,-44,5,-44,-44,-44,-44,-44,-44,-44,1,1,2,1,1,1,1,1,1,2,2,1,1,1,4,4,3,3,55000,22000,1,1,0,0,6,6,1,1,2,1,30,24,1,1,2,2,3,2,2,2,2,2,2,2,2,2,-44,-44,-44,-44,-44,-44,-44,-44,-44,-44,-44,-44,1,2,4,3,4,4,4,4,4,4,4,4,2,2,3,2,2,2,2,2,2,2,2,-44,-44,-44,-44,-44,-44,-44,-44,-44,-44,-44,1,2,4,4,3,4,4,4,4,4,4,2,2,-44,-44,-44,-44,-44,-44,"-44",-44,-44,-44,-44,-44,-44,"-44",1,1,100,100,2,2,-44,-44,-44,-44,"-44",-44,-44,-44,-44,"-44",-44,-44,-44,-44,"-44",-44,-44,-44,-44,"-44",-44,-44,-44,-44,"-44",-44,-44,-44,-44,"-44",-44,"-44",-44,"-44",-44,-44,-44,-44,2,2,-44,-44,-44,-44,-44,"-44",-44,-44,-44,-44,-44,"-44",-44,-44,-44,-44,-44,-44,-44,-44,-44,-44,-44,-44,-44,-44,-44,-44,-44,-44,-44,-44,-44,-44,1,1,1,3,5,5,5,5,5,2,-44,-44,-44,-44,-44,2,2,2,2,2,3,3,3,3,3,3,3,2,3,3,3,3,4,5,2,"-44",2,1,1,1,1,2,1,1,1,1,1,1,1,0,2,0,0,0,0,0,0,0,0,0,0,2,1,14,900000,300000,1500000,1,14,900000,320000,1600000,0,2,2,2,3,"NAIROBI",11,"-44","-44",14,110,999,2,-44,1,-44,1,151.659393310547,"Kenya"
10092,1,2,"M1 through M5",-44,-44,"M6",-44,-44,"-44",2,-44,2013,4,"-44",1,19,3,3,0,2,2,0,1,1,1,2,0,0,0,1,4,4,4,0,0,0,2,-44,-44,-44,-44,-44,-44,2,-44,-44,-44,-44,-44,2,-44,-44,-44,-44,-44,2,-44,-44,-44,-44,-44,2,-44,-44,-44,-44,-44,2,-44,-44,-44,-44,-44,2,-44,-44,-44,-44,-44,2,-44,-44,-44,-44,-44,2,-44,-44,-44,-44,-44,-44,-44,"-44",2,-44,-44,-44,-44,-44,-44,-44,"-44",2,-44,-44,-44,-44,-44,-44,-44,"-44",2,-44,-44,-44,-44,-44,-44,-44,"-44",2,-44,-44,-44,-44,-44,-44,-44,"-44",1,1,2,1,1,1,1,888997,"-44",2,-44,-44,-44,-44,-44,-44,-44,"-44",2,-44,-44,-44,-44,-44,-44,-44,"-44",2,-44,-44,-44,-44,-44,-44,-44,"-44",2,-44,-44,-44,-44,-44,-44,-44,"-44",1,1,2,1,"Managers",2,2,2,2,2,2,2,888996,"None","Managers","None",2,2,2,2,2,2,1,2,2,-44,-44,-44,-44,-44,-44,-44,-44,-44,2,-44,-44,-44,-44,-44,-44,-44,6,-44,1,-44,20000,-44,2,-44,1,-44,5,-44,-44,-44,-44,-44,-44,-44,-44,-44,-44,-44,-44,-44,-44,-44,1,1,1,1,2,1,1,-44,-44,-44,-44,-44,-44,-44,3,-44,3,-44,20000,-44,2,-44,24,-44,5,-44,1,-44,1,-44,30,-44,1,-44,2,2,3,1,2,1,2,2,2,2,1,1,-44,-44,-44,2,-44,1,-44,-44,-44,-44,2,1,1,4,4,2,4,3,4,4,4,4,4,4,-44,-44,-44,-44,-44,-44,-44,-44,-44,-44,-44,-44,-44,-44,-44,-44,-44,-44,-44,-44,-44,-44,-44,-44,-44,-44,-44,-44,-44,-44,-44,-44,-44,2,-44,-44,-44,-44,-44,-44,-44,"-44",-44,-44,-44,-44,-44,-44,"-44",2,-44,-44,-44,2,-44,-44,-44,-44,-44,"-44",-44,-44,-44,-44,"-44",-44,-44,-44,-44,"-44",-44,-44,-44,-44,"-44",-44,-44,-44,-44,"-44",-44,-44,-44,-44,"-44",-44,"-44",-44,"-44",-44,-44,-44,-44,2,-44,-44,-44,-44,-44,-44,"-44",-44,-44,-44,-44,-44,"-44",-44,-44,-44,-44,-44,-44,-44,-44,-44,-44,-44,-44,-44,-44,-44,-44,-44,-44,-44,-44,-44,-44,2,-44,-44,-44,1,2,4,1,1,2,-44,-44,-44,-44,-44,4,2,2,4,4,1,2,888997,1,1,1,1,1,1,1,1,1,3,3,1,"-44",2,1,2,1,1,2,1,1,0,2,0,0,2,3,3,3,1,0,0,0,0,2,1,1,1,2,12,2,2000000,500000,4000000,12,5,2400000,414000,3620000,100,1,2,3,3,"NAIROBI",19,"-44","-44",5,108,999,1,-44,1,-44,1,151.659393310547,"Kenya"
99111,2,2,"M1 through M5",-44,-44,"M6",-44,-44,"-44",2,-44,1996,1,"-44",1,8,10,6,4,4,0,4,1,3,3,3,66.6666666666667,0,0,1,4,4,5,50,0,0,2,-44,-44,-44,-44,-44,-44,1,4,4,4,75,0,1,2,2,3,50,0,1,1,1,2,0,0,2,-44,-44,-44,-44,-44,2,-44,-44,-44,-44,-44,2,-44,-44,-44,-44,-44,2,-44,-44,-44,-44,-44,2,-44,-44,-44,-44,-44,-44,-44,"-44",1,1,1,2,1,1,2,2,"-44",2,-44,-44,-44,-44,-44,-44,-44,"-44",2,-44,-44,-44,-44,-44,-44,-44,"-44",1,1,2,2,2,2,2,2,"-44",1,2,2,2,1,1,2,2,"-44",2,-44,-44,-44,-44,-44,-44,-44,"-44",2,-44,-44,-44,-44,-44,-44,-44,"-44",2,-44,-44,-44,-44,-44,-44,-44,"-44",2,-44,-44,-44,-44,-44,-44,-44,"-44",1,1,2,1,"Managers",1,1,1,2,2,2,2,6,"Sales workers","Managers","Sales workers",2,2,1,1,1,2,2,2,2,2,2,2,2,2,2,1,1,2,2,1,-44,0,100,0,-44,5,6,6,2,1,33700,9700,2,2,1,2,2,1,3,2,2,1,2,1,5,-44,-44,-44,-44,-44,-44,-44,1,1,1,2,2,1,2,1,1,1,2,2,1,1,3,3,2,1,41100,9700,2,2,5,12,6,6,1,2,2,1,59,36,2,1,2,2,1,2,3,1,2,3,2,3,2,3,-44,-44,1,-44,-44,1,-44,-44,-44,-44,-44,-44,4,4,4,3,4,4,4,2,4,1,4,4,2,3,2,2,3,2,3,2,2,2,1,-44,-44,-44,-44,-44,-44,-44,-44,-44,-44,1,2,4,4,4,4,3,4,4,1,4,4,1,2,1,2,2,1,2,2,"-44",-44,-44,-44,-44,-44,-44,"-44",2,2,-44,-44,2,2,-44,-44,-44,-44,"-44",-44,-44,-44,-44,"-44",-44,-44,-44,-44,"-44",-44,-44,-44,-44,"-44",-44,-44,-44,-44,"-44",-44,-44,-44,-44,"-44",-44,"-44",-44,"-44",-44,-44,-44,-44,2,2,-44,-44,-44,-44,-44,"-44",-44,-44,-44,-44,-44,"-44",-44,-44,-44,-44,-44,-44,-44,-44,-44,-44,-44,-44,-44,-44,-44,-44,-44,-44,-44,-44,-44,-44,2,2,-44,-44,2,5,3,2,4,1,5,4,4,5,2,1,3,1,1,4,2,3,3,3,3,1,2,3,3,2,2,3,3,5,1,"-44",2,2,2,1,2,2,4,0,4,2,4,2,1,4,1,4,3,1,1,2,4,4,0,0,4,2,6,14,989600,2655300,62060500,6,14,975800,3137100,59467000,10,1,1,1,4,"NAIROBI",8,"-44","-44",14,114,202,1,-44,1,-44,1,151.659393310547,"Kenya"
99122,1,2,"M1 through M5",-44,-44,"M6",-44,-44,"-44",2,-44,2001,2,"-44",1,9,10,5,5,0,0,0,1,2,1,2,50,50,0,2,-44,-44,-44,-44,-44,-44,1,1,1,1,100,0,0,2,-44,-44,-44,-44,-44,2,-44,-44,-44,-44,-44,1,7,5,9,42.8571428571429,0,2,-44,-44,-44,-44,-44,2,-44,-44,-44,-44,-44,2,-44,-44,-44,-44,-44,2,-44,-44,-44,-44,-44,1,1,1,1,1,2,1,2,"-44",2,-44,-44,-44,-44,-44,-44,-44,"-44",1,1,2,2,2,2,1,2,"-44",2,-44,-44,-44,-44,-44,-44,-44,"-44",2,-44,-44,-44,-44,-44,-44,-44,"-44",1,1,1,2,1,2,1,2,"-44",2,-44,-44,-44,-44,-44,-44,-44,"-44",2,-44,-44,-44,-44,-44,-44,-44,"-44",2,-44,-44,-44,-44,-44,-44,-44,"-44",2,-44,-44,-44,-44,-44,-44,-44,"-44",1,2,1,3,"Technicians and associate professionals",2,2,1,2,2,2,2,6,"Sales workers","Technicians and associate professionals","Sales workers",2,2,2,2,1,2,1,1,1,2,1,2,2,2,2,1,1,2,1,1,70,60,40,60,10,30,5,5,2,2,22700,13000,2,2,1,1,2,1,5,2,2,1,2,1,3,1,5,2,1,2,-44,-44,2,2,2,1,2,1,2,1,2,1,2,1,1,1,3,3,2,3,22700,19400,2,2,8,1,4,4,2,1,2,1,52,25,2,1,3,2,2,2,1,3,2,2,3,2,3,2,-44,-44,-44,-44,1,-44,-44,-44,-44,-44,-44,-44,4,4,4,4,4,4,1,3,4,2,4,4,2,2,2,2,1,2,2,1,3,2,3,-44,-44,-44,-44,3,-44,-44,1,-44,-44,-44,4,4,4,4,4,1,2,4,3,4,4,1,2,1,2,2,1,1,2,"-44",-44,-44,-44,-44,-44,-44,"-44",1,2,100,-44,2,2,-44,-44,-44,-44,"-44",-44,-44,-44,-44,"-44",-44,-44,-44,-44,"-44",-44,-44,-44,-44,"-44",-44,-44,-44,-44,"-44",-44,-44,-44,-44,"-44",-44,"-44",-44,"-44",-44,-44,-44,-44,2,2,-44,-44,-44,-44,-44,"-44",-44,-44,-44,-44,-44,"-44",-44,-44,-44,-44,-44,-44,-44,-44,-44,-44,-44,-44,-44,-44,-44,-44,-44,-44,-44,-44,-44,-44,1,2,4,-44,1,2,2,3,3,1,4,5,5,3,3,5,1,2,1,4,3,2,3,1,1,2,3,3,1,1,3,3,5,5,1,"-44",2,1,2,2,1,2,0,0,1,2,0,4,1,3,0,0,2,1,1,4,4,0,0,2,0,2,12,11,1739100,1008700,55587800,12,11,2305900,1441700,106400400,20,1,1,1,4,"NAIROBI",9,"-44","-44",10,114,202,1,-44,1,-44,1,151.659393310547,"Kenya"
98360,2,3,"M1 through M5",1,3,"M6",-44,-44,"-44",2,-44,2006,1,"-44",1,19,5,3,2,0,0,0,1,1,1,1,100,0,0,2,-44,-44,-44,-44,-44,-44,2,-44,-44,-44,-44,-44,-44,1,1,1,1,100,0,2,-44,-44,-44,-44,-44,2,-44,-44,-44,-44,-44,2,-44,-44,-44,-44,-44,1,2,2,2,0,0,1,1,0,1,0,0,2,-44,-44,-44,-44,-44,2,-44,-44,-44,-44,-44,-44,-44,"-44",2,-44,-44,-44,-44,-44,-44,-44,"-44",2,-44,-44,-44,-44,-44,-44,-44,"-44",2,-44,-44,-44,-44,-44,-44,-44,"-44",2,-44,-44,-44,-44,-44,-44,-44,"-44",2,-44,-44,-44,-44,-44,-44,-44,"-44",2,-44,-44,-44,-44,-44,-44,-44,"-44",2,-44,-44,-44,-44,-44,-44,-44,"-44",1,2,1,2,2,2,2,2,"-44",2,-44,-44,-44,-44,-44,-44,-44,"-44",1,2,2,1,"Managers",1,2,2,2,1,1,2,8,"Construction, craft, and related trade w","Managers","Construction, craft, and related trade w",2,2,2,2,2,2,2,1,2,2,2,2,2,2,2,2,1,2,2,2,-44,-44,-44,-44,-44,-44,5,4,2,1,45000,12000,2,2,2,2,3,5,-44,-44,-44,-44,-44,-44,2,5,-44,-44,-44,-44,1,2,1,1,2,2,2,1,1,1,2,2,2,2,2,1,2,1,3,3,45000,13500,2,2,3,0,5,4,1,1,1,1,40,25,2,1,2,2,3,2,2,2,2,2,2,2,3,3,-44,-44,-44,-44,-44,-44,-44,-44,-44,-44,-44,-44,4,2,4,4,4,3,1,4,4,4,4,4,2,2,3,2,2,2,2,2,2,3,2,-44,-44,-44,-44,-44,-44,-44,-44,-44,-44,-44,4,3,4,4,2,1,4,4,4,4,4,2,2,-44,-44,-44,-44,-44,-44,"-44",-44,-44,-44,-44,-44,-44,"-44",2,2,-44,-44,2,2,-44,-44,-44,-44,"-44",-44,-44,-44,-44,"-44",-44,-44,-44,-44,"-44",-44,-44,-44,-44,"-44",-44,-44,-44,-44,"-44",-44,-44,-44,-44,"-44",-44,"-44",-44,"-44",-44,-44,-44,-44,2,2,-44,-44,-44,-44,-44,"-44",-44,-44,-44,-44,-44,"-44",-44,-44,-44,-44,-44,-44,-44,-44,-44,-44,-44,-44,-44,-44,-44,-44,-44,-44,-44,-44,-44,-44,2,2,-44,-44,3,4,3,4,4,2,-44,-44,-44,-44,-44,3,4,3,4,5,1,3,1,1,1,1,3,1,1,1,1,1,3,3,1,"-44",2,2,2,1,2,2,2,1,0,0,0,1,1,0,1,0,0,0,0,0,1,0,0,0,3,2,12,4,1200000,840000,5400000,12,5,1310000,1000000,6000000,16,2,3,3,1,"NAIROBI",19,"-44","-44",5,113,999,1,-44,1,-44,1,151.659393310547,"Kenya"
10019,1,2,"M1 through M5",-44,-44,"M6",-44,-44,"-44",2,-44,2005,1,"-44",1,7,2,2,0,6,5,1,1,2,2,2,0,0,0,2,-44,-44,-44,-44,-44,-44,1,4,4,4,0,0,0,1,1,1,1,100,0,2,-44,-44,-44,-44,-44,1,1,1,1,0,0,2,-44,-44,-44,-44,-44,2,-44,-44,-44,-44,-44,2,-44,-44,-44,-44,-44,2,-44,-44,-44,-44,-44,2,-44,-44,-44,-44,-44,-44,-44,"-44",2,-44,-44,-44,-44,-44,-44,-44,"-44",2,-44,-44,-44,-44,-44,-44,-44,"-44",2,-44,-44,-44,-44,-44,-44,-44,"-44",2,-44,-44,-44,-44,-44,-44,-44,"-44",2,-44,-44,-44,-44,-44,-44,-44,"-44",2,-44,-44,-44,-44,-44,-44,-44,"-44",2,-44,-44,-44,-44,-44,-44,-44,"-44",2,-44,-44,-44,-44,-44,-44,-44,"-44",2,-44,-44,-44,-44,-44,-44,-44,"-44",1,2,1,3,"Technicians and associate professionals",1,2,1,2,2,2,2,6,"Sales workers","Technicians and associate professionals","Sales workers",2,2,2,2,2,2,2,1,2,2,2,2,2,2,2,2,1,2,2,2,-44,-44,-44,-44,-44,-44,5,5,1,1,15000,7500,1,1,2,1,2,1,3,2,2,1,1,2,1,3,2,2,1,2,1,2,1,2,2,1,2,2,1,1,2,2,2,2,2,1,3,3,3,3,7500,7500,1,1,7,7,4,5,1,1,2,2,18,30,1,1,3,3,3,1,1,1,1,1,1,1,3,1,-44,-44,-44,1,1,1,1,1,1,1,-44,1,4,4,4,4,1,2,4,4,3,4,4,4,1,3,3,1,1,1,1,1,1,1,3,1,-44,-44,1,1,1,1,1,1,1,-44,4,4,4,1,2,3,4,4,4,4,4,1,2,2,2,2,2,2,1,"They have to pay a certain amount to National Industrial Training",-44,-44,-44,-44,-44,-44,"-44",888997,2,-44,-44,888997,2,-44,-44,-44,-44,"-44",-44,-44,-44,-44,"-44",-44,-44,-44,-44,"-44",-44,-44,-44,-44,"-44",-44,-44,-44,-44,"-44",-44,-44,-44,-44,"-44",-44,"-44",-44,"-44",-44,-44,-44,-44,888997,2,-44,-44,-44,-44,-44,"-44",-44,-44,-44,-44,-44,"-44",-44,-44,-44,-44,-44,-44,-44,-44,-44,-44,-44,-44,-44,-44,-44,-44,-44,-44,-44,-44,-44,-44,888997,2,-44,-44,4,4,4,4,4,2,-44,-44,-44,-44,-44,888997,888997,888997,888997,888997,3,3,3,3,3,3,3,3,3,3,3,1,3,5,2,"-44",2,2,2,2,2,2,4,2,1,4,888997,4,4,4,0,0,0,0,0,1,1,0,0,0,0,2,12,8,888997,888997,888997,12,8,888997,888997,888997,888997,3,1,2,3,"NAIROBI",7,"-44","-44",8,111,999,1,-44,1,-44,1,151.659393310547,"Kenya"
21033,1,2,"M1 through M5",-44,-44,"M6",-44,-44,"-44",2,-44,2003,2,"-44",1,18,6,4,2,0,0,0,1,1,1,1,0,0,0,2,-44,-44,-44,-44,-44,-44,2,-44,-44,-44,-44,-44,-44,1,1,1,2,0,0,1,1,1,2,100,0,1,2,2,4,50,0,2,-44,-44,-44,-44,-44,2,-44,-44,-44,-44,-44,2,-44,-44,-44,-44,-44,1,1,1,2,0,0,2,-44,-44,-44,-44,-44,-44,-44,"-44",2,-44,-44,-44,-44,-44,-44,-44,"-44",2,-44,-44,-44,-44,-44,-44,-44,"-44",1,1,2,2,1,2,2,2,"-44",1,1,2,2,1,2,2,2,"-44",1,1,2,2,1,2,2,2,"-44",2,-44,-44,-44,-44,-44,-44,-44,"-44",2,-44,-44,-44,-44,-44,-44,-44,"-44",2,-44,-44,-44,-44,-44,-44,-44,"-44",1,1,2,2,1,2,2,2,"-44",1,2,2,1,"Managers",1,1,1,2,2,2,1,6,"Sales workers","Managers","Sales workers",1,2,1,2,2,1,2,1,2,1,2,1,2,2,1,2,1,2,2,1,-44,50,50,50,-44,10,6,5,1,2,50000,30000,2,2,1,2,1,5,-44,2,1,2,-44,-44,1,5,-44,2,1,2,-44,-44,1,2,1,2,2,1,1,1,1,2,2,2,1,1,2,2,1,1,500000,30000,2,2,0,0,6,5,1,1,1,1,32,28,1,2,2,2,1,2,2,2,2,2,2,2,2,2,-44,-44,2,-44,-44,-44,-44,-44,-44,-44,-44,-44,4,4,4,4,4,1,4,2,4,3,4,4,2,2,1,2,2,2,2,2,2,2,2,-44,-44,2,-44,-44,-44,-44,-44,-44,-44,-44,4,4,4,4,1,4,2,4,3,4,4,2,2,-44,-44,-44,-44,-44,-44,"-44",-44,-44,-44,-44,-44,-44,"-44",2,2,-44,-44,2,2,-44,-44,-44,-44,"-44",-44,-44,-44,-44,"-44",-44,-44,-44,-44,"-44",-44,-44,-44,-44,"-44",-44,-44,-44,-44,"-44",-44,-44,-44,-44,"-44",-44,"-44",-44,"-44",-44,-44,-44,-44,2,2,-44,-44,-44,-44,-44,"-44",-44,-44,-44,-44,-44,"-44",-44,-44,-44,-44,-44,-44,-44,-44,-44,-44,-44,-44,-44,-44,-44,-44,-44,-44,-44,-44,-44,-44,2,2,-44,-44,4,5,5,4,3,2,-44,-44,-44,-44,-44,4,1,1,1,1,3,3,3,3,3,3,3,3,3,3,3,3,4,5,2,"-44",2,1,2,1,1,2,1,2,0,1,0,0,2,2,0,0,0,0,0,0,0,0,0,1,1,1,2,4,2500000,70000,10000000,2,6,3000000,100000,12000000,50,1,1,2,3,"NAIROBI",18,"-44","-44",6,104,999,1,-44,1,-44,1,151.659393310547,"Kenya"
10030,2,2,"M1 through M5",-44,-44,"M6",-44,-44,"-44",2,-44,2006,4,"-44",2,19,5,4,1,0,0,0,1,2,1,1,0,0,0,1,2,3,5,0,0,0,2,-44,-44,-44,-44,-44,-44,1,1,1,3,100,0,2,-44,-44,-44,-44,-44,2,-44,-44,-44,-44,-44,2,-44,-44,-44,-44,-44,2,-44,-44,-44,-44,-44,2,-44,-44,-44,-44,-44,2,-44,-44,-44,-44,-44,1,2,2,2,2,2,2,2,"-44",2,-44,-44,-44,-44,-44,-44,-44,"-44",1,2,2,2,2,2,2,2,"-44",2,-44,-44,-44,-44,-44,-44,-44,"-44",2,-44,-44,-44,-44,-44,-44,-44,"-44",2,-44,-44,-44,-44,-44,-44,-44,"-44",2,-44,-44,-44,-44,-44,-44,-44,"-44",2,-44,-44,-44,-44,-44,-44,-44,"-44",2,-44,-44,-44,-44,-44,-44,-44,"-44",2,-44,-44,-44,-44,-44,-44,-44,"-44",1,1,2,2,"Professionals",1,2,2,2,2,2,2,4,"Clerical and support workers","Professionals","Clerical and support workers",2,1,2,2,2,2,2,2,2,2,2,2,2,1,2,2,2,2,2,2,-44,-44,-44,-44,-44,-44,6,6,1,2,150000,30000,2,2,1,1,1,4,2,2,1,2,1,2,1,2,4,2,1,2,2,1,2,1,2,1,1,1,1,1,1,2,1,2,2,2,4,3,3,3,20000,30000,1,1,5,5,6,5,1,1,1,1,40,25,1,2,1,1,1,1,1,1,1,1,1,1,1,1,1,1,2,2,2,2,2,2,2,2,2,2,4,4,4,4,1,4,3,4,4,4,4,2,1,2,2,2,2,2,2,2,2,2,2,1,-44,-44,-44,-44,-44,-44,-44,-44,-44,-44,4,1,4,3,4,4,2,4,4,4,4,2,2,-44,-44,-44,-44,-44,-44,"-44",-44,-44,-44,-44,-44,-44,"-44",2,2,-44,-44,2,2,-44,-44,-44,-44,"-44",-44,-44,-44,-44,"-44",-44,-44,-44,-44,"-44",-44,-44,-44,-44,"-44",-44,-44,-44,-44,"-44",-44,-44,-44,-44,"-44",-44,"-44",-44,"-44",-44,-44,-44,-44,2,2,-44,-44,-44,-44,-44,"-44",-44,-44,-44,-44,-44,"-44",-44,-44,-44,-44,-44,-44,-44,-44,-44,-44,-44,-44,-44,-44,-44,-44,-44,-44,-44,-44,-44,-44,2,2,-44,-44,4,4,4,4,4,2,-44,-44,-44,-44,-44,4,4,4,4,4,3,3,3,3,3,3,3,3,3,3,1,2,4,5,1,"-44",2,2,2,2,2,1,2,1,1,1,1,0,1,1,0,2,0,1,1,1,1,2,1,1,1,2,12,5,3000000,370000,0,12,5,3000000,370000,0,100,1,2,1,4,"NAIROBI",19,"-44","-44",5,114,999,1,-44,1,-44,1,151.659393310547,"Kenya"
99117,1,3,"M1 through M5",-44,-44,"M6",-44,-44,"-44",2,-44,1990,1,"-44",1,14,9,6,3,0,0,0,1,2,2,2,0,0,0,2,-44,-44,-44,-44,-44,-44,1,5,4,8,40,20,0,2,-44,-44,-44,-44,-44,1,2,2,3,50,0,2,-44,-44,-44,-44,-44,2,-44,-44,-44,-44,-44,2,-44,-44,-44,-44,-44,2,-44,-44,-44,-44,-44,2,-44,-44,-44,-44,-44,2,-44,-44,-44,-44,-44,-44,-44,"-44",2,-44,-44,-44,-44,-44,-44,-44,"-44",1,1,2,1,2,2,2,2,"-44",2,-44,-44,-44,-44,-44,-44,-44,"-44",1,1,2,2,2,1,2,2,"-44",2,-44,-44,-44,-44,-44,-44,-44,"-44",2,-44,-44,-44,-44,-44,-44,-44,"-44",2,-44,-44,-44,-44,-44,-44,-44,"-44",2,-44,-44,-44,-44,-44,-44,-44,"-44",2,-44,-44,-44,-44,-44,-44,-44,"-44",1,2,1,3,"Technicians and associate professionals",2,1,2,2,2,2,2,5,"Service workers","Technicians and associate professionals","Service workers",2,2,2,2,1,2,2,1,2,2,2,2,2,1,1,1,1,2,1,1,60,40,60,40,20,15,5,5,1,1,35200,15000,2,2,2,2,1,5,-44,1,2,2,-44,-44,3,2,5,-44,-44,-44,1,2,1,2,1,1,2,1,1,1,2,2,2,1,2,1,5,3,1,3,41500,15700,2,2,0,1,5,5,1,1,1,1,21,33,1,1,2,2,1,2,2,2,2,3,2,2,2,2,-44,-44,3,-44,-44,-44,-44,-44,-44,-44,-44,-44,2,4,4,3,4,4,1,4,4,4,4,4,3,2,2,1,2,3,2,3,1,1,2,-44,-44,-44,1,-44,-44,-44,-44,3,1,-44,4,4,4,4,3,1,4,4,2,4,4,1,1,1,1,2,2,2,2,"-44",1,2,2,2,2,2,"-44",2,2,-44,-44,2,2,-44,-44,-44,-44,"-44",-44,-44,-44,-44,"-44",-44,-44,-44,-44,"-44",-44,-44,-44,-44,"-44",-44,-44,-44,-44,"-44",-44,-44,-44,-44,"-44",-44,"-44",-44,"-44",-44,-44,-44,-44,2,2,-44,-44,-44,-44,-44,"-44",-44,-44,-44,-44,-44,"-44",-44,-44,-44,-44,-44,-44,-44,-44,-44,-44,-44,-44,-44,-44,-44,-44,-44,-44,-44,-44,-44,-44,2,2,-44,-44,2,2,5,2,2,1,4,2,5,2,5,2,1,3,4,1,1,3,1,3,3,1,3,3,3,1,2,3,1,4,4,"-44",2,2,1,2,1,1,4,0,3,1,0,1,4,1,1,1,4,1,0,1,0,1,0,4,0,2,11,9,9230800,8838700,148070900,11,10,11367400,17989000,247114900,50,1,1,1,4,"NAIROBI",14,"-44","-44",9,114,202,1,-44,1,-44,1,151.659393310547,"Kenya"
10097,1,2,"M1 through M5",-44,-44,"M6",-44,-44,"-44",2,-44,2013,1,"-44",1,4,5,3,2,0,0,0,2,-44,-44,-44,-44,-44,-44,2,-44,-44,-44,-44,-44,-44,2,-44,-44,-44,-44,-44,-44,2,-44,-44,-44,-44,-44,2,-44,-44,-44,-44,-44,1,2,3,7,100,0,2,-44,-44,-44,-44,-44,2,-44,-44,-44,-44,-44,2,-44,-44,-44,-44,-44,1,3,2,2,0,0,2,-44,-44,-44,-44,-44,-44,-44,"-44",2,-44,-44,-44,-44,-44,-44,-44,"-44",2,-44,-44,-44,-44,-44,-44,-44,"-44",2,-44,-44,-44,-44,-44,-44,-44,"-44",2,-44,-44,-44,-44,-44,-44,-44,"-44",1,1,1,1,1,2,1,2,"-44",2,-44,-44,-44,-44,-44,-44,-44,"-44",2,-44,-44,-44,-44,-44,-44,-44,"-44",2,-44,-44,-44,-44,-44,-44,-44,"-44",1,1,2,2,2,888997,2,2,"-44",2,2,2,888996,"None",2,2,1,2,2,2,1,6,"Sales workers","None","Sales workers",-44,-44,-44,-44,-44,-44,-44,-44,-44,2,2,2,2,2,2,2,1,2,-44,1,-44,50,50,50,-44,30,-44,4,-44,1,-44,10000,-44,2,-44,1,-44,-44,-44,-44,-44,-44,-44,-44,2,1,4,2,1,2,1,2,-44,-44,-44,-44,-44,-44,-44,1,2,1,2,1,2,2,-44,1,-44,1,-44,20000,-44,2,-44,30,-44,4,-44,2,-44,1,-44,27,-44,2,-44,-44,-44,-44,-44,-44,-44,-44,-44,-44,-44,-44,-44,-44,-44,-44,-44,-44,-44,-44,-44,-44,-44,-44,-44,-44,-44,-44,-44,-44,-44,-44,-44,-44,-44,-44,1,1,3,1,2,1,2,2,2,1,1,1,1,-44,1,-44,1,-44,-44,-44,3,3,3,4,4,4,4,1,2,4,4,4,4,-44,2,-44,-44,-44,-44,-44,-44,"-44",-44,-44,-44,-44,-44,-44,"-44",-44,2,-44,-44,-44,2,-44,-44,-44,-44,"-44",-44,-44,-44,-44,"-44",-44,-44,-44,-44,"-44",-44,-44,-44,-44,"-44",-44,-44,-44,-44,"-44",-44,-44,-44,-44,"-44",-44,"-44",-44,"-44",-44,-44,-44,-44,-44,2,-44,-44,-44,-44,-44,"-44",-44,-44,-44,-44,-44,"-44",-44,-44,-44,-44,-44,-44,-44,-44,-44,-44,-44,-44,-44,-44,-44,-44,-44,-44,-44,-44,-44,-44,-44,2,-44,-44,4,4,3,4,5,2,-44,-44,-44,-44,-44,1,1,1,1,5,3,3,888997,1,1,1,2,3,3,1,3,3,4,5,1,"-44",2,2,1,1,2,2,1,4,0,1,4,4,0,0,0,0,0,0,0,0,0,0,0,0,2,2,7,5,5000000,10000,50000,1,5,1000000,20000,100000,2,1,2,3,2,"NAIROBI",4,"-44","-44",5,104,999,1,-44,1,-44,1,151.659393310547,"Kenya"
98318,1,2,"M1 through M5",-44,-44,"M6",-44,-44,"-44",2,-44,2006,1,"-44",1,6,15,10,5,0,0,0,1,2,2,2,50,0,1,1,2,1,2,50,50,0,2,-44,-44,-44,-44,-44,-44,1,2,2,2,100,2,2,-44,-44,-44,-44,-44,1,5,4,5,20,0,2,-44,-44,-44,-44,-44,1,2,2,2,0,0,1,2,2,2,0,0,2,-44,-44,-44,-44,-44,1,1,2,1,1,2,1,2,"-44",1,1,1,1,1,2,1,2,"-44",1,1,2,1,1,1,2,2,"-44",1,1,1,1,2,2,2,2,"-44",2,-44,-44,-44,-44,-44,-44,-44,"-44",1,1,1,1,1,1,1,2,"-44",2,-44,-44,-44,-44,-44,-44,-44,"-44",1,2,1,1,1,2,2,2,"-44",1,2,1,1,2,2,2,2,"-44",2,-44,-44,-44,-44,-44,-44,-44,"-44",1,1,2,1,"Managers",1,2,1,2,1,1,2,9,"Plant and machine operators, and assembl","Managers","Plant and machine operators, and assembl",2,2,2,1,2,1,2,1,2,2,2,2,1,2,1,2,1,2,1,1,50,0,100,0,30,20,6,5,2,1,45000,25000,2,2,1,1,5,-44,-44,-44,-44,-44,-44,-44,2,5,-44,-44,-44,-44,1,2,1,2,1,2,2,1,1,1,2,2,1,2,2,2,2,2,1,1,270000,150000,2,1,0,0,6,5,1,1,1,1,35,30,1,1,2,2,2,2,2,2,2,2,2,2,2,2,-44,-44,-44,-44,-44,-44,-44,-44,-44,-44,-44,-44,4,4,4,4,1,3,4,4,4,2,4,4,2,2,1,2,2,2,2,2,2,2,2,-44,-44,3,-44,-44,-44,-44,-44,-44,-44,-44,4,4,4,2,3,1,4,4,4,4,4,2,2,-44,-44,-44,-44,-44,-44,"-44",-44,-44,-44,-44,-44,-44,"-44",2,2,-44,-44,2,2,-44,-44,-44,-44,"-44",-44,-44,-44,-44,"-44",-44,-44,-44,-44,"-44",-44,-44,-44,-44,"-44",-44,-44,-44,-44,"-44",-44,-44,-44,-44,"-44",-44,"-44",-44,"-44",-44,-44,-44,-44,2,2,-44,-44,-44,-44,-44,"-44",-44,-44,-44,-44,-44,"-44",-44,-44,-44,-44,-44,-44,-44,-44,-44,-44,-44,-44,-44,-44,-44,-44,-44,-44,-44,-44,-44,-44,2,2,-44,-44,5,4,5,4,4,2,-44,-44,-44,-44,-44,1,1,1,1,1,3,3,3,3,3,3,3,3,3,3,3,3,3,3,2,"-44",2,1,1,1,1,2,3,3,1,1,1,1,3,2,4,3,1,1,1,1,1,2,1,3,3,1,2,10,1000000,3000000,5000000,2,15,2000000,35000000,100000000,100,2,2,2,4,"NAIROBI",6,"-44","-44",15,104,999,1,-44,1,-44,1,151.659393310547,"Kenya"
99109,1,2,"M1 through M5",-44,-44,"M6",-44,-44,"-44",2,-44,2003,1,"-44",1,7,11,7,4,0,0,0,1,1,1,1,0,0,0,2,-44,-44,-44,-44,-44,-44,2,-44,-44,-44,-44,-44,-44,2,-44,-44,-44,-44,-44,2,-44,-44,-44,-44,-44,1,7,5,10,28.5714285714286,0,2,-44,-44,-44,-44,-44,2,-44,-44,-44,-44,-44,1,3,3,4,66.6666666666667,0,2,-44,-44,-44,-44,-44,1,1,1,1,1,1,2,2,"-44",2,-44,-44,-44,-44,-44,-44,-44,"-44",2,-44,-44,-44,-44,-44,-44,-44,"-44",2,-44,-44,-44,-44,-44,-44,-44,"-44",2,-44,-44,-44,-44,-44,-44,-44,"-44",1,1,1,2,1,2,2,2,"-44",2,-44,-44,-44,-44,-44,-44,-44,"-44",2,-44,-44,-44,-44,-44,-44,-44,"-44",1,1,2,1,2,2,2,2,"-44",2,-44,-44,-44,-44,-44,-44,-44,"-44",1,2,2,1,"Managers",2,2,1,2,2,1,2,6,"Sales workers","Managers","Sales workers",1,1,2,2,2,2,1,1,2,2,1,2,2,1,2,1,2,2,1,1,70,60,40,60,50,5,6,6,1,1,45100,12600,2,2,2,2,3,2,1,2,1,2,1,2,3,5,-44,-44,-44,-44,-44,-44,1,1,2,2,2,1,2,1,1,1,2,1,1,1,3,3,3,3,45100,13700,2,2,0,1,6,6,1,1,1,1,40,23,1,2,2,2,2,2,2,2,1,1,2,2,1,1,-44,-44,-44,-44,-44,-44,1,1,-44,-44,3,1,3,4,4,2,4,4,4,4,1,4,4,4,2,2,2,3,2,3,2,2,3,3,1,-44,-44,-44,-44,-44,-44,-44,-44,-44,-44,3,4,4,4,4,3,2,4,4,1,4,4,2,1,-44,-44,-44,-44,-44,-44,"-44",1,2,2,2,2,2,"-44",1,2,100,-44,2,2,-44,-44,-44,-44,"-44",-44,-44,-44,-44,"-44",-44,-44,-44,-44,"-44",-44,-44,-44,-44,"-44",-44,-44,-44,-44,"-44",-44,-44,-44,-44,"-44",-44,"-44",-44,"-44",-44,-44,-44,-44,2,2,-44,-44,-44,-44,-44,"-44",-44,-44,-44,-44,-44,"-44",-44,-44,-44,-44,-44,-44,-44,-44,-44,-44,-44,-44,-44,-44,-44,-44,-44,-44,-44,-44,-44,-44,1,2,4,-44,5,4,3,2,3,1,2,2,4,4,3,5,1,2,1,1,1,2,3,3,1,3,1,3,3,2,2,3,5,5,2,"-44",1,2,2,1,2,2,4,3,4,0,3,1,4,2,1,4,1,2,0,0,0,1,0,4,0,1,1,11,3223600,6887900,15081600,1,12,2874400,7817400,20432400,50,1,1,1,4,"NAIROBI",7,"-44","-44",11,114,202,1,-44,1,-44,1,151.659393310547,"Kenya"
99115,1,3,"M1 through M5",-44,-44,"M6",-44,-44,"-44",2,-44,1996,3,"-44",1,13,8,6,2,0,0,0,1,1,1,1,0,0,0,1,2,2,2,0,0,0,2,-44,-44,-44,-44,-44,-44,1,2,1,2,0,0,1,1,1,2,100,0,1,1,0,2,100,0,2,-44,-44,-44,-44,-44,2,-44,-44,-44,-44,-44,2,-44,-44,-44,-44,-44,1,1,1,1,0,0,2,-44,-44,-44,-44,-44,-44,-44,"-44",2,-44,-44,-44,-44,-44,-44,-44,"-44",2,-44,-44,-44,-44,-44,-44,-44,"-44",1,2,2,1,1,2,2,2,"-44",1,1,2,2,2,1,2,2,"-44",1,2,2,1,1,2,2,2,"-44",2,-44,-44,-44,-44,-44,-44,-44,"-44",2,-44,-44,-44,-44,-44,-44,-44,"-44",2,-44,-44,-44,-44,-44,-44,-44,"-44",1,1,2,1,2,2,1,2,"-44",1,1,2,2,"Professionals",1,1,1,2,2,2,1,6,"Sales workers","Professionals","Sales workers",2,2,2,1,1,1,2,1,2,2,1,2,2,2,2,1,1,2,2,1,-44,0,100,0,-44,10,4,5,1,2,59800,23600,2,2,1,1,1,3,5,2,1,2,-44,-44,2,3,1,1,2,2,2,1,1,1,1,2,2,1,1,2,2,1,2,2,2,1,4,2,2,3,63400,23600,2,2,1,1,4,6,1,2,1,2,36,22,1,2,2,2,1,2,1,2,2,3,1,3,3,2,-44,-44,1,-44,1,-44,-44,-44,2,-44,-44,-44,4,4,4,1,4,3,4,2,4,4,4,4,3,2,1,1,2,3,2,1,3,3,2,-44,-44,2,1,-44,-44,-44,3,-44,-44,-44,4,4,4,4,3,1,4,4,4,2,4,1,2,1,2,2,1,2,2,"-44",-44,-44,-44,-44,-44,-44,"-44",1,2,30,-44,2,2,-44,-44,-44,-44,"-44",-44,-44,-44,-44,"-44",-44,-44,-44,-44,"-44",-44,-44,-44,-44,"-44",-44,-44,-44,-44,"-44",-44,-44,-44,-44,"-44",-44,"-44",-44,"-44",-44,-44,-44,-44,2,2,-44,-44,-44,-44,-44,"-44",-44,-44,-44,-44,-44,"-44",-44,-44,-44,-44,-44,-44,-44,-44,-44,-44,-44,-44,-44,-44,-44,-44,-44,-44,-44,-44,-44,-44,1,2,4,-44,3,3,3,3,4,1,1,3,3,3,3,2,1,1,5,4,3,3,3,2,2,3,2,1,2,2,3,1,5,2,2,"-44",2,2,2,1,2,2,0,3,4,2,4,0,0,2,4,4,4,1,0,0,1,0,0,4,1,2,6,8,793500,22100500,36164800,6,9,2556800,34407900,52468400,70,1,1,1,4,"NAIROBI",13,"-44","-44",8,114,202,1,-44,1,-44,1,151.659393310547,"Kenya"
99118,1,2,"M1 through M5",-44,-44,"M6",-44,-44,"-44",2,-44,1985,1,"-44",1,3,6,3,3,0,0,0,1,1,1,1,0,0,0,2,-44,-44,-44,-44,-44,-44,2,-44,-44,-44,-44,-44,-44,1,2,2,3,50,0,2,-44,-44,-44,-44,-44,1,1,1,1,100,0,2,-44,-44,-44,-44,-44,1,1,1,2,100,0,2,-44,-44,-44,-44,-44,1,1,1,2,0,0,1,1,2,2,2,2,2,2,"-44",2,-44,-44,-44,-44,-44,-44,-44,"-44",2,-44,-44,-44,-44,-44,-44,-44,"-44",2,-44,-44,-44,-44,-44,-44,-44,"-44",2,-44,-44,-44,-44,-44,-44,-44,"-44",1,2,1,2,1,1,1,2,"-44",2,-44,-44,-44,-44,-44,-44,-44,"-44",1,1,2,2,2,1,2,2,"-44",2,-44,-44,-44,-44,-44,-44,-44,"-44",2,-44,-44,-44,-44,-44,-44,-44,"-44",1,2,2,1,"Managers",1,2,1,2,1,2,1,6,"Sales workers","Managers","Sales workers",2,2,2,2,2,2,1,2,2,2,2,1,2,2,2,2,2,2,1,1,70,0,100,0,60,10,6,5,1,2,36700,17500,2,2,1,1,3,5,-44,-44,-44,-44,-44,-44,5,-44,-44,-44,-44,-44,-44,-44,2,1,1,2,2,2,1,1,1,1,2,1,1,1,3,2,3,3,36700,17500,2,2,12,4,4,5,1,1,1,1,46,24,1,2,2,2,2,2,1,2,2,2,3,1,2,2,-44,-44,-44,-44,1,-44,-44,-44,-44,1,-44,-44,3,4,4,4,4,4,2,1,4,4,4,4,2,2,1,2,1,2,3,3,1,3,3,-44,-44,1,-44,1,-44,-44,-44,1,-44,-44,4,4,4,4,4,1,2,4,3,4,4,1,2,2,1,2,2,2,2,"-44",-44,-44,-44,-44,-44,-44,"-44",1,1,100,100,1,1,2,1,2,-44,"-44",1,2,1,-44,"-44",-44,100,-44,-44,"-44",-44,4,-44,-44,"-44",100,-44,100,-44,"-44",1,-44,3,-44,"-44",2,"-44",1,"-44",4,3,-44,11000,1,1,2,1,2,2,2,"-44",2,2,1,2,2,"-44",-44,100,-44,-44,-44,-44,3,-44,-44,-44,-44,-44,100,-44,-44,-44,-44,3,-44,-44,10000,18000,1,1,4,4,3,3,4,2,4,2,-44,-44,-44,-44,-44,5,1,1,5,5,2,3,2,1,2,3,3,3,3,1,3,3,1,4,1,"-44",1,2,2,1,2,2,0,4,4,1,3,1,1,3,0,4,1,1,4,0,1,1,4,3,0,2,11,6,1468500,1277900,11860100,11,6,979600,977300,18976700,30,1,1,1,4,"NAIROBI",3,"-44","-44",6,114,202,1,-44,1,-44,1,151.659393310547,"Kenya"
10096,2,2,"M1 through M5",-44,-44,"M6",-44,-44,"-44",2,-44,2002,1,"-44",1,7,4,3,1,2,1,1,1,2,2,2,50,0,0,1,1,1,1,0,0,0,2,-44,-44,-44,-44,-44,-44,1,2,2,2,50,0,2,-44,-44,-44,-44,-44,2,-44,-44,-44,-44,-44,2,-44,-44,-44,-44,-44,2,-44,-44,-44,-44,-44,2,-44,-44,-44,-44,-44,1,1,1,1,0,0,1,1,2,2,1,2,2,2,"-44",1,1,1,2,1,2,2,2,"-44",2,-44,-44,-44,-44,-44,-44,-44,"-44",1,1,2,2,2,2,2,2,"-44",2,-44,-44,-44,-44,-44,-44,-44,"-44",1,1,2,2,2,2,2,2,"-44",2,-44,-44,-44,-44,-44,-44,-44,"-44",2,-44,-44,-44,-44,-44,-44,-44,"-44",2,-44,-44,-44,-44,-44,-44,-44,"-44",1,1,2,2,2,2,2,2,"-44",1,1,2,2,"Professionals",1,2,2,2,2,2,1,4,"Clerical and support workers","Professionals","Clerical and support workers",2,2,2,2,2,2,2,1,2,2,2,2,2,2,2,2,1,2,1,1,50,60,40,60,30,30,6,5,1,1,56000,20000,2,1,1,1,1,5,-44,2,1,2,-44,-44,1,2,5,2,1,2,1,2,1,1,1,1,2,1,1,1,1,1,1,2,2,2,2,3,3,1,40000,15000,2,1,12,12,6,5,1,1,1,1,30,28,1,2,1,1,2,2,2,2,2,2,2,2,1,2,1,1,-44,-44,-44,-44,-44,-44,-44,-44,3,-44,4,4,4,4,4,1,2,4,4,3,4,4,2,2,1,1,1,2,2,2,1,2,2,-44,-44,3,3,3,-44,-44,-44,3,-44,-44,1,4,4,2,4,4,3,4,4,4,4,2,2,-44,-44,-44,-44,-44,-44,"-44",-44,-44,-44,-44,-44,-44,"-44",2,2,-44,-44,2,2,-44,-44,-44,-44,"-44",-44,-44,-44,-44,"-44",-44,-44,-44,-44,"-44",-44,-44,-44,-44,"-44",-44,-44,-44,-44,"-44",-44,-44,-44,-44,"-44",-44,"-44",-44,"-44",-44,-44,-44,-44,2,2,-44,-44,-44,-44,-44,"-44",-44,-44,-44,-44,-44,"-44",-44,-44,-44,-44,-44,-44,-44,-44,-44,-44,-44,-44,-44,-44,-44,-44,-44,-44,-44,-44,-44,-44,2,2,-44,-44,1,1,1,1,2,2,-44,-44,-44,-44,-44,1,1,2,1,1,3,3,888997,1,1,1,3,1,3,1,3,1,4,5,1,"-44",1,1,2,1,1,2,3,1,3,4,4,3,4,4,3,0,1,0,0,0,0,0,0,0,3,2,6,4,50000,750000,1500000,6,5,60000,1000000,2200000,100,3,2,4,2,"NAIROBI",7,"-44","-44",6,109,999,1,-44,1,-44,1,151.659393310547,"Kenya"
10059,1,2,"M1 through M5",-44,-44,"M6",-44,-44,"-44",2,-44,2013,4,"-44",1,7,18,15,3,0,0,0,1,2,2,5,0,0,0,2,-44,-44,-44,-44,-44,-44,1,1,1,2,100,0,0,2,-44,-44,-44,-44,-44,1,15,2,20,13.3333333333333,0,2,-44,-44,-44,-44,-44,2,-44,-44,-44,-44,-44,2,-44,-44,-44,-44,-44,2,-44,-44,-44,-44,-44,2,-44,-44,-44,-44,-44,2,-44,-44,-44,-44,-44,-44,-44,"-44",2,-44,-44,-44,-44,-44,-44,-44,"-44",2,-44,-44,-44,-44,-44,-44,-44,"-44",2,-44,-44,-44,-44,-44,-44,-44,"-44",1,1,1,2,1,1,2,2,"-44",2,-44,-44,-44,-44,-44,-44,-44,"-44",2,-44,-44,-44,-44,-44,-44,-44,"-44",2,-44,-44,-44,-44,-44,-44,-44,"-44",2,-44,-44,-44,-44,-44,-44,-44,"-44",2,-44,-44,-44,-44,-44,-44,-44,"-44",1,2,1,3,"Technicians and associate professionals",2,1,2,2,2,2,2,5,"Service workers","Technicians and associate professionals","Service workers",2,2,2,2,2,2,2,1,2,2,2,2,2,2,2,2,1,2,2,2,-44,-44,-44,-44,-44,-44,5,4,2,1,25000,15000,2,2,2,2,2,1,3,1,2,2,2,1,2,3,1,1,2,2,1,2,1,2,1,1,2,2,1,1,2,1,2,2,2,1,5,1,3,3,25000,15000,2,2,6,6,5,4,2,2,1,1,25,23,2,1,2,2,3,2,1,1,2,2,2,1,1,1,-44,-44,-44,-44,2,3,-44,-44,-44,1,1,2,2,4,4,1,4,4,4,4,3,4,4,4,2,1,3,2,2,2,1,2,2,3,2,-44,1,-44,-44,-44,-44,1,-44,-44,-44,-44,2,4,4,4,4,1,4,4,3,4,4,2,2,-44,-44,-44,-44,-44,-44,"-44",-44,-44,-44,-44,-44,-44,"-44",2,1,-44,50,2,2,-44,-44,-44,-44,"-44",-44,-44,-44,-44,"-44",-44,-44,-44,-44,"-44",-44,-44,-44,-44,"-44",-44,-44,-44,-44,"-44",-44,-44,-44,-44,"-44",-44,"-44",-44,"-44",-44,-44,-44,-44,2,2,-44,-44,-44,-44,-44,"-44",-44,-44,-44,-44,-44,"-44",-44,-44,-44,-44,-44,-44,-44,-44,-44,-44,-44,-44,-44,-44,-44,-44,-44,-44,-44,-44,-44,-44,2,1,-44,3,4,4,2,4,3,2,-44,-44,-44,-44,-44,3,3,4,2,3,3,2,888997,1,1,3,2,1,1,1,3,3,3,3,1,"-44",2,2,2,2,1,2,2,2,0,0,1,0,0,0,0,0,1,0,0,1,0,1,1,0,0,2,12,18,4500000,6000000,80000000,12,18,4500000,7000000,95000000,100,2,2,2,3,"NAIROBI",7,"-44","-44",18,105,999,1,-44,1,-44,2,35.0139999389648,"Kenya"
99128,2,2,"M1 through M5",-44,-44,"M6",-44,-44,"-44",2,-44,2006,2,"-44",1,8,23,16,7,0,0,0,1,2,2,2,50,0,0,1,1,1,2,0,0,0,2,-44,-44,-44,-44,-44,-44,1,3,2,3,66.6666666666667,0,1,2,2,3,50,0,1,3,2,4,66.6666666666667,0,2,-44,-44,-44,-44,-44,2,-44,-44,-44,-44,-44,1,10,5,15,0,0,1,2,2,2,50,0,1,1,1,1,1,1,1,2,"-44",1,1,2,1,1,1,1,2,"-44",2,-44,-44,-44,-44,-44,-44,-44,"-44",1,1,1,1,1,1,1,2,"-44",1,1,1,1,1,1,1,2,"-44",1,1,1,1,1,1,1,2,"-44",2,-44,-44,-44,-44,-44,-44,-44,"-44",2,-44,-44,-44,-44,-44,-44,-44,"-44",1,1,1,1,1,1,1,2,"-44",1,1,1,1,1,1,1,2,"-44",1,1,2,2,"Professionals",1,1,1,2,2,1,1,6,"Sales workers","Professionals","Sales workers",2,2,1,2,2,1,1,2,2,2,2,1,2,2,1,1,2,2,1,1,60,50,50,50,30,20,6,6,1,1,35000,20000,2,2,1,1,2,1,5,2,1,2,1,2,5,-44,-44,-44,-44,-44,-44,-44,1,2,2,1,2,1,2,1,2,2,2,2,1,2,2,2,1,1,35000,20000,2,1,0,0,5,6,1,1,1,1,32,27,1,2,2,2,3,2,2,2,2,2,2,2,2,2,-44,-44,-44,-44,-44,-44,-44,-44,-44,-44,-44,-44,4,2,4,3,1,4,4,4,4,4,4,4,2,2,3,2,2,2,2,2,2,2,2,-44,-44,-44,-44,-44,-44,-44,-44,-44,-44,-44,4,4,4,2,4,3,4,4,4,1,4,2,2,-44,-44,-44,-44,-44,-44,"-44",-44,-44,-44,-44,-44,-44,"-44",2,2,-44,-44,2,2,-44,-44,-44,-44,"-44",-44,-44,-44,-44,"-44",-44,-44,-44,-44,"-44",-44,-44,-44,-44,"-44",-44,-44,-44,-44,"-44",-44,-44,-44,-44,"-44",-44,"-44",-44,"-44",-44,-44,-44,-44,2,2,-44,-44,-44,-44,-44,"-44",-44,-44,-44,-44,-44,"-44",-44,-44,-44,-44,-44,-44,-44,-44,-44,-44,-44,-44,-44,-44,-44,-44,-44,-44,-44,-44,-44,-44,2,2,-44,-44,4,4,3,4,3,2,-44,-44,-44,-44,-44,1,1,1,1,1,3,3,3,3,3,3,3,3,3,3,3,3,5,4,1,"-44",2,2,2,1,1,2,1,4,0,2,2,2,2,1,3,3,2,2,2,1,1,1,1,1,1,1,3,10,10000000,20000000,870000000,3,15,20000000,20000000,1200000000,90,1,1,1,4,"NAIROBI",8,"-44","-44",23,104,202,1,-44,1,-44,2,35.0139999389648,"Kenya"
98261,2,2,"M1 through M5",-44,-44,"M6",-44,-44,"-44",2,-44,1999,2,"-44",2,7,15,10,5,5,3,2,1,1,1,1,0,0,0,2,-44,-44,-44,-44,-44,-44,2,-44,-44,-44,-44,-44,-44,1,2,1,2,50,0,1,3,2,3,33.3333333333333,0,1,12,10,12,41.6666666666667,0,2,-44,-44,-44,-44,-44,2,-44,-44,-44,-44,-44,1,2,1,2,0,0,2,-44,-44,-44,-44,-44,1,1,1,1,1,1,1,2,"-44",2,-44,-44,-44,-44,-44,-44,-44,"-44",2,-44,-44,-44,-44,-44,-44,-44,"-44",1,1,2,1,1,1,1,2,"-44",1,1,2,1,1,1,1,2,"-44",1,1,2,1,1,1,1,2,"-44",2,-44,-44,-44,-44,-44,-44,-44,"-44",2,-44,-44,-44,-44,-44,-44,-44,"-44",1,1,2,1,1,1,1,2,"-44",2,-44,-44,-44,-44,-44,-44,-44,"-44",1,2,2,1,"Managers",1,1,1,2,2,1,2,6,"Sales workers","Managers","Sales workers",2,2,1,2,2,2,1,2,2,2,2,1,2,2,2,1,2,2,1,1,50,50,50,50,15,10,6,4,1,2,45000,10000,2,2,1,1,1,2,3,2,1,2,1,2,1,2,3,1,2,2,2,1,1,1,1,1,1,2,2,1,1,2,2,2,1,2,2,2,1,1,270000,60000,2,2,0,0,6,4,1,1,1,1,33,34,1,2,1,2,2,2,2,2,2,2,2,2,2,2,2,-44,-44,-44,-44,-44,-44,-44,-44,-44,-44,-44,1,2,4,4,4,4,4,4,3,4,4,4,2,2,2,2,2,2,2,2,2,2,2,-44,-44,-44,-44,-44,-44,-44,-44,-44,-44,-44,4,1,4,4,3,2,4,4,4,4,4,1,1,1,2,2,1,2,2,"-44",1,2,2,1,2,2,"-44",2,2,-44,-44,2,2,-44,-44,-44,-44,"-44",-44,-44,-44,-44,"-44",-44,-44,-44,-44,"-44",-44,-44,-44,-44,"-44",-44,-44,-44,-44,"-44",-44,-44,-44,-44,"-44",-44,"-44",-44,"-44",-44,-44,-44,-44,2,2,-44,-44,-44,-44,-44,"-44",-44,-44,-44,-44,-44,"-44",-44,-44,-44,-44,-44,-44,-44,-44,-44,-44,-44,-44,-44,-44,-44,-44,-44,-44,-44,-44,-44,-44,2,2,-44,-44,5,5,4,5,5,1,2,4,5,5,5,4,5,4,4,4,1,3,3,3,1,3,2,3,3,3,3,3,3,5,1,"-44",2,1,2,2,1,2,3,1,1,1,1,1,3,1,2,2,1,2,1,1,2,3,3,1,2,1,6,12,10000000,8000000,30000000,10,14,20000000,10000000,50000000,60,1,2,1,3,"NAIROBI",7,"-44","-44",20,104,999,1,-44,1,-44,2,35.0139999389648,"Kenya"
99131,1,3,"M1 through M5",-44,-44,"M6",-44,-44,"-44",2,-44,1988,3,"-44",1,10,32,15,17,9,6,3,1,3,3,3,0,0,0,2,-44,-44,-44,-44,-44,-44,1,21,17,26,57.1428571428571,19.047619047619,0,2,-44,-44,-44,-44,-44,1,17,12,24,47.0588235294118,0,2,-44,-44,-44,-44,-44,2,-44,-44,-44,-44,-44,2,-44,-44,-44,-44,-44,2,-44,-44,-44,-44,-44,2,-44,-44,-44,-44,-44,2,-44,-44,-44,-44,-44,-44,-44,"-44",2,-44,-44,-44,-44,-44,-44,-44,"-44",1,1,2,2,1,2,2,2,"-44",2,-44,-44,-44,-44,-44,-44,-44,"-44",1,1,2,2,1,2,2,2,"-44",2,-44,-44,-44,-44,-44,-44,-44,"-44",2,-44,-44,-44,-44,-44,-44,-44,"-44",2,-44,-44,-44,-44,-44,-44,-44,"-44",2,-44,-44,-44,-44,-44,-44,-44,"-44",2,-44,-44,-44,-44,-44,-44,-44,"-44",1,2,1,3,"Technicians and associate professionals",2,1,2,2,2,2,2,5,"Service workers","Technicians and associate professionals","Service workers",1,2,1,1,2,2,1,2,2,2,2,2,2,2,2,1,2,2,1,1,50,20,80,20,15,7,5,5,1,1,35700,15500,2,2,2,1,3,5,-44,-44,-44,-44,-44,-44,1,5,-44,2,2,1,-44,-44,1,1,1,1,1,1,1,1,1,1,2,1,1,1,4,3,2,1,42300,17600,2,2,0,0,4,5,1,1,1,2,32,51,2,2,2,2,2,2,3,2,2,2,3,2,1,2,-44,-44,-44,-44,-44,-44,-44,-44,-44,-44,1,-44,4,4,4,4,4,4,2,1,4,3,4,4,3,2,2,2,3,2,2,2,2,1,1,-44,-44,-44,-44,-44,-44,-44,-44,-44,3,1,2,4,4,4,3,4,4,4,1,4,4,2,1,-44,-44,-44,-44,-44,-44,"-44",1,1,2,1,2,2,"-44",1,2,70,-44,2,2,-44,-44,-44,-44,"-44",-44,-44,-44,-44,"-44",-44,-44,-44,-44,"-44",-44,-44,-44,-44,"-44",-44,-44,-44,-44,"-44",-44,-44,-44,-44,"-44",-44,"-44",-44,"-44",-44,-44,-44,-44,2,2,-44,-44,-44,-44,-44,"-44",-44,-44,-44,-44,-44,"-44",-44,-44,-44,-44,-44,-44,-44,-44,-44,-44,-44,-44,-44,-44,-44,-44,-44,-44,-44,-44,-44,-44,1,2,888997,-44,5,2,4,4,5,1,5,5,3,2,5,1,2,1,1,5,3,3,1,2,3,1,3,2,3,2,2,2,2,5,2,"-44",2,1,2,1,1,2,1,4,0,4,2,2,4,0,0,2,1,0,0,1,4,3,4,0,4,1,11,42,3536300,4785800,88364900,11,44,4715600,6716000,100091600,70,1,1,1,4,"NAIROBI",10,"-44","-44",41,104,202,1,-44,1,-44,2,35.0139999389648,"Kenya"
99134,2,3,"M1 through M5",-44,-44,"M6",-44,-44,"-44",2,-44,1995,1,"-44",1,13,10,6,4,67,30,37,1,12,12,12,50,0,0,2,-44,-44,-44,-44,-44,-44,2,-44,-44,-44,-44,-44,-44,2,-44,-44,-44,-44,-44,2,-44,-44,-44,-44,-44,1,65,42,65,53.8461538461538,0,2,-44,-44,-44,-44,-44,2,-44,-44,-44,-44,-44,2,-44,-44,-44,-44,-44,2,-44,-44,-44,-44,-44,1,1,1,2,1,2,1,2,"-44",2,-44,-44,-44,-44,-44,-44,-44,"-44",2,-44,-44,-44,-44,-44,-44,-44,"-44",2,-44,-44,-44,-44,-44,-44,-44,"-44",2,-44,-44,-44,-44,-44,-44,-44,"-44",1,1,1,2,2,1,2,2,"-44",2,-44,-44,-44,-44,-44,-44,-44,"-44",2,-44,-44,-44,-44,-44,-44,-44,"-44",2,-44,-44,-44,-44,-44,-44,-44,"-44",2,-44,-44,-44,-44,-44,-44,-44,"-44",1,2,2,1,"Managers",2,2,1,2,2,2,2,6,"Sales workers","Managers","Sales workers",1,2,2,2,1,1,2,1,2,1,2,2,2,2,2,1,2,2,1,1,50,20,80,20,40,15,6,4,2,2,18000,9300,2,2,2,1,3,5,-44,-44,-44,-44,-44,-44,3,1,2,1,2,2,2,1,1,1,2,2,2,2,1,1,1,1,2,2,1,1,3,3,2,1,14900,10000,2,2,5,6,6,6,2,2,1,1,47,23,2,2,2,2,1,1,3,2,2,2,2,2,1,3,-44,-44,2,1,-44,-44,-44,-44,-44,-44,2,-44,1,4,4,4,4,3,2,4,4,4,4,4,3,2,2,2,2,1,2,2,3,1,1,-44,-44,-44,-44,-44,1,-44,-44,-44,2,3,3,4,4,4,2,4,4,4,1,4,4,1,1,1,2,1,1,2,2,"-44",1,2,2,2,2,2,"-44",2,1,-44,30,2,2,-44,-44,-44,-44,"-44",-44,-44,-44,-44,"-44",-44,-44,-44,-44,"-44",-44,-44,-44,-44,"-44",-44,-44,-44,-44,"-44",-44,-44,-44,-44,"-44",-44,"-44",-44,"-44",-44,-44,-44,-44,2,2,-44,-44,-44,-44,-44,"-44",-44,-44,-44,-44,-44,"-44",-44,-44,-44,-44,-44,-44,-44,-44,-44,-44,-44,-44,-44,-44,-44,-44,-44,-44,-44,-44,-44,-44,2,1,-44,888997,1,2,3,5,4,1,5,3,2,4,5,1,2,3,2,1,3,1,1,3,3,3,1,1,1,1,3,1,5,5,4,"-44",2,2,1,2,2,1,1,3,0,3,2,4,1,1,2,4,0,4,4,4,0,0,3,0,0,1,3,83,3348200,705200,4231200,3,79,3153400,778800,4541700,10,1,1,1,4,"NAIROBI",13,"-44","-44",77,104,202,1,-44,1,-44,2,35.0139999389648,"Kenya"
10016,1,3,"M1 through M5",-44,-44,"M6",-44,-44,"-44",2,-44,1952,7,"-44",1,9,50,41,9,8,7,1,1,2,2,2,0,0,0,1,7,7,7,28.5714285714286,0,0,1,2,2,2,0,0,0,1,7,7,7,57.1428571428571,0,1,38,38,38,10.5263157894737,0,2,-44,-44,-44,-44,-44,2,-44,-44,-44,-44,-44,2,-44,-44,-44,-44,-44,2,-44,-44,-44,-44,-44,1,2,2,2,0,0,1,1,2,1,2,1,2,2,"-44",2,-44,-44,-44,-44,-44,-44,-44,"-44",2,-44,-44,-44,-44,-44,-44,-44,"-44",1,1,2,2,2,1,2,2,"-44",2,-44,-44,-44,-44,-44,-44,-44,"-44",2,-44,-44,-44,-44,-44,-44,-44,"-44",2,-44,-44,-44,-44,-44,-44,-44,"-44",2,-44,-44,-44,-44,-44,-44,-44,"-44",2,-44,-44,-44,-44,-44,-44,-44,"-44",2,-44,-44,-44,-44,-44,-44,-44,"-44",1,1,1,2,"Professionals",1,1,2,2,2,2,1,5,"Service workers","Professionals","Service workers",2,2,2,1,2,2,1,2,2,2,2,2,2,2,2,1,1,2,888997,2,-44,-44,-44,-44,-44,-44,6,5,1,1,170000,35000,1,2,2,2,1,2,4,2,1,2,2,1,1,2,4,2,1,2,2,1,1,1,1,1,2,1,1,1,2,2,2,2,2,1,5,2,3,3,170000,35000,2,2,1,12,6,5,1,1,1,2,40,25,1,1,1,2,3,2,2,2,2,2,2,2,2,2,1,-44,-44,-44,-44,-44,-44,-44,-44,-44,-44,-44,4,4,4,4,3,2,4,4,4,4,1,4,1,2,3,2,1,1,2,2,2,3,3,1,-44,-44,-44,1,1,-44,-44,-44,-44,-44,4,4,4,4,1,4,2,3,4,4,4,1,1,2,2,2,1,2,2,"-44",1,2,2,2,2,2,"-44",1,1,100,10,1,1,1,1,1,-44,"-44",2,2,1,-44,"-44",100,10,10,-44,"-44",7,5,5,-44,"-44",-44,-44,10,-44,"-44",-44,-44,7,-44,"-44",4,"-44",4,"-44",14,30,5000,0,1,1,2,1,1,2,2,"-44",2,2,1,2,2,"-44",-44,10,20,-44,-44,-44,7,3,-44,-44,-44,-44,10,-44,-44,-44,-44,7,-44,-44,5000,0,1,1,1,1,3,2,2,2,2,1,2,2,2,4,4,5,1,1,5,5,2,2,2,2,1,1,2,1,1,1,3,3,3,4,5,"members of the club",1,2,1,1,1,2,3,1,0,0,0,2,0,1,2,1,4,2,0,0,0,0,0,0,0,2,12,60,2000000,3000000,6000000,12,55,2200000,3000000,6000000,100,2,1,2,3,"NAIROBI",9,"-44","-44",58,111,999,1,-44,1,-44,2,35.0139999389648,"Kenya"
99130,1,2,"M1 through M5",-44,-44,"M6",-44,-44,"-44",2,-44,1999,1,"-44",1,16,25,14,11,0,0,0,1,3,3,3,33.3333333333333,0,0,1,1,1,1,0,0,0,2,-44,-44,-44,-44,-44,-44,1,2,1,3,0,0,1,4,2,5,75,0,1,7,3,15,71.4285714285714,0,2,-44,-44,-44,-44,-44,2,-44,-44,-44,-44,-44,1,3,0,7,0,0,1,5,1,3,40,0,1,1,2,1,1,1,1,2,"-44",1,1,2,1,1,2,1,2,"-44",2,-44,-44,-44,-44,-44,-44,-44,"-44",1,1,1,1,1,1,1,2,"-44",1,1,1,1,1,1,1,2,"-44",1,1,2,1,1,2,1,2,"-44",2,-44,-44,-44,-44,-44,-44,-44,"-44",2,-44,-44,-44,-44,-44,-44,-44,"-44",1,1,2,1,1,2,1,2,"-44",1,1,2,1,1,2,1,2,"-44",1,1,2,2,"Professionals",1,1,1,2,2,1,1,6,"Sales workers","Professionals","Sales workers",2,2,1,2,2,1,1,2,2,2,2,1,2,2,1,1,2,2,1,1,50,50,50,50,5,15,5,5,1,1,35000,20000,1,2,1,2,2,1,5,2,1,2,1,2,5,-44,-44,-44,-44,-44,-44,-44,2,2,1,2,2,1,1,1,2,2,2,2,2,2,3,2,1,1,210000,90000,1,1,0,0,5,5,1,1,1,1,35,30,2,1,2,2,2,2,2,2,2,2,2,2,2,2,-44,-44,-44,-44,-44,-44,-44,-44,-44,-44,-44,-44,4,4,4,4,1,2,3,4,4,4,4,4,2,2,1,2,2,2,2,2,2,2,2,-44,-44,2,-44,-44,-44,-44,-44,-44,-44,-44,4,4,4,3,2,4,1,4,4,4,4,2,2,-44,-44,-44,-44,-44,-44,"-44",-44,-44,-44,-44,-44,-44,"-44",2,2,-44,-44,2,2,-44,-44,-44,-44,"-44",-44,-44,-44,-44,"-44",-44,-44,-44,-44,"-44",-44,-44,-44,-44,"-44",-44,-44,-44,-44,"-44",-44,-44,-44,-44,"-44",-44,"-44",-44,"-44",-44,-44,-44,-44,2,2,-44,-44,-44,-44,-44,"-44",-44,-44,-44,-44,-44,"-44",-44,-44,-44,-44,-44,-44,-44,-44,-44,-44,-44,-44,-44,-44,-44,-44,-44,-44,-44,-44,-44,-44,2,2,-44,-44,4,2,1,1,1,2,-44,-44,-44,-44,-44,1,1,1,1,1,3,3,3,3,3,3,3,3,3,3,3,3,5,5,1,"-44",2,1,1,1,1,1,4,4,0,3,3,3,3,3,2,2,2,2,2,2,2,2,1,1,2,1,4,10,1000000,500000,10000000,4,15,2000000,700000,50000000,50,1,1,1,4,"NAIROBI",16,"-44","-44",25,104,202,1,-44,1,-44,2,35.0139999389648,"Kenya"
10060,1,2,"M1 through M5",-44,-44,"M6",-44,-44,"-44",2,-44,2005,4,"-44",1,7,24,21,3,0,0,0,1,6,6,8,50,0,0,2,-44,-44,-44,-44,-44,-44,1,12,12,12,0,8.33333333333333,0,2,-44,-44,-44,-44,-44,2,-44,-44,-44,-44,-44,2,-44,-44,-44,-44,-44,2,-44,-44,-44,-44,-44,2,-44,-44,-44,-44,-44,1,3,3,3,0,0,1,3,3,3,0,0,2,-44,-44,-44,-44,-44,-44,-44,"-44",2,-44,-44,-44,-44,-44,-44,-44,"-44",1,2,1,1,1,2,1,2,"-44",2,-44,-44,-44,-44,-44,-44,-44,"-44",2,-44,-44,-44,-44,-44,-44,-44,"-44",2,-44,-44,-44,-44,-44,-44,-44,"-44",2,-44,-44,-44,-44,-44,-44,-44,"-44",2,-44,-44,-44,-44,-44,-44,-44,"-44",2,-44,-44,-44,-44,-44,-44,-44,"-44",2,-44,-44,-44,-44,-44,-44,-44,"-44",1,2,1,3,"Technicians and associate professionals",2,2,2,2,2,1,1,10,"Elementary occupations","Technicians and associate professionals","Elementary occupations",2,2,2,1,2,2,1,1,2,2,2,2,2,2,2,2,1,2,1,2,100,-44,-44,-44,14,-44,5,4,1,1,35000,15000,2,2,1,1,5,-44,-44,-44,-44,-44,-44,-44,5,-44,-44,-44,-44,-44,-44,-44,2,2,1,1,2,1,1,1,2,2,2,2,2,1,5,1,3,3,35000,15000,2,2,12,77,5,4,2,2,1,1,28,30,1,1,1,2,2,2,1,2,2,1,2,2,1,1,2,-44,-44,-44,1,-44,-44,2,-44,-44,2,2,1,4,4,3,4,4,4,2,4,4,4,4,2,2,2,2,2,2,2,2,2,2,2,-44,-44,-44,-44,-44,-44,-44,-44,-44,-44,-44,4,4,4,4,2,1,4,4,3,4,4,2,2,-44,-44,-44,-44,-44,-44,"-44",-44,-44,-44,-44,-44,-44,"-44",2,2,-44,-44,2,2,-44,-44,-44,-44,"-44",-44,-44,-44,-44,"-44",-44,-44,-44,-44,"-44",-44,-44,-44,-44,"-44",-44,-44,-44,-44,"-44",-44,-44,-44,-44,"-44",-44,"-44",-44,"-44",-44,-44,-44,-44,2,2,-44,-44,-44,-44,-44,"-44",-44,-44,-44,-44,-44,"-44",-44,-44,-44,-44,-44,-44,-44,-44,-44,-44,-44,-44,-44,-44,-44,-44,-44,-44,-44,-44,-44,-44,2,2,-44,-44,3,4,4,4,3,2,-44,-44,-44,-44,-44,3,3,2,1,4,1,1,888997,1,1,1,3,3,1,1,3,1,4,3,1,"-44",2,2,2,1,2,2,1,2,1,0,1,1,2,1,3,1,1,1,0,0,0,1,0,1,1,2,6,24,12000000,48000000,150000000,6,24,12000000,48000000,160000000,100,1,1,2,4,"NAIROBI",7,"-44","-44",24,105,999,1,-44,1,-44,2,35.0139999389648,"Kenya"
10105,1,2,"M1 through M5",1,2,"M6",-44,-44,"-44",1,1910,1910,10,"non govermental organization",2,19,13,6,7,69,44,25,1,6,4,7,16.6666666666667,33.3333333333333,0,2,-44,-44,-44,-44,-44,-44,1,6,5,6,0,16.6666666666667,0,1,8,6,8,25,0,1,5,5,10,100,0,2,-44,-44,-44,-44,-44,2,-44,-44,-44,-44,-44,2,-44,-44,-44,-44,-44,1,3,3,3,0,0,1,54,48,34,44.4444444444444,0,1,1,2,1,1,2,1,2,"-44",2,-44,-44,-44,-44,-44,-44,-44,"-44",1,1,1,1,2,2,1,2,"-44",1,1,2,2,1,2,2,2,"-44",1,1,2,2,2,2,2,2,"-44",2,-44,-44,-44,-44,-44,-44,-44,"-44",2,-44,-44,-44,-44,-44,-44,-44,"-44",2,-44,-44,-44,-44,-44,-44,-44,"-44",1,1,1,1,2,2,1,2,"-44",1,1,2,2,2,2,2,2,"-44",1,2,1,3,"Technicians and associate professionals",1,1,2,2,2,1,1,5,"Service workers","Technicians and associate professionals","Service workers",2,2,2,2,2,2,1,1,2,2,2,2,2,2,2,1,1,2,1,2,18,-44,-44,-44,30,-44,5,4,1,2,35000,20000,2,2,1,2,1,5,-44,2,1,2,-44,-44,2,1,5,1,2,2,2,1,1,2,2,1,2,1,1,1,2,2,2,2,2,1,3,2,1,1,64000,37000,2,2,2,4,5,4,1,1,1,1,40,28,1,2,2,2,2,2,2,2,2,2,2,2,1,1,-44,-44,-44,-44,-44,-44,-44,-44,-44,-44,1,1,4,4,4,4,4,1,2,3,4,4,4,4,3,2,3,2,2,2,2,2,2,2,1,-44,-44,-44,-44,-44,-44,-44,-44,-44,-44,1,4,4,4,4,1,2,3,4,4,4,4,2,2,-44,-44,-44,-44,-44,-44,"-44",-44,-44,-44,-44,-44,-44,"-44",1,1,100,60,2,2,-44,-44,-44,-44,"-44",-44,-44,-44,-44,"-44",-44,-44,-44,-44,"-44",-44,-44,-44,-44,"-44",-44,-44,-44,-44,"-44",-44,-44,-44,-44,"-44",-44,"-44",-44,"-44",-44,-44,-44,-44,2,2,-44,-44,-44,-44,-44,"-44",-44,-44,-44,-44,-44,"-44",-44,-44,-44,-44,-44,-44,-44,-44,-44,-44,-44,-44,-44,-44,-44,-44,-44,-44,-44,-44,-44,-44,1,1,3,3,2,3,4,2,4,2,-44,-44,-44,-44,-44,4,2,2,1,4,1,3,888997,1,1,3,3,1,3,1,3,3,4,3,1,"-44",1,1,1,1,2,2,1,0,0,0,0,0,1,1,1,2,1,1,1,2,1,1,0,0,1,1,4,80,23200000,888997,888997,12,80,888997,888997,888997,80,2,1,2,2,"NAIROBI",19,"-44","-44",82,113,999,1,-44,1,-44,2,35.0139999389648,"Kenya"
10018,1,3,"M1 through M5",-44,-44,"M6",-44,-44,"-44",1,1965,1965,1,"-44",1,4,32,29,3,0,0,0,1,2,2,2,0,0,0,1,4,4,4,25,0,0,2,-44,-44,-44,-44,-44,-44,1,2,2,2,50,0,1,16,16,16,0,0,1,1,1,1,0,0,2,-44,-44,-44,-44,-44,2,-44,-44,-44,-44,-44,1,3,3,3,0,0,1,4,4,4,25,0,2,-44,-44,-44,-44,-44,-44,-44,"-44",2,-44,-44,-44,-44,-44,-44,-44,"-44",2,-44,-44,-44,-44,-44,-44,-44,"-44",2,-44,-44,-44,-44,-44,-44,-44,"-44",1,1,2,1,1,1,2,2,"-44",2,-44,-44,-44,-44,-44,-44,-44,"-44",2,-44,-44,-44,-44,-44,-44,-44,"-44",2,-44,-44,-44,-44,-44,-44,-44,"-44",2,-44,-44,-44,-44,-44,-44,-44,"-44",1,1,2,2,2,2,2,2,"-44",1,1,2,2,"Professionals",1,1,1,2,2,1,1,6,"Sales workers","Professionals","Sales workers",2,2,2,2,2,2,1,1,2,2,2,2,2,2,2,1,1,2,2,2,-44,-44,-44,-44,-44,-44,4,4,1,1,100000,35000,2,2,1,1,1,2,5,2,1,2,1,2,2,1,5,2,1,2,1,2,1,2,1,1,2,1,1,1,2,1,1,2,2,1,3,3,3,3,100000,40000,2,2,6,12,4,4,1,2,1,1,50,30,1,1,2,1,3,2,2,2,2,2,2,2,2,2,-44,1,-44,-44,-44,-44,-44,-44,-44,-44,-44,-44,1,2,4,4,4,4,4,3,4,4,4,4,2,1,3,1,2,2,2,1,1,2,2,-44,1,-44,1,-44,-44,-44,1,1,-44,-44,1,3,4,4,4,4,4,2,4,4,4,2,2,-44,-44,-44,-44,-44,-44,"-44",-44,-44,-44,-44,-44,-44,"-44",1,1,100,10,1,1,2,1,2,-44,"-44",2,1,2,-44,"-44",-44,30,-44,-44,"-44",-44,30,-44,-44,"-44",-44,10,-44,-44,"-44",-44,14,-44,-44,"-44",4,"-44",4,"-44",30,14,0,0,1,1,2,1,2,2,2,"-44",2,1,2,2,2,"-44",-44,70,-44,-44,-44,-44,14,-44,-44,-44,-44,10,-44,-44,-44,-44,14,-44,-44,-44,0,0,1,1,1,1,2,4,4,4,4,2,-44,-44,-44,-44,-44,4,3,3,5,4,3,3,888997,1,1,1,1,1,1,3,3,3,5,5,1,"-44",2,1,1,1,2,2,4,3,1,1,0,4,0,4,3,0,0,1,0,0,0,0,2,1,0,2,12,30,15000000,600000,1800000000,12,30,17000000,650000,2300000000,100,1,1,1,4,"NAIROBI",4,"-44","-44",32,111,999,1,-44,1,-44,2,35.0139999389648,"Kenya"
10075,2,2,"M1 through M5",-44,-44,"M6",-44,-44,"-44",2,-44,2014,2,"-44",1,13,18,12,6,0,0,0,1,2,1,2,50,50,0,1,1,0,1,0,100,0,1,4,1,6,0,75,0,1,2,2,2,100,0,2,-44,-44,-44,-44,-44,1,8,5,10,37.5,0,2,-44,-44,-44,-44,-44,2,-44,-44,-44,-44,-44,1,1,1,2,0,0,2,-44,-44,-44,-44,-44,2,-44,-44,-44,-44,-44,-44,-44,"-44",1,1,2,2,1,2,2,2,"-44",1,1,2,2,2,2,2,2,"-44",1,1,2,2,1,2,2,2,"-44",2,-44,-44,-44,-44,-44,-44,-44,"-44",1,1,2,1,2,2,2,2,"-44",2,-44,-44,-44,-44,-44,-44,-44,"-44",2,-44,-44,-44,-44,-44,-44,-44,"-44",1,2,2,2,1,2,2,2,"-44",2,-44,-44,-44,-44,-44,-44,-44,"-44",1,1,1,2,"Professionals",1,2,1,2,2,1,2,6,"Sales workers","Professionals","Sales workers",2,2,2,1,2,1,1,1,2,2,2,2,1,2,1,1,1,2,1,1,70,40,60,40,14,14,6,6,1,2,100000,60000,2,2,2,1,1,5,-44,2,1,2,-44,-44,5,-44,-44,-44,-44,-44,-44,-44,1,1,1,1,2,1,1,1,1,1,2,2,1,1,4,3,1,1,100000,60000,2,2,1,1,6,6,1,1,1,1,35,30,1,2,2,2,3,2,2,2,2,2,2,2,2,2,-44,-44,-44,-44,-44,-44,-44,-44,-44,-44,-44,-44,1,4,4,4,4,4,4,4,3,4,2,4,2,2,3,2,2,2,2,2,2,2,2,-44,-44,-44,-44,-44,-44,-44,-44,-44,-44,-44,4,4,4,4,2,4,1,3,4,4,4,1,1,2,2,2,2,1,2,"-44",2,2,2,2,1,2,"-44",1,1,100,100,2,1,-44,-44,-44,-44,"-44",1,2,2,-44,"-44",-44,-44,-44,-44,"-44",-44,-44,-44,-44,"-44",100,-44,-44,-44,"-44",7,-44,-44,-44,"-44",-44,"-44",4,"-44",-44,7,-44,-44,2,1,-44,-44,-44,-44,-44,"-44",2,1,2,2,2,"-44",-44,-44,-44,-44,-44,-44,-44,-44,-44,-44,-44,50,-44,-44,-44,-44,7,-44,-44,-44,-44,50000,1,1,3,3,3,4,4,4,4,2,-44,-44,-44,-44,-44,2,2,1,2,4,3,3,3,3,1,3,3,1,3,3,3,3,3,4,1,"-44",1,1,1,1,1,1,2,2,0,3,3,1,3,2,3,1,1,1,0,0,0,0,2,2,2,2,1,11,12000000,8000000,19000000,1,18,20000000,11000000,24000000,60,2,2,3,3,"NAIROBI",13,"-44","-44",18,112,999,1,-44,1,-44,2,35.0139999389648,"Kenya"
21072,2,2,"M1 through M5",-44,-44,"M6",-44,-44,"-44",1,2005,2005,4,"-44",1,13,48,27,21,0,0,0,1,2,2,2,50,100,0,1,27,21,21,55.5555555555556,77.7777777777778,0,1,10,10,10,40,100,0,1,2,2,2,0,0,2,-44,-44,-44,-44,-44,1,6,6,6,16.6666666666667,0,2,-44,-44,-44,-44,-44,2,-44,-44,-44,-44,-44,1,1,1,1,0,0,2,-44,-44,-44,-44,-44,1,1,2,2,2,2,2,2,"-44",1,1,2,2,2,2,2,2,"-44",2,-44,-44,-44,-44,-44,-44,-44,"-44",1,1,2,2,2,2,2,2,"-44",2,-44,-44,-44,-44,-44,-44,-44,"-44",1,1,2,2,2,2,2,2,"-44",2,-44,-44,-44,-44,-44,-44,-44,"-44",2,-44,-44,-44,-44,-44,-44,-44,"-44",2,-44,-44,-44,-44,-44,-44,-44,"-44",2,-44,-44,-44,-44,-44,-44,-44,"-44",1,1,1,2,"Professionals",1,2,1,2,2,1,2,6,"Sales workers","Professionals","Sales workers",1,2,2,2,2,1,2,1,2,1,2,2,1,2,1,2,2,2,2,1,-44,40,60,40,-44,30,5,5,1,2,37000,30000,1,1,2,2,5,-44,-44,-44,-44,-44,-44,-44,5,-44,-44,-44,-44,-44,-44,-44,2,1,2,2,1,2,1,1,1,2,2,1,2,1,3,3,1,1,37000,30000,1,1,0,0,6,6,1,1,1,1,28,25,1,2,2,2,3,2,2,2,2,2,2,2,2,2,-44,-44,-44,-44,-44,-44,-44,-44,-44,-44,-44,-44,4,1,4,4,4,4,2,4,3,4,4,4,2,2,3,2,2,2,2,2,2,2,2,-44,-44,-44,-44,-44,-44,-44,-44,-44,-44,-44,4,1,4,4,4,2,4,3,4,4,4,1,1,2,1,2,2,2,2,"-44",2,1,2,2,2,2,"-44",1,1,70,80,2,2,-44,-44,-44,-44,"-44",-44,-44,-44,-44,"-44",-44,-44,-44,-44,"-44",-44,-44,-44,-44,"-44",-44,-44,-44,-44,"-44",-44,-44,-44,-44,"-44",-44,"-44",-44,"-44",-44,-44,-44,-44,2,2,-44,-44,-44,-44,-44,"-44",-44,-44,-44,-44,-44,"-44",-44,-44,-44,-44,-44,-44,-44,-44,-44,-44,-44,-44,-44,-44,-44,-44,-44,-44,-44,-44,-44,-44,1,1,3,3,5,4,4,4,4,2,-44,-44,-44,-44,-44,1,1,1,1,4,3,3,3,3,3,3,3,3,3,2,3,3,3,3,3,"-44",1,1,1,1,1,1,0,0,1,1,1,2,1,1,2,1,2,1,0,0,0,0,0,0,0,1,1,48,30000000,10000000,55000000,1,48,31000000,12000000,65000000,0,1,2,3,3,"NAIROBI",13,"-44","-44",48,110,999,1,-44,1,-44,2,35.0139999389648,"Kenya"
10007,1,2,"M1 through M5",-44,-44,"M6",-44,-44,"-44",2,-44,1999,3,"-44",1,14,5,3,2,35,29,6,1,3,3,3,33.3333333333333,0,0,1,1,1,1,100,0,0,2,-44,-44,-44,-44,-44,-44,1,1,1,1,100,0,1,34,30,45,14.7058823529412,0,2,-44,-44,-44,-44,-44,2,-44,-44,-44,-44,-44,2,-44,-44,-44,-44,-44,1,1,1,1,0,0,2,-44,-44,-44,-44,-44,1,1,2,2,1,2,2,2,"-44",1,1,2,2,1,2,2,2,"-44",2,-44,-44,-44,-44,-44,-44,-44,"-44",1,1,1,2,1,2,2,2,"-44",1,1,2,1,1,2,1,2,"-44",1,1,2,1,1,2,1,2,"-44",2,-44,-44,-44,-44,-44,-44,-44,"-44",2,-44,-44,-44,-44,-44,-44,-44,"-44",1,1,2,1,1,2,1,2,"-44",2,-44,-44,-44,-44,-44,-44,-44,"-44",1,1,2,1,"Managers",1,1,2,2,2,1,2,5,"Service workers","Managers","Service workers",2,1,2,2,2,2,1,2,2,2,1,2,2,2,2,1,1,2,1,1,90,40,60,40,30,1,5,4,1,1,15000,6000,2,1,1,1,1,2,5,2,1,2,1,2,1,2,5,2,1,2,1,2,2,1,2,1,2,1,1,2,1,2,1,2,1,1,2,1,3,3,15000,6000,2,1,24,6,5,5,1,1,2,2,35,30,1,1,2,2,3,2,2,2,2,2,2,2,2,2,-44,-44,-44,-44,-44,-44,-44,-44,-44,-44,-44,-44,4,4,4,4,4,1,2,4,3,4,4,4,2,2,3,2,2,2,2,2,2,3,2,-44,-44,-44,-44,-44,-44,-44,-44,-44,-44,-44,4,4,4,4,1,4,2,3,4,4,4,2,2,-44,-44,-44,-44,-44,-44,"-44",-44,-44,-44,-44,-44,-44,"-44",1,1,100,100,2,2,-44,-44,-44,-44,"-44",-44,-44,-44,-44,"-44",-44,-44,-44,-44,"-44",-44,-44,-44,-44,"-44",-44,-44,-44,-44,"-44",-44,-44,-44,-44,"-44",-44,"-44",-44,"-44",-44,-44,-44,-44,2,2,-44,-44,-44,-44,-44,"-44",-44,-44,-44,-44,-44,"-44",-44,-44,-44,-44,-44,-44,-44,-44,-44,-44,-44,-44,-44,-44,-44,-44,-44,-44,-44,-44,-44,-44,1,1,3,3,4,4,4,4,5,2,-44,-44,-44,-44,-44,5,1,1,5,5,2,2,2,2,1,3,3,1,1,2,2,3,4,5,1,"-44",2,1,1,1,1,2,3,3,3,3,3,3,3,3,3,1,3,3,1,0,1,1,1,3,1,2,6,25,1000000,1400000,16000000,6,30,1100000,1450000,15000000,100,1,2,1,2,"NAIROBI",14,"-44","-44",40,103,999,1,-44,1,-44,2,35.0139999389648,"Kenya"
99136,1,2,"M1 through M5",-44,-44,"M6",-44,-44,"-44",2,-44,1989,2,"-44",1,3,61,37,24,0,0,0,1,6,6,6,0,0,0,2,-44,-44,-44,-44,-44,-44,2,-44,-44,-44,-44,-44,-44,1,13,11,13,53.8461538461538,0,2,-44,-44,-44,-44,-44,1,27,25,27,51.8518518518518,0,2,-44,-44,-44,-44,-44,2,-44,-44,-44,-44,-44,2,-44,-44,-44,-44,-44,1,15,15,15,20,0,2,-44,-44,-44,-44,-44,-44,-44,"-44",2,-44,-44,-44,-44,-44,-44,-44,"-44",2,-44,-44,-44,-44,-44,-44,-44,"-44",1,1,1,1,2,2,1,2,"-44",2,-44,-44,-44,-44,-44,-44,-44,"-44",1,1,1,2,2,2,2,2,"-44",2,-44,-44,-44,-44,-44,-44,-44,"-44",2,-44,-44,-44,-44,-44,-44,-44,"-44",2,-44,-44,-44,-44,-44,-44,-44,"-44",2,-44,-44,-44,-44,-44,-44,-44,"-44",1,2,2,1,"Managers",1,2,1,2,2,2,1,6,"Sales workers","Managers","Sales workers",2,1,2,2,2,2,2,2,2,2,1,2,2,2,2,1,2,2,2,1,-44,40,60,40,-44,20,4,6,1,2,98400,26800,2,2,1,1,5,-44,-44,-44,-44,-44,-44,-44,5,-44,-44,-44,-44,-44,-44,-44,2,1,2,1,2,1,1,2,1,1,2,2,2,2,4,3,3,1,95800,22800,2,2,7,6,6,5,2,1,1,1,50,24,1,1,2,2,2,3,1,2,2,2,2,3,1,2,-44,-44,-44,-44,1,-44,-44,-44,-44,-44,3,-44,4,4,4,4,4,4,3,1,2,4,4,4,3,1,1,3,1,2,2,1,3,3,3,-44,3,1,-44,1,-44,-44,3,-44,-44,-44,4,4,4,4,3,2,4,4,1,4,4,2,2,-44,-44,-44,-44,-44,-44,"-44",-44,-44,-44,-44,-44,-44,"-44",2,2,-44,-44,2,2,-44,-44,-44,-44,"-44",-44,-44,-44,-44,"-44",-44,-44,-44,-44,"-44",-44,-44,-44,-44,"-44",-44,-44,-44,-44,"-44",-44,-44,-44,-44,"-44",-44,"-44",-44,"-44",-44,-44,-44,-44,2,2,-44,-44,-44,-44,-44,"-44",-44,-44,-44,-44,-44,"-44",-44,-44,-44,-44,-44,-44,-44,-44,-44,-44,-44,-44,-44,-44,-44,-44,-44,-44,-44,-44,-44,-44,2,2,-44,-44,5,5,2,1,3,2,-44,-44,-44,-44,-44,2,1,5,2,3,1,3,3,3,3,3,3,3,3,3,3,3,3,1,1,"-44",1,2,2,2,2,2,4,3,0,2,4,1,2,2,4,0,4,2,4,2,0,3,4,4,0,1,3,63,40406300,14966500,256389100,3,65,43929600,25894200,298256400,50,1,1,1,4,"NAIROBI",3,"-44","-44",61,104,202,1,-44,1,-44,2,35.0139999389648,"Kenya"
99133,1,2,"M1 through M5",-44,-44,"M6",-44,-44,"-44",2,-44,2001,3,"-44",1,13,31,12,19,0,0,0,1,2,2,2,0,0,0,1,12,10,14,58.3333333333333,16.6666666666667,0,2,-44,-44,-44,-44,-44,-44,1,11,9,12,72.7272727272727,0,2,-44,-44,-44,-44,-44,1,6,5,7,66.6666666666667,0,2,-44,-44,-44,-44,-44,2,-44,-44,-44,-44,-44,2,-44,-44,-44,-44,-44,2,-44,-44,-44,-44,-44,1,2,2,2,2,2,1,2,"-44",1,1,2,2,1,1,2,2,"-44",2,-44,-44,-44,-44,-44,-44,-44,"-44",1,1,2,1,2,2,2,2,"-44",2,-44,-44,-44,-44,-44,-44,-44,"-44",1,1,2,2,1,1,2,2,"-44",2,-44,-44,-44,-44,-44,-44,-44,"-44",2,-44,-44,-44,-44,-44,-44,-44,"-44",2,-44,-44,-44,-44,-44,-44,-44,"-44",2,-44,-44,-44,-44,-44,-44,-44,"-44",1,1,2,2,"Professionals",1,2,1,2,2,2,2,4,"Clerical and support workers","Professionals","Clerical and support workers",1,2,1,2,2,1,2,1,2,2,1,2,2,1,2,2,1,2,1,1,60,40,60,40,20,30,4,6,1,1,41700,27300,2,2,2,1,2,3,5,-44,-44,-44,2,1,2,5,-44,-44,-44,-44,1,2,1,1,2,1,2,2,1,1,2,1,2,2,1,2,2,4,3,3,54400,33100,2,2,12,6,6,4,2,1,1,2,31,30,2,1,3,2,1,2,3,2,2,2,3,2,3,2,-44,-44,1,-44,-44,-44,-44,-44,-44,-44,-44,-44,4,4,4,3,4,1,2,4,4,4,4,4,3,3,1,2,3,2,2,1,2,2,2,-44,-44,1,-44,-44,-44,-44,2,-44,-44,-44,4,4,4,4,4,2,4,4,3,1,4,2,1,-44,-44,-44,-44,-44,-44,"-44",1,2,2,1,2,2,"-44",1,2,70,-44,2,2,-44,-44,-44,-44,"-44",-44,-44,-44,-44,"-44",-44,-44,-44,-44,"-44",-44,-44,-44,-44,"-44",-44,-44,-44,-44,"-44",-44,-44,-44,-44,"-44",-44,"-44",-44,"-44",-44,-44,-44,-44,2,2,-44,-44,-44,-44,-44,"-44",-44,-44,-44,-44,-44,"-44",-44,-44,-44,-44,-44,-44,-44,-44,-44,-44,-44,-44,-44,-44,-44,-44,-44,-44,-44,-44,-44,-44,1,2,888997,-44,5,3,5,2,4,1,3,1,3,2,4,4,2,1,5,1,3,2,1,1,1,3,3,1,1,1,3,3,2,2,1,"-44",2,2,2,2,2,1,0,1,4,2,1,0,3,4,0,4,4,1,4,4,4,1,0,4,2,2,11,33,5544000,6273900,91668800,11,34,4340000,5867900,14181900,40,1,1,1,4,"NAIROBI",13,"-44","-44",31,104,202,1,-44,1,-44,2,35.0139999389648,"Kenya"
98377,1,2,"M1 through M5",-44,-44,"M6",-44,-44,"-44",1,1972,1972,4,"-44",4,10,11,5,6,0,0,0,1,1,1,0,0,0,0,1,3,3,0,33.3333333333333,0,0,2,-44,-44,-44,-44,-44,-44,1,1,1,1,100,0,2,-44,-44,-44,-44,-44,1,6,6,0,66.6666666666667,0,2,-44,-44,-44,-44,-44,2,-44,-44,-44,-44,-44,2,-44,-44,-44,-44,-44,2,-44,-44,-44,-44,-44,2,-44,-44,-44,-44,-44,-44,-44,"-44",1,1,2,1,1,2,2,2,"-44",2,-44,-44,-44,-44,-44,-44,-44,"-44",1,1,2,2,2,2,2,2,"-44",2,-44,-44,-44,-44,-44,-44,-44,"-44",1,1,2,1,1,2,2,2,"-44",2,-44,-44,-44,-44,-44,-44,-44,"-44",2,-44,-44,-44,-44,-44,-44,-44,"-44",2,-44,-44,-44,-44,-44,-44,-44,"-44",2,-44,-44,-44,-44,-44,-44,-44,"-44",1,1,2,2,"Professionals",1,2,1,2,2,2,2,6,"Sales workers","Professionals","Sales workers",2,2,2,2,2,2,1,2,1,2,2,2,2,2,2,2,2,1,1,1,50,50,50,50,60,60,6,6,1,2,60000,38000,2,2,1,1,5,-44,-44,-44,-44,-44,-44,-44,5,-44,-44,-44,-44,-44,-44,-44,1,1,1,1,2,1,1,1,2,1,1,2,2,1,4,3,3,3,180000,38000,2,2,36,36,6,6,1,2,2,2,40,28,1,2,1,1,3,1,1,1,1,1,1,1,1,1,1,1,-44,1,1,1,1,1,1,1,1,1,4,4,4,1,4,4,2,4,4,3,4,4,1,1,2,1,1,1,1,1,1,1,1,1,1,-44,1,1,1,1,1,1,1,1,4,4,4,4,1,2,4,4,4,4,3,2,2,-44,-44,-44,-44,-44,-44,"-44",-44,-44,-44,-44,-44,-44,"-44",2,2,-44,-44,2,2,-44,-44,-44,-44,"-44",-44,-44,-44,-44,"-44",-44,-44,-44,-44,"-44",-44,-44,-44,-44,"-44",-44,-44,-44,-44,"-44",-44,-44,-44,-44,"-44",-44,"-44",-44,"-44",-44,-44,-44,-44,2,2,-44,-44,-44,-44,-44,"-44",-44,-44,-44,-44,-44,"-44",-44,-44,-44,-44,-44,-44,-44,-44,-44,-44,-44,-44,-44,-44,-44,-44,-44,-44,-44,-44,-44,-44,2,2,-44,-44,2,4,4,1,4,2,-44,-44,-44,-44,-44,1,1,1,5,5,3,3,3,3,1,1,2,1,3,3,2,3,4,4,1,"-44",2,1,1,1,1,2,1,2,0,4,4,3,0,3,3,1,0,0,0,1,1,0,1,1,2,1,9,24,9400000,1200000,2400000,9,24,9200000,1300000,2500000,100,1,1,1,4,"NAIROBI",10,"-44","-44",11,102,102,1,-44,1,-44,2,35.0139999389648,"Kenya"
99135,2,3,"M1 through M5",-44,-44,"M6",-44,-44,"-44",2,-44,2009,6,"-44",2,14,16,9,7,5,3,2,1,2,2,2,100,0,0,2,-44,-44,-44,-44,-44,-44,1,11,11,11,63.6363636363636,0,0,1,8,8,8,0,0,2,-44,-44,-44,-44,-44,2,-44,-44,-44,-44,-44,2,-44,-44,-44,-44,-44,2,-44,-44,-44,-44,-44,2,-44,-44,-44,-44,-44,2,-44,-44,-44,-44,-44,1,1,1,2,2,2,1,2,"-44",2,-44,-44,-44,-44,-44,-44,-44,"-44",1,1,1,2,2,2,1,2,"-44",1,2,1,2,1,1,1,2,"-44",2,-44,-44,-44,-44,-44,-44,-44,"-44",2,-44,-44,-44,-44,-44,-44,-44,"-44",2,-44,-44,-44,-44,-44,-44,-44,"-44",2,-44,-44,-44,-44,-44,-44,-44,"-44",2,-44,-44,-44,-44,-44,-44,-44,"-44",2,-44,-44,-44,-44,-44,-44,-44,"-44",1,2,1,3,"Technicians and associate professionals",1,2,2,2,2,2,2,4,"Clerical and support workers","Technicians and associate professionals","Clerical and support workers",2,2,2,1,1,1,2,1,2,2,2,2,2,2,2,1,1,2,1,1,80,0,100,0,30,20,5,6,1,1,49300,15000,2,2,2,2,2,5,-44,-44,-44,-44,1,2,5,-44,-44,-44,-44,-44,-44,-44,1,1,1,1,1,1,1,1,2,1,2,2,2,1,2,3,3,3,34900,15600,2,2,12,7,6,4,2,2,2,2,30,29,1,2,2,1,1,2,2,2,2,2,2,2,2,1,-44,1,1,-44,-44,-44,-44,-44,-44,-44,-44,1,2,4,4,4,4,3,1,4,4,4,4,4,2,1,1,2,2,2,3,2,3,3,2,-44,1,3,-44,-44,-44,-44,-44,-44,-44,-44,4,4,4,1,4,4,4,4,2,3,4,1,1,1,1,1,2,1,2,"-44",1,1,2,1,2,2,"-44",2,1,-44,40,2,2,-44,-44,-44,-44,"-44",-44,-44,-44,-44,"-44",-44,-44,-44,-44,"-44",-44,-44,-44,-44,"-44",-44,-44,-44,-44,"-44",-44,-44,-44,-44,"-44",-44,"-44",-44,"-44",-44,-44,-44,-44,2,2,-44,-44,-44,-44,-44,"-44",-44,-44,-44,-44,-44,"-44",-44,-44,-44,-44,-44,-44,-44,-44,-44,-44,-44,-44,-44,-44,-44,-44,-44,-44,-44,-44,-44,-44,2,1,-44,4,5,2,5,3,2,1,2,1,3,3,3,2,1,1,2,5,2,3,2,2,2,3,3,3,1,3,3,3,3,4,4,"-44",1,2,1,1,1,1,4,2,0,4,0,4,1,1,0,4,0,0,0,4,4,1,4,0,0,1,1,21,13597800,5766800,24906200,1,21,18627400,6045200,44182700,20,1,2,1,4,"NAIROBI",14,"-44","-44",21,104,202,1,-44,1,-44,2,35.0139999389648,"Kenya"
10002,1,2,"M1 through M5",-44,-44,"M6",-44,-44,"-44",2,-44,1983,2,"-44",1,7,42,30,12,0,0,0,1,4,4,4,0,0,0,2,-44,-44,-44,-44,-44,-44,1,12,10,13,16.6666666666667,16.6666666666667,0,1,14,14,16,42.8571428571429,0,2,-44,-44,-44,-44,-44,1,8,8,10,37.5,0,2,-44,-44,-44,-44,-44,2,-44,-44,-44,-44,-44,1,2,2,2,0,0,1,2,2,2,50,0,2,-44,-44,-44,-44,-44,-44,-44,"-44",2,-44,-44,-44,-44,-44,-44,-44,"-44",1,1,1,2,2,2,2,2,"-44",2,-44,-44,-44,-44,-44,-44,-44,"-44",2,-44,-44,-44,-44,-44,-44,-44,"-44",1,1,2,2,2,2,2,2,"-44",2,-44,-44,-44,-44,-44,-44,-44,"-44",2,-44,-44,-44,-44,-44,-44,-44,"-44",1,1,2,2,2,2,2,2,"-44",1,1,2,2,2,2,2,2,"-44",1,2,1,1,"Managers",1,2,1,2,2,1,1,9,"Plant and machine operators, and assembl","Managers","Plant and machine operators, and assembl",2,2,2,1,2,2,2,1,2,2,2,2,1,2,2,2,1,2,2,1,-44,20,80,20,-44,15,6,4,1,1,80000,25000,2,2,1,2,3,5,-44,-44,-44,-44,-44,-44,5,-44,-44,-44,-44,-44,-44,-44,1,2,1,1,2,1,1,1,1,2,2,2,2,1,3,2,1,1,80000,25000,2,2,1,1,6,4,1,2,1,1,35,30,1,1,2,2,3,2,2,2,2,2,2,2,2,2,-44,-44,-44,-44,-44,-44,-44,-44,-44,-44,-44,-44,4,4,4,2,4,3,4,4,4,4,4,1,3,2,3,2,2,2,2,2,2,3,3,-44,-44,-44,-44,-44,-44,-44,-44,-44,-44,-44,4,4,4,4,1,3,2,4,4,4,4,2,2,-44,-44,-44,-44,-44,-44,"-44",-44,-44,-44,-44,-44,-44,"-44",1,2,100,-44,1,2,2,1,2,-44,"-44",-44,-44,-44,-44,"-44",-44,100,-44,-44,"-44",-44,15,-44,-44,"-44",-44,-44,-44,-44,"-44",-44,-44,-44,-44,"-44",6,"iso certification training",-44,"-44",15,-44,200000,-44,1,2,2,1,2,2,2,"-44",-44,-44,-44,-44,-44,"-44",-44,30,-44,-44,-44,-44,14,-44,-44,-44,-44,-44,-44,-44,-44,-44,-44,-44,-44,-44,300000,-44,1,2,4,-44,4,2,2,2,4,2,-44,-44,-44,-44,-44,4,1,1,4,4,3,3,888997,3,3,3,3,3,3,3,3,3,4,4,1,"-44",1,1,1,1,1,1,3,3,0,3,3,3,1,3,3,1,0,0,0,0,0,0,0,0,0,2,6,40,38000000,220000000,300000000,6,42,42000000,240000000,330000000,100,1,1,1,2,"NAIROBI",7,"-44","-44",42,112,999,1,-44,1,-44,2,35.0139999389648,"Kenya"
21041,2,2,"M1 through M5",-44,-44,"M6",-44,-44,"-44",2,-44,1974,2,"family",1,18,35,18,17,0,0,0,1,5,5,5,100,40,0,1,5,5,10,60,40,0,1,2,2,5,50,50,0,1,2,2,6,0,0,1,2,2,3,0,0,1,5,5,10,40,0,2,-44,-44,-44,-44,-44,1,5,5,7,40,0,1,4,4,10,25,0,1,5,5,8,60,0,1,1,2,1,1,1,1,2,"-44",1,1,2,1,1,2,1,2,"-44",1,1,2,1,1,2,1,2,"-44",1,1,2,1,1,2,1,2,"-44",1,1,2,1,1,1,1,2,"-44",1,1,2,1,1,1,1,2,"-44",2,-44,-44,-44,-44,-44,-44,-44,"-44",1,1,2,1,1,1,1,2,"-44",1,1,2,1,1,1,1,2,"-44",1,1,2,1,1,1,1,2,"-44",1,1,1,3,"Technicians and associate professionals",1,1,1,2,1,1,1,8,"Construction, craft, and related trade w","Technicians and associate professionals","Construction, craft, and related trade w",1,1,1,1,2,1,1,1,2,2,2,1,2,2,1,2,1,2,1,1,50,60,40,60,5,10,6,5,2,1,100000,30000,2,2,1,1,1,2,3,2,1,2,1,2,1,2,3,2,1,2,1,2,1,1,1,1,1,1,2,1,1,1,2,2,2,2,2,2,3,3,100000,30000,2,2,12,24,6,6,2,1,1,1,35,27,2,1,2,2,2,2,2,2,2,2,2,2,2,2,-44,-44,-44,-44,-44,-44,-44,-44,-44,-44,-44,-44,2,4,3,1,4,4,4,4,4,4,4,4,1,2,1,1,2,2,2,2,2,2,2,2,-44,1,1,-44,-44,-44,-44,-44,-44,-44,4,4,4,4,4,4,1,2,3,4,4,1,1,1,2,2,2,2,2,"-44",1,2,2,2,2,2,"-44",1,1,30,20,2,2,-44,-44,-44,-44,"-44",-44,-44,-44,-44,"-44",-44,-44,-44,-44,"-44",-44,-44,-44,-44,"-44",-44,-44,-44,-44,"-44",-44,-44,-44,-44,"-44",-44,"-44",-44,"-44",-44,-44,-44,-44,2,2,-44,-44,-44,-44,-44,"-44",-44,-44,-44,-44,-44,"-44",-44,-44,-44,-44,-44,-44,-44,-44,-44,-44,-44,-44,-44,-44,-44,-44,-44,-44,-44,-44,-44,-44,1,1,3,3,4,5,5,5,5,1,5,5,5,5,5,4,1,1,1,1,1,3,3,3,3,3,3,3,3,3,3,3,5,5,2,"-44",1,1,1,1,1,1,3,3,0,3,1,3,3,2,3,1,2,1,1,1,1,2,2,1,2,1,11,20,15000000,50000000,80000000,12,25,2000000,8000000,10000000,50,1,2,2,2,"NAIROBI",18,"-44","-44",35,104,999,1,-44,1,-44,2,35.0139999389648,"Kenya"
10026,2,2,"M1 through M5",-44,-44,"M6",-44,-44,"-44",1,2007,2007,3,"-44",1,1,62,47,15,0,0,0,1,3,2,5,66.6666666666667,66.6666666666667,0,1,5,2,6,40,40,0,2,-44,-44,-44,-44,-44,-44,1,10,0,2,0,0,1,2,2,0,0,0,1,33,9,15,27.2727272727273,0,2,-44,-44,-44,-44,-44,2,-44,-44,-44,-44,-44,2,-44,-44,-44,-44,-44,1,9,2,2,22.2222222222222,0,1,1,2,2,2,2,2,2,"-44",1,1,2,2,2,2,2,2,"-44",2,-44,-44,-44,-44,-44,-44,-44,"-44",1,2,2,2,2,2,2,2,"-44",2,-44,-44,-44,-44,-44,-44,-44,"-44",1,1,1,2,1,1,2,2,"-44",2,-44,-44,-44,-44,-44,-44,-44,"-44",2,-44,-44,-44,-44,-44,-44,-44,"-44",2,-44,-44,-44,-44,-44,-44,-44,"-44",1,1,2,2,2,2,2,2,"-44",1,1,2,2,"Professionals",1,1,1,2,2,2,1,6,"Sales workers","Professionals","Sales workers",1,2,2,2,2,2,2,2,2,1,2,2,2,2,2,2,2,2,1,1,50,50,50,50,30,20,6,5,1,2,65000,25000,2,2,1,1,1,4,2,2,2,1,1,2,1,2,4,2,1,2,2,1,2,2,1,1,1,2,2,2,2,1,2,1,2,2,4,3,3,3,10000,16000,2,2,0,9,6,5,1,1,1,1,35,25,2,2,2,2,2,2,2,2,2,2,2,2,2,2,-44,-44,-44,-44,-44,-44,-44,-44,-44,-44,-44,-44,4,1,4,3,4,4,4,2,4,4,4,4,1,2,2,2,2,2,2,2,2,2,2,2,-44,-44,-44,-44,-44,-44,-44,-44,-44,-44,1,2,4,4,3,4,4,4,4,4,4,2,2,-44,-44,-44,-44,-44,-44,"-44",-44,-44,-44,-44,-44,-44,"-44",2,2,-44,-44,2,2,-44,-44,-44,-44,"-44",-44,-44,-44,-44,"-44",-44,-44,-44,-44,"-44",-44,-44,-44,-44,"-44",-44,-44,-44,-44,"-44",-44,-44,-44,-44,"-44",-44,"-44",-44,"-44",-44,-44,-44,-44,2,2,-44,-44,-44,-44,-44,"-44",-44,-44,-44,-44,-44,"-44",-44,-44,-44,-44,-44,-44,-44,-44,-44,-44,-44,-44,-44,-44,-44,-44,-44,-44,-44,-44,-44,-44,2,2,-44,-44,4,4,3,5,5,2,-44,-44,-44,-44,-44,2,2,2,1,2,3,3,3,3,3,3,3,3,3,3,3,3,3,4,1,"-44",2,1,1,1,1,2,0,0,0,0,0,0,0,0,0,0,1,1,0,1,1,0,1,1,1,1,12,50,700000,20000000,30000000,12,62,2000000,30000000,45000000,100,3,2,2,2,"NAIROBI",1,"-44","-44",62,114,999,1,-44,1,-44,2,35.0139999389648,"Kenya"
10086,1,2,"M1 through M5",-44,-44,"M6",-44,-44,"-44",2,-44,2010,1,"-44",1,16,25,7,18,0,0,0,1,1,1,1,100,0,0,1,16,15,18,87.5,0,0,2,-44,-44,-44,-44,-44,-44,2,-44,-44,-44,-44,-44,1,2,1,3,100,0,2,-44,-44,-44,-44,-44,2,-44,-44,-44,-44,-44,2,-44,-44,-44,-44,-44,1,3,3,3,0,0,1,3,2,4,33.3333333333333,0,2,-44,-44,-44,-44,-44,-44,-44,"-44",1,1,1,2,1,1,2,2,"-44",2,-44,-44,-44,-44,-44,-44,-44,"-44",2,-44,-44,-44,-44,-44,-44,-44,"-44",1,1,1,2,1,1,2,2,"-44",2,-44,-44,-44,-44,-44,-44,-44,"-44",2,-44,-44,-44,-44,-44,-44,-44,"-44",2,-44,-44,-44,-44,-44,-44,-44,"-44",2,-44,-44,-44,-44,-44,-44,-44,"-44",1,1,2,1,2,1,1,2,"-44",1,1,2,2,"Professionals",2,1,2,2,2,1,1,10,"Elementary occupations","Professionals","Elementary occupations",2,2,2,1,2,2,1,2,2,2,2,2,1,2,2,1,2,2,1,1,40,80,20,80,14,10,6,4,1,2,16000,10000,2,2,1,1,1,2,5,2,1,2,1,2,1,2,5,2,1,2,2,1,1,1,1,2,2,2,1,2,2,2,2,2,2,1,2,1,1,1,16000,11000,2,2,24,36,6,4,1,2,1,1,32,28,2,2,2,2,3,2,2,2,2,2,2,2,3,2,-44,-44,-44,-44,-44,-44,-44,-44,-44,-44,-44,-44,4,1,4,2,4,3,4,4,4,4,4,4,2,2,3,2,2,2,2,2,2,3,2,-44,-44,-44,-44,-44,-44,-44,-44,-44,-44,-44,4,4,4,3,2,1,4,4,4,4,4,1,2,2,1,1,1,2,2,"-44",-44,-44,-44,-44,-44,-44,"-44",1,2,40,-44,1,2,2,2,1,-44,"-44",-44,-44,-44,-44,"-44",-44,-44,40,-44,"-44",-44,-44,7,-44,"-44",-44,-44,-44,-44,"-44",-44,-44,-44,-44,"-44",5,"-44",-44,"-44",7,-44,0,-44,1,2,1,2,2,2,2,"-44",-44,-44,-44,-44,-44,"-44",40,-44,-44,-44,-44,7,-44,-44,-44,-44,-44,-44,-44,-44,-44,-44,-44,-44,-44,-44,0,-44,1,2,2,-44,5,4,5,5,4,2,-44,-44,-44,-44,-44,2,2,1,4,4,3,3,888997,1,1,3,3,1,1,2,3,3,2,4,1,"-44",2,1,1,1,1,2,1,2,3,2,0,3,3,4,4,4,2,1,1,1,2,2,1,0,1,1,11,12,720000,120000,1600000,11,14,720000,120000,1600000,60,1,1,2,4,"NAIROBI",16,"-44","-44",25,101,999,1,-44,1,-44,2,35.0139999389648,"Kenya"
98353,1,2,"M1 through M5",-44,-44,"M6",-44,-44,"-44",2,-44,1999,2,"-44",1,3,50,40,10,0,0,0,1,5,3,5,40,40,0,1,5,4,5,40,20,0,1,20,17,20,20,15,0,1,5,3,5,0,0,1,2,1,2,0,0,1,3,3,3,33.3333333333333,0,2,-44,-44,-44,-44,-44,2,-44,-44,-44,-44,-44,2,-44,-44,-44,-44,-44,1,10,8,8,10,0,1,1,2,2,2,2,2,2,"-44",1,1,1,2,1,2,2,2,"-44",1,1,2,2,2,2,2,2,"-44",1,1,1,1,1,2,1,2,"-44",1,1,2,1,1,2,2,2,"-44",1,1,2,1,2,2,2,2,"-44",2,-44,-44,-44,-44,-44,-44,-44,"-44",2,-44,-44,-44,-44,-44,-44,-44,"-44",2,-44,-44,-44,-44,-44,-44,-44,"-44",1,1,1,1,1,1,1,2,"-44",1,1,1,2,"Professionals",1,1,1,2,2,2,1,6,"Sales workers","Professionals","Sales workers",2,2,1,2,1,1,2,2,2,2,2,1,2,2,2,2,1,2,1,1,30,20,80,20,10,5,5,5,2,2,30000,20000,2,2,2,2,5,-44,-44,-44,-44,-44,-44,-44,5,-44,-44,-44,-44,-44,-44,-44,1,1,1,2,2,2,2,1,2,1,2,2,1,1,3,2,3,3,180000,120000,1,1,0,0,5,5,1,1,1,1,27,32,1,1,2,2,2,2,2,2,2,2,2,2,2,2,-44,-44,-44,-44,-44,-44,-44,-44,-44,-44,-44,-44,2,3,4,4,1,4,4,4,4,4,4,4,2,2,3,2,2,2,2,2,2,2,2,-44,-44,-44,-44,-44,-44,-44,-44,-44,-44,-44,3,2,1,4,4,4,4,4,4,4,4,2,2,-44,-44,-44,-44,-44,-44,"-44",-44,-44,-44,-44,-44,-44,"-44",2,2,-44,-44,2,2,-44,-44,-44,-44,"-44",-44,-44,-44,-44,"-44",-44,-44,-44,-44,"-44",-44,-44,-44,-44,"-44",-44,-44,-44,-44,"-44",-44,-44,-44,-44,"-44",-44,"-44",-44,"-44",-44,-44,-44,-44,2,2,-44,-44,-44,-44,-44,"-44",-44,-44,-44,-44,-44,"-44",-44,-44,-44,-44,-44,-44,-44,-44,-44,-44,-44,-44,-44,-44,-44,-44,-44,-44,-44,-44,-44,-44,2,2,-44,-44,3,5,5,4,5,2,-44,-44,-44,-44,-44,1,1,1,1,1,3,3,3,3,3,3,3,3,3,3,3,3,3,3,3,"-44",1,1,1,1,1,1,2,2,0,1,1,1,1,0,3,2,2,1,1,1,2,2,2,3,3,1,5,40,3000000,1000000,20000000,5,50,4000000,2000000,30000000,100,2,2,4,3,"NAIROBI",3,"-44","-44",50,104,999,1,-44,1,-44,2,35.0139999389648,"Kenya"
98398,2,2,"M1 through M5",-44,-44,"M6",-44,-44,"-44",1,2006,2006,1,"-44",1,3,30,24,6,0,0,0,1,1,1,1,0,100,0,1,21,21,21,14.2857142857143,100,0,2,-44,-44,-44,-44,-44,-44,1,4,4,4,0,0,2,-44,-44,-44,-44,-44,1,4,4,4,75,0,2,-44,-44,-44,-44,-44,2,-44,-44,-44,-44,-44,2,-44,-44,-44,-44,-44,2,-44,-44,-44,-44,-44,2,-44,-44,-44,-44,-44,-44,-44,"-44",1,1,1,1,1,1,1,2,"-44",2,-44,-44,-44,-44,-44,-44,-44,"-44",2,-44,-44,-44,-44,-44,-44,-44,"-44",2,-44,-44,-44,-44,-44,-44,-44,"-44",1,1,2,2,2,2,2,2,"-44",2,-44,-44,-44,-44,-44,-44,-44,"-44",2,-44,-44,-44,-44,-44,-44,-44,"-44",2,-44,-44,-44,-44,-44,-44,-44,"-44",2,-44,-44,-44,-44,-44,-44,-44,"-44",1,1,2,1,"Managers",1,2,1,2,2,2,2,4,"Clerical and support workers","Managers","Clerical and support workers",1,2,2,2,2,2,2,2,2,1,2,2,2,2,2,2,2,2,2,2,-44,-44,-44,-44,-44,-44,4,6,1,1,280000,25000,2,2,2,2,5,-44,-44,-44,-44,-44,-44,-44,5,-44,-44,-44,-44,-44,-44,-44,2,2,2,2,2,1,1,2,2,2,2,2,1,1,1,3,2,2,30000,25000,2,2,0,0,5,6,1,1,1,1,28,25,1,1,2,2,3,2,2,2,2,2,2,2,1,2,-44,-44,-44,-44,-44,-44,-44,-44,-44,-44,2,-44,1,2,4,4,4,3,4,4,4,4,4,4,2,2,3,2,2,2,2,2,2,2,2,-44,-44,-44,-44,-44,-44,-44,-44,-44,-44,-44,1,2,4,4,4,4,4,3,4,4,4,2,2,-44,-44,-44,-44,-44,-44,"-44",-44,-44,-44,-44,-44,-44,"-44",2,2,-44,-44,2,2,-44,-44,-44,-44,"-44",-44,-44,-44,-44,"-44",-44,-44,-44,-44,"-44",-44,-44,-44,-44,"-44",-44,-44,-44,-44,"-44",-44,-44,-44,-44,"-44",-44,"-44",-44,"-44",-44,-44,-44,-44,2,2,-44,-44,-44,-44,-44,"-44",-44,-44,-44,-44,-44,"-44",-44,-44,-44,-44,-44,-44,-44,-44,-44,-44,-44,-44,-44,-44,-44,-44,-44,-44,-44,-44,-44,-44,2,2,-44,-44,4,4,4,4,4,2,-44,-44,-44,-44,-44,4,2,2,2,2,3,3,3,3,3,3,3,3,3,3,3,3,4,3,1,"-44",2,1,1,1,1,2,0,0,0,0,0,0,0,1,2,0,0,0,0,0,0,0,0,0,0,1,1,33,900000,300000,1000000,1,30,950000,380000,1200000,0,2,2,1,3,"NAIROBI",3,"-44","-44",30,110,999,1,-44,1,-44,2,35.0139999389648,"Kenya"
98234,1,3,"M1 through M5",-44,-44,"M6",-44,-44,"-44",2,-44,2006,1,"-44",1,19,12,8,4,6,3,3,1,1,1,1,0,0,0,2,-44,-44,-44,-44,-44,-44,2,-44,-44,-44,-44,-44,-44,1,1,1,1,0,0,2,-44,-44,-44,-44,-44,2,-44,-44,-44,-44,-44,2,-44,-44,-44,-44,-44,1,3,1,3,66.6666666666667,0,1,8,4,10,25,0,1,5,2,8,60,0,2,-44,-44,-44,-44,-44,-44,-44,"-44",2,-44,-44,-44,-44,-44,-44,-44,"-44",2,-44,-44,-44,-44,-44,-44,-44,"-44",2,-44,-44,-44,-44,-44,-44,-44,"-44",2,-44,-44,-44,-44,-44,-44,-44,"-44",2,-44,-44,-44,-44,-44,-44,-44,"-44",2,-44,-44,-44,-44,-44,-44,-44,"-44",1,1,2,2,2,2,1,2,"-44",1,1,2,1,2,2,1,2,"-44",1,1,2,2,2,2,2,2,"-44",1,2,2,1,"Managers",1,2,2,2,1,1,1,8,"Construction, craft, and related trade w","Managers","Construction, craft, and related trade w",2,2,2,2,2,2,2,1,2,2,2,2,2,2,2,2,1,2,2,1,-44,50,50,50,-44,15,6,5,1,2,75000,22000,2,2,2,1,5,-44,-44,-44,-44,-44,-44,-44,5,-44,-44,-44,-44,-44,-44,-44,1,2,2,1,2,1,1,2,2,2,2,2,2,1,2,1,3,3,75000,27000,2,2,0,2,6,4,1,1,1,1,45,25,1,1,2,2,3,2,2,2,2,2,2,2,2,2,-44,-44,-44,-44,-44,-44,-44,-44,-44,-44,-44,-44,4,4,4,4,4,1,2,3,4,4,4,4,2,2,3,2,2,2,2,2,2,3,2,-44,-44,-44,-44,-44,-44,-44,-44,-44,-44,-44,4,1,4,4,2,3,4,4,4,4,4,2,2,-44,-44,-44,-44,-44,-44,"-44",-44,-44,-44,-44,-44,-44,"-44",2,1,-44,50,2,2,-44,-44,-44,-44,"-44",-44,-44,-44,-44,"-44",-44,-44,-44,-44,"-44",-44,-44,-44,-44,"-44",-44,-44,-44,-44,"-44",-44,-44,-44,-44,"-44",-44,"-44",-44,"-44",-44,-44,-44,-44,2,2,-44,-44,-44,-44,-44,"-44",-44,-44,-44,-44,-44,"-44",-44,-44,-44,-44,-44,-44,-44,-44,-44,-44,-44,-44,-44,-44,-44,-44,-44,-44,-44,-44,-44,-44,2,1,-44,3,1,2,1,2,4,2,-44,-44,-44,-44,-44,1,1,1,2,2,3,3,3,3,3,3,3,3,3,3,3,3,4,4,1,"-44",2,1,1,2,2,2,4,1,0,0,0,1,1,2,1,2,3,1,2,1,2,3,2,1,2,2,1,13,5400000,3600000,24000000,1,15,5700000,3670000,30000000,33,1,1,2,3,"NAIROBI",19,"-44","-44",18,113,999,1,-44,1,-44,2,35.0139999389648,"Kenya"
98389,1,2,"M1 through M5",-44,-44,"M6",-44,-44,"-44",1,2009,2009,5,"-44",1,6,28,24,4,0,0,0,1,1,1,1,0,100,0,1,20,20,20,15,100,0,1,4,4,4,0,100,0,1,1,1,1,100,0,2,-44,-44,-44,-44,-44,2,-44,-44,-44,-44,-44,2,-44,-44,-44,-44,-44,2,-44,-44,-44,-44,-44,1,2,2,2,0,0,2,-44,-44,-44,-44,-44,2,-44,-44,-44,-44,-44,-44,-44,"-44",1,1,2,2,2,2,2,2,"-44",1,1,2,2,2,2,2,2,"-44",2,-44,-44,-44,-44,-44,-44,-44,"-44",2,-44,-44,-44,-44,-44,-44,-44,"-44",2,-44,-44,-44,-44,-44,-44,-44,"-44",2,-44,-44,-44,-44,-44,-44,-44,"-44",2,-44,-44,-44,-44,-44,-44,-44,"-44",2,-44,-44,-44,-44,-44,-44,-44,"-44",2,-44,-44,-44,-44,-44,-44,-44,"-44",1,1,1,2,"Professionals",1,2,2,2,2,1,2,4,"Clerical and support workers","Professionals","Clerical and support workers",1,2,2,2,2,1,2,2,2,1,2,2,2,2,1,2,2,2,2,2,-44,-44,-44,-44,-44,-44,6,6,1,2,550000,30000,1,1,2,2,5,-44,-44,-44,-44,-44,-44,-44,5,-44,-44,-44,-44,-44,-44,-44,1,2,1,1,2,2,1,1,1,2,1,2,2,2,4,2,1,1,60000,32000,1,1,5,5,6,6,1,1,1,1,30,26,1,2,2,2,3,2,2,2,2,2,2,2,2,2,-44,-44,-44,-44,-44,-44,-44,-44,-44,-44,-44,-44,1,4,4,4,4,2,4,3,4,4,4,4,2,2,3,2,2,2,2,2,2,2,2,-44,-44,-44,-44,-44,-44,-44,-44,-44,-44,-44,1,4,4,4,2,4,3,4,4,4,4,1,2,2,2,1,2,2,2,"-44",-44,-44,-44,-44,-44,-44,"-44",2,2,-44,-44,2,2,-44,-44,-44,-44,"-44",-44,-44,-44,-44,"-44",-44,-44,-44,-44,"-44",-44,-44,-44,-44,"-44",-44,-44,-44,-44,"-44",-44,-44,-44,-44,"-44",-44,"-44",-44,"-44",-44,-44,-44,-44,2,2,-44,-44,-44,-44,-44,"-44",-44,-44,-44,-44,-44,"-44",-44,-44,-44,-44,-44,-44,-44,-44,-44,-44,-44,-44,-44,-44,-44,-44,-44,-44,-44,-44,-44,-44,2,2,-44,-44,4,4,4,4,4,2,-44,-44,-44,-44,-44,2,2,2,2,4,3,3,3,3,3,3,3,3,3,3,3,3,5,4,2,"-44",1,1,1,1,1,1,0,0,0,0,0,0,0,0,3,0,0,0,0,0,0,0,0,0,0,1,1,28,1200000,700000,14000000,1,28,1400000,760000,1500000,0,2,1,3,3,"NAIROBI",6,"-44","-44",28,110,999,1,-44,1,-44,2,35.0139999389648,"Kenya"
99129,1,3,"M1 through M5",-44,-44,"M6",-44,-44,"-44",2,-44,1990,6,"-44",2,9,19,10,9,3,0,3,1,1,1,1,0,0,0,2,-44,-44,-44,-44,-44,-44,1,7,5,9,71.4285714285714,28.5714285714286,0,1,6,5,6,50,0,1,7,7,9,57.1428571428571,0,1,1,1,1,0,0,2,-44,-44,-44,-44,-44,2,-44,-44,-44,-44,-44,2,-44,-44,-44,-44,-44,2,-44,-44,-44,-44,-44,1,1,2,2,2,2,2,2,"-44",2,-44,-44,-44,-44,-44,-44,-44,"-44",1,1,2,2,1,2,2,2,"-44",1,1,1,1,1,2,2,2,"-44",2,-44,-44,-44,-44,-44,-44,-44,"-44",1,1,2,1,1,2,1,2,"-44",2,-44,-44,-44,-44,-44,-44,-44,"-44",2,-44,-44,-44,-44,-44,-44,-44,"-44",2,-44,-44,-44,-44,-44,-44,-44,"-44",2,-44,-44,-44,-44,-44,-44,-44,"-44",1,2,1,1,"Managers",1,1,1,2,2,2,2,6,"Sales workers","Managers","Sales workers",2,2,1,2,1,1,2,1,2,2,2,2,2,1,2,1,2,2,1,1,60,50,50,50,40,5,6,5,1,1,89500,17600,2,2,1,1,3,1,5,2,2,1,-44,-44,2,5,-44,-44,-44,-44,1,2,1,1,1,1,2,1,1,1,2,2,2,2,1,1,2,3,3,1,89500,17600,2,2,1,12,6,6,2,2,1,1,51,22,1,1,3,3,1,2,2,3,2,3,3,1,1,2,-44,-44,1,-44,-44,-44,-44,-44,-44,1,2,-44,3,4,4,4,4,4,4,2,4,4,4,1,2,3,2,2,2,2,2,2,2,1,3,-44,-44,-44,-44,-44,-44,-44,-44,-44,2,-44,1,4,4,4,4,3,4,4,2,4,4,1,1,1,2,2,1,2,2,"-44",1,1,2,1,2,2,"-44",2,1,-44,100,2,2,-44,-44,-44,-44,"-44",-44,-44,-44,-44,"-44",-44,-44,-44,-44,"-44",-44,-44,-44,-44,"-44",-44,-44,-44,-44,"-44",-44,-44,-44,-44,"-44",-44,"-44",-44,"-44",-44,-44,-44,-44,2,2,-44,-44,-44,-44,-44,"-44",-44,-44,-44,-44,-44,"-44",-44,-44,-44,-44,-44,-44,-44,-44,-44,-44,-44,-44,-44,-44,-44,-44,-44,-44,-44,-44,-44,-44,2,1,-44,4,2,2,4,4,5,1,5,4,5,3,2,5,3,1,5,5,1,3,3,1,2,3,3,3,3,1,2,2,4,4,1,"-44",1,2,1,1,2,1,1,0,1,2,0,4,0,4,2,1,4,4,4,2,1,4,0,4,0,1,6,24,742400,4102300,70120800,6,24,11714100,4858100,79518500,50,1,1,1,4,"NAIROBI",9,"-44","-44",22,104,202,1,-44,1,-44,2,35.0139999389648,"Kenya"
98329,2,2,"M1 through M5",-44,-44,"M6",-44,-44,"-44",2,-44,1985,2,"-44",1,6,15,8,7,0,0,0,1,2,2,2,0,0,0,1,3,2,3,66.6666666666667,33.3333333333333,0,2,-44,-44,-44,-44,-44,-44,1,3,4,3,100,0,1,2,1,3,50,0,2,-44,-44,-44,-44,-44,2,-44,-44,-44,-44,-44,1,5,3,5,20,0,2,-44,-44,-44,-44,-44,2,-44,-44,-44,-44,-44,2,-44,-44,-44,-44,-44,-44,-44,"-44",1,1,1,2,2,1,1,2,"-44",2,-44,-44,-44,-44,-44,-44,-44,"-44",1,1,1,2,1,1,2,2,"-44",1,1,1,1,1,2,1,2,"-44",2,-44,-44,-44,-44,-44,-44,-44,"-44",2,-44,-44,-44,-44,-44,-44,-44,"-44",1,1,2,1,1,1,1,2,"-44",2,-44,-44,-44,-44,-44,-44,-44,"-44",2,-44,-44,-44,-44,-44,-44,-44,"-44",1,1,2,1,"Managers",1,1,2,2,1,2,2,8,"Construction, craft, and related trade w","Managers","Construction, craft, and related trade w",1,2,1,2,2,2,1,2,2,1,2,1,2,2,1,2,2,2,2,1,-44,50,50,50,-44,20,6,6,1,1,65000,40000,2,2,1,1,5,-44,-44,-44,-44,-44,-44,-44,2,5,-44,-44,-44,-44,1,2,1,1,1,1,2,2,2,2,2,1,2,2,2,1,2,2,1,1,390000,240000,1,1,0,0,6,6,1,1,1,1,45,35,1,1,2,2,2,2,2,2,2,2,2,2,2,2,-44,-44,-44,-44,-44,-44,-44,-44,-44,-44,-44,-44,2,1,4,4,3,4,4,4,4,4,4,4,2,2,2,2,2,2,2,2,2,2,2,-44,-44,-44,-44,-44,-44,-44,-44,-44,-44,-44,1,4,4,4,4,4,3,2,4,4,4,2,2,-44,-44,-44,-44,-44,-44,"-44",-44,-44,-44,-44,-44,-44,"-44",2,2,-44,-44,2,2,-44,-44,-44,-44,"-44",-44,-44,-44,-44,"-44",-44,-44,-44,-44,"-44",-44,-44,-44,-44,"-44",-44,-44,-44,-44,"-44",-44,-44,-44,-44,"-44",-44,"-44",-44,"-44",-44,-44,-44,-44,2,2,-44,-44,-44,-44,-44,"-44",-44,-44,-44,-44,-44,"-44",-44,-44,-44,-44,-44,-44,-44,-44,-44,-44,-44,-44,-44,-44,-44,-44,-44,-44,-44,-44,-44,-44,2,2,-44,-44,5,4,4,5,5,2,-44,-44,-44,-44,-44,1,1,1,1,1,3,3,3,3,3,3,3,3,3,3,3,3,3,3,1,"-44",2,2,2,1,1,2,2,2,3,3,3,2,2,2,3,1,1,1,1,1,1,2,0,1,2,2,12,10,12000000,50000,5000000000,12,17,14000000,700000,700000000,100,1,2,2,3,"NAIROBI",6,"-44","-44",15,104,999,1,-44,1,-44,2,35.0139999389648,"Kenya"
99126,1,2,"M1 through M5",-44,-44,"M6",-44,-44,"-44",2,-44,2004,1,"-44",1,7,51,20,31,0,0,0,1,4,4,5,75,0,0,1,10,8,10,80,20,0,1,15,10,20,60,33.3333333333333,0,1,3,3,3,66.6666666666667,0,1,5,3,6,40,0,1,4,4,4,100,0,2,-44,-44,-44,-44,-44,1,3,3,3,0,0,1,5,3,6,60,0,1,2,2,2,0,0,1,1,1,1,1,1,2,2,"-44",1,1,2,2,1,1,2,2,"-44",1,1,2,1,2,2,2,2,"-44",1,1,2,2,1,1,2,2,"-44",1,1,2,2,2,2,2,2,"-44",2,-44,-44,-44,-44,-44,-44,-44,"-44",2,-44,-44,-44,-44,-44,-44,-44,"-44",1,1,2,1,2,1,1,2,"-44",1,1,2,2,2,2,2,2,"-44",1,1,2,2,2,2,1,2,"-44",1,1,1,3,"Technicians and associate professionals",1,1,1,2,1,1,1,8,"Construction, craft, and related trade w","Technicians and associate professionals","Construction, craft, and related trade w",2,2,1,2,2,2,2,2,2,2,1,2,2,2,2,1,1,2,1,1,70,70,30,70,30,5,5,4,1,1,87900,27400,2,2,2,2,5,-44,-44,-44,-44,-44,-44,-44,5,-44,-44,-44,-44,-44,-44,-44,2,2,1,1,2,1,1,1,2,1,1,2,1,1,2,1,1,3,68100,24700,2,2,2,5,4,4,2,1,1,1,26,28,1,2,2,2,2,2,2,1,2,3,3,3,1,3,-44,-44,-44,-44,-44,3,-44,-44,-44,-44,1,-44,3,4,4,4,4,1,4,4,4,2,4,4,3,2,2,3,2,1,1,2,2,2,1,-44,-44,-44,-44,-44,1,1,-44,-44,-44,1,3,4,4,4,2,4,4,4,1,4,4,2,1,-44,-44,-44,-44,-44,-44,"-44",2,2,1,1,1,2,"-44",2,2,-44,-44,2,2,-44,-44,-44,-44,"-44",-44,-44,-44,-44,"-44",-44,-44,-44,-44,"-44",-44,-44,-44,-44,"-44",-44,-44,-44,-44,"-44",-44,-44,-44,-44,"-44",-44,"-44",-44,"-44",-44,-44,-44,-44,2,2,-44,-44,-44,-44,-44,"-44",-44,-44,-44,-44,-44,"-44",-44,-44,-44,-44,-44,-44,-44,-44,-44,-44,-44,-44,-44,-44,-44,-44,-44,-44,-44,-44,-44,-44,2,2,-44,-44,5,2,3,3,4,2,-44,-44,-44,-44,-44,5,1,3,5,3,3,1,1,2,1,1,3,3,3,3,2,2,5,2,1,"-44",2,1,1,1,2,2,1,3,4,0,0,1,0,4,1,1,4,4,4,4,0,1,1,4,4,1,12,55,61058400,219264400,384184300,12,53,11787800,37627000,44706500,20,1,1,1,4,"NAIROBI",7,"-44","-44",51,104,202,1,-44,1,-44,2,35.0139999389648,"Kenya"
98356,2,2,"M1 through M5",-44,-44,"M6",-44,-44,"-44",2,-44,2001,1,"-44",1,3,19,16,3,0,0,0,1,2,2,2,0,0,0,2,-44,-44,-44,-44,-44,-44,1,4,4,4,0,0,0,1,2,1,2,100,0,1,5,4,5,0,0,1,1,1,2,0,0,2,-44,-44,-44,-44,-44,2,-44,-44,-44,-44,-44,1,4,3,5,0,0,1,1,1,1,100,0,2,-44,-44,-44,-44,-44,-44,-44,"-44",2,-44,-44,-44,-44,-44,-44,-44,"-44",1,1,2,2,2,2,2,2,"-44",1,1,2,2,2,2,2,2,"-44",1,2,1,2,2,2,2,2,"-44",2,-44,-44,-44,-44,-44,-44,-44,"-44",2,-44,-44,-44,-44,-44,-44,-44,"-44",2,-44,-44,-44,-44,-44,-44,-44,"-44",1,1,1,1,2,2,1,2,"-44",2,-44,-44,-44,-44,-44,-44,-44,"-44",1,2,1,3,"Technicians and associate professionals",1,1,1,2,2,1,1,4,"Clerical and support workers","Technicians and associate professionals","Clerical and support workers",2,2,2,2,2,2,1,2,2,2,2,2,2,2,2,2,1,2,1,1,80,100,0,100,30,10,6,5,1,2,70000,45000,2,2,1,1,2,5,-44,-44,-44,-44,1,2,2,5,-44,-44,-44,-44,2,1,2,2,2,1,2,1,1,1,2,2,2,2,2,1,2,3,3,3,70000,45000,2,2,0,12,6,5,1,1,1,1,45,30,1,2,2,2,3,2,2,2,2,2,2,2,2,3,-44,-44,-44,-44,-44,-44,-44,-44,-44,-44,-44,-44,4,4,4,4,4,2,1,4,4,3,4,4,2,2,2,2,2,2,2,2,2,2,3,-44,-44,-44,-44,-44,-44,-44,-44,-44,-44,-44,4,4,4,4,2,1,4,4,4,3,4,2,2,-44,-44,-44,-44,-44,-44,"-44",-44,-44,-44,-44,-44,-44,"-44",1,2,100,-44,2,2,-44,-44,-44,-44,"-44",-44,-44,-44,-44,"-44",-44,-44,-44,-44,"-44",-44,-44,-44,-44,"-44",-44,-44,-44,-44,"-44",-44,-44,-44,-44,"-44",-44,"-44",-44,"-44",-44,-44,-44,-44,2,2,-44,-44,-44,-44,-44,"-44",-44,-44,-44,-44,-44,"-44",-44,-44,-44,-44,-44,-44,-44,-44,-44,-44,-44,-44,-44,-44,-44,-44,-44,-44,-44,-44,-44,-44,1,2,4,-44,2,4,1,4,4,2,-44,-44,-44,-44,-44,3,3,2,3,3,3,2,3,3,1,3,3,3,1,2,3,3,4,3,1,"-44",2,1,2,2,2,2,3,1,0,1,0,1,0,3,0,0,2,0,2,2,2,2,0,0,2,1,12,17,14400000,7200000,48000000,12,18,14560000,7300000,57000000,4,2,2,3,2,"NAIROBI",3,"-44","-44",19,113,999,1,-44,1,-44,2,35.0139999389648,"Kenya"
99123,1,4,"M1 through M5",-44,-44,"M6",-44,-44,"-44",2,-44,1995,1,"-44",1,3,30,16,14,6,2,4,1,3,3,3,33.3333333333333,0,0,1,5,4,5,80,20,0,2,-44,-44,-44,-44,-44,-44,1,11,8,11,45.4545454545455,0,1,9,9,9,77.7777777777778,0,1,5,2,5,0,0,2,-44,-44,-44,-44,-44,2,-44,-44,-44,-44,-44,1,2,2,2,50,0,1,1,1,1,0,0,1,1,1,2,1,2,2,2,"-44",1,1,2,2,2,2,2,2,"-44",2,-44,-44,-44,-44,-44,-44,-44,"-44",1,1,2,1,1,1,2,2,"-44",1,1,2,2,1,2,1,2,"-44",1,1,2,2,1,1,2,2,"-44",2,-44,-44,-44,-44,-44,-44,-44,"-44",2,-44,-44,-44,-44,-44,-44,-44,"-44",1,1,1,1,2,2,2,2,"-44",2,-44,-44,-44,-44,-44,-44,-44,"-44",1,1,2,2,"Professionals",1,1,1,2,2,1,1,6,"Sales workers","Professionals","Sales workers",2,2,1,2,2,2,1,1,2,2,2,2,1,2,2,2,1,2,1,1,60,50,50,50,15,30,4,5,2,1,105400,31800,2,2,2,1,2,3,5,-44,-44,-44,2,1,3,1,2,2,1,2,1,2,1,1,2,1,2,1,1,1,1,1,2,2,1,1,2,3,3,1,113700,24500,2,2,1,4,6,5,2,1,1,1,50,33,2,1,1,3,1,2,2,2,2,1,2,1,3,2,1,-44,1,-44,-44,-44,-44,1,-44,2,-44,-44,1,4,4,2,4,4,3,4,4,4,4,4,2,2,1,2,2,2,2,2,2,2,2,-44,-44,3,-44,-44,-44,-44,-44,-44,-44,-44,4,4,4,4,2,3,4,4,1,4,4,1,1,1,2,1,2,1,2,"-44",1,2,1,1,2,2,"-44",2,2,-44,-44,2,2,-44,-44,-44,-44,"-44",-44,-44,-44,-44,"-44",-44,-44,-44,-44,"-44",-44,-44,-44,-44,"-44",-44,-44,-44,-44,"-44",-44,-44,-44,-44,"-44",-44,"-44",-44,"-44",-44,-44,-44,-44,2,2,-44,-44,-44,-44,-44,"-44",-44,-44,-44,-44,-44,"-44",-44,-44,-44,-44,-44,-44,-44,-44,-44,-44,-44,-44,-44,-44,-44,-44,-44,-44,-44,-44,-44,-44,2,2,-44,-44,2,5,5,2,5,1,2,3,2,3,4,5,2,1,2,4,2,2,3,2,3,2,2,1,2,2,1,1,2,2,2,"-44",2,1,2,2,2,2,4,0,3,0,0,3,4,0,4,4,4,3,4,0,4,0,0,1,0,1,1,38,39181000,1445800,5114907000,1,39,57844300,2072900,9262268800,30,1,2,1,4,"NAIROBI",3,"-44","-44",36,114,202,1,-44,1,-44,2,35.0139999389648,"Kenya"
99132,1,2,"M1 through M5",-44,-44,"M6",-44,-44,"-44",2,-44,1996,2,"-44",1,19,50,30,20,8,8,0,1,7,5,10,42.8571428571429,28.5714285714286,0,1,5,4,5,40,20,0,1,5,2,5,40,60,0,1,12,7,12,33.3333333333333,0,1,12,10,15,41.6666666666667,0,2,-44,-44,-44,-44,-44,2,-44,-44,-44,-44,-44,2,-44,-44,-44,-44,-44,1,7,4,8,14.2857142857143,0,1,10,8,12,30,0,1,1,2,1,2,2,1,2,"-44",1,1,1,1,1,2,1,2,"-44",1,1,1,1,1,2,1,2,"-44",1,1,2,1,1,1,1,2,"-44",1,1,1,1,2,2,1,2,"-44",2,-44,-44,-44,-44,-44,-44,-44,"-44",2,-44,-44,-44,-44,-44,-44,-44,"-44",2,-44,-44,-44,-44,-44,-44,-44,"-44",1,1,2,1,2,2,1,2,"-44",1,1,2,1,1,2,1,2,"-44",1,1,1,3,"Technicians and associate professionals",1,1,2,2,2,1,1,10,"Elementary occupations","Technicians and associate professionals","Elementary occupations",1,2,1,2,2,1,1,2,2,2,2,1,1,2,1,2,2,2,1,1,70,70,30,70,30,5,6,4,2,1,50000,10000,1,1,2,1,5,-44,-44,-44,-44,-44,-44,-44,5,-44,-44,-44,-44,-44,-44,-44,2,2,1,1,2,2,1,2,1,2,2,2,2,1,3,1,1,1,300000,60000,1,1,0,0,5,4,1,2,1,1,33,25,1,1,2,2,2,2,2,2,2,2,2,2,2,2,-44,-44,-44,-44,-44,-44,-44,-44,-44,-44,-44,-44,4,4,4,4,1,2,4,4,3,4,4,4,2,2,1,2,2,2,2,2,2,2,2,-44,-44,3,-44,-44,-44,-44,-44,-44,-44,-44,4,3,4,4,4,2,4,4,4,4,1,1,2,1,2,2,2,2,2,"-44",-44,-44,-44,-44,-44,-44,"-44",2,2,-44,-44,2,2,-44,-44,-44,-44,"-44",-44,-44,-44,-44,"-44",-44,-44,-44,-44,"-44",-44,-44,-44,-44,"-44",-44,-44,-44,-44,"-44",-44,-44,-44,-44,"-44",-44,"-44",-44,"-44",-44,-44,-44,-44,2,2,-44,-44,-44,-44,-44,"-44",-44,-44,-44,-44,-44,"-44",-44,-44,-44,-44,-44,-44,-44,-44,-44,-44,-44,-44,-44,-44,-44,-44,-44,-44,-44,-44,-44,-44,2,2,-44,-44,4,3,3,4,5,1,4,4,5,5,4,1,1,1,1,1,3,3,3,3,3,3,3,3,3,3,3,3,4,3,2,"-44",2,2,2,1,1,1,2,2,0,2,3,3,3,2,3,1,2,2,3,0,3,3,1,2,2,1,6,40,70000000,1000000,200000000,6,50,10000000,2000000,30000000,95,1,2,1,4,"NAIROBI",19,"-44","-44",58,104,202,1,-44,1,-44,2,35.0139999389648,"Kenya"
21003,1,2,"M1 through M5",-44,-44,"M6",-44,-44,"-44",2,-44,1974,3,"-44",1,3,35,34,1,20,20,0,1,3,3,3,0,0,0,1,2,2,2,50,0,0,1,15,15,1,0,0,0,1,2,2,1,0,0,1,8,8,8,0,0,2,-44,-44,-44,-44,-44,2,-44,-44,-44,-44,-44,2,-44,-44,-44,-44,-44,2,-44,-44,-44,-44,-44,1,25,5,25,0,0,1,2,2,2,1,2,1,2,"-44",2,-44,-44,-44,-44,-44,-44,-44,"-44",2,-44,-44,-44,-44,-44,-44,-44,"-44",2,-44,-44,-44,-44,-44,-44,-44,"-44",1,2,2,1,1,2,1,2,"-44",2,-44,-44,-44,-44,-44,-44,-44,"-44",2,-44,-44,-44,-44,-44,-44,-44,"-44",2,-44,-44,-44,-44,-44,-44,-44,"-44",2,-44,-44,-44,-44,-44,-44,-44,"-44",1,2,2,1,1,2,2,2,"-44",1,1,1,2,"Professionals",1,1,2,2,2,2,1,5,"Service workers","Professionals","Service workers",2,2,2,2,2,2,2,1,2,2,2,2,2,2,2,2,1,2,2,1,-44,0,100,0,-44,3,6,5,2,1,50000,25000,2,2,1,1,5,-44,-44,-44,-44,-44,-44,-44,5,-44,-44,-44,-44,-44,-44,-44,1,1,1,1,2,1,1,2,2,2,2,2,2,1,4,2,3,3,70000,25000,2,2,6,6,6,5,1,1,1,1,35,31,1,1,2,2,3,2,2,2,2,2,2,2,2,2,-44,-44,-44,-44,-44,-44,-44,-44,-44,-44,-44,-44,4,4,4,2,4,3,4,4,4,1,4,4,2,1,3,2,2,2,2,2,2,2,2,-44,1,-44,-44,-44,-44,-44,-44,-44,-44,-44,4,4,4,2,3,4,4,4,1,4,4,2,2,-44,-44,-44,-44,-44,-44,"-44",-44,-44,-44,-44,-44,-44,"-44",1,1,100,80,2,2,-44,-44,-44,-44,"-44",-44,-44,-44,-44,"-44",-44,-44,-44,-44,"-44",-44,-44,-44,-44,"-44",-44,-44,-44,-44,"-44",-44,-44,-44,-44,"-44",-44,"-44",-44,"-44",-44,-44,-44,-44,2,2,-44,-44,-44,-44,-44,"-44",-44,-44,-44,-44,-44,"-44",-44,-44,-44,-44,-44,-44,-44,-44,-44,-44,-44,-44,-44,-44,-44,-44,-44,-44,-44,-44,-44,-44,1,1,3,1,3,3,3,3,3,2,-44,-44,-44,-44,-44,2,2,2,1,1,3,3,3,3,3,3,3,3,3,3,3,3,3,4,4,"-44",2,1,1,1,1,1,1,3,1,0,0,0,0,1,3,1,0,0,0,0,0,0,0,0,0,1,12,50,36000000,60000000,120000000,12,55,60000000,84000000,180000000,100,1,1,1,4,"NAIROBI",3,"-44","-44",55,101,999,1,-44,1,-44,2,35.0139999389648,"Kenya"
98280,2,2,"M1 through M5",-44,-44,"M6",-44,-44,"-44",2,-44,1965,4,"-44",1,3,520,370,150,0,0,0,1,10,10,20,50,20,0,1,10,10,15,20,0,0,1,300,280,300,23.3333333333333,6.66666666666667,0,2,-44,-44,-44,-44,-44,2,-44,-44,-44,-44,-44,1,200,0,200,36.5,0,2,-44,-44,-44,-44,-44,2,-44,-44,-44,-44,-44,2,-44,-44,-44,-44,-44,2,-44,-44,-44,-44,-44,1,1,2,2,2,2,2,2,"-44",2,-44,-44,-44,-44,-44,-44,-44,"-44",1,1,2,2,2,2,2,2,"-44",2,-44,-44,-44,-44,-44,-44,-44,"-44",2,-44,-44,-44,-44,-44,-44,-44,"-44",1,1,2,2,2,2,2,2,"-44",2,-44,-44,-44,-44,-44,-44,-44,"-44",2,-44,-44,-44,-44,-44,-44,-44,"-44",2,-44,-44,-44,-44,-44,-44,-44,"-44",2,-44,-44,-44,-44,-44,-44,-44,"-44",1,1,1,3,"Technicians and associate professionals",2,2,1,2,2,2,2,6,"Sales workers","Technicians and associate professionals","Sales workers",2,2,2,2,2,1,2,2,2,2,2,2,2,2,1,2,2,2,1,1,60,60,40,60,45,15,6,5,1,2,150000,35000,2,2,2,1,5,-44,-44,-44,-44,-44,-44,-44,1,2,5,2,1,2,2,1,2,2,2,1,2,2,2,2,1,2,2,1,2,2,4,3,3,3,50000,15000,2,2,12,6,6,5,1,1,1,1,45,25,1,2,2,2,2,2,2,2,2,2,2,2,2,2,-44,-44,-44,-44,-44,-44,-44,-44,-44,-44,-44,-44,4,4,4,4,1,4,4,2,4,4,3,4,2,2,2,2,2,2,2,2,2,2,2,-44,-44,-44,-44,-44,-44,-44,-44,-44,-44,-44,4,1,4,2,4,4,4,3,4,4,4,2,2,-44,-44,-44,-44,-44,-44,"-44",-44,-44,-44,-44,-44,-44,"-44",2,2,-44,-44,2,2,-44,-44,-44,-44,"-44",-44,-44,-44,-44,"-44",-44,-44,-44,-44,"-44",-44,-44,-44,-44,"-44",-44,-44,-44,-44,"-44",-44,-44,-44,-44,"-44",-44,"-44",-44,"-44",-44,-44,-44,-44,2,2,-44,-44,-44,-44,-44,"-44",-44,-44,-44,-44,-44,"-44",-44,-44,-44,-44,-44,-44,-44,-44,-44,-44,-44,-44,-44,-44,-44,-44,-44,-44,-44,-44,-44,-44,2,2,-44,-44,4,4,4,4,4,2,-44,-44,-44,-44,-44,4,2,1,1,4,3,3,3,3,3,3,3,3,3,3,3,3,5,1,1,"-44",1,1,1,2,1,2,3,1,1,1,1,0,0,0,0,0,0,0,0,1,0,0,3,0,0,1,12,480,50000000,25000000,1000000000,12,520,70000000,40000000,1500000000,100,1,1,1,3,"NAIROBI",3,"-44","-44",520,114,999,2,-44,1,-44,2,35.0139999389648,"Kenya"
98292,1,3,"M1 through M5",-44,-44,"M6",-44,-44,"-44",1,2004,2004,1,"-44",1,3,200,167,33,0,0,0,1,2,2,2,0,100,0,1,126,126,126,13.4920634920635,100,0,1,33,33,33,30.3030303030303,100,0,1,4,4,4,100,0,1,15,15,15,13.3333333333333,0,1,10,10,10,0,0,2,-44,-44,-44,-44,-44,1,6,6,6,0,0,1,4,4,4,0,0,2,-44,-44,-44,-44,-44,2,-44,-44,-44,-44,-44,-44,-44,"-44",1,1,2,2,2,2,2,2,"-44",2,-44,-44,-44,-44,-44,-44,-44,"-44",2,-44,-44,-44,-44,-44,-44,-44,"-44",2,-44,-44,-44,-44,-44,-44,-44,"-44",1,1,2,2,2,2,2,2,"-44",2,-44,-44,-44,-44,-44,-44,-44,"-44",2,-44,-44,-44,-44,-44,-44,-44,"-44",2,-44,-44,-44,-44,-44,-44,-44,"-44",2,-44,-44,-44,-44,-44,-44,-44,"-44",1,1,1,3,"Technicians and associate professionals",1,1,1,2,1,1,2,6,"Sales workers","Technicians and associate professionals","Sales workers",1,2,2,1,2,1,2,2,2,1,2,2,1,2,1,2,2,2,2,2,-44,-44,-44,-44,-44,-44,6,6,1,2,40000,320000,1,1,2,2,5,-44,-44,-44,-44,-44,-44,-44,5,-44,-44,-44,-44,-44,-44,-44,2,2,2,2,2,1,1,2,2,2,2,1,1,1,3,3,1,2,40000,320000,1,1,0,0,6,6,1,1,1,1,28,27,1,2,2,2,3,2,2,2,2,2,2,2,1,2,-44,-44,-44,-44,-44,-44,-44,-44,-44,-44,2,-44,4,1,4,2,4,3,4,4,4,4,4,4,2,2,3,2,2,2,2,2,2,2,2,-44,-44,-44,-44,-44,-44,-44,-44,-44,-44,-44,4,1,4,2,3,4,4,4,4,4,4,1,1,2,1,2,2,2,2,"-44",2,1,2,2,2,2,"-44",1,1,100,100,2,2,-44,-44,-44,-44,"-44",-44,-44,-44,-44,"-44",-44,-44,-44,-44,"-44",-44,-44,-44,-44,"-44",-44,-44,-44,-44,"-44",-44,-44,-44,-44,"-44",-44,"-44",-44,"-44",-44,-44,-44,-44,2,2,-44,-44,-44,-44,-44,"-44",-44,-44,-44,-44,-44,"-44",-44,-44,-44,-44,-44,-44,-44,-44,-44,-44,-44,-44,-44,-44,-44,-44,-44,-44,-44,-44,-44,-44,1,1,3,3,5,5,5,5,5,2,-44,-44,-44,-44,-44,2,2,2,2,2,3,3,3,3,3,3,3,3,3,3,2,3,4,5,2,"-44",1,1,1,1,1,2,0,0,0,0,0,0,0,1,1,1,0,0,0,0,0,0,0,0,0,1,1,198,4000000,1200000,6000000,1,200,4000000,1250000,7000000,0,2,2,2,1,"NAIROBI",3,"-44","-44",200,110,999,1,-44,1,-44,2,35.0139999389648,"Kenya"
10033,1,2,"M1 through M5",-44,-44,"M6",-44,-44,"-44",2,-44,1995,3,"-44",1,19,23,18,5,0,0,0,1,3,3,3,33.3333333333333,0,0,1,2,2,2,0,0,0,1,2,2,2,0,0,0,1,2,2,2,50,0,2,-44,-44,-44,-44,-44,1,14,14,14,21.4285714285714,0,2,-44,-44,-44,-44,-44,2,-44,-44,-44,-44,-44,2,-44,-44,-44,-44,-44,2,-44,-44,-44,-44,-44,2,-44,-44,-44,-44,-44,-44,-44,"-44",1,1,2,2,2,2,2,2,"-44",2,-44,-44,-44,-44,-44,-44,-44,"-44",1,1,2,2,2,2,2,2,"-44",2,-44,-44,-44,-44,-44,-44,-44,"-44",1,1,2,2,1,2,2,2,"-44",2,-44,-44,-44,-44,-44,-44,-44,"-44",2,-44,-44,-44,-44,-44,-44,-44,"-44",2,-44,-44,-44,-44,-44,-44,-44,"-44",2,-44,-44,-44,-44,-44,-44,-44,"-44",1,1,1,2,"Professionals",1,2,1,2,2,2,2,6,"Sales workers","Professionals","Sales workers",2,1,2,2,2,2,1,2,2,2,1,2,2,2,2,1,2,2,1,1,90,10,90,10,60,60,6,5,1,2,40000,35000,2,2,1,2,5,-44,-44,-44,-44,-44,-44,-44,5,-44,-44,-44,-44,-44,-44,-44,2,2,2,2,2,1,1,2,2,2,2,2,1,1,3,2,1,1,70000,46000,2,2,3,11,6,5,1,1,1,1,40,30,1,2,2,2,2,2,2,2,2,2,2,2,2,2,-44,-44,-44,-44,-44,-44,-44,-44,-44,-44,-44,-44,4,4,4,4,2,1,3,4,4,4,4,4,2,2,2,2,2,2,2,2,2,2,2,-44,-44,-44,-44,-44,-44,-44,-44,-44,-44,-44,4,4,4,4,3,1,4,4,4,2,4,2,2,-44,-44,-44,-44,-44,-44,"-44",-44,-44,-44,-44,-44,-44,"-44",2,2,-44,-44,2,2,-44,-44,-44,-44,"-44",-44,-44,-44,-44,"-44",-44,-44,-44,-44,"-44",-44,-44,-44,-44,"-44",-44,-44,-44,-44,"-44",-44,-44,-44,-44,"-44",-44,"-44",-44,"-44",-44,-44,-44,-44,2,2,-44,-44,-44,-44,-44,"-44",-44,-44,-44,-44,-44,"-44",-44,-44,-44,-44,-44,-44,-44,-44,-44,-44,-44,-44,-44,-44,-44,-44,-44,-44,-44,-44,-44,-44,2,2,-44,-44,3,4,2,2,4,2,-44,-44,-44,-44,-44,4,3,3,3,3,3,3,3,3,3,3,3,3,3,3,3,3,2,888997,1,"-44",2,1,2,2,2,2,0,0,0,0,0,0,0,3,3,1,0,0,0,0,0,0,3,0,2,1,12,23,16000000,7000000,400000000,12,23,15000000,8000000,350000000,0,1,1,2,4,"NAIROBI",19,"-44","-44",23,113,999,1,-44,1,-44,2,35.0139999389648,"Kenya"
98376,1,3,"M1 through M5",-44,-44,"M6",-44,-44,"-44",2,-44,1997,1,"-44",1,3,24,21,3,17,17,0,1,2,2,2,0,0,0,2,-44,-44,-44,-44,-44,-44,1,4,3,4,0,0,0,1,2,2,2,100,0,1,8,7,10,0,0,1,3,3,3,0,0,2,-44,-44,-44,-44,-44,2,-44,-44,-44,-44,-44,1,19,19,22,0,0,1,3,3,3,33.3333333333333,0,2,-44,-44,-44,-44,-44,-44,-44,"-44",2,-44,-44,-44,-44,-44,-44,-44,"-44",1,2,2,2,2,2,2,2,"-44",2,-44,-44,-44,-44,-44,-44,-44,"-44",1,1,2,1,2,2,1,2,"-44",2,-44,-44,-44,-44,-44,-44,-44,"-44",2,-44,-44,-44,-44,-44,-44,-44,"-44",2,-44,-44,-44,-44,-44,-44,-44,"-44",1,2,2,2,2,2,2,2,"-44",2,-44,-44,-44,-44,-44,-44,-44,"-44",1,2,1,1,"Managers",1,1,1,2,2,1,1,10,"Elementary occupations","Managers","Elementary occupations",2,2,2,2,2,2,2,1,2,2,2,2,2,2,2,2,1,2,2,2,-44,-44,-44,-44,-44,-44,5,4,1,2,80000,11000,2,2,2,1,3,5,-44,-44,-44,-44,-44,-44,5,-44,-44,-44,-44,-44,-44,-44,2,2,2,1,2,1,1,2,2,2,2,2,2,1,2,1,3,3,100000,11000,2,2,4,0,5,4,1,1,1,1,40,40,1,2,2,2,3,3,2,2,2,2,2,2,3,3,-44,-44,-44,-44,-44,-44,-44,-44,-44,-44,-44,-44,4,4,4,2,4,1,3,4,4,4,4,4,3,2,3,3,3,2,3,2,2,3,3,-44,-44,-44,-44,-44,-44,-44,-44,-44,-44,-44,3,4,4,4,2,1,4,4,4,4,4,2,2,-44,-44,-44,-44,-44,-44,"-44",-44,-44,-44,-44,-44,-44,"-44",2,2,-44,-44,2,2,-44,-44,-44,-44,"-44",-44,-44,-44,-44,"-44",-44,-44,-44,-44,"-44",-44,-44,-44,-44,"-44",-44,-44,-44,-44,"-44",-44,-44,-44,-44,"-44",-44,"-44",-44,"-44",-44,-44,-44,-44,2,2,-44,-44,-44,-44,-44,"-44",-44,-44,-44,-44,-44,"-44",-44,-44,-44,-44,-44,-44,-44,-44,-44,-44,-44,-44,-44,-44,-44,-44,-44,-44,-44,-44,-44,-44,2,2,-44,-44,2,2,2,2,2,2,-44,-44,-44,-44,-44,3,3,3,3,3,1,3,3,3,1,3,2,1,3,3,2,2,4,4,1,"-44",2,1,1,1,2,2,2,2,0,1,0,0,0,2,3,2,2,1,2,1,2,2,1,0,2,1,12,40,32000000,12000000,100000000,12,40,32000000,12150000,108000000,13,1,1,2,2,"NAIROBI",3,"-44","-44",41,113,999,1,-44,1,-44,2,35.0139999389648,"Kenya"
98282,1,2,"M1 through M5",-44,-44,"M6",-44,-44,"-44",2,-44,1992,2,"-44",2,3,44,34,10,0,0,0,1,5,5,5,40,0,3,1,2,2,2,0,0,0,2,-44,-44,-44,-44,-44,-44,1,5,4,5,40,0,1,5,4,5,0,0,1,10,8,10,40,0,2,-44,-44,-44,-44,-44,2,-44,-44,-44,-44,-44,1,7,5,8,0,0,1,10,7,10,20,0,1,1,1,2,1,2,1,2,"-44",1,1,1,2,1,1,2,2,"-44",2,-44,-44,-44,-44,-44,-44,-44,"-44",1,1,1,2,2,1,2,2,"-44",1,1,1,2,2,1,1,2,"-44",1,1,1,2,2,1,2,2,"-44",2,-44,-44,-44,-44,-44,-44,-44,"-44",2,-44,-44,-44,-44,-44,-44,-44,"-44",1,1,1,2,1,1,1,2,"-44",1,1,1,2,2,1,2,2,"-44",1,1,2,1,"Managers",1,1,1,2,2,1,1,5,"Service workers","Managers","Service workers",2,2,1,2,2,2,2,1,2,2,2,1,2,2,2,2,1,2,1,1,50,50,50,50,10,20,6,5,1,2,60000,20000,2,1,1,1,5,-44,-44,-44,-44,-44,-44,-44,5,-44,-44,-44,-44,-44,-44,-44,1,2,2,2,2,1,1,1,2,2,2,2,2,1,2,1,1,1,300000,150000,2,1,0,0,6,5,1,1,1,1,40,25,1,1,2,2,1,2,2,2,2,2,2,2,2,2,-44,-44,2,-44,-44,-44,-44,-44,-44,-44,-44,-44,4,4,1,4,3,2,4,4,4,4,4,4,2,2,1,2,2,2,2,2,2,2,2,-44,-44,3,-44,-44,-44,-44,-44,-44,-44,-44,4,1,4,2,4,3,4,4,4,4,4,2,2,-44,-44,-44,-44,-44,-44,"-44",-44,-44,-44,-44,-44,-44,"-44",2,2,-44,-44,2,2,-44,-44,-44,-44,"-44",-44,-44,-44,-44,"-44",-44,-44,-44,-44,"-44",-44,-44,-44,-44,"-44",-44,-44,-44,-44,"-44",-44,-44,-44,-44,"-44",-44,"-44",-44,"-44",-44,-44,-44,-44,2,2,-44,-44,-44,-44,-44,"-44",-44,-44,-44,-44,-44,"-44",-44,-44,-44,-44,-44,-44,-44,-44,-44,-44,-44,-44,-44,-44,-44,-44,-44,-44,-44,-44,-44,-44,2,2,-44,-44,2,2,2,2,2,2,-44,-44,-44,-44,-44,1,1,1,1,1,3,3,3,3,3,3,3,3,3,3,3,3,4,3,2,"-44",1,1,1,1,1,2,3,3,0,3,3,2,2,2,3,3,3,3,1,1,1,2,2,2,2,1,4,30,1500000,2000000,20000000,4,40,2000000,4000000,30000000,100,2,2,1,3,"NAIROBI",3,"-44","-44",44,104,999,1,-44,1,-44,2,35.0139999389648,"Kenya"
98355,1,3,"M1 through M5",-44,-44,"M6",-44,-44,"-44",2,-44,1994,2,"-44",1,3,36,33,3,0,0,0,1,2,2,2,50,0,0,2,-44,-44,-44,-44,-44,-44,1,4,4,4,0,25,0,1,2,2,2,50,0,1,10,10,10,0,0,1,2,1,2,0,0,2,-44,-44,-44,-44,-44,2,-44,-44,-44,-44,-44,1,15,12,15,0,0,1,1,1,1,100,0,2,-44,-44,-44,-44,-44,-44,-44,"-44",2,-44,-44,-44,-44,-44,-44,-44,"-44",1,1,2,2,2,2,2,2,"-44",2,-44,-44,-44,-44,-44,-44,-44,"-44",2,-44,-44,-44,-44,-44,-44,-44,"-44",1,1,2,2,2,2,2,2,"-44",2,-44,-44,-44,-44,-44,-44,-44,"-44",2,-44,-44,-44,-44,-44,-44,-44,"-44",1,2,2,2,2,2,2,2,"-44",2,-44,-44,-44,-44,-44,-44,-44,"-44",1,2,1,3,"Technicians and associate professionals",1,1,1,2,2,1,1,10,"Elementary occupations","Technicians and associate professionals","Elementary occupations",2,2,2,2,2,2,2,1,2,2,2,2,2,2,2,2,1,2,1,2,100,-44,-44,-44,10,-44,5,3,1,2,40000,8500,2,2,1,2,2,5,-44,-44,-44,-44,1,2,2,5,-44,-44,-44,-44,2,1,2,2,2,1,2,2,1,2,2,2,2,2,2,1,2,1,3,3,40000,8500,2,2,0,6,5,3,1,2,1,1,35,30,1,2,2,2,3,2,2,2,2,2,2,2,3,2,-44,-44,-44,-44,-44,-44,-44,-44,-44,-44,-44,-44,4,4,4,1,2,3,4,4,4,4,4,4,2,3,3,2,2,2,3,3,2,3,3,-44,-44,-44,-44,-44,-44,-44,-44,-44,-44,-44,4,4,4,4,2,1,4,3,4,4,4,2,2,-44,-44,-44,-44,-44,-44,"-44",-44,-44,-44,-44,-44,-44,"-44",1,2,20,-44,2,2,-44,-44,-44,-44,"-44",-44,-44,-44,-44,"-44",-44,-44,-44,-44,"-44",-44,-44,-44,-44,"-44",-44,-44,-44,-44,"-44",-44,-44,-44,-44,"-44",-44,"-44",-44,"-44",-44,-44,-44,-44,2,2,-44,-44,-44,-44,-44,"-44",-44,-44,-44,-44,-44,"-44",-44,-44,-44,-44,-44,-44,-44,-44,-44,-44,-44,-44,-44,-44,-44,-44,-44,-44,-44,-44,-44,-44,1,2,4,-44,1,1,1,2,3,2,-44,-44,-44,-44,-44,3,4,4,2,3,3,3,3,3,1,1,3,1,1,3,3,3,4,4,1,"-44",2,1,1,1,2,2,3,3,0,1,0,1,1,3,2,3,2,1,2,1,3,1,0,0,2,1,4,33,24000000,6000000,84000000,4,36,26400000,6200000,96000000,0,1,1,3,4,"NAIROBI",3,"-44","-44",36,113,999,1,-44,1,-44,2,35.0139999389648,"Kenya"
99137,1,3,"M1 through M5",-44,-44,"M6",-44,-44,"-44",2,-44,2000,2,"-44",1,3,40,30,10,0,0,0,1,5,5,5,40,0,0,1,3,2,3,0,33.3333333333333,0,2,-44,-44,-44,-44,-44,-44,1,5,2,7,20,0,1,5,3,5,40,0,1,10,5,12,50,0,2,-44,-44,-44,-44,-44,2,-44,-44,-44,-44,-44,1,10,4,15,0,0,1,2,1,2,0,0,1,1,1,2,1,1,2,2,"-44",1,1,1,2,1,1,2,2,"-44",2,-44,-44,-44,-44,-44,-44,-44,"-44",1,1,2,1,1,2,1,2,"-44",1,1,1,1,1,2,1,2,"-44",1,1,2,1,2,1,1,2,"-44",2,-44,-44,-44,-44,-44,-44,-44,"-44",2,-44,-44,-44,-44,-44,-44,-44,"-44",1,1,2,1,2,2,1,2,"-44",1,1,2,1,1,1,1,2,"-44",1,1,2,2,"Professionals",1,1,1,2,2,1,1,5,"Service workers","Professionals","Service workers",2,2,1,2,2,1,2,2,2,2,2,1,2,2,1,2,2,2,1,1,50,40,60,40,20,5,6,5,1,1,45000,15000,1,1,1,2,5,-44,-44,-44,-44,-44,-44,-44,5,-44,-44,-44,-44,-44,-44,-44,2,2,1,1,2,2,2,2,2,2,2,2,2,1,3,1,1,1,45000,15000,1,1,0,0,6,4,1,2,1,1,30,25,1,1,2,2,2,2,2,2,2,2,2,2,2,2,-44,-44,-44,-44,-44,-44,-44,-44,-44,-44,-44,-44,3,4,4,4,1,4,4,2,4,4,4,4,2,2,2,2,2,2,2,2,2,2,2,-44,-44,-44,-44,-44,-44,-44,-44,-44,-44,-44,4,4,4,4,4,3,4,4,4,2,1,2,2,-44,-44,-44,-44,-44,-44,"-44",-44,-44,-44,-44,-44,-44,"-44",2,2,-44,-44,2,2,-44,-44,-44,-44,"-44",-44,-44,-44,-44,"-44",-44,-44,-44,-44,"-44",-44,-44,-44,-44,"-44",-44,-44,-44,-44,"-44",-44,-44,-44,-44,"-44",-44,"-44",-44,"-44",-44,-44,-44,-44,2,2,-44,-44,-44,-44,-44,"-44",-44,-44,-44,-44,-44,"-44",-44,-44,-44,-44,-44,-44,-44,-44,-44,-44,-44,-44,-44,-44,-44,-44,-44,-44,-44,-44,-44,-44,2,2,-44,-44,2,2,2,2,2,2,-44,-44,-44,-44,-44,1,1,1,1,1,3,3,3,3,3,3,3,3,3,3,3,3,4,4,2,"-44",1,1,1,1,1,2,4,4,1,2,2,3,3,2,2,2,1,3,2,2,3,2,1,3,3,1,1,20,5000000,2000000,10000000,1,30,7000000,3000000,15000000,100,1,2,1,4,"NAIROBI",3,"-44","-44",40,104,202,1,-44,1,-44,2,35.0139999389648,"Kenya"
21203,1,3,"M1 through M5",-44,-44,"M6",-44,-44,"-44",2,-44,2005,7,"-44",1,13,19,7,12,0,0,0,1,3,3,3,66.6666666666667,0,0,1,5,4,6,60,20,0,2,-44,-44,-44,-44,-44,-44,1,3,3,3,100,0,1,4,3,5,100,0,2,-44,-44,-44,-44,-44,2,-44,-44,-44,-44,-44,2,-44,-44,-44,-44,-44,1,2,2,2,0,0,1,2,2,2,0,0,2,-44,-44,-44,-44,-44,-44,-44,"-44",1,1,2,2,2,2,2,2,"-44",2,-44,-44,-44,-44,-44,-44,-44,"-44",1,1,2,2,2,2,2,2,"-44",1,1,2,2,2,2,2,2,"-44",2,-44,-44,-44,-44,-44,-44,-44,"-44",2,-44,-44,-44,-44,-44,-44,-44,"-44",2,-44,-44,-44,-44,-44,-44,-44,"-44",1,1,2,2,2,2,2,2,"-44",1,1,2,2,2,2,2,2,"-44",1,1,2,2,"Professionals",1,1,2,2,2,1,1,10,"Elementary occupations","Professionals","Elementary occupations",2,1,2,2,2,2,2,1,1,2,2,2,2,2,2,2,1,2,1,1,75,25,75,25,14,7,6,3,1,1,50000,15000,2,2,2,2,5,-44,-44,-44,-44,-44,-44,-44,1,5,-44,2,1,2,-44,-44,1,2,2,1,2,1,1,2,2,2,2,2,2,1,3,1,1,1,50000,15000,2,2,1,1,6,3,1,2,1,1,40,28,1,1,2,2,3,2,2,2,2,2,2,2,2,2,-44,-44,-44,-44,-44,-44,-44,-44,-44,-44,-44,-44,4,4,4,4,1,2,4,4,3,4,4,4,3,2,3,2,2,2,2,2,2,3,3,-44,-44,-44,-44,-44,-44,-44,-44,-44,-44,-44,4,4,4,4,1,3,4,4,2,4,4,2,2,-44,-44,-44,-44,-44,-44,"-44",-44,-44,-44,-44,-44,-44,"-44",1,2,100,-44,1,2,2,2,1,-44,"-44",-44,-44,-44,-44,"-44",-44,-44,100,-44,"-44",-44,-44,7,-44,"-44",-44,-44,-44,-44,"-44",-44,-44,-44,-44,"-44",5,"-44",-44,"-44",14,-44,20000,-44,1,2,1,2,2,2,2,"-44",-44,-44,-44,-44,-44,"-44",100,-44,-44,-44,-44,7,-44,-44,-44,-44,-44,-44,-44,-44,-44,-44,-44,-44,-44,-44,20000,-44,1,2,3,-44,4,4,4,4,2,2,-44,-44,-44,-44,-44,4,2,2,4,4,3,3,3,3,3,3,2,1,3,3,3,3,3,3,1,"-44",2,2,2,2,2,2,1,1,1,1,1,1,1,1,1,1,1,1,0,0,0,0,0,1,1,1,6,17,12000000,14000000,15000000,6,19,14000000,15000000,17000000,100,2,2,2,3,"NAIROBI",13,"-44","-44",19,112,999,1,-44,1,-44,2,35.0139999389648,"Kenya"
10047,2,3,"M1 through M5",-44,-44,"M6",-44,-44,"-44",2,-44,1991,1,"-44",1,19,9,6,3,6,6,0,1,2,2,2,100,0,0,1,2,2,2,0,0,0,1,7,7,7,14.2857142857143,0,0,1,2,2,2,0,0,1,2,2,2,0,0,2,-44,-44,-44,-44,-44,2,-44,-44,-44,-44,-44,2,-44,-44,-44,-44,-44,2,-44,-44,-44,-44,-44,2,-44,-44,-44,-44,-44,2,-44,-44,-44,-44,-44,-44,-44,"-44",2,-44,-44,-44,-44,-44,-44,-44,"-44",1,1,2,2,2,2,2,2,"-44",2,-44,-44,-44,-44,-44,-44,-44,"-44",1,1,2,2,2,2,2,2,"-44",2,-44,-44,-44,-44,-44,-44,-44,"-44",2,-44,-44,-44,-44,-44,-44,-44,"-44",2,-44,-44,-44,-44,-44,-44,-44,"-44",2,-44,-44,-44,-44,-44,-44,-44,"-44",2,-44,-44,-44,-44,-44,-44,-44,"-44",1,1,1,2,"Professionals",1,1,2,2,2,2,2,5,"Service workers","Professionals","Service workers",2,2,2,2,2,2,2,1,2,2,2,2,2,2,2,2,1,2,2,1,-44,50,50,50,-44,15,6,5,1,1,90000,35000,2,2,2,2,3,5,-44,-44,-44,-44,-44,-44,2,5,-44,-44,-44,-44,1,2,2,2,2,2,2,1,1,1,2,2,2,2,2,1,2,1,1,1,90000,35000,2,2,0,8,6,5,1,1,1,1,40,40,1,1,2,2,3,2,2,2,2,2,2,2,3,2,-44,-44,-44,-44,-44,-44,-44,-44,-44,-44,-44,-44,4,4,4,4,4,2,1,3,4,4,4,4,2,2,3,2,2,2,2,2,2,3,2,-44,-44,-44,-44,-44,-44,-44,-44,-44,-44,-44,4,4,4,3,1,2,4,4,4,4,4,2,2,-44,-44,-44,-44,-44,-44,"-44",-44,-44,-44,-44,-44,-44,"-44",1,1,100,100,2,1,-44,-44,-44,-44,"-44",1,2,2,-44,"-44",-44,-44,-44,-44,"-44",-44,-44,-44,-44,"-44",100,-44,-44,-44,"-44",3,-44,-44,-44,"-44",-44,"-44",1,"-44",-44,3,-44,300000,2,1,-44,-44,-44,-44,-44,"-44",2,2,1,2,2,"-44",-44,-44,-44,-44,-44,-44,-44,-44,-44,-44,-44,-44,100,-44,-44,-44,-44,3,-44,-44,-44,300000,1,1,3,3,2,4,4,2,2,2,-44,-44,-44,-44,-44,1,1,1,1,1,3,3,3,3,3,3,3,3,3,3,3,3,3,3,1,"-44",2,2,2,1,2,2,0,1,0,1,0,0,0,2,2,0,0,0,0,0,1,1,0,0,1,2,12,15,4200000,2000000,48000000,12,15,4350000,2000000,49600000,100,1,1,2,3,"NAIROBI",19,"-44","-44",15,113,999,1,-44,1,-44,2,35.0139999389648,"Kenya"
99124,2,2,"M1 through M5",-44,-44,"M6",-44,-44,"-44",2,-44,2004,4,"-44",1,7,45,30,15,10,6,4,1,5,4,5,40,20,0,1,10,7,15,30,30,0,1,7,4,15,57.1428571428571,42.8571428571429,0,1,4,0,6,0,0,1,9,6,15,33.3333333333333,0,1,15,12,20,33.3333333333333,0,2,-44,-44,-44,-44,-44,2,-44,-44,-44,-44,-44,1,2,1,3,50,0,1,3,3,3,33.3333333333333,0,2,-44,-44,-44,-44,-44,-44,-44,"-44",1,1,2,2,2,2,2,2,"-44",2,-44,-44,-44,-44,-44,-44,-44,"-44",2,-44,-44,-44,-44,-44,-44,-44,"-44",1,1,2,2,2,2,2,2,"-44",2,-44,-44,-44,-44,-44,-44,-44,"-44",2,-44,-44,-44,-44,-44,-44,-44,"-44",2,-44,-44,-44,-44,-44,-44,-44,"-44",2,-44,-44,-44,-44,-44,-44,-44,"-44",2,-44,-44,-44,-44,-44,-44,-44,"-44",1,1,1,2,"Professionals",1,1,1,2,2,1,1,6,"Sales workers","Professionals","Sales workers",2,1,2,2,2,1,2,2,2,2,1,2,2,2,1,2,2,2,1,2,80,-44,-44,-44,30,-44,6,5,1,2,45000,20000,2,2,1,1,1,2,5,2,1,2,1,2,1,2,5,1,2,2,2,1,1,1,1,1,2,1,1,1,1,1,1,2,1,1,4,3,3,2,15000,10000,2,2,12,12,6,5,1,1,1,1,45,30,1,2,2,2,2,2,2,2,2,2,2,2,2,2,-44,-44,-44,-44,-44,-44,-44,-44,-44,-44,-44,-44,3,4,4,4,1,4,4,4,4,4,2,4,2,2,2,2,2,2,2,2,2,2,2,-44,-44,-44,-44,-44,-44,-44,-44,-44,-44,-44,4,4,2,1,4,4,4,3,4,4,4,2,2,-44,-44,-44,-44,-44,-44,"-44",-44,-44,-44,-44,-44,-44,"-44",2,2,-44,-44,2,2,-44,-44,-44,-44,"-44",-44,-44,-44,-44,"-44",-44,-44,-44,-44,"-44",-44,-44,-44,-44,"-44",-44,-44,-44,-44,"-44",-44,-44,-44,-44,"-44",-44,"-44",-44,"-44",-44,-44,-44,-44,2,2,-44,-44,-44,-44,-44,"-44",-44,-44,-44,-44,-44,"-44",-44,-44,-44,-44,-44,-44,-44,-44,-44,-44,-44,-44,-44,-44,-44,-44,-44,-44,-44,-44,-44,-44,2,2,-44,-44,5,5,5,5,5,2,-44,-44,-44,-44,-44,5,5,5,5,5,3,3,3,3,3,3,3,3,3,3,3,3,4,1,1,"-44",2,1,1,1,1,1,2,2,3,2,3,2,1,1,1,1,3,3,1,1,2,1,1,1,1,1,12,63,500000,3000000,9000000,12,55,1000000,45000000,13000000,100,1,1,1,4,"NAIROBI",7,"-44","-44",55,114,202,1,-44,1,-44,2,35.0139999389648,"Kenya"
21039,1,2,"M1 through M5",-44,-44,"M6",-44,-44,"-44",2,-44,1997,1,"-44",1,19,34,20,14,16,10,6,1,1,1,1,0,0,0,1,7,5,7,57.1428571428571,28.5714285714286,0,1,6,4,8,16.6666666666667,50,0,1,8,8,8,25,0,1,7,7,7,57.1428571428571,0,1,10,8,10,30,0,2,-44,-44,-44,-44,-44,2,-44,-44,-44,-44,-44,2,-44,-44,-44,-44,-44,1,11,6,7,54.5454545454545,0,1,1,2,1,1,1,1,2,"-44",1,1,2,1,1,1,1,2,"-44",1,1,1,2,1,1,1,2,"-44",1,1,1,2,1,1,1,2,"-44",1,1,1,2,1,2,1,2,"-44",1,1,1,2,1,1,2,2,"-44",2,-44,-44,-44,-44,-44,-44,-44,"-44",2,-44,-44,-44,-44,-44,-44,-44,"-44",2,-44,-44,-44,-44,-44,-44,-44,"-44",1,1,1,2,1,1,2,2,"-44",1,1,1,2,"Professionals",1,1,1,2,2,2,1,6,"Sales workers","Professionals","Sales workers",2,2,1,1,1,1,2,2,2,2,2,1,1,1,2,2,1,2,1,1,70,70,30,70,5,30,6,5,1,2,70000,20000,2,2,1,1,2,1,3,2,1,2,1,2,1,2,3,2,1,2,1,2,1,1,1,2,2,2,1,1,1,1,2,2,1,1,2,2,2,3,540000,300000,2,1,450,0,6,5,1,1,1,1,30,25,1,2,1,1,2,1,1,1,1,1,1,1,1,1,3,3,-44,1,1,3,3,3,3,3,3,2,1,2,4,4,4,4,3,4,4,4,4,4,1,1,2,1,1,1,2,1,1,1,1,3,3,-44,3,3,3,-44,2,3,3,888997,1,4,4,2,3,4,4,4,4,4,4,1,2,1,2,2,2,2,2,"-44",-44,-44,-44,-44,-44,-44,"-44",2,2,-44,-44,2,2,-44,-44,-44,-44,"-44",-44,-44,-44,-44,"-44",-44,-44,-44,-44,"-44",-44,-44,-44,-44,"-44",-44,-44,-44,-44,"-44",-44,-44,-44,-44,"-44",-44,"-44",-44,"-44",-44,-44,-44,-44,2,2,-44,-44,-44,-44,-44,"-44",-44,-44,-44,-44,-44,"-44",-44,-44,-44,-44,-44,-44,-44,-44,-44,-44,-44,-44,-44,-44,-44,-44,-44,-44,-44,-44,-44,-44,2,2,-44,-44,5,5,5,5,5,1,5,5,5,5,5,2,2,1,1,1,3,3,3,3,1,3,3,3,3,3,3,1,3,3,2,"-44",2,1,2,1,2,1,4,1,0,1,1,0,0,1,0,0,1,0,0,0,1,1,0,2,1,1,11,40,7000000,200000,888998,12,45,7500000,888997,888998,50,1,2,3,2,"NAIROBI",19,"-44","-44",50,104,999,1,-44,1,-44,2,35.0139999389648,"Kenya"
10041,1,3,"M1 through M5",-44,-44,"M6",-44,-44,"-44",2,-44,2004,1,"-44",1,19,1,1,0,4,1,3,1,1,1,1,0,0,0,2,-44,-44,-44,-44,-44,-44,2,-44,-44,-44,-44,-44,-44,2,-44,-44,-44,-44,-44,2,-44,-44,-44,-44,-44,1,4,0,4,75,0,2,-44,-44,-44,-44,-44,2,-44,-44,-44,-44,-44,2,-44,-44,-44,-44,-44,2,-44,-44,-44,-44,-44,2,-44,-44,-44,-44,-44,-44,-44,"-44",2,-44,-44,-44,-44,-44,-44,-44,"-44",2,-44,-44,-44,-44,-44,-44,-44,"-44",2,-44,-44,-44,-44,-44,-44,-44,"-44",2,-44,-44,-44,-44,-44,-44,-44,"-44",1,1,2,2,2,1,2,2,"-44",2,-44,-44,-44,-44,-44,-44,-44,"-44",2,-44,-44,-44,-44,-44,-44,-44,"-44",2,-44,-44,-44,-44,-44,-44,-44,"-44",2,-44,-44,-44,-44,-44,-44,-44,"-44",1,2,2,1,"Managers",2,2,1,2,2,2,2,6,"Sales workers","Managers","Sales workers",2,2,2,2,2,2,2,2,1,2,2,2,2,2,2,2,1,2,2,1,-44,75,25,75,-44,10,4,3,1,2,40000,8000,2,2,1,2,5,-44,-44,-44,-44,-44,-44,-44,1,5,-44,2,1,2,-44,-44,1,2,2,2,2,2,1,1,2,2,2,2,2,1,4,1,1,1,40000,9000,2,2,12,0,4,3,2,2,1,1,40,28,1,2,2,2,3,2,2,2,2,2,2,2,3,3,-44,-44,-44,-44,-44,-44,-44,-44,-44,-44,-44,-44,4,1,4,4,4,3,2,4,4,4,4,4,2,1,3,2,2,2,1,1,1,3,3,-44,2,-44,-44,-44,-44,2,2,2,-44,-44,1,2,4,4,4,3,4,4,4,4,4,2,2,-44,-44,-44,-44,-44,-44,"-44",-44,-44,-44,-44,-44,-44,"-44",2,2,-44,-44,2,2,-44,-44,-44,-44,"-44",-44,-44,-44,-44,"-44",-44,-44,-44,-44,"-44",-44,-44,-44,-44,"-44",-44,-44,-44,-44,"-44",-44,-44,-44,-44,"-44",-44,"-44",-44,"-44",-44,-44,-44,-44,2,2,-44,-44,-44,-44,-44,"-44",-44,-44,-44,-44,-44,"-44",-44,-44,-44,-44,-44,-44,-44,-44,-44,-44,-44,-44,-44,-44,-44,-44,-44,-44,-44,-44,-44,-44,2,2,-44,-44,3,3,3,3,3,2,-44,-44,-44,-44,-44,3,1,1,1,3,3,3,3,3,3,3,3,3,3,3,3,3,1,1,1,"-44",2,2,2,2,2,2,2,2,0,2,1,3,2,1,2,1,0,1,0,0,0,0,1,1,4,2,12,5,2310000,130000,2800000,12,5,2300000,145000,2620000,0,2,1,3,3,"NAIROBI",19,"-44","-44",5,113,999,1,-44,1,-44,2,35.0139999389648,"Kenya"
10069,2,2,"M1 through M5",-44,-44,"M6",-44,-44,"-44",1,2001,2001,1,"-44",1,1,20,9,11,4,4,0,1,1,1,1,0,100,0,1,19,19,19,57.8947368421053,100,0,2,-44,-44,-44,-44,-44,-44,2,-44,-44,-44,-44,-44,1,4,4,4,0,0,2,-44,-44,-44,-44,-44,2,-44,-44,-44,-44,-44,2,-44,-44,-44,-44,-44,2,-44,-44,-44,-44,-44,2,-44,-44,-44,-44,-44,1,1,1,2,1,2,1,2,"-44",1,1,1,2,1,2,1,2,"-44",2,-44,-44,-44,-44,-44,-44,-44,"-44",2,-44,-44,-44,-44,-44,-44,-44,"-44",1,1,1,2,1,2,1,2,"-44",2,-44,-44,-44,-44,-44,-44,-44,"-44",2,-44,-44,-44,-44,-44,-44,-44,"-44",2,-44,-44,-44,-44,-44,-44,-44,"-44",2,-44,-44,-44,-44,-44,-44,-44,"-44",2,-44,-44,-44,-44,-44,-44,-44,"-44",1,1,2,2,"Professionals",2,1,2,2,2,2,2,5,"Service workers","Professionals","Service workers",1,2,2,2,1,2,2,1,2,1,2,2,2,1,2,2,1,2,1,1,40,40,60,40,10,10,6,6,2,1,15000,12000,1,1,2,2,1,2,3,1,2,2,2,1,1,2,3,1,2,2,2,1,1,1,1,2,1,2,2,1,1,1,2,1,2,2,3,1,1,1,15000,12000,1,1,0,0,6,6,1,1,1,1,23,20,2,1,1,2,3,1,1,2,2,2,2,2,1,2,1,-44,-44,3,3,-44,-44,-44,-44,-44,2,-44,4,1,4,2,4,4,3,4,4,4,4,4,1,2,3,2,2,2,2,2,2,1,2,1,-44,-44,-44,-44,-44,-44,-44,-44,2,-44,4,1,4,2,4,3,4,4,4,4,4,1,1,2,2,2,2,1,2,"-44",2,2,2,2,1,2,"-44",2,2,-44,-44,2,2,-44,-44,-44,-44,"-44",-44,-44,-44,-44,"-44",-44,-44,-44,-44,"-44",-44,-44,-44,-44,"-44",-44,-44,-44,-44,"-44",-44,-44,-44,-44,"-44",-44,"-44",-44,"-44",-44,-44,-44,-44,2,2,-44,-44,-44,-44,-44,"-44",-44,-44,-44,-44,-44,"-44",-44,-44,-44,-44,-44,-44,-44,-44,-44,-44,-44,-44,-44,-44,-44,-44,-44,-44,-44,-44,-44,-44,2,2,-44,-44,5,5,5,5,5,2,-44,-44,-44,-44,-44,5,5,5,5,5,3,3,888997,3,2,1,2,2,3,3,3,3,3,3,1,"-44",2,1,1,1,1,2,0,0,2,3,2,2,2,1,1,0,1,2,0,1,1,0,2,2,1,2,11,24,10000000,100000,3000000,11,24,12000000,150000,400000,0,2,2,3,3,"NAIROBI",1,"-44","-44",24,110,999,1,-44,1,-44,2,35.0139999389648,"Kenya"
10035,1,3,"M1 through M5",1,3,"M6",-44,-44,"-44",2,-44,2010,3,"-44",1,9,92,58,34,0,0,0,1,4,4,4,75,0,0,1,40,38,40,25,0,1,1,6,6,6,66.6666666666667,0,0,1,4,2,4,50,0,1,20,3,10,50,0,1,4,0,4,75,0,1,4,1,4,0,0,1,6,1,5,0,0,1,2,1,2,0,0,1,2,2,0,100,0,1,1,2,2,2,2,2,2,"-44",1,1,2,2,2,2,2,2,"-44",1,1,2,2,2,2,2,2,"-44",1,1,2,2,2,2,2,2,"-44",1,1,2,2,2,2,2,2,"-44",1,1,2,2,2,2,2,2,"-44",1,1,1,1,2,2,2,2,"-44",1,1,1,2,2,2,2,2,"-44",1,2,1,1,2,2,2,2,"-44",2,-44,-44,-44,-44,-44,-44,-44,"-44",1,1,1,3,"Technicians and associate professionals",1,1,1,1,1,1,1,6,"Sales workers","Technicians and associate professionals","Sales workers",2,2,2,2,2,2,1,1,2,2,2,2,2,2,2,1,2,2,2,1,-44,75,25,75,-44,30,5,5,2,1,32000,18000,1,1,2,2,1,5,-44,1,2,2,-44,-44,5,-44,-44,-44,-44,-44,-44,-44,1,2,2,1,1,2,2,1,1,2,2,2,1,2,3,2,1,1,40000,28000,1,1,6,12,5,5,1,1,1,1,30,30,2,2,2,2,2,2,2,2,2,2,2,2,2,1,-44,-44,-44,-44,-44,-44,-44,-44,-44,-44,-44,1,4,4,4,4,4,3,4,1,2,4,4,4,2,2,2,2,2,2,2,2,2,2,1,-44,-44,-44,-44,-44,-44,-44,-44,-44,-44,1,4,4,4,4,1,2,4,4,3,4,4,1,1,2,2,2,1,2,2,"-44",2,2,2,1,2,2,"-44",1,1,40,100,2,2,-44,-44,-44,-44,"-44",-44,-44,-44,-44,"-44",-44,-44,-44,-44,"-44",-44,-44,-44,-44,"-44",-44,-44,-44,-44,"-44",-44,-44,-44,-44,"-44",-44,"-44",-44,"-44",-44,-44,-44,-44,2,2,-44,-44,-44,-44,-44,"-44",-44,-44,-44,-44,-44,"-44",-44,-44,-44,-44,-44,-44,-44,-44,-44,-44,-44,-44,-44,-44,-44,-44,-44,-44,-44,-44,-44,-44,1,1,3,3,2,2,2,4,4,2,-44,-44,-44,-44,-44,1,1,1,1,1,3,2,3,3,3,3,2,2,3,1,3,3,3,4,1,"-44",2,1,2,2,2,2,3,0,2,0,0,0,1,2,0,0,0,0,0,1,1,1,0,0,2,2,11,85,21330000,20200000,430000000,11,90,21390000,20210000,436000000,40,1,2,3,3,"NAIROBI",9,"-44","-44",92,113,999,1,-44,1,-44,2,35.0139999389648,"Kenya"
10093,2,2,"M1 through M5",-44,-44,"M6",-44,-44,"-44",2,-44,2004,3,"-44",1,10,30,22,8,0,0,0,1,6,6,6,33.3333333333333,0,0,1,18,18,18,22.2222222222222,0,0,2,-44,-44,-44,-44,-44,-44,1,2,2,2,50,0,1,2,2,2,50,0,2,-44,-44,-44,-44,-44,2,-44,-44,-44,-44,-44,2,-44,-44,-44,-44,-44,1,2,2,2,0,0,2,-44,-44,-44,-44,-44,2,-44,-44,-44,-44,-44,-44,-44,"-44",2,-44,-44,-44,-44,-44,-44,-44,"-44",2,-44,-44,-44,-44,-44,-44,-44,"-44",2,-44,-44,-44,-44,-44,-44,-44,"-44",2,-44,-44,-44,-44,-44,-44,-44,"-44",2,-44,-44,-44,-44,-44,-44,-44,"-44",2,-44,-44,-44,-44,-44,-44,-44,"-44",2,-44,-44,-44,-44,-44,-44,-44,"-44",2,-44,-44,-44,-44,-44,-44,-44,"-44",2,-44,-44,-44,-44,-44,-44,-44,"-44",1,1,2,2,"Professionals",1,1,2,2,2,1,2,9,"Plant and machine operators, and assembl","Professionals","Plant and machine operators, and assembl",2,2,2,2,2,1,2,1,2,2,2,2,2,2,1,2,1,2,2,2,-44,-44,-44,-44,-44,-44,6,5,2,1,35000,15000,2,2,1,1,5,-44,-44,-44,-44,-44,-44,-44,2,1,5,2,1,2,1,2,1,1,1,2,2,1,1,1,1,1,2,1,2,2,5,2,3,3,35000,15000,2,2,24,24,6,5,1,1,1,1,35,40,2,1,1,2,3,2,2,2,2,2,2,2,2,2,2,-44,-44,-44,-44,-44,-44,-44,-44,-44,-44,-44,1,2,4,3,4,4,4,4,4,4,4,4,2,2,2,2,2,2,2,2,2,2,2,-44,-44,-44,-44,-44,-44,-44,-44,-44,-44,-44,1,4,4,4,2,4,4,3,4,4,4,2,2,-44,-44,-44,-44,-44,-44,"-44",-44,-44,-44,-44,-44,-44,"-44",2,2,-44,-44,2,2,-44,-44,-44,-44,"-44",-44,-44,-44,-44,"-44",-44,-44,-44,-44,"-44",-44,-44,-44,-44,"-44",-44,-44,-44,-44,"-44",-44,-44,-44,-44,"-44",-44,"-44",-44,"-44",-44,-44,-44,-44,2,2,-44,-44,-44,-44,-44,"-44",-44,-44,-44,-44,-44,"-44",-44,-44,-44,-44,-44,-44,-44,-44,-44,-44,-44,-44,-44,-44,-44,-44,-44,-44,-44,-44,-44,-44,2,2,-44,-44,2,4,4,4,4,2,-44,-44,-44,-44,-44,2,2,1,2,5,1,2,888997,1,1,1,1,1,1,1,1,1,3,3,2,"-44",1,1,2,1,1,2,0,0,0,1,1,0,0,3,3,3,1,0,0,0,0,0,0,1,1,1,12,30,7740000,7000000,9700000,12,30,7740000,6000000,11000000,100,2,2,3,4,"NAIROBI",10,"-44","-44",30,108,999,1,-44,1,-44,2,35.0139999389648,"Kenya"
10073,2,2,"M1 through M5",-44,-44,"M6",-44,-44,"-44",2,-44,2005,2,"-44",1,19,32,29,3,0,0,0,1,3,3,3,66.6666666666667,0,0,1,1,1,1,0,0,0,2,-44,-44,-44,-44,-44,-44,1,2,1,2,50,0,1,1,1,2,0,0,1,2,2,3,0,0,2,-44,-44,-44,-44,-44,2,-44,-44,-44,-44,-44,1,21,18,25,0,0,1,2,2,2,0,0,2,-44,-44,-44,-44,-44,-44,-44,"-44",2,-44,-44,-44,-44,-44,-44,-44,"-44",2,-44,-44,-44,-44,-44,-44,-44,"-44",1,1,2,2,2,2,2,2,"-44",2,-44,-44,-44,-44,-44,-44,-44,"-44",1,2,2,2,2,2,2,2,"-44",2,-44,-44,-44,-44,-44,-44,-44,"-44",2,-44,-44,-44,-44,-44,-44,-44,"-44",1,2,2,2,2,2,2,2,"-44",1,2,2,2,2,2,2,2,"-44",1,1,2,2,"Professionals",1,1,1,2,2,1,1,6,"Sales workers","Professionals","Sales workers",2,2,2,1,2,2,2,2,2,2,2,2,1,2,2,2,2,2,2,2,-44,-44,-44,-44,-44,-44,6,5,2,2,60000,40000,2,2,1,1,1,2,5,2,2,1,2,1,2,1,5,2,1,2,2,1,2,1,1,2,2,2,1,1,1,2,2,2,1,1,2,2,1,1,70000,40000,2,2,1,1,6,5,1,1,1,1,40,30,1,1,2,2,2,2,2,2,2,2,2,2,2,2,-44,-44,-44,-44,-44,-44,-44,-44,-44,-44,-44,-44,1,2,4,3,4,4,4,4,4,4,4,4,2,2,2,2,2,2,2,2,2,2,2,-44,-44,-44,-44,-44,-44,-44,-44,-44,-44,-44,4,3,4,4,1,4,4,2,4,4,4,2,2,-44,-44,-44,-44,-44,-44,"-44",-44,-44,-44,-44,-44,-44,"-44",2,2,-44,-44,2,2,-44,-44,-44,-44,"-44",-44,-44,-44,-44,"-44",-44,-44,-44,-44,"-44",-44,-44,-44,-44,"-44",-44,-44,-44,-44,"-44",-44,-44,-44,-44,"-44",-44,"-44",-44,"-44",-44,-44,-44,-44,2,2,-44,-44,-44,-44,-44,"-44",-44,-44,-44,-44,-44,"-44",-44,-44,-44,-44,-44,-44,-44,-44,-44,-44,-44,-44,-44,-44,-44,-44,-44,-44,-44,-44,-44,-44,2,2,-44,-44,4,4,4,4,4,2,-44,-44,-44,-44,-44,1,1,1,1,4,3,3,888997,3,3,3,3,1,1,3,3,3,3,2,1,"-44",1,1,1,1,1,2,1,3,1,3,3,2,2,3,1,1,1,1,0,1,1,1,1,1,1,2,12,28,888998,888998,888998,12,32,888998,888998,888998,100,2,2,3,3,"NAIROBI",19,"-44","-44",32,112,999,1,-44,1,-44,2,35.0139999389648,"Kenya"
10032,2,2,"M1 through M5",-44,-44,"M6",-44,-44,"-44",2,-44,2001,4,"-44",1,10,20,12,8,0,0,0,1,2,1,3,50,0,0,2,-44,-44,-44,-44,-44,-44,1,4,0,10,0,0,0,1,7,0,10,57.1428571428571,0,1,4,0,10,50,0,1,3,0,10,33.3333333333333,0,2,-44,-44,-44,-44,-44,2,-44,-44,-44,-44,-44,2,-44,-44,-44,-44,-44,2,-44,-44,-44,-44,-44,1,1,2,2,2,2,2,2,"-44",2,-44,-44,-44,-44,-44,-44,-44,"-44",1,2,2,2,2,2,2,2,"-44",1,1,2,2,1,2,1,2,"-44",1,1,2,2,1,2,1,2,"-44",1,1,2,2,1,2,1,2,"-44",2,-44,-44,-44,-44,-44,-44,-44,"-44",2,-44,-44,-44,-44,-44,-44,-44,"-44",2,-44,-44,-44,-44,-44,-44,-44,"-44",2,-44,-44,-44,-44,-44,-44,-44,"-44",1,2,1,1,"Managers",1,1,1,2,2,2,2,6,"Sales workers","Managers","Sales workers",2,2,2,2,2,1,2,2,2,2,2,2,2,2,1,2,2,2,1,1,60,35,65,35,14,14,6,5,1,2,80000,20000,2,2,2,2,4,1,2,2,1,2,1,2,1,4,5,1,2,2,-44,-44,2,2,2,1,2,1,2,1,2,2,1,2,2,2,4,4,3,3,60000,21000,2,2,5,12,6,5,1,1,1,1,35,23,2,2,2,2,2,1,2,1,2,2,1,2,1,2,-44,-44,-44,1,-44,2,-44,-44,1,-44,1,-44,4,4,4,4,4,4,4,4,3,1,4,2,1,2,2,1,2,1,2,2,2,2,2,2,-44,-44,1,-44,1,-44,-44,-44,-44,-44,4,2,4,3,4,4,1,4,4,4,4,2,2,-44,-44,-44,-44,-44,-44,"-44",-44,-44,-44,-44,-44,-44,"-44",2,2,-44,-44,2,2,-44,-44,-44,-44,"-44",-44,-44,-44,-44,"-44",-44,-44,-44,-44,"-44",-44,-44,-44,-44,"-44",-44,-44,-44,-44,"-44",-44,-44,-44,-44,"-44",-44,"-44",-44,"-44",-44,-44,-44,-44,2,2,-44,-44,-44,-44,-44,"-44",-44,-44,-44,-44,-44,"-44",-44,-44,-44,-44,-44,-44,-44,-44,-44,-44,-44,-44,-44,-44,-44,-44,-44,-44,-44,-44,-44,-44,2,2,-44,-44,888997,888997,888997,888997,888997,2,-44,-44,-44,-44,-44,888997,888997,888997,888997,888997,3,3,3,3,3,3,3,3,3,3,3,3,3,4,1,"-44",2,1,1,1,2,2,3,1,1,1,4,4,1,4,1,0,0,0,0,0,1,1,1,1,1,1,9,20,100000,500000,8400000,9,20,1500000,600000,9500000,100,1,2,2,3,"NAIROBI",10,"-44","-44",20,114,999,1,-44,1,-44,2,35.0139999389648,"Kenya"
99127,2,2,"M1 through M5",-44,-44,"M6",-44,-44,"-44",2,-44,1996,1,"-44",1,7,14,10,4,38,20,18,1,5,5,5,20,0,0,1,21,17,23,42.8571428571429,19.047619047619,0,1,18,11,18,50,38.8888888888889,0,1,8,8,10,37.5,0,2,-44,-44,-44,-44,-44,2,-44,-44,-44,-44,-44,2,-44,-44,-44,-44,-44,2,-44,-44,-44,-44,-44,2,-44,-44,-44,-44,-44,2,-44,-44,-44,-44,-44,2,-44,-44,-44,-44,-44,-44,-44,"-44",1,1,2,2,2,2,1,2,"-44",1,1,1,2,1,2,2,2,"-44",2,-44,-44,-44,-44,-44,-44,-44,"-44",2,-44,-44,-44,-44,-44,-44,-44,"-44",2,-44,-44,-44,-44,-44,-44,-44,"-44",2,-44,-44,-44,-44,-44,-44,-44,"-44",2,-44,-44,-44,-44,-44,-44,-44,"-44",2,-44,-44,-44,-44,-44,-44,-44,"-44",2,-44,-44,-44,-44,-44,-44,-44,"-44",1,1,1,2,"Professionals",1,2,2,2,2,2,2,4,"Clerical and support workers","Professionals","Clerical and support workers",2,2,2,2,2,2,1,1,2,2,2,2,2,2,2,2,1,2,1,2,80,-44,-44,-44,15,-44,6,5,2,1,98700,26200,2,2,2,2,2,3,1,2,1,2,1,2,2,5,-44,-44,-44,-44,2,1,1,1,1,2,2,1,1,1,1,1,2,2,1,2,2,3,1,1,79600,22700,2,2,1,2,6,4,2,2,1,2,33,36,1,2,3,3,1,2,2,3,2,2,2,3,1,3,-44,-44,3,-44,-44,-44,-44,-44,-44,-44,1,-44,4,4,4,4,4,3,2,4,4,1,4,4,2,2,1,2,2,2,1,2,2,2,2,-44,-44,1,-44,-44,-44,1,-44,-44,-44,-44,4,4,4,2,4,1,4,4,3,4,4,2,2,-44,-44,-44,-44,-44,-44,"-44",-44,-44,-44,-44,-44,-44,"-44",2,1,-44,90,2,2,-44,-44,-44,-44,"-44",-44,-44,-44,-44,"-44",-44,-44,-44,-44,"-44",-44,-44,-44,-44,"-44",-44,-44,-44,-44,"-44",-44,-44,-44,-44,"-44",-44,"-44",-44,"-44",-44,-44,-44,-44,2,2,-44,-44,-44,-44,-44,"-44",-44,-44,-44,-44,-44,"-44",-44,-44,-44,-44,-44,-44,-44,-44,-44,-44,-44,-44,-44,-44,-44,-44,-44,-44,-44,-44,-44,-44,2,1,-44,888997,5,2,5,5,5,2,-44,-44,-44,-44,-44,4,1,2,3,5,3,1,3,3,3,2,2,3,3,1,3,3,5,4,1,"-44",2,2,1,1,1,1,0,1,0,0,2,0,3,2,1,1,4,1,1,0,2,1,1,1,4,1,3,57,142940200,98748200,425779200,3,54,37902300,59795400,168488500,50,1,1,1,4,"NAIROBI",7,"-44","-44",52,104,202,1,-44,1,-44,2,35.0139999389648,"Kenya"
99125,1,2,"M1 through M5",-44,-44,"M6",-44,-44,"-44",2,-44,2013,1,"-44",1,7,48,30,18,0,0,0,1,3,3,3,0,0,0,2,-44,-44,-44,-44,-44,-44,2,-44,-44,-44,-44,-44,-44,1,19,13,19,57.8947368421053,0,2,-44,-44,-44,-44,-44,1,17,17,17,41.1764705882353,0,2,-44,-44,-44,-44,-44,1,5,4,5,0,0,2,-44,-44,-44,-44,-44,1,4,2,4,0,0,2,-44,-44,-44,-44,-44,-44,-44,"-44",2,-44,-44,-44,-44,-44,-44,-44,"-44",2,-44,-44,-44,-44,-44,-44,-44,"-44",1,1,2,2,1,2,1,2,"-44",2,-44,-44,-44,-44,-44,-44,-44,"-44",2,-44,-44,-44,-44,-44,-44,-44,"-44",2,-44,-44,-44,-44,-44,-44,-44,"-44",1,1,2,1,2,2,2,2,"-44",2,-44,-44,-44,-44,-44,-44,-44,"-44",1,2,2,1,1,2,1,2,"-44",1,2,2,1,"Managers",1,2,1,2,1,2,1,6,"Sales workers","Managers","Sales workers",2,1,2,2,2,2,2,2,2,2,2,2,2,2,2,1,1,2,2,2,-44,-44,-44,-44,-44,-44,6,4,1,2,30100,25900,2,2,2,1,2,3,1,2,2,1,1,2,3,2,1,2,1,2,1,2,2,1,2,1,2,1,1,1,1,1,2,1,2,1,4,2,2,3,36300,28200,2,2,8,4,6,6,1,2,2,1,54,33,1,1,2,2,1,2,1,2,2,2,3,2,3,2,-44,-44,1,-44,2,-44,-44,-44,-44,-44,-44,-44,4,4,4,3,4,4,1,4,4,2,4,4,3,2,1,2,3,2,3,3,2,2,3,-44,-44,3,-44,-44,-44,-44,-44,-44,-44,-44,4,4,4,1,3,4,4,4,2,4,4,1,2,1,1,1,1,2,2,"-44",-44,-44,-44,-44,-44,-44,"-44",2,2,-44,-44,2,2,-44,-44,-44,-44,"-44",-44,-44,-44,-44,"-44",-44,-44,-44,-44,"-44",-44,-44,-44,-44,"-44",-44,-44,-44,-44,"-44",-44,-44,-44,-44,"-44",-44,"-44",-44,"-44",-44,-44,-44,-44,2,2,-44,-44,-44,-44,-44,"-44",-44,-44,-44,-44,-44,"-44",-44,-44,-44,-44,-44,-44,-44,-44,-44,-44,-44,-44,-44,-44,-44,-44,-44,-44,-44,-44,-44,-44,2,2,-44,-44,5,3,4,2,3,1,5,5,2,3,5,2,1,1,5,5,3,3,3,3,1,1,2,2,3,3,2,3,4,4,1,"-44",2,2,1,2,1,1,4,1,1,1,4,1,1,4,4,0,0,4,4,4,0,1,4,0,0,2,11,51,11377300,4980600,102514500,11,49,6474600,6332300,64102400,30,1,1,1,4,"NAIROBI",7,"-44","-44",48,114,202,1,-44,1,-44,2,35.0139999389648,"Kenya"
98279,2,2,"M1 through M5",-44,-44,"M6",-44,-44,"-44",2,-44,1995,3,"-44",1,3,267,232,35,145,120,25,1,6,6,6,16.6666666666667,0,1,1,10,10,10,10,0,0,1,5,5,5,0,0,0,1,20,20,20,25,0,1,120,120,120,25.8333333333333,0,1,6,5,6,0,0,2,-44,-44,-44,-44,-44,2,-44,-44,-44,-44,-44,1,215,210,215,9.30232558139535,0,1,30,30,30,6.66666666666667,0,2,-44,-44,-44,-44,-44,-44,-44,"-44",2,-44,-44,-44,-44,-44,-44,-44,"-44",2,-44,-44,-44,-44,-44,-44,-44,"-44",2,-44,-44,-44,-44,-44,-44,-44,"-44",2,-44,-44,-44,-44,-44,-44,-44,"-44",1,1,2,2,2,2,2,2,"-44",2,-44,-44,-44,-44,-44,-44,-44,"-44",2,-44,-44,-44,-44,-44,-44,-44,"-44",1,1,1,2,2,1,2,2,"-44",2,-44,-44,-44,-44,-44,-44,-44,"-44",1,1,1,2,"Professionals",1,1,1,2,2,1,1,4,"Clerical and support workers","Professionals","Clerical and support workers",2,2,2,2,2,2,2,1,2,2,2,2,2,2,2,2,1,2,2,2,-44,-44,-44,-44,-44,-44,6,5,1,2,80000,25000,2,2,2,1,3,2,1,2,1,2,1,2,5,-44,-44,-44,-44,-44,-44,-44,2,2,2,1,2,1,1,1,1,2,2,2,2,1,2,2,3,3,89000,31000,2,2,0,4,6,5,1,1,1,1,40,35,1,2,2,2,3,2,2,2,2,2,2,2,2,2,-44,-44,-44,-44,-44,-44,-44,-44,-44,-44,-44,-44,4,4,4,4,4,1,2,3,4,4,4,4,2,2,3,2,2,2,2,2,3,3,3,-44,-44,-44,-44,-44,-44,-44,-44,-44,-44,-44,4,1,4,4,2,3,4,4,4,4,4,2,2,-44,-44,-44,-44,-44,-44,"-44",-44,-44,-44,-44,-44,-44,"-44",2,1,-44,20,2,2,-44,-44,-44,-44,"-44",-44,-44,-44,-44,"-44",-44,-44,-44,-44,"-44",-44,-44,-44,-44,"-44",-44,-44,-44,-44,"-44",-44,-44,-44,-44,"-44",-44,"-44",-44,"-44",-44,-44,-44,-44,2,2,-44,-44,-44,-44,-44,"-44",-44,-44,-44,-44,-44,"-44",-44,-44,-44,-44,-44,-44,-44,-44,-44,-44,-44,-44,-44,-44,-44,-44,-44,-44,-44,-44,-44,-44,2,1,-44,3,2,3,2,4,4,2,-44,-44,-44,-44,-44,1,1,1,1,1,3,3,3,3,3,3,3,3,3,3,3,3,4,3,1,"-44",2,1,2,2,2,2,3,3,0,2,0,2,1,3,3,0,1,1,1,0,1,0,0,0,1,1,12,410,99348000,37480000,288000000,12,410,99356000,37402000,301000000,80,1,2,2,3,"NAIROBI",3,"-44","-44",412,113,999,1,-44,1,-44,3,10.4413003921509,"Kenya"
10004,1,2,"M1 through M5",-44,-44,"M6",-44,-44,"-44",2,-44,1958,3,"-44",1,3,120,72,48,180,109,71,1,9,9,9,11.1111111111111,0,0,2,-44,-44,-44,-44,-44,-44,1,16,15,16,0,6.25,1,1,30,29,30,33.3333333333333,1,1,10,10,10,30,0,1,21,21,21,52.3809523809524,0,2,-44,-44,-44,-44,-44,2,-44,-44,-44,-44,-44,1,20,20,20,0,0,1,194,194,194,48.4536082474227,0,2,-44,-44,-44,-44,-44,-44,-44,"-44",2,-44,-44,-44,-44,-44,-44,-44,"-44",1,1,2,1,1,2,1,2,"-44",1,1,2,1,1,2,1,2,"-44",2,-44,-44,-44,-44,-44,-44,-44,"-44",2,-44,-44,-44,-44,-44,-44,-44,"-44",2,-44,-44,-44,-44,-44,-44,-44,"-44",2,-44,-44,-44,-44,-44,-44,-44,"-44",2,-44,-44,-44,-44,-44,-44,-44,"-44",2,-44,-44,-44,-44,-44,-44,-44,"-44",1,2,1,3,"Technicians and associate professionals",1,1,1,2,2,1,1,6,"Sales workers","Technicians and associate professionals","Sales workers",2,1,2,2,2,1,1,1,2,2,1,2,2,2,1,1,1,2,1,2,90,-44,-44,-44,1,-44,5,5,1,2,150000,40000,2,2,1,1,1,2,3,2,1,2,1,2,1,2,5,2,1,2,2,1,1,1,1,1,2,1,1,1,1,1,1,1,1,1,3,3,3,3,40000,40000,2,2,12,12,5,5,1,1,1,1,34,25,1,2,2,2,2,2,2,2,2,2,2,2,2,2,-44,-44,-44,-44,-44,-44,-44,-44,-44,-44,-44,-44,4,3,4,2,1,4,4,4,4,4,4,4,2,2,2,2,2,2,2,2,2,2,2,-44,-44,-44,-44,-44,-44,-44,-44,-44,-44,-44,2,4,4,3,1,4,4,4,4,4,4,1,1,2,2,1,1,1,2,"-44",2,2,1,1,1,2,"-44",1,1,40,40,2,2,-44,-44,-44,-44,"-44",-44,-44,-44,-44,"-44",-44,-44,-44,-44,"-44",-44,-44,-44,-44,"-44",-44,-44,-44,-44,"-44",-44,-44,-44,-44,"-44",-44,"-44",-44,"-44",-44,-44,-44,-44,2,2,-44,-44,-44,-44,-44,"-44",-44,-44,-44,-44,-44,"-44",-44,-44,-44,-44,-44,-44,-44,-44,-44,-44,-44,-44,-44,-44,-44,-44,-44,-44,-44,-44,-44,-44,1,1,1,3,5,5,5,5,5,2,-44,-44,-44,-44,-44,1,1,1,1,1,3,3,3,3,1,3,3,1,1,3,3,3,3,3,1,"-44",1,1,1,1,1,1,1,1,1,1,1,1,1,3,3,3,1,1,1,1,1,1,1,1,1,1,6,300,120000000,300000000,100000000,6,300,130000000,360000000,110000000,6,2,2,2,1,"NAIROBI",3,"-44","-44",300,103,999,1,-44,1,-44,3,10.4413003921509,"Kenya"
99158,1,2,"M1 through M5",-44,-44,"M6",-44,-44,"-44",2,-44,1994,1,"-44",1,7,110,40,70,0,0,0,1,17,17,17,82.3529411764706,0,0,2,-44,-44,-44,-44,-44,-44,1,44,44,48,63.6363636363636,0,0,2,-44,-44,-44,-44,-44,2,-44,-44,-44,-44,-44,2,-44,-44,-44,-44,-44,2,-44,-44,-44,-44,-44,2,-44,-44,-44,-44,-44,1,28,28,32,64.2857142857143,0,1,21,21,21,47.6190476190476,0,1,1,1,2,2,2,2,2,"-44",2,-44,-44,-44,-44,-44,-44,-44,"-44",1,1,2,1,2,2,1,2,"-44",2,-44,-44,-44,-44,-44,-44,-44,"-44",2,-44,-44,-44,-44,-44,-44,-44,"-44",2,-44,-44,-44,-44,-44,-44,-44,"-44",2,-44,-44,-44,-44,-44,-44,-44,"-44",2,-44,-44,-44,-44,-44,-44,-44,"-44",1,1,2,2,1,2,2,2,"-44",2,-44,-44,-44,-44,-44,-44,-44,"-44",1,2,1,3,"Technicians and associate professionals",2,2,2,2,2,1,1,10,"Elementary occupations","Technicians and associate professionals","Elementary occupations",2,2,1,1,2,1,1,1,2,2,2,2,2,2,1,1,2,1,1,2,30,-44,-44,-44,20,-44,5,2,2,1,32600,13300,2,2,2,1,2,5,-44,-44,-44,-44,1,2,3,1,5,2,2,1,-44,-44,1,1,2,1,1,1,2,1,2,2,2,2,1,1,2,1,2,3,36700,13200,2,2,1,12,4,3,2,2,2,1,32,46,1,2,2,2,2,2,2,3,2,2,2,2,1,1,-44,-44,-44,-44,-44,-44,-44,-44,-44,-44,1,1,4,3,4,2,4,4,4,4,4,1,4,4,3,2,2,2,2,2,2,2,2,2,2,-44,-44,-44,-44,-44,-44,-44,-44,-44,-44,-44,4,4,4,2,4,1,4,4,3,4,4,1,2,2,2,1,2,2,2,"-44",-44,-44,-44,-44,-44,-44,"-44",2,2,-44,-44,2,2,-44,-44,-44,-44,"-44",-44,-44,-44,-44,"-44",-44,-44,-44,-44,"-44",-44,-44,-44,-44,"-44",-44,-44,-44,-44,"-44",-44,-44,-44,-44,"-44",-44,"-44",-44,"-44",-44,-44,-44,-44,2,2,-44,-44,-44,-44,-44,"-44",-44,-44,-44,-44,-44,"-44",-44,-44,-44,-44,-44,-44,-44,-44,-44,-44,-44,-44,-44,-44,-44,-44,-44,-44,-44,-44,-44,-44,2,2,-44,-44,3,2,2,1,5,2,-44,-44,-44,-44,-44,2,1,2,1,2,1,3,3,3,2,1,2,1,3,3,3,2,2,3,4,"-44",1,1,2,1,2,2,1,4,1,0,0,2,2,2,1,4,1,1,1,0,0,3,0,0,1,1,1,110,56171500,208353600,608190000,1,110,70631200,209170800,949304900,60,1,1,1,4,"NAIROBI",7,"-44","-44",110,106,202,1,-44,1,-44,3,10.4413003921509,"Kenya"
99161,1,3,"M1 through M5",-44,-44,"M6",-44,-44,"-44",2,-44,2008,1,"-44",1,9,151,98,53,0,0,0,1,6,6,6,16.6666666666667,0,0,1,53,40,53,0,24.5283018867925,0,1,30,30,30,80,0,0,1,38,38,38,44.7368421052632,0,1,15,13,15,73.3333333333333,0,1,9,9,9,0,0,2,-44,-44,-44,-44,-44,2,-44,-44,-44,-44,-44,2,-44,-44,-44,-44,-44,2,-44,-44,-44,-44,-44,2,-44,-44,-44,-44,-44,-44,-44,"-44",2,-44,-44,-44,-44,-44,-44,-44,"-44",1,1,2,2,1,1,2,2,"-44",2,-44,-44,-44,-44,-44,-44,-44,"-44",1,1,2,2,1,1,2,2,"-44",1,2,2,2,1,1,1,2,"-44",2,-44,-44,-44,-44,-44,-44,-44,"-44",2,-44,-44,-44,-44,-44,-44,-44,"-44",2,-44,-44,-44,-44,-44,-44,-44,"-44",2,-44,-44,-44,-44,-44,-44,-44,"-44",1,1,1,1,"Managers",1,1,1,2,2,2,2,5,"Service workers","Managers","Service workers",2,1,2,2,1,2,2,2,2,2,1,2,2,2,1,1,1,2,2,1,-44,70,30,70,-44,10,6,4,1,2,141600,38100,2,2,1,2,1,3,5,2,1,2,-44,-44,2,1,5,2,1,2,2,1,1,1,1,1,2,2,1,2,1,1,2,2,2,1,4,3,2,3,140300,27000,2,2,5,7,5,5,1,1,1,1,28,43,1,2,2,3,2,2,2,1,3,2,2,2,2,2,-44,-44,-44,-44,-44,2,-44,-44,-44,-44,-44,-44,3,4,4,4,4,4,1,2,4,4,4,4,2,2,2,2,3,2,2,3,2,3,2,-44,-44,-44,-44,-44,-44,-44,-44,-44,-44,-44,3,4,4,4,2,1,4,4,4,4,4,1,2,1,2,2,2,2,2,"-44",-44,-44,-44,-44,-44,-44,"-44",2,2,-44,-44,2,2,-44,-44,-44,-44,"-44",-44,-44,-44,-44,"-44",-44,-44,-44,-44,"-44",-44,-44,-44,-44,"-44",-44,-44,-44,-44,"-44",-44,-44,-44,-44,"-44",-44,"-44",-44,"-44",-44,-44,-44,-44,2,2,-44,-44,-44,-44,-44,"-44",-44,-44,-44,-44,-44,"-44",-44,-44,-44,-44,-44,-44,-44,-44,-44,-44,-44,-44,-44,-44,-44,-44,-44,-44,-44,-44,-44,-44,2,2,-44,-44,2,3,4,4,5,1,5,5,3,2,3,5,2,1,5,1,3,2,1,1,2,3,2,3,3,2,3,3,4,5,1,"-44",1,2,1,2,1,2,3,4,4,1,0,1,0,4,4,0,0,0,1,0,0,1,1,0,4,1,11,165,50476800,54221300,173888000,11,156,52063700,69243300,327241300,90,1,1,1,4,"NAIROBI",9,"-44","-44",151,106,202,1,-44,1,-44,3,10.4413003921509,"Kenya"
10008,2,2,"M1 through M5",-44,-44,"M6",-44,-44,"-44",1,1954,1954,4,"-44",1,3,100,92,8,150,140,10,1,15,14,17,40,26.6666666666667,1,1,7,5,7,28.5714285714286,28.5714285714286,1,1,12,12,15,0,0,0,1,7,7,12,0,0,1,23,23,23,0,0,1,8,7,12,75,0,2,-44,-44,-44,-44,-44,1,28,28,28,0,0,1,100,78,120,4,0,1,50,50,50,0,0,1,1,2,2,1,1,1,2,"-44",1,1,2,2,1,2,1,2,"-44",2,-44,-44,-44,-44,-44,-44,-44,"-44",2,-44,-44,-44,-44,-44,-44,-44,"-44",2,-44,-44,-44,-44,-44,-44,-44,"-44",1,1,2,2,2,1,1,2,"-44",2,-44,-44,-44,-44,-44,-44,-44,"-44",2,-44,-44,-44,-44,-44,-44,-44,"-44",1,2,2,1,1,2,2,2,"-44",2,-44,-44,-44,-44,-44,-44,-44,"-44",1,1,1,3,"Technicians and associate professionals",1,1,1,2,1,1,1,8,"Construction, craft, and related trade w","Technicians and associate professionals","Construction, craft, and related trade w",2,1,2,2,2,2,1,1,2,2,2,2,2,2,2,2,1,2,2,2,-44,-44,-44,-44,-44,-44,5,4,1,1,55000,30000,2,2,1,2,2,1,3,2,1,2,1,2,5,-44,-44,-44,-44,-44,-44,-44,1,1,1,1,2,2,1,2,2,1,2,2,2,1,5,1,3,3,55000,28000,2,2,0,6,5,4,2,2,1,1,28,24,1,1,2,2,3,1,2,2,2,1,2,2,1,1,-44,-44,-44,1,-44,-44,-44,1,-44,-44,2,2,1,4,4,2,4,3,4,4,4,4,4,4,2,2,3,2,2,2,2,2,1,3,2,-44,-44,-44,-44,-44,-44,-44,-44,1,-44,-44,4,4,4,4,4,3,4,2,1,4,4,1,1,1,1,2,2,1,2,"-44",1,2,2,2,1,2,"-44",2,1,-44,80,2,2,-44,-44,-44,-44,"-44",-44,-44,-44,-44,"-44",-44,-44,-44,-44,"-44",-44,-44,-44,-44,"-44",-44,-44,-44,-44,"-44",-44,-44,-44,-44,"-44",-44,"-44",-44,"-44",-44,-44,-44,-44,2,2,-44,-44,-44,-44,-44,"-44",-44,-44,-44,-44,-44,"-44",-44,-44,-44,-44,-44,-44,-44,-44,-44,-44,-44,-44,-44,-44,-44,-44,-44,-44,-44,-44,-44,-44,2,1,-44,4,4,3,4,2,4,1,5,5,5,5,5,5,3,3,3,5,3,2,3,2,1,2,3,1,1,2,3,1,4,3,2,"-44",1,1,1,1,2,1,1,2,0,0,0,0,0,1,1,0,1,0,0,1,0,0,1,0,2,1,6,228,122400000,183000000,765000000,6,250,144000000,204000000,970000000,100,1,2,1,4,"NAIROBI",3,"-44","-44",250,103,999,1,-44,1,-44,3,10.4413003921509,"Kenya"
99140,2,3,"M1 through M5",-44,-44,"M6",-44,-44,"-44",2,-44,2013,3,"-44",1,3,117,57,60,21,14,7,1,12,12,12,25,0,0,1,97,97,121,55.6701030927835,0,0,2,-44,-44,-44,-44,-44,-44,1,29,25,29,34.4827586206897,0,2,-44,-44,-44,-44,-44,2,-44,-44,-44,-44,-44,2,-44,-44,-44,-44,-44,2,-44,-44,-44,-44,-44,2,-44,-44,-44,-44,-44,2,-44,-44,-44,-44,-44,2,-44,-44,-44,-44,-44,-44,-44,"-44",1,1,1,2,1,1,2,2,"-44",2,-44,-44,-44,-44,-44,-44,-44,"-44",1,1,1,1,1,2,1,2,"-44",2,-44,-44,-44,-44,-44,-44,-44,"-44",2,-44,-44,-44,-44,-44,-44,-44,"-44",2,-44,-44,-44,-44,-44,-44,-44,"-44",2,-44,-44,-44,-44,-44,-44,-44,"-44",2,-44,-44,-44,-44,-44,-44,-44,"-44",2,-44,-44,-44,-44,-44,-44,-44,"-44",1,1,2,2,"Professionals",1,2,2,2,2,2,2,4,"Clerical and support workers","Professionals","Clerical and support workers",1,2,2,2,2,1,2,2,2,2,1,2,2,1,1,2,1,1,1,1,60,70,30,70,45,20,6,4,2,2,77100,30500,2,2,1,2,2,3,1,1,2,2,2,1,1,3,5,2,2,1,-44,-44,2,1,1,1,2,1,1,1,1,1,1,2,2,2,2,3,1,2,91800,22400,2,2,5,12,6,5,2,1,1,2,24,45,2,1,2,2,2,3,3,2,2,2,2,2,3,2,-44,-44,-44,-44,-44,-44,-44,-44,-44,-44,-44,-44,1,4,4,4,4,2,3,4,4,4,4,4,3,2,2,3,3,2,2,2,1,2,2,-44,-44,-44,-44,-44,-44,-44,-44,1,-44,-44,4,4,4,2,1,4,4,4,3,4,4,1,1,1,2,1,1,1,2,"-44",1,2,2,1,2,2,"-44",2,1,-44,40,2,2,-44,-44,-44,-44,"-44",-44,-44,-44,-44,"-44",-44,-44,-44,-44,"-44",-44,-44,-44,-44,"-44",-44,-44,-44,-44,"-44",-44,-44,-44,-44,"-44",-44,"-44",-44,"-44",-44,-44,-44,-44,2,2,-44,-44,-44,-44,-44,"-44",-44,-44,-44,-44,-44,"-44",-44,-44,-44,-44,-44,-44,-44,-44,-44,-44,-44,-44,-44,-44,-44,-44,-44,-44,-44,-44,-44,-44,2,1,-44,888997,5,5,5,4,5,1,3,4,4,4,3,5,2,1,5,1,3,2,3,1,1,3,3,1,3,1,1,3,3,4,1,"-44",2,2,2,1,2,2,0,4,4,0,0,0,1,1,4,0,4,1,0,0,1,3,4,4,3,1,3,149,9377200,4268000,18168500,3,150,15626100,5891000,15488600,70,1,1,1,4,"NAIROBI",3,"-44","-44",138,104,202,1,-44,1,-44,3,10.4413003921509,"Kenya"
98381,1,3,"M1 through M5",-44,-44,"M6",-44,-44,"-44",2,-44,2002,2,"-44",2,3,178,80,98,400,200,200,1,3,3,3,0,0,0,1,3,3,3,66.6666666666667,0,0,1,4,3,3,25,25,0,1,4,4,4,100,0,1,142,136,142,71.830985915493,0,1,8,8,8,75,0,2,-44,-44,-44,-44,-44,1,16,13,20,75,0,1,390,130,400,42.5641025641026,0,1,8,8,8,62.5,0,1,2,1,2,2,2,2,2,"-44",2,-44,-44,-44,-44,-44,-44,-44,"-44",1,1,2,2,2,2,1,2,"-44",2,-44,-44,-44,-44,-44,-44,-44,"-44",1,1,2,2,2,2,2,2,"-44",2,-44,-44,-44,-44,-44,-44,-44,"-44",2,-44,-44,-44,-44,-44,-44,-44,"-44",1,1,2,2,2,2,2,2,"-44",1,1,1,1,2,2,1,2,"-44",2,-44,-44,-44,-44,-44,-44,-44,"-44",1,1,1,1,"Managers",1,1,1,2,1,1,1,5,"Service workers","Managers","Service workers",2,2,2,1,2,2,1,1,2,2,2,2,2,2,2,1,1,2,2,1,-44,50,50,50,-44,15,6,5,1,2,180000,21000,2,2,1,2,2,5,-44,-44,-44,-44,1,2,5,-44,-44,-44,-44,-44,-44,-44,2,2,2,1,2,1,1,1,2,2,2,2,2,1,3,1,2,3,200000,17000,2,2,6,0,6,5,1,1,1,1,45,30,1,2,2,2,2,2,2,2,2,2,2,2,1,2,-44,-44,-44,-44,-44,-44,-44,-44,-44,-44,1,-44,4,4,4,4,4,2,1,3,4,4,4,4,2,2,3,2,2,2,2,2,2,3,3,-44,-44,-44,-44,-44,-44,-44,-44,-44,-44,-44,4,4,4,4,2,1,4,4,3,4,4,2,2,-44,-44,-44,-44,-44,-44,"-44",-44,-44,-44,-44,-44,-44,"-44",1,1,30,100,2,2,-44,-44,-44,-44,"-44",-44,-44,-44,-44,"-44",-44,-44,-44,-44,"-44",-44,-44,-44,-44,"-44",-44,-44,-44,-44,"-44",-44,-44,-44,-44,"-44",-44,"-44",-44,"-44",-44,-44,-44,-44,2,2,-44,-44,-44,-44,-44,"-44",-44,-44,-44,-44,-44,"-44",-44,-44,-44,-44,-44,-44,-44,-44,-44,-44,-44,-44,-44,-44,-44,-44,-44,-44,-44,-44,-44,-44,1,1,4,3,2,4,2,3,2,2,-44,-44,-44,-44,-44,1,1,1,1,1,3,3,3,3,3,3,3,3,3,3,3,3,5,4,1,"-44",1,1,1,1,2,1,3,2,1,1,0,1,0,3,1,1,2,1,2,2,2,2,1,0,2,1,12,550,96000000,12000000,780000000,12,550,96000000,12000000,900000000,40,1,2,3,3,"NAIROBI",3,"-44","-44",578,113,999,1,-44,1,-44,3,10.4413003921509,"Kenya"
98258,2,3,"M1 through M5",-44,-44,"M6",-44,-44,"-44",1,2000,2000,3,"-44",1,3,1000,700,300,0,0,0,1,200,200,200,20,0,0,1,150,150,150,33.3333333333333,0,0,1,100,100,150,30,0,0,1,100,100,100,37,0,1,100,100,150,0,0,1,150,150,200,66.6666666666667,0,1,50,50,50,0,0,1,50,50,70,0,0,1,100,100,100,43,0,2,-44,-44,-44,-44,-44,1,1,1,1,1,2,1,2,"-44",2,-44,-44,-44,-44,-44,-44,-44,"-44",2,-44,-44,-44,-44,-44,-44,-44,"-44",2,-44,-44,-44,-44,-44,-44,-44,"-44",2,-44,-44,-44,-44,-44,-44,-44,"-44",1,1,2,2,1,2,2,2,"-44",2,-44,-44,-44,-44,-44,-44,-44,"-44",2,-44,-44,-44,-44,-44,-44,-44,"-44",2,-44,-44,-44,-44,-44,-44,-44,"-44",2,-44,-44,-44,-44,-44,-44,-44,"-44",1,1,1,2,"Professionals",1,1,1,1,1,1,2,6,"Sales workers","Professionals","Sales workers",2,2,2,1,2,1,1,2,2,2,2,2,1,2,1,1,2,2,2,1,-44,30,70,30,-44,90,6,6,1,2,130000,80000,2,2,1,1,5,-44,-44,-44,-44,-44,-44,-44,5,-44,-44,-44,-44,-44,-44,-44,1,1,1,1,1,1,1,1,1,1,1,1,1,1,3,2,3,3,50000,40000,2,2,24,24,6,6,1,1,1,1,45,30,1,2,2,2,1,1,1,1,1,1,1,1,1,1,-44,-44,1,1,1,1,1,1,1,1,1,1,4,4,4,4,1,2,4,4,4,3,4,4,1,1,1,1,1,1,1,1,1,1,1,1,1,1,1,1,1,1,1,1,1,1,1,4,4,4,4,2,4,3,4,4,4,2,2,-44,-44,-44,-44,-44,-44,"-44",-44,-44,-44,-44,-44,-44,"-44",2,2,-44,-44,2,2,-44,-44,-44,-44,"-44",-44,-44,-44,-44,"-44",-44,-44,-44,-44,"-44",-44,-44,-44,-44,"-44",-44,-44,-44,-44,"-44",-44,-44,-44,-44,"-44",-44,"-44",-44,"-44",-44,-44,-44,-44,2,2,-44,-44,-44,-44,-44,"-44",-44,-44,-44,-44,-44,"-44",-44,-44,-44,-44,-44,-44,-44,-44,-44,-44,-44,-44,-44,-44,-44,-44,-44,-44,-44,-44,-44,-44,2,2,-44,-44,5,5,5,5,5,2,-44,-44,-44,-44,-44,5,5,5,5,5,3,3,3,3,3,3,3,1,1,3,1,1,3,5,1,"-44",1,1,1,1,1,2,3,3,0,1,0,1,3,2,2,2,0,0,1,1,1,2,3,2,3,1,7,900,30000000,50000000,100000000,7,1000,70000000,62000000,150000000,100,1,1,1,4,"NAIROBI",3,"-44","-44",1000,114,999,1,-44,1,-44,3,10.4413003921509,"Kenya"
98289,1,2,"M1 through M5",-44,-44,"M6",-44,-44,"-44",2,-44,1967,4,"-44",1,3,85,50,35,0,0,0,1,15,15,20,20,0,0,1,15,15,30,46.6666666666667,0,0,2,-44,-44,-44,-44,-44,-44,2,-44,-44,-44,-44,-44,2,-44,-44,-44,-44,-44,1,45,13,45,55.5555555555556,0,2,-44,-44,-44,-44,-44,2,-44,-44,-44,-44,-44,1,10,10,20,0,0,2,-44,-44,-44,-44,-44,1,1,2,2,2,2,2,2,"-44",2,-44,-44,-44,-44,-44,-44,-44,"-44",2,-44,-44,-44,-44,-44,-44,-44,"-44",2,-44,-44,-44,-44,-44,-44,-44,"-44",2,-44,-44,-44,-44,-44,-44,-44,"-44",1,1,2,2,2,2,2,2,"-44",2,-44,-44,-44,-44,-44,-44,-44,"-44",2,-44,-44,-44,-44,-44,-44,-44,"-44",2,-44,-44,-44,-44,-44,-44,-44,"-44",2,-44,-44,-44,-44,-44,-44,-44,"-44",1,1,2,2,"Professionals",2,2,1,2,2,1,2,6,"Sales workers","Professionals","Sales workers",2,1,2,2,2,1,2,1,2,2,1,2,2,2,1,2,1,2,2,1,-44,50,50,50,-44,45,6,5,1,2,350000,50000,2,2,1,2,5,-44,-44,-44,-44,-44,-44,-44,5,-44,-44,-44,-44,-44,-44,-44,1,1,1,1,2,1,1,1,1,1,1,2,1,1,4,4,3,3,100000,50000,2,1,12,12,6,5,1,1,1,1,35,30,1,2,2,2,2,2,2,2,2,2,2,2,2,2,-44,-44,-44,-44,-44,-44,-44,-44,-44,-44,-44,-44,4,4,4,4,1,4,4,2,4,4,3,4,2,2,2,2,2,2,2,2,2,2,2,-44,-44,-44,-44,-44,-44,-44,-44,-44,-44,-44,4,4,4,3,4,2,4,1,4,4,4,2,2,-44,-44,-44,-44,-44,-44,"-44",-44,-44,-44,-44,-44,-44,"-44",2,2,-44,-44,2,2,-44,-44,-44,-44,"-44",-44,-44,-44,-44,"-44",-44,-44,-44,-44,"-44",-44,-44,-44,-44,"-44",-44,-44,-44,-44,"-44",-44,-44,-44,-44,"-44",-44,"-44",-44,"-44",-44,-44,-44,-44,2,2,-44,-44,-44,-44,-44,"-44",-44,-44,-44,-44,-44,"-44",-44,-44,-44,-44,-44,-44,-44,-44,-44,-44,-44,-44,-44,-44,-44,-44,-44,-44,-44,-44,-44,-44,2,2,-44,-44,2,2,2,3,2,2,-44,-44,-44,-44,-44,1,1,1,5,5,3,3,3,3,3,3,3,3,3,3,3,3,1,4,1,"-44",1,1,2,1,1,1,4,1,0,4,4,1,1,1,1,3,1,0,0,0,0,0,1,1,1,1,9,200,15000000,6000000,5000000,9,85,9000000,5000000,15000000,100,1,1,1,4,"NAIROBI",3,"-44","-44",85,114,999,1,-44,1,-44,3,10.4413003921509,"Kenya"
10003,1,2,"M1 through M5",-44,-44,"M6",-44,-44,"-44",2,-44,1985,2,"-44",1,3,92,84,8,340,162,178,1,8,8,8,0,0,0,2,-44,-44,-44,-44,-44,-44,1,12,12,24,0,41.6666666666667,0,1,5,5,10,80,0,1,39,39,78,15.3846153846154,0,1,3,3,6,33.3333333333333,0,2,-44,-44,-44,-44,-44,2,-44,-44,-44,-44,-44,1,62,62,124,1.61290322580645,0,1,303,303,600,57.4257425742574,0,2,-44,-44,-44,-44,-44,-44,-44,"-44",2,-44,-44,-44,-44,-44,-44,-44,"-44",1,1,2,2,1,2,2,2,"-44",1,1,2,1,1,2,2,2,"-44",2,-44,-44,-44,-44,-44,-44,-44,"-44",2,-44,-44,-44,-44,-44,-44,-44,"-44",2,-44,-44,-44,-44,-44,-44,-44,"-44",2,-44,-44,-44,-44,-44,-44,-44,"-44",1,2,2,2,1,1,2,2,"-44",1,1,1,2,2,2,2,2,"-44",1,2,1,1,"Managers",1,1,1,2,2,1,1,6,"Sales workers","Managers","Sales workers",1,2,2,2,2,1,1,2,2,1,2,2,2,2,2,1,2,2,2,2,-44,-44,-44,-44,-44,-44,5,5,1,2,150000,35000,2,2,1,1,1,2,5,2,1,2,1,2,1,2,5,2,1,2,2,1,1,1,2,2,2,1,1,1,1,1,2,1,1,1,2,2,3,2,45000,32000,2,2,3,2,5,5,1,1,2,2,36,34,1,2,2,2,3,2,2,2,2,2,2,2,2,2,-44,-44,-44,-44,-44,-44,-44,-44,-44,-44,-44,-44,1,4,4,3,2,4,4,4,4,4,4,4,2,2,3,2,2,2,2,2,2,2,2,-44,-44,-44,-44,-44,-44,-44,-44,-44,-44,-44,1,4,4,4,2,4,4,4,3,4,4,1,2,2,2,2,2,1,2,"-44",-44,-44,-44,-44,-44,-44,"-44",1,1,65,90,2,2,-44,-44,-44,-44,"-44",-44,-44,-44,-44,"-44",-44,-44,-44,-44,"-44",-44,-44,-44,-44,"-44",-44,-44,-44,-44,"-44",-44,-44,-44,-44,"-44",-44,"-44",-44,"-44",-44,-44,-44,-44,2,2,-44,-44,-44,-44,-44,"-44",-44,-44,-44,-44,-44,"-44",-44,-44,-44,-44,-44,-44,-44,-44,-44,-44,-44,-44,-44,-44,-44,-44,-44,-44,-44,-44,-44,-44,1,1,3,4,4,5,4,2,4,2,-44,-44,-44,-44,-44,2,2,1,4,4,1,3,888997,2,1,3,3,1,1,3,3,3,4,5,2,"-44",1,1,1,1,1,1,1,1,0,0,0,0,0,1,1,0,1,0,1,1,1,1,3,1,1,1,6,400,117180000,245000000,1448720000,6,410,125500000,250000000,1500000000,100,2,2,2,2,"NAIROBI",3,"-44","-44",432,103,999,1,-44,1,-44,3,10.4413003921509,"Kenya"
99155,2,3,"M1 through M5",-44,-44,"M6",-44,-44,"-44",2,-44,2008,1,"-44",1,7,567,356,211,35,5,30,1,90,81,90,40,10,0,1,181,154,181,26.5193370165746,14.9171270718232,0,1,271,176,339,49.0774907749078,35.0553505535055,0,1,60,60,78,40,0,2,-44,-44,-44,-44,-44,2,-44,-44,-44,-44,-44,2,-44,-44,-44,-44,-44,2,-44,-44,-44,-44,-44,2,-44,-44,-44,-44,-44,2,-44,-44,-44,-44,-44,1,1,1,1,1,1,2,2,"-44",1,1,1,1,2,2,1,2,"-44",1,1,1,2,1,2,2,2,"-44",2,-44,-44,-44,-44,-44,-44,-44,"-44",2,-44,-44,-44,-44,-44,-44,-44,"-44",2,-44,-44,-44,-44,-44,-44,-44,"-44",2,-44,-44,-44,-44,-44,-44,-44,"-44",2,-44,-44,-44,-44,-44,-44,-44,"-44",2,-44,-44,-44,-44,-44,-44,-44,"-44",2,-44,-44,-44,-44,-44,-44,-44,"-44",1,1,1,2,"Professionals",1,2,2,2,2,2,2,4,"Clerical and support workers","Professionals","Clerical and support workers",2,2,2,2,2,2,1,1,2,2,1,2,2,1,2,1,1,2,1,2,70,-44,-44,-44,15,-44,5,6,1,1,96400,32900,2,2,2,1,1,3,5,2,1,2,-44,-44,2,3,1,1,2,2,1,2,1,1,2,2,2,2,2,1,1,1,2,2,2,1,2,3,3,2,94300,21900,2,2,1,8,6,4,2,1,1,2,33,23,2,1,2,1,1,2,2,2,2,2,1,3,3,2,-44,1,1,-44,-44,-44,-44,-44,2,-44,-44,-44,4,4,4,4,4,3,4,2,4,1,4,4,2,2,2,2,2,1,2,2,2,2,3,-44,-44,-44,-44,-44,2,-44,-44,-44,-44,-44,3,4,4,1,4,4,4,4,2,4,4,2,1,-44,-44,-44,-44,-44,-44,"-44",1,1,2,1,1,2,"-44",1,1,40,30,2,2,-44,-44,-44,-44,"-44",-44,-44,-44,-44,"-44",-44,-44,-44,-44,"-44",-44,-44,-44,-44,"-44",-44,-44,-44,-44,"-44",-44,-44,-44,-44,"-44",-44,"-44",-44,"-44",-44,-44,-44,-44,2,2,-44,-44,-44,-44,-44,"-44",-44,-44,-44,-44,-44,"-44",-44,-44,-44,-44,-44,-44,-44,-44,-44,-44,-44,-44,-44,-44,-44,-44,-44,-44,-44,-44,-44,-44,1,1,888997,888997,5,3,4,4,4,1,2,1,4,5,3,5,1,1,1,4,3,1,2,2,1,3,3,1,1,3,1,3,4,5,1,"-44",2,2,1,1,2,2,1,4,1,0,1,1,1,4,3,1,2,0,0,0,3,2,3,4,4,1,3,644,766178200,409742200,2805264000,3,644,288496500,318253600,1133074900,90,1,2,1,4,"NAIROBI",7,"-44","-44",602,106,202,1,-44,1,-44,3,10.4413003921509,"Kenya"
10058,1,2,"M1 through M5",-44,-44,"M6",-44,-44,"-44",2,-44,2009,3,"-44",1,8,6,4,2,0,0,0,1,2,2,4,0,0,0,1,1,1,3,100,0,0,2,-44,-44,-44,-44,-44,-44,1,2,0,3,0,0,2,-44,-44,-44,-44,-44,1,1,0,3,100,0,2,-44,-44,-44,-44,-44,2,-44,-44,-44,-44,-44,2,-44,-44,-44,-44,-44,2,-44,-44,-44,-44,-44,2,-44,-44,-44,-44,-44,-44,-44,"-44",2,-44,-44,-44,-44,-44,-44,-44,"-44",2,-44,-44,-44,-44,-44,-44,-44,"-44",1,1,2,1,2,2,1,2,"-44",2,-44,-44,-44,-44,-44,-44,-44,"-44",1,1,2,1,2,1,2,2,"-44",2,-44,-44,-44,-44,-44,-44,-44,"-44",2,-44,-44,-44,-44,-44,-44,-44,"-44",2,-44,-44,-44,-44,-44,-44,-44,"-44",2,-44,-44,-44,-44,-44,-44,-44,"-44",1,1,2,2,"Professionals",1,2,1,2,2,2,2,4,"Clerical and support workers","Professionals","Clerical and support workers",2,1,2,2,2,2,2,1,2,2,2,2,2,2,2,2,1,2,2,2,-44,-44,-44,-44,-44,-44,6,5,1,2,50000,35000,2,2,1,2,1,2,3,2,1,2,1,2,1,2,3,2,1,2,2,1,1,2,1,1,2,1,1,1,1,2,2,2,2,2,3,3,3,3,50000,35000,2,2,6,0,6,5,2,2,1,1,35,27,1,2,1,2,3,1,2,2,2,2,1,1,2,1,1,-44,-44,2,-44,-44,-44,-44,3,3,-44,1,4,4,4,1,4,4,4,2,3,4,4,4,2,1,3,1,2,1,2,2,1,2,2,-44,1,-44,2,-44,1,-44,-44,1,-44,-44,4,1,4,2,4,4,3,4,4,4,4,1,1,2,2,2,1,2,2,"-44",2,2,2,1,2,2,"-44",2,2,-44,-44,2,2,-44,-44,-44,-44,"-44",-44,-44,-44,-44,"-44",-44,-44,-44,-44,"-44",-44,-44,-44,-44,"-44",-44,-44,-44,-44,"-44",-44,-44,-44,-44,"-44",-44,"-44",-44,"-44",-44,-44,-44,-44,2,2,-44,-44,-44,-44,-44,"-44",-44,-44,-44,-44,-44,"-44",-44,-44,-44,-44,-44,-44,-44,-44,-44,-44,-44,-44,-44,-44,-44,-44,-44,-44,-44,-44,-44,-44,2,2,-44,-44,2,2,1,2,4,2,-44,-44,-44,-44,-44,5,2,4,5,4,3,2,888997,2,1,3,1,1,2,2,2,1,3,3,1,"-44",1,1,1,1,2,2,0,2,3,3,2,0,3,3,2,0,2,1,0,1,2,2,0,1,2,2,8,5,1000000,1200000,20000000,8,6,1000000,1200000,3000000,70,1,2,1,3,"NAIROBI",8,"-44","-44",6,105,999,2,-44,1,-44,3,10.4413003921509,"Kenya"
10014,2,2,"M1 through M5",-44,-44,"M6",-44,-44,"-44",2,-44,2000,3,"-44",1,7,40,20,20,360,360,0,1,12,12,12,16.6666666666667,8.33333333333333,0,1,5,5,6,80,0,0,2,-44,-44,-44,-44,-44,-44,1,23,23,23,60.8695652173913,0,2,-44,-44,-44,-44,-44,1,360,400,400,0,0,2,-44,-44,-44,-44,-44,2,-44,-44,-44,-44,-44,2,-44,-44,-44,-44,-44,2,-44,-44,-44,-44,-44,1,1,1,2,1,2,2,2,"-44",1,1,1,2,1,2,2,2,"-44",2,-44,-44,-44,-44,-44,-44,-44,"-44",1,1,2,2,2,2,2,2,"-44",2,-44,-44,-44,-44,-44,-44,-44,"-44",1,1,2,2,2,2,2,2,"-44",2,-44,-44,-44,-44,-44,-44,-44,"-44",2,-44,-44,-44,-44,-44,-44,-44,"-44",2,-44,-44,-44,-44,-44,-44,-44,"-44",2,-44,-44,-44,-44,-44,-44,-44,"-44",1,1,2,2,"Professionals",1,2,1,2,2,2,2,6,"Sales workers","Professionals","Sales workers",2,1,2,2,2,2,2,1,2,2,2,2,2,2,2,2,1,2,1,1,40,10,90,10,12,14,6,6,2,1,40000,50000,2,1,1,2,1,2,5,2,1,2,2,1,2,1,5,2,1,2,1,2,1,1,1,1,2,1,1,1,1,1,2,1,2,1,4,1,3,2,50000,20000,1,1,0,2,6,6,1,1,1,1,35,26,2,1,2,2,3,2,2,2,2,2,2,2,2,2,-44,-44,-44,-44,-44,-44,-44,-44,-44,-44,-44,-44,1,4,4,2,4,3,4,4,4,4,4,4,2,2,3,2,2,2,2,2,2,3,2,-44,-44,-44,-44,-44,-44,-44,-44,-44,-44,-44,4,4,4,1,4,4,2,3,4,4,4,1,2,2,2,2,2,1,2,"-44",-44,-44,-44,-44,-44,-44,"-44",1,1,100,100,1,2,1,2,2,-44,"-44",-44,-44,-44,-44,"-44",80,-44,-44,-44,"-44",7,-44,-44,-44,"-44",-44,-44,-44,-44,"-44",-44,-44,-44,-44,"-44",1,"-44",-44,"-44",7,-44,5000000,-44,1,2,2,2,1,2,2,"-44",-44,-44,-44,-44,-44,"-44",-44,-44,80,-44,-44,-44,-44,3,-44,-44,-44,-44,-44,-44,-44,-44,-44,-44,-44,-44,100000,-44,1,1,3,4,1,1,1,1,4,2,-44,-44,-44,-44,-44,5,1,1,1,1,3,2,888997,2,3,3,3,2,2,3,3,3,4,3,2,"-44",2,2,2,1,2,2,0,0,0,0,0,1,0,3,1,0,1,0,1,0,0,0,0,0,0,1,1,450,32700000,16350000,64050000,1,420,30500000,15000000,72000000,100,2,1,1,2,"NAIROBI",7,"-44","-44",400,103,999,1,-44,1,-44,3,10.4413003921509,"Kenya"
99159,2,2,"M1 through M5",-44,-44,"M6",-44,-44,"-44",2,-44,2011,6,"-44",2,8,521,321,200,39,2,37,1,95,90,95,25.2631578947368,5.26315789473684,0,1,112,95,146,74.1071428571429,15.1785714285714,0,1,196,153,196,36.2244897959184,21.9387755102041,0,2,-44,-44,-44,-44,-44,1,140,91,185,33.5714285714286,0,1,17,12,19,70.5882352941177,0,2,-44,-44,-44,-44,-44,2,-44,-44,-44,-44,-44,2,-44,-44,-44,-44,-44,2,-44,-44,-44,-44,-44,1,1,2,2,1,2,1,2,"-44",1,1,2,2,1,1,2,2,"-44",1,1,2,2,1,2,1,2,"-44",2,-44,-44,-44,-44,-44,-44,-44,"-44",1,1,2,2,1,1,1,2,"-44",1,1,2,2,1,2,2,2,"-44",2,-44,-44,-44,-44,-44,-44,-44,"-44",2,-44,-44,-44,-44,-44,-44,-44,"-44",2,-44,-44,-44,-44,-44,-44,-44,"-44",2,-44,-44,-44,-44,-44,-44,-44,"-44",1,1,1,2,"Professionals",2,1,1,2,2,2,2,5,"Service workers","Professionals","Service workers",2,2,2,2,2,1,2,2,2,2,2,2,2,2,1,1,1,2,1,1,80,40,60,40,20,7,6,6,1,1,23100,17300,2,2,2,1,5,-44,-44,-44,-44,-44,-44,-44,1,2,3,1,2,2,2,1,1,1,1,2,2,1,1,2,2,2,1,1,2,2,2,3,1,1,29900,17800,2,2,0,6,4,6,1,2,2,1,41,22,2,2,2,1,1,2,2,1,2,2,3,3,3,3,-44,1,1,-44,-44,1,-44,-44,-44,-44,-44,-44,4,4,4,1,4,4,3,2,4,4,4,4,1,2,2,3,3,3,3,2,3,2,2,1,-44,-44,-44,-44,-44,-44,-44,-44,-44,-44,3,4,4,4,1,4,4,4,2,4,4,1,1,2,2,1,2,2,2,"-44",2,2,2,1,1,2,"-44",2,2,-44,-44,2,2,-44,-44,-44,-44,"-44",-44,-44,-44,-44,"-44",-44,-44,-44,-44,"-44",-44,-44,-44,-44,"-44",-44,-44,-44,-44,"-44",-44,-44,-44,-44,"-44",-44,"-44",-44,"-44",-44,-44,-44,-44,2,2,-44,-44,-44,-44,-44,"-44",-44,-44,-44,-44,-44,"-44",-44,-44,-44,-44,-44,-44,-44,-44,-44,-44,-44,-44,-44,-44,-44,-44,-44,-44,-44,-44,-44,-44,2,2,-44,-44,2,3,3,4,4,2,-44,-44,-44,-44,-44,2,1,1,2,4,1,2,1,3,3,2,2,3,1,3,2,1,2,1,2,"-44",1,2,1,1,2,1,0,1,1,4,4,0,0,0,0,3,2,3,4,2,0,4,0,1,2,1,12,588,352578500,1962392300,3264730000,12,577,355970400,2109768400,2799705000,70,1,1,1,4,"NAIROBI",8,"-44","-44",560,106,202,1,-44,1,-44,3,10.4413003921509,"Kenya"
99142,1,2,"M1 through M5",-44,-44,"M6",-44,-44,"-44",2,-44,1967,2,"-44",1,3,221,120,101,0,0,0,1,10,5,15,30,50,3,1,10,7,10,30,30,0,2,-44,-44,-44,-44,-44,-44,1,25,4,10,40,0,1,16,6,20,31.25,0,1,100,70,100,70,0,2,-44,-44,-44,-44,-44,2,-44,-44,-44,-44,-44,1,40,30,50,0,0,1,20,15,15,50,0,1,1,2,1,1,2,1,2,"-44",1,1,2,1,1,2,1,2,"-44",2,-44,-44,-44,-44,-44,-44,-44,"-44",1,1,2,2,1,2,1,2,"-44",1,1,2,1,2,2,1,2,"-44",1,1,2,1,2,2,2,2,"-44",2,-44,-44,-44,-44,-44,-44,-44,"-44",2,-44,-44,-44,-44,-44,-44,-44,"-44",1,2,1,1,1,2,1,2,"-44",1,1,2,2,2,2,1,2,"-44",1,1,2,1,"Managers",1,1,1,2,2,1,1,5,"Service workers","Managers","Service workers",2,2,1,1,2,1,2,2,2,2,2,1,2,2,2,2,2,2,1,1,50,30,70,30,10,30,6,5,2,1,50000,20000,2,2,1,2,5,-44,-44,-44,-44,-44,-44,-44,5,-44,-44,-44,-44,-44,-44,-44,2,2,2,1,2,1,1,2,2,2,2,2,2,1,3,1,1,1,300000,120000,1,2,0,0,6,5,1,1,1,1,30,25,2,1,2,2,2,2,2,2,2,2,2,2,2,2,-44,-44,-44,-44,-44,-44,-44,-44,-44,-44,-44,-44,4,4,4,3,1,4,4,4,2,4,4,4,2,2,1,2,2,2,2,2,2,2,2,-44,-44,3,-44,-44,-44,-44,-44,-44,-44,-44,4,1,4,2,4,4,4,4,4,3,4,2,2,-44,-44,-44,-44,-44,-44,"-44",-44,-44,-44,-44,-44,-44,"-44",2,2,-44,-44,2,2,-44,-44,-44,-44,"-44",-44,-44,-44,-44,"-44",-44,-44,-44,-44,"-44",-44,-44,-44,-44,"-44",-44,-44,-44,-44,"-44",-44,-44,-44,-44,"-44",-44,"-44",-44,"-44",-44,-44,-44,-44,2,2,-44,-44,-44,-44,-44,"-44",-44,-44,-44,-44,-44,"-44",-44,-44,-44,-44,-44,-44,-44,-44,-44,-44,-44,-44,-44,-44,-44,-44,-44,-44,-44,-44,-44,-44,2,2,-44,-44,3,4,4,4,4,2,-44,-44,-44,-44,-44,4,1,1,1,1,3,3,3,3,3,3,3,3,3,3,3,3,4,3,2,"-44",1,1,1,1,1,2,3,3,0,3,4,4,3,3,3,3,2,2,2,1,3,3,2,3,3,1,2,150,50000000,10000000,120000000,2,170,50000000,20000000,2000000000,100,1,1,1,4,"NAIROBI",3,"-44","-44",221,104,202,1,-44,1,-44,3,10.4413003921509,"Kenya"
99139,1,2,"M1 through M5",-44,-44,"M6",-44,-44,"-44",2,-44,2012,2,"-44",1,3,560,345,215,40,40,0,1,40,30,40,37.5,25,0,1,35,30,35,28.5714285714286,14.2857142857143,0,1,35,25,30,14.2857142857143,28.5714285714286,0,1,100,80,100,45,0,1,90,60,70,33.3333333333333,0,1,120,100,80,58.3333333333333,0,2,-44,-44,-44,-44,-44,2,-44,-44,-44,-44,-44,1,90,70,70,11.1111111111111,0,1,90,70,90,33.3333333333333,0,1,1,2,1,1,2,1,2,"-44",1,1,2,1,1,2,1,2,"-44",1,1,2,2,1,2,1,2,"-44",1,1,1,1,1,1,1,2,"-44",1,1,2,2,2,1,1,2,"-44",1,1,1,1,1,2,1,2,"-44",2,-44,-44,-44,-44,-44,-44,-44,"-44",2,-44,-44,-44,-44,-44,-44,-44,"-44",1,1,1,1,1,1,1,2,"-44",1,1,2,2,2,2,2,2,"-44",1,1,1,3,"Technicians and associate professionals",1,1,1,2,2,1,1,5,"Service workers","Technicians and associate professionals","Service workers",2,2,1,2,1,1,1,2,2,2,2,1,2,2,2,2,1,2,1,1,50,50,50,50,20,10,6,5,1,2,30000,20000,2,2,1,1,5,-44,-44,-44,-44,-44,-44,-44,5,-44,-44,-44,-44,-44,-44,-44,2,1,2,1,2,2,2,2,1,2,2,2,2,1,2,2,1,1,45000,20000,2,1,0,0,6,6,1,1,1,1,27,30,2,1,2,2,1,2,2,2,2,2,2,2,2,2,-44,-44,3,-44,-44,-44,-44,-44,-44,-44,-44,-44,2,3,4,1,4,4,4,4,4,4,4,4,2,2,1,2,2,2,2,2,2,2,2,-44,-44,3,-44,-44,-44,-44,-44,-44,-44,-44,4,4,4,4,3,4,4,4,4,2,1,1,2,1,2,2,2,2,2,"-44",-44,-44,-44,-44,-44,-44,"-44",2,2,-44,-44,2,2,-44,-44,-44,-44,"-44",-44,-44,-44,-44,"-44",-44,-44,-44,-44,"-44",-44,-44,-44,-44,"-44",-44,-44,-44,-44,"-44",-44,-44,-44,-44,"-44",-44,"-44",-44,"-44",-44,-44,-44,-44,2,2,-44,-44,-44,-44,-44,"-44",-44,-44,-44,-44,-44,"-44",-44,-44,-44,-44,-44,-44,-44,-44,-44,-44,-44,-44,-44,-44,-44,-44,-44,-44,-44,-44,-44,-44,2,2,-44,-44,4,4,4,4,4,1,5,5,5,5,5,1,1,1,1,1,3,3,3,3,3,1,3,1,1,3,3,3,4,4,2,"-44",1,1,1,1,1,1,4,4,0,3,3,2,2,2,3,2,2,2,1,2,2,3,2,2,2,1,12,400,200000000,20000000,5000000000,12,500,300000000,250000000,10000000000,70,1,2,1,4,"NAIROBI",3,"-44","-44",600,104,202,1,-44,1,-44,3,10.4413003921509,"Kenya"
99162,2,2,"M1 through M5",-44,-44,"M6",-44,-44,"-44",2,-44,1989,1,"-44",1,9,220,135,85,100,28,72,1,48,48,48,16.6666666666667,0,0,1,80,72,104,38.75,10,0,1,112,84,112,49.1071428571429,25,0,1,16,16,22,100,0,2,-44,-44,-44,-44,-44,1,64,45,86,73.4375,0,2,-44,-44,-44,-44,-44,2,-44,-44,-44,-44,-44,2,-44,-44,-44,-44,-44,2,-44,-44,-44,-44,-44,2,-44,-44,-44,-44,-44,-44,-44,"-44",1,1,1,2,1,2,2,2,"-44",1,1,2,2,1,2,2,2,"-44",1,1,1,2,2,2,2,2,"-44",2,-44,-44,-44,-44,-44,-44,-44,"-44",1,2,1,2,1,2,1,2,"-44",2,-44,-44,-44,-44,-44,-44,-44,"-44",2,-44,-44,-44,-44,-44,-44,-44,"-44",2,-44,-44,-44,-44,-44,-44,-44,"-44",2,-44,-44,-44,-44,-44,-44,-44,"-44",1,1,1,2,"Professionals",1,2,1,2,2,2,2,6,"Sales workers","Professionals","Sales workers",2,2,2,2,2,1,2,2,2,2,2,2,2,1,2,1,1,2,1,1,50,0,100,0,45,30,6,5,2,2,25300,10000,2,2,2,2,1,3,5,1,2,2,-44,-44,1,3,2,1,2,2,2,1,1,2,1,1,2,2,2,1,1,1,2,1,2,2,2,3,1,3,32400,8800,2,2,2,12,6,5,2,1,2,1,22,22,1,2,3,3,2,2,1,2,2,2,2,3,1,3,-44,-44,-44,-44,1,-44,-44,-44,-44,-44,1,-44,4,4,4,4,4,3,4,1,4,4,4,2,2,2,1,3,2,2,2,1,1,1,3,-44,-44,1,-44,-44,-44,-44,1,1,3,-44,4,4,4,4,3,2,4,4,4,4,1,2,1,-44,-44,-44,-44,-44,-44,"-44",1,2,2,1,2,2,"-44",2,2,-44,-44,2,2,-44,-44,-44,-44,"-44",-44,-44,-44,-44,"-44",-44,-44,-44,-44,"-44",-44,-44,-44,-44,"-44",-44,-44,-44,-44,"-44",-44,-44,-44,-44,"-44",-44,"-44",-44,"-44",-44,-44,-44,-44,2,2,-44,-44,-44,-44,-44,"-44",-44,-44,-44,-44,-44,"-44",-44,-44,-44,-44,-44,-44,-44,-44,-44,-44,-44,-44,-44,-44,-44,-44,-44,-44,-44,-44,-44,-44,2,2,-44,-44,1,3,3,5,5,1,1,2,3,2,3,1,1,2,1,3,1,3,3,1,3,2,2,3,2,3,3,1,5,5,1,"-44",2,2,2,2,2,2,1,2,0,0,0,1,1,1,0,0,4,4,0,4,0,0,4,1,0,1,11,330,11216700,1370100,178793500,11,342,184497300,1966700,266882600,100,1,1,1,4,"NAIROBI",9,"-44","-44",320,106,202,1,-44,1,-44,3,10.4413003921509,"Kenya"
99156,2,3,"M1 through M5",-44,-44,"M6",-44,-44,"-44",2,-44,2006,1,"-44",1,19,30,19,11,85,60,25,1,4,4,4,50,0,0,1,1,1,1,0,0,0,1,4,4,4,25,0,0,1,2,2,2,100,0,2,-44,-44,-44,-44,-44,1,4,4,4,50,0,2,-44,-44,-44,-44,-44,2,-44,-44,-44,-44,-44,1,6,6,6,0,0,1,94,94,94,30.8510638297872,0,2,-44,-44,-44,-44,-44,-44,-44,"-44",2,-44,-44,-44,-44,-44,-44,-44,"-44",2,-44,-44,-44,-44,-44,-44,-44,"-44",2,-44,-44,-44,-44,-44,-44,-44,"-44",2,-44,-44,-44,-44,-44,-44,-44,"-44",1,1,2,2,1,1,1,2,"-44",2,-44,-44,-44,-44,-44,-44,-44,"-44",2,-44,-44,-44,-44,-44,-44,-44,"-44",2,-44,-44,-44,-44,-44,-44,-44,"-44",2,-44,-44,-44,-44,-44,-44,-44,"-44",1,1,1,2,"Professionals",1,2,1,2,2,1,1,10,"Elementary occupations","Professionals","Elementary occupations",2,2,2,2,2,2,1,2,2,2,2,2,2,2,2,2,2,2,2,2,-44,-44,-44,-44,-44,-44,6,5,1,1,85000,15000,2,1,1,2,5,-44,-44,-44,-44,-44,-44,-44,5,-44,-44,-44,-44,-44,-44,-44,1,1,1,1,2,1,1,2,2,1,2,2,2,1,3,1,3,2,85000,15000,2,1,15,48,6,5,1,1,1,1,34,35,1,1,2,2,3,2,2,2,2,2,2,2,2,2,-44,-44,-44,-44,-44,-44,-44,-44,-44,-44,-44,-44,4,4,4,4,4,3,4,4,4,4,2,1,2,2,3,1,1,1,1,1,1,3,3,-44,-44,-44,1,2,1,2,2,2,-44,-44,1,3,4,4,4,2,4,4,4,4,4,2,2,-44,-44,-44,-44,-44,-44,"-44",-44,-44,-44,-44,-44,-44,"-44",2,2,-44,-44,2,2,-44,-44,-44,-44,"-44",-44,-44,-44,-44,"-44",-44,-44,-44,-44,"-44",-44,-44,-44,-44,"-44",-44,-44,-44,-44,"-44",-44,-44,-44,-44,"-44",-44,"-44",-44,"-44",-44,-44,-44,-44,2,2,-44,-44,-44,-44,-44,"-44",-44,-44,-44,-44,-44,"-44",-44,-44,-44,-44,-44,-44,-44,-44,-44,-44,-44,-44,-44,-44,-44,-44,-44,-44,-44,-44,-44,-44,2,2,-44,-44,5,5,5,5,5,2,-44,-44,-44,-44,-44,1,4,3,1,1,3,3,3,1,3,3,2,1,1,3,3,1,4,5,2,"-44",1,2,1,1,2,2,0,0,2,3,3,0,2,3,4,4,0,0,0,0,0,2,0,1,3,1,12,115,27660000,81000000,158350000,12,115,27660000,82500000,171500000,100,1,2,1,4,"NAIROBI",19,"-44","-44",115,106,202,1,-44,1,-44,3,10.4413003921509,"Kenya"
98316,1,2,"M1 through M5",-44,-44,"M6",-44,-44,"-44",2,-44,1982,3,"-44",1,3,30,20,10,232,130,102,1,4,4,4,0,0,0,2,-44,-44,-44,-44,-44,-44,1,6,6,6,33.3333333333333,0,0,1,6,5,6,100,0,1,88,88,88,47.7272727272727,0,1,10,10,10,60,0,2,-44,-44,-44,-44,-44,1,68,50,68,55.8823529411765,0,1,72,72,72,18.0555555555556,0,1,8,8,8,62.5,0,2,-44,-44,-44,-44,-44,-44,-44,"-44",2,-44,-44,-44,-44,-44,-44,-44,"-44",2,-44,-44,-44,-44,-44,-44,-44,"-44",1,1,2,2,2,2,2,2,"-44",1,1,2,2,2,2,2,2,"-44",2,-44,-44,-44,-44,-44,-44,-44,"-44",2,-44,-44,-44,-44,-44,-44,-44,"-44",1,1,2,2,2,2,2,2,"-44",2,-44,-44,-44,-44,-44,-44,-44,"-44",2,-44,-44,-44,-44,-44,-44,-44,"-44",1,2,1,3,"Technicians and associate professionals",1,1,1,2,1,1,1,6,"Sales workers","Technicians and associate professionals","Sales workers",2,2,2,2,2,2,1,1,2,2,2,2,2,2,2,2,1,2,2,2,-44,-44,-44,-44,-44,-44,6,5,1,2,40000,20000,2,1,1,1,5,-44,-44,-44,-44,-44,-44,-44,5,-44,-44,-44,-44,-44,-44,-44,2,2,2,1,2,2,1,2,2,2,2,2,1,1,2,2,3,3,40000,25000,2,1,6,0,6,5,1,1,1,1,40,35,1,2,2,2,3,1,2,2,2,2,2,2,3,1,-44,-44,-44,1,-44,-44,-44,-44,-44,-44,-44,1,4,4,4,4,3,4,2,4,4,4,4,1,2,2,3,2,2,2,2,2,2,2,3,-44,-44,-44,-44,-44,-44,-44,-44,-44,-44,-44,4,4,4,4,2,1,4,4,4,3,4,2,2,-44,-44,-44,-44,-44,-44,"-44",-44,-44,-44,-44,-44,-44,"-44",1,2,100,-44,2,2,-44,-44,-44,-44,"-44",-44,-44,-44,-44,"-44",-44,-44,-44,-44,"-44",-44,-44,-44,-44,"-44",-44,-44,-44,-44,"-44",-44,-44,-44,-44,"-44",-44,"-44",-44,"-44",-44,-44,-44,-44,2,2,-44,-44,-44,-44,-44,"-44",-44,-44,-44,-44,-44,"-44",-44,-44,-44,-44,-44,-44,-44,-44,-44,-44,-44,-44,-44,-44,-44,-44,-44,-44,-44,-44,-44,-44,1,2,3,-44,1,2,1,2,2,2,-44,-44,-44,-44,-44,2,2,2,2,2,3,3,3,3,3,3,3,3,3,3,3,3,4,3,1,"-44",2,1,1,1,2,2,3,2,0,1,1,1,1,2,2,0,2,0,1,2,2,2,1,0,2,1,12,250,60000000,6000000,700000000,12,260,65000000,6000000,780000000,40,1,2,2,3,"NAIROBI",3,"-44","-44",262,113,999,2,-44,1,-44,3,10.4413003921509,"Kenya"
99167,1,2,"M1 through M5",-44,-44,"M6",-44,-44,"-44",2,-44,2003,1,"-44",1,3,114,66,48,53,25,28,1,8,8,8,12.5,0,0,1,26,26,33,30.7692307692308,0,0,2,-44,-44,-44,-44,-44,-44,1,42,34,42,54.7619047619048,0,1,33,22,43,90.9090909090909,0,2,-44,-44,-44,-44,-44,2,-44,-44,-44,-44,-44,2,-44,-44,-44,-44,-44,1,58,41,73,24.1379310344828,0,2,-44,-44,-44,-44,-44,2,-44,-44,-44,-44,-44,-44,-44,"-44",1,1,2,2,1,2,2,2,"-44",2,-44,-44,-44,-44,-44,-44,-44,"-44",1,1,2,2,2,2,1,2,"-44",1,1,1,2,2,2,2,2,"-44",2,-44,-44,-44,-44,-44,-44,-44,"-44",2,-44,-44,-44,-44,-44,-44,-44,"-44",2,-44,-44,-44,-44,-44,-44,-44,"-44",1,1,2,2,2,2,2,2,"-44",2,-44,-44,-44,-44,-44,-44,-44,"-44",1,1,2,1,"Managers",1,1,2,2,2,1,2,5,"Service workers","Managers","Service workers",2,2,2,2,1,2,2,2,2,2,2,2,2,1,2,2,1,2,2,1,-44,70,30,70,-44,15,6,5,2,2,12900,9200,2,2,1,2,5,-44,-44,-44,-44,-44,-44,-44,3,1,2,1,2,2,1,2,1,1,1,2,2,2,2,2,2,2,1,1,2,1,4,3,2,2,13300,6700,2,2,12,4,6,6,2,2,2,2,39,24,1,1,2,3,1,2,2,2,2,3,2,1,2,2,-44,-44,2,-44,-44,-44,-44,-44,-44,2,-44,-44,3,4,4,2,4,4,4,4,1,4,4,4,2,2,2,2,1,3,2,1,2,3,3,-44,-44,-44,-44,2,-44,-44,2,-44,-44,-44,4,4,4,4,2,4,4,4,1,4,3,1,1,1,1,1,2,2,2,"-44",1,1,2,1,1,2,"-44",2,2,-44,-44,2,2,-44,-44,-44,-44,"-44",-44,-44,-44,-44,"-44",-44,-44,-44,-44,"-44",-44,-44,-44,-44,"-44",-44,-44,-44,-44,"-44",-44,-44,-44,-44,"-44",-44,"-44",-44,"-44",-44,-44,-44,-44,2,2,-44,-44,-44,-44,-44,"-44",-44,-44,-44,-44,-44,"-44",-44,-44,-44,-44,-44,-44,-44,-44,-44,-44,-44,-44,-44,-44,-44,-44,-44,-44,-44,-44,-44,-44,2,2,-44,-44,2,3,4,5,4,1,4,3,5,3,4,2,2,1,1,3,3,2,3,3,1,2,3,1,2,1,3,1,3,2,1,"-44",2,1,2,1,1,2,1,1,4,2,0,4,2,2,0,0,0,1,1,0,4,1,4,4,4,1,1,172,7557600,7164800,88708600,1,182,7580200,8301900,92683000,80,1,1,1,4,"NAIROBI",3,"-44","-44",167,106,202,1,-44,1,-44,3,10.4413003921509,"Kenya"
98270,2,2,"M1 through M5",-44,-44,"M6",-44,-44,"-44",1,1950,1960,4,"-44",1,3,60,47,13,64,64,0,1,2,2,2,0,100,0,1,74,74,74,0,100,0,1,20,20,20,0,100,0,1,2,2,2,100,0,1,11,11,11,45.4545454545455,0,1,4,4,4,75,0,2,-44,-44,-44,-44,-44,2,-44,-44,-44,-44,-44,1,5,5,5,20,0,1,6,6,6,33.3333333333333,0,2,-44,-44,-44,-44,-44,-44,-44,"-44",1,1,1,1,1,1,1,2,"-44",2,-44,-44,-44,-44,-44,-44,-44,"-44",2,-44,-44,-44,-44,-44,-44,-44,"-44",2,-44,-44,-44,-44,-44,-44,-44,"-44",1,1,2,2,2,2,2,2,"-44",2,-44,-44,-44,-44,-44,-44,-44,"-44",2,-44,-44,-44,-44,-44,-44,-44,"-44",2,-44,-44,-44,-44,-44,-44,-44,"-44",2,-44,-44,-44,-44,-44,-44,-44,"-44",1,1,1,2,"Professionals",1,1,1,2,2,1,1,6,"Sales workers","Professionals","Sales workers",1,1,2,2,2,1,1,2,2,1,1,2,2,2,1,1,2,2,1,1,90,40,60,40,30,30,5,6,1,2,36000,30000,1,2,2,2,5,-44,-44,-44,-44,-44,-44,-44,2,5,-44,-44,-44,-44,2,1,2,2,2,2,1,1,1,1,2,2,2,1,1,1,3,3,1,1,35000,30000,1,1,0,0,6,6,1,1,1,1,28,25,1,1,1,2,3,2,2,2,2,2,2,2,1,2,2,-44,-44,-44,-44,-44,-44,-44,-44,-44,2,-44,1,4,4,4,4,2,4,4,4,3,4,4,2,2,3,2,2,2,2,2,2,1,2,-44,-44,-44,-44,-44,-44,-44,-44,-44,2,-44,4,1,4,4,2,4,4,4,3,4,4,2,2,-44,-44,-44,-44,-44,-44,"-44",-44,-44,-44,-44,-44,-44,"-44",2,2,-44,-44,2,2,-44,-44,-44,-44,"-44",-44,-44,-44,-44,"-44",-44,-44,-44,-44,"-44",-44,-44,-44,-44,"-44",-44,-44,-44,-44,"-44",-44,-44,-44,-44,"-44",-44,"-44",-44,"-44",-44,-44,-44,-44,2,2,-44,-44,-44,-44,-44,"-44",-44,-44,-44,-44,-44,"-44",-44,-44,-44,-44,-44,-44,-44,-44,-44,-44,-44,-44,-44,-44,-44,-44,-44,-44,-44,-44,-44,-44,2,2,-44,-44,4,4,4,4,4,2,-44,-44,-44,-44,-44,2,2,1,1,2,3,3,2,1,1,1,2,2,2,2,2,2,3,4,2,"-44",1,1,1,1,1,2,0,0,0,0,0,0,0,1,1,1,1,1,0,0,0,0,0,0,0,1,1,124,1200000,700000,18000000,1,123,1200000,750000,19500000,0,2,2,2,3,"NAIROBI",3,"-44","-44",124,110,999,1,-44,1,-44,3,10.4413003921509,"Kenya"
10087,1,2,"M1 through M5",-44,-44,"M6",-44,-44,"-44",2,-44,1980,4,"-44",1,10,10,5,5,0,0,0,1,1,1,1,0,0,0,1,2,2,2,0,0,0,1,1,1,1,0,0,0,1,6,6,6,83.3333333333333,0,2,-44,-44,-44,-44,-44,2,-44,-44,-44,-44,-44,2,-44,-44,-44,-44,-44,2,-44,-44,-44,-44,-44,2,-44,-44,-44,-44,-44,2,-44,-44,-44,-44,-44,2,-44,-44,-44,-44,-44,-44,-44,"-44",2,-44,-44,-44,-44,-44,-44,-44,"-44",2,-44,-44,-44,-44,-44,-44,-44,"-44",1,1,2,1,1,2,2,2,"-44",2,-44,-44,-44,-44,-44,-44,-44,"-44",2,-44,-44,-44,-44,-44,-44,-44,"-44",2,-44,-44,-44,-44,-44,-44,-44,"-44",2,-44,-44,-44,-44,-44,-44,-44,"-44",2,-44,-44,-44,-44,-44,-44,-44,"-44",2,-44,-44,-44,-44,-44,-44,-44,"-44",1,1,1,2,"Professionals",1,2,2,2,2,2,2,4,"Clerical and support workers","Professionals","Clerical and support workers",2,2,2,2,2,2,1,2,2,2,2,2,2,2,2,1,2,2,2,2,-44,-44,-44,-44,-44,-44,6,6,1,2,90000,30000,2,2,1,1,5,-44,-44,-44,-44,-44,-44,-44,5,-44,-44,-44,-44,-44,-44,-44,1,1,1,1,2,1,1,1,1,1,1,2,1,1,4,3,3,3,100000,30000,2,2,24,24,6,6,1,1,1,1,45,30,1,2,2,2,3,2,2,2,2,2,2,2,1,2,-44,-44,-44,-44,-44,-44,-44,-44,-44,-44,2,-44,4,4,4,4,4,1,2,4,4,4,4,3,2,2,3,2,2,2,2,2,2,2,2,-44,-44,-44,-44,-44,-44,-44,-44,-44,-44,-44,4,4,4,4,1,2,4,4,4,4,3,2,2,-44,-44,-44,-44,-44,-44,"-44",-44,-44,-44,-44,-44,-44,"-44",2,2,-44,-44,2,2,-44,-44,-44,-44,"-44",-44,-44,-44,-44,"-44",-44,-44,-44,-44,"-44",-44,-44,-44,-44,"-44",-44,-44,-44,-44,"-44",-44,-44,-44,-44,"-44",-44,"-44",-44,"-44",-44,-44,-44,-44,2,2,-44,-44,-44,-44,-44,"-44",-44,-44,-44,-44,-44,"-44",-44,-44,-44,-44,-44,-44,-44,-44,-44,-44,-44,-44,-44,-44,-44,-44,-44,-44,-44,-44,-44,-44,2,2,-44,-44,4,2,5,2,4,2,-44,-44,-44,-44,-44,4,5,5,4,5,1,3,888997,3,3,3,3,1,3,3,1,3,3,5,1,"-44",2,2,1,1,1,1,1,0,0,2,2,0,3,0,0,0,1,1,1,0,2,2,0,0,0,2,12,100,18000000,10000000,70000000,12,10,4800000,7000000,24000000,100,1,1,1,4,"NAIROBI",10,"-44","-44",10,101,999,1,-44,1,-44,3,10.4413003921509,"Kenya"
99160,2,2,"M1 through M5",-44,-44,"M6",-44,-44,"-44",2,-44,2005,1,"-44",1,8,210,125,85,0,0,0,1,8,8,8,37.5,0,0,1,21,21,25,42.8571428571429,0,0,1,94,79,94,36.1702127659575,15.9574468085106,0,1,21,21,25,100,0,1,34,27,44,50,0,1,32,22,32,3.125,0,2,-44,-44,-44,-44,-44,2,-44,-44,-44,-44,-44,2,-44,-44,-44,-44,-44,2,-44,-44,-44,-44,-44,1,1,2,2,1,2,1,2,"-44",1,1,1,2,1,1,1,2,"-44",1,1,2,1,1,2,2,2,"-44",1,1,2,1,1,2,2,2,"-44",1,1,2,2,2,2,2,2,"-44",1,2,2,2,2,2,2,2,"-44",2,-44,-44,-44,-44,-44,-44,-44,"-44",2,-44,-44,-44,-44,-44,-44,-44,"-44",2,-44,-44,-44,-44,-44,-44,-44,"-44",2,-44,-44,-44,-44,-44,-44,-44,"-44",1,1,1,1,"Managers",1,1,1,2,2,2,2,5,"Service workers","Managers","Service workers",2,2,2,2,2,1,1,1,2,2,2,2,2,2,2,1,1,2,1,1,70,50,50,50,30,15,6,5,1,2,99400,35900,2,2,2,1,1,5,-44,2,1,2,-44,-44,3,2,5,-44,-44,-44,2,1,1,2,2,2,2,1,1,1,1,1,2,1,2,1,2,3,3,1,102800,23200,2,2,2,12,6,5,2,1,2,1,29,43,1,2,2,2,1,2,3,2,3,2,2,2,2,2,-44,-44,1,-44,-44,-44,-44,-44,-44,-44,-44,-44,4,4,4,2,4,3,4,1,4,4,4,4,2,1,1,2,2,2,2,2,2,3,3,-44,1,1,-44,-44,-44,-44,-44,-44,-44,-44,1,3,4,2,4,4,4,4,4,4,4,1,1,2,1,1,2,2,2,"-44",2,1,2,1,1,2,"-44",2,2,-44,-44,2,2,-44,-44,-44,-44,"-44",-44,-44,-44,-44,"-44",-44,-44,-44,-44,"-44",-44,-44,-44,-44,"-44",-44,-44,-44,-44,"-44",-44,-44,-44,-44,"-44",-44,"-44",-44,"-44",-44,-44,-44,-44,2,2,-44,-44,-44,-44,-44,"-44",-44,-44,-44,-44,-44,"-44",-44,-44,-44,-44,-44,-44,-44,-44,-44,-44,-44,-44,-44,-44,-44,-44,-44,-44,-44,-44,-44,-44,2,2,-44,-44,4,2,4,2,3,2,-44,-44,-44,-44,-44,2,1,2,1,4,1,3,3,2,2,1,3,3,2,1,1,3,5,4,4,"-44",2,2,2,2,1,2,0,3,1,0,3,1,0,1,0,4,1,4,4,0,0,1,0,0,0,1,6,229,121943600,143087600,411500500,6,221,125370100,150792700,825793500,80,1,1,1,4,"NAIROBI",8,"-44","-44",210,106,202,1,-44,1,-44,3,10.4413003921509,"Kenya"
99165,1,2,"M1 through M5",-44,-44,"M6",-44,-44,"-44",2,-44,2001,2,"-44",1,3,106,66,40,36,6,30,1,11,10,11,18.1818181818182,9.09090909090909,0,2,-44,-44,-44,-44,-44,-44,2,-44,-44,-44,-44,-44,-44,2,-44,-44,-44,-44,-44,1,71,57,96,52.112676056338,0,2,-44,-44,-44,-44,-44,2,-44,-44,-44,-44,-44,2,-44,-44,-44,-44,-44,2,-44,-44,-44,-44,-44,1,60,40,66,51.6666666666667,0,1,1,1,2,2,2,2,2,"-44",2,-44,-44,-44,-44,-44,-44,-44,"-44",2,-44,-44,-44,-44,-44,-44,-44,"-44",2,-44,-44,-44,-44,-44,-44,-44,"-44",1,1,2,2,2,2,2,2,"-44",2,-44,-44,-44,-44,-44,-44,-44,"-44",2,-44,-44,-44,-44,-44,-44,-44,"-44",2,-44,-44,-44,-44,-44,-44,-44,"-44",2,-44,-44,-44,-44,-44,-44,-44,"-44",1,1,1,1,1,2,1,2,"-44",1,2,2,1,"Managers",2,1,2,2,2,2,1,5,"Service workers","Managers","Service workers",2,1,2,1,2,2,1,2,2,2,2,2,2,2,2,1,2,2,1,1,40,40,60,40,30,5,4,5,1,2,33700,11200,2,2,1,2,2,5,-44,-44,-44,-44,1,2,3,5,-44,-44,-44,-44,-44,-44,2,1,1,2,2,1,1,1,1,2,2,2,2,1,3,3,3,3,45900,10100,2,2,6,8,6,4,1,1,1,1,42,27,1,2,2,2,2,2,2,2,2,2,2,1,2,2,-44,-44,-44,-44,-44,-44,-44,-44,-44,1,-44,-44,4,4,4,1,4,2,3,4,4,4,4,4,3,3,2,2,2,2,3,2,2,1,1,-44,-44,-44,-44,-44,-44,-44,-44,-44,2,2,4,4,4,4,1,2,4,4,3,4,4,1,1,1,2,1,2,2,2,"-44",2,1,1,1,2,2,"-44",1,2,80,-44,2,2,-44,-44,-44,-44,"-44",-44,-44,-44,-44,"-44",-44,-44,-44,-44,"-44",-44,-44,-44,-44,"-44",-44,-44,-44,-44,"-44",-44,-44,-44,-44,"-44",-44,"-44",-44,"-44",-44,-44,-44,-44,2,2,-44,-44,-44,-44,-44,"-44",-44,-44,-44,-44,-44,"-44",-44,-44,-44,-44,-44,-44,-44,-44,-44,-44,-44,-44,-44,-44,-44,-44,-44,-44,-44,-44,-44,-44,1,2,888997,-44,4,2,1,2,4,1,5,2,2,2,5,1,5,3,3,3,3,3,3,1,2,3,2,3,1,1,3,3,3,3,2,"-44",2,2,2,2,1,2,4,3,0,2,3,0,4,2,0,4,0,0,1,0,0,1,2,4,2,1,11,152,15319300,85454500,124294500,11,156,21579700,83551600,155235000,90,1,2,1,4,"NAIROBI",3,"-44","-44",142,106,202,1,-44,1,-44,3,10.4413003921509,"Kenya"
99163,1,3,"M1 through M5",-44,-44,"M6",-44,-44,"-44",2,-44,1997,1,"-44",1,19,200,183,17,0,0,0,1,3,3,3,0,0,0,2,-44,-44,-44,-44,-44,-44,1,13,13,13,0,0,0,1,1,1,1,100,0,1,169,169,169,8.28402366863905,0,1,5,5,5,0,0,2,-44,-44,-44,-44,-44,2,-44,-44,-44,-44,-44,1,5,5,5,0,0,1,4,4,4,50,0,2,-44,-44,-44,-44,-44,-44,-44,"-44",2,-44,-44,-44,-44,-44,-44,-44,"-44",2,-44,-44,-44,-44,-44,-44,-44,"-44",2,-44,-44,-44,-44,-44,-44,-44,"-44",1,1,2,2,1,1,2,2,"-44",2,-44,-44,-44,-44,-44,-44,-44,"-44",2,-44,-44,-44,-44,-44,-44,-44,"-44",2,-44,-44,-44,-44,-44,-44,-44,"-44",2,-44,-44,-44,-44,-44,-44,-44,"-44",2,-44,-44,-44,-44,-44,-44,-44,"-44",1,2,1,1,"Managers",1,1,1,2,2,1,1,10,"Elementary occupations","Managers","Elementary occupations",2,2,2,2,2,2,1,2,2,2,2,2,2,2,2,1,2,2,2,2,-44,-44,-44,-44,-44,-44,6,4,1,1,50000,15000,2,2,2,2,1,5,-44,2,2,1,-44,-44,1,2,5,2,1,2,1,2,1,1,1,1,1,2,1,2,2,2,2,2,2,1,3,1,3,3,50000,15000,2,2,60,24,6,4,1,2,1,1,45,30,1,2,2,2,3,2,2,2,2,2,2,2,2,2,-44,-44,-44,-44,-44,-44,-44,-44,-44,-44,-44,-44,3,4,4,4,4,4,4,4,4,4,2,1,3,2,3,3,2,2,2,2,2,3,3,-44,-44,-44,-44,-44,-44,-44,-44,-44,-44,-44,4,4,4,4,1,3,4,4,2,4,4,2,2,-44,-44,-44,-44,-44,-44,"-44",-44,-44,-44,-44,-44,-44,"-44",2,2,-44,-44,2,2,-44,-44,-44,-44,"-44",-44,-44,-44,-44,"-44",-44,-44,-44,-44,"-44",-44,-44,-44,-44,"-44",-44,-44,-44,-44,"-44",-44,-44,-44,-44,"-44",-44,"-44",-44,"-44",-44,-44,-44,-44,2,2,-44,-44,-44,-44,-44,"-44",-44,-44,-44,-44,-44,"-44",-44,-44,-44,-44,-44,-44,-44,-44,-44,-44,-44,-44,-44,-44,-44,-44,-44,-44,-44,-44,-44,-44,2,2,-44,-44,5,5,5,5,5,2,-44,-44,-44,-44,-44,1,4,3,1,4,3,3,3,3,1,1,3,1,1,1,1,1,4,4,1,"-44",2,1,2,1,2,2,0,0,0,0,0,0,0,2,0,4,1,1,4,0,0,3,4,1,3,1,9,200,50976000,4800000,60000000,6,200,50976000,4800000,62000000,100,1,2,1,4,"NAIROBI",19,"-44","-44",200,106,202,1,-44,1,-44,3,10.4413003921509,"Kenya"
21035,1,2,"M1 through M5",-44,-44,"M6",-44,-44,"-44",2,-44,1952,2,"family",1,3,412,400,12,80,80,0,1,3,0,3,0,0,3,1,2,2,4,100,0,1,2,-44,-44,-44,-44,-44,-44,1,150,145,170,1.33333333333333,2,1,30,25,30,6.66666666666667,0,1,50,48,60,10,2,2,-44,-44,-44,-44,-44,1,150,5,200,0,0,1,52,42,50,0,0,1,55,51,55,1.81818181818182,0,1,1,1,2,1,1,2,2,"-44",1,1,2,2,1,1,1,2,"-44",2,-44,-44,-44,-44,-44,-44,-44,"-44",1,1,2,2,1,2,2,2,"-44",1,1,2,2,1,1,2,2,"-44",1,1,2,1,1,2,1,2,"-44",2,-44,-44,-44,-44,-44,-44,-44,"-44",1,1,2,1,2,1,1,2,"-44",1,1,1,1,1,1,1,2,"-44",1,1,2,2,2,2,2,2,"-44",1,1,2,1,"Managers",1,1,1,2,1,1,1,5,"Service workers","Managers","Service workers",2,2,1,1,1,2,2,2,2,1,2,1,2,2,1,2,2,2,1,1,80,10,90,10,10,45,6,6,1,1,60000,30000,2,2,1,1,1,2,3,2,1,2,1,2,1,2,3,2,1,2,1,2,1,1,1,1,2,1,1,1,1,1,2,2,1,1,2,2,1,2,200000,100000,2,2,66,66,6,6,1,1,1,1,35,30,1,1,2,2,2,2,2,2,1,1,2,2,2,1,-44,-44,-44,-44,-44,-44,1,1,-44,-44,-44,1,4,4,4,1,3,2,4,4,4,4,4,4,2,2,1,2,2,1,2,2,2,2,2,-44,-44,1,-44,-44,2,-44,-44,-44,-44,-44,4,4,4,2,4,4,1,4,3,4,4,2,2,-44,-44,-44,-44,-44,-44,"-44",-44,-44,-44,-44,-44,-44,"-44",1,1,30,20,2,2,-44,-44,-44,-44,"-44",-44,-44,-44,-44,"-44",-44,-44,-44,-44,"-44",-44,-44,-44,-44,"-44",-44,-44,-44,-44,"-44",-44,-44,-44,-44,"-44",-44,"-44",-44,"-44",-44,-44,-44,-44,2,2,-44,-44,-44,-44,-44,"-44",-44,-44,-44,-44,-44,"-44",-44,-44,-44,-44,-44,-44,-44,-44,-44,-44,-44,-44,-44,-44,-44,-44,-44,-44,-44,-44,-44,-44,1,1,3,3,4,4,4,4,4,2,-44,-44,-44,-44,-44,1,1,1,2,2,3,3,3,1,1,3,2,1,3,3,1,3,4,4,2,"-44",2,1,1,1,1,2,3,3,0,1,2,2,2,0,0,0,2,0,1,0,0,0,0,3,1,1,2,350,100000000,350000,888998,2,420,1044114460,888997,888998,90,1,1,2,2,"NAIROBI",3,"-44","-44",492,104,999,1,-44,1,-44,3,10.4413003921509,"Kenya"
99154,1,3,"M1 through M5",-44,-44,"M6",-44,-44,"-44",2,-44,1972,3,"-44",1,3,130,104,26,0,0,0,1,9,9,9,22.2222222222222,0,0,1,4,4,4,25,0,0,1,13,13,13,38.4615384615385,7.69230769230769,0,1,4,4,4,100,0,2,-44,-44,-44,-44,-44,1,6,6,6,16.6666666666667,0,2,-44,-44,-44,-44,-44,2,-44,-44,-44,-44,-44,1,34,34,34,0,0,1,60,60,60,21.6666666666667,0,2,-44,-44,-44,-44,-44,-44,-44,"-44",2,-44,-44,-44,-44,-44,-44,-44,"-44",1,1,2,2,1,2,2,2,"-44",2,-44,-44,-44,-44,-44,-44,-44,"-44",2,-44,-44,-44,-44,-44,-44,-44,"-44",2,-44,-44,-44,-44,-44,-44,-44,"-44",2,-44,-44,-44,-44,-44,-44,-44,"-44",2,-44,-44,-44,-44,-44,-44,-44,"-44",2,-44,-44,-44,-44,-44,-44,-44,"-44",1,1,2,2,2,2,2,2,"-44",1,1,1,2,"Professionals",1,2,1,2,2,1,1,6,"Sales workers","Professionals","Sales workers",2,1,2,2,2,2,2,2,2,2,1,2,2,2,2,2,1,2,2,2,-44,-44,-44,-44,-44,-44,6,6,1,1,90000,40000,2,2,1,1,5,-44,-44,-44,-44,-44,-44,-44,5,-44,-44,-44,-44,-44,-44,-44,1,2,2,1,2,1,2,1,1,1,1,1,1,1,4,3,3,3,90000,40000,2,2,4,16,6,6,1,1,1,1,45,34,1,1,2,2,3,2,2,2,2,2,2,2,2,2,-44,-44,-44,-44,-44,-44,-44,-44,-44,-44,-44,-44,4,4,4,3,4,4,4,4,4,4,2,1,2,2,3,2,2,2,2,2,2,2,2,-44,-44,-44,-44,-44,-44,-44,-44,-44,-44,-44,4,4,4,4,2,1,4,4,4,4,3,1,2,2,2,2,2,1,2,"-44",-44,-44,-44,-44,-44,-44,"-44",1,2,100,-44,2,2,-44,-44,-44,-44,"-44",-44,-44,-44,-44,"-44",-44,-44,-44,-44,"-44",-44,-44,-44,-44,"-44",-44,-44,-44,-44,"-44",-44,-44,-44,-44,"-44",-44,"-44",-44,"-44",-44,-44,-44,-44,2,2,-44,-44,-44,-44,-44,"-44",-44,-44,-44,-44,-44,"-44",-44,-44,-44,-44,-44,-44,-44,-44,-44,-44,-44,-44,-44,-44,-44,-44,-44,-44,-44,-44,-44,-44,1,2,3,-44,4,5,3,3,5,2,-44,-44,-44,-44,-44,1,1,1,1,1,3,3,3,3,3,3,3,3,3,3,1,3,4,5,2,"-44",1,1,2,2,2,2,4,0,0,3,3,0,0,2,4,4,1,1,0,0,0,0,0,0,3,1,6,130,55560000,828000000,1350000000,6,130,55560000,840000000,1400850000,100,1,1,1,4,"NAIROBI",3,"-44","-44",130,106,202,1,-44,1,-44,3,10.4413003921509,"Kenya"
99152,1,3,"M1 through M5",-44,-44,"M6",-44,-44,"-44",2,-44,1978,3,"-44",1,3,208,165,43,0,0,0,1,14,14,14,21.4285714285714,0,0,2,-44,-44,-44,-44,-44,-44,1,25,25,25,24,4,0,1,6,6,6,66.6666666666667,0,2,-44,-44,-44,-44,-44,1,15,15,15,33.3333333333333,0,2,-44,-44,-44,-44,-44,2,-44,-44,-44,-44,-44,1,20,20,20,0,0,1,128,128,128,19.53125,0,2,-44,-44,-44,-44,-44,-44,-44,"-44",2,-44,-44,-44,-44,-44,-44,-44,"-44",1,1,2,2,1,2,1,2,"-44",2,-44,-44,-44,-44,-44,-44,-44,"-44",2,-44,-44,-44,-44,-44,-44,-44,"-44",1,1,2,2,1,1,2,2,"-44",2,-44,-44,-44,-44,-44,-44,-44,"-44",2,-44,-44,-44,-44,-44,-44,-44,"-44",2,-44,-44,-44,-44,-44,-44,-44,"-44",1,1,2,2,2,2,2,2,"-44",1,2,1,3,"Technicians and associate professionals",1,2,1,2,2,1,1,10,"Elementary occupations","Technicians and associate professionals","Elementary occupations",2,1,2,2,2,2,2,1,2,2,2,2,2,2,2,2,1,2,1,1,75,15,85,15,30,7,6,4,1,2,30000,12000,2,2,1,2,1,5,-44,2,1,2,-44,-44,5,-44,-44,-44,-44,-44,-44,-44,1,2,1,2,2,2,1,2,2,2,2,2,2,1,3,1,3,3,32000,12000,2,2,18,60,6,4,1,2,1,1,35,25,1,1,2,2,3,2,2,2,2,2,2,2,2,2,-44,-44,-44,-44,-44,-44,-44,-44,-44,-44,-44,-44,2,4,4,4,4,4,4,4,3,4,4,1,3,2,3,2,2,2,2,2,2,3,3,-44,-44,-44,-44,-44,-44,-44,-44,-44,-44,-44,4,3,4,4,1,2,4,4,4,4,4,1,2,2,2,2,2,1,2,"-44",-44,-44,-44,-44,-44,-44,"-44",2,2,-44,-44,2,2,-44,-44,-44,-44,"-44",-44,-44,-44,-44,"-44",-44,-44,-44,-44,"-44",-44,-44,-44,-44,"-44",-44,-44,-44,-44,"-44",-44,-44,-44,-44,"-44",-44,"-44",-44,"-44",-44,-44,-44,-44,2,2,-44,-44,-44,-44,-44,"-44",-44,-44,-44,-44,-44,"-44",-44,-44,-44,-44,-44,-44,-44,-44,-44,-44,-44,-44,-44,-44,-44,-44,-44,-44,-44,-44,-44,-44,2,2,-44,-44,4,5,2,1,4,2,-44,-44,-44,-44,-44,1,1,1,1,4,3,3,3,1,3,3,2,3,3,1,1,1,4,4,2,"-44",1,1,1,1,2,1,2,0,0,3,4,0,0,0,3,4,0,0,0,0,0,0,0,0,3,1,6,208,57836000,1152000000,2085600000,6,208,57836000,1248000000,2100800000,100,1,2,1,4,"NAIROBI",3,"-44","-44",208,106,202,1,-44,1,-44,3,10.4413003921509,"Kenya"
98354,2,2,"M1 through M5",-44,-44,"M6",-44,-44,"-44",1,2001,2001,4,"-44",1,2,28,25,3,20,15,5,1,1,1,1,0,100,0,2,-44,-44,-44,-44,-44,-44,1,24,24,24,20.8333333333333,100,0,1,1,1,1,100,0,1,10,10,10,0,0,1,10,10,10,20,0,2,-44,-44,-44,-44,-44,2,-44,-44,-44,-44,-44,1,1,1,1,0,0,1,1,1,1,0,0,1,1,2,2,2,2,2,2,"-44",2,-44,-44,-44,-44,-44,-44,-44,"-44",1,1,2,2,2,2,2,2,"-44",1,1,2,2,2,2,2,2,"-44",1,1,2,2,2,2,2,2,"-44",1,1,2,2,2,2,2,2,"-44",2,-44,-44,-44,-44,-44,-44,-44,"-44",2,-44,-44,-44,-44,-44,-44,-44,"-44",1,1,2,2,2,2,2,2,"-44",1,1,2,2,2,2,2,2,"-44",1,2,1,3,"Technicians and associate professionals",1,1,1,2,2,1,1,6,"Sales workers","Technicians and associate professionals","Sales workers",1,2,1,2,2,1,2,1,2,1,2,2,2,2,2,1,1,2,1,2,70,-44,-44,-44,30,-44,5,5,1,1,23000,18000,1,1,2,2,2,1,3,2,1,2,1,2,5,-44,-44,-44,-44,-44,-44,-44,2,2,2,2,2,2,1,2,2,2,2,2,1,1,1,1,2,2,23000,18500,1,2,0,0,5,5,1,1,1,1,26,25,1,1,1,1,3,2,2,2,2,2,2,2,3,2,1,1,-44,-44,-44,-44,-44,-44,-44,-44,-44,-44,4,4,4,4,4,1,2,3,4,4,4,4,1,2,3,2,2,2,2,2,2,3,2,1,-44,-44,-44,-44,-44,-44,-44,-44,-44,-44,4,3,4,4,1,2,4,4,4,4,4,2,2,-44,-44,-44,-44,-44,-44,"-44",-44,-44,-44,-44,-44,-44,"-44",2,2,-44,-44,2,2,-44,-44,-44,-44,"-44",-44,-44,-44,-44,"-44",-44,-44,-44,-44,"-44",-44,-44,-44,-44,"-44",-44,-44,-44,-44,"-44",-44,-44,-44,-44,"-44",-44,"-44",-44,"-44",-44,-44,-44,-44,2,2,-44,-44,-44,-44,-44,"-44",-44,-44,-44,-44,-44,"-44",-44,-44,-44,-44,-44,-44,-44,-44,-44,-44,-44,-44,-44,-44,-44,-44,-44,-44,-44,-44,-44,-44,2,2,-44,-44,5,5,5,5,5,2,-44,-44,-44,-44,-44,2,1,1,1,3,3,3,3,3,3,3,3,3,3,1,2,3,4,3,1,"-44",2,1,1,1,1,1,0,0,0,0,0,0,0,1,0,0,1,1,0,0,0,0,0,1,2,1,6,24,950000,100000,35000000,6,24,950000,200000,35000000,0,3,3,3,2,"NAIROBI",2,"-44","-44",48,110,999,1,-44,1,-44,3,10.4413003921509,"Kenya"
99164,1,2,"M1 through M5",-44,-44,"M6",-44,-44,"-44",2,-44,1989,3,"-44",1,3,143,76,67,0,0,0,1,24,24,24,12.5,0,0,2,-44,-44,-44,-44,-44,-44,1,7,7,7,0,0,0,1,29,29,29,79.3103448275862,0,2,-44,-44,-44,-44,-44,2,-44,-44,-44,-44,-44,2,-44,-44,-44,-44,-44,1,50,50,50,54,0,1,29,29,29,48.2758620689655,0,1,4,4,4,0,0,2,-44,-44,-44,-44,-44,-44,-44,"-44",2,-44,-44,-44,-44,-44,-44,-44,"-44",1,2,2,2,1,2,2,2,"-44",2,-44,-44,-44,-44,-44,-44,-44,"-44",2,-44,-44,-44,-44,-44,-44,-44,"-44",2,-44,-44,-44,-44,-44,-44,-44,"-44",2,-44,-44,-44,-44,-44,-44,-44,"-44",1,1,2,1,2,2,1,2,"-44",1,1,2,2,2,2,2,2,"-44",2,-44,-44,-44,-44,-44,-44,-44,"-44",1,2,1,3,"Technicians and associate professionals",1,2,2,2,1,1,1,10,"Elementary occupations","Technicians and associate professionals","Elementary occupations",2,1,2,1,2,2,2,2,2,2,2,2,2,2,2,2,1,2,1,2,100,-44,-44,-44,15,-44,4,2,1,1,53200,17100,2,2,2,1,3,1,2,1,2,2,1,2,5,-44,-44,-44,-44,-44,-44,-44,1,1,1,2,1,1,2,1,2,1,2,2,1,2,5,3,2,1,75100,18900,2,2,12,5,6,4,1,1,1,1,19,35,1,1,2,2,2,2,2,1,3,3,2,2,3,2,-44,-44,-44,-44,-44,3,-44,-44,-44,-44,-44,-44,4,4,4,4,4,1,3,4,4,2,4,4,2,2,2,2,1,2,2,3,2,3,1,-44,-44,-44,-44,1,-44,-44,-44,-44,-44,1,4,3,4,4,4,2,4,4,1,4,4,2,2,-44,-44,-44,-44,-44,-44,"-44",-44,-44,-44,-44,-44,-44,"-44",1,2,90,-44,2,2,-44,-44,-44,-44,"-44",-44,-44,-44,-44,"-44",-44,-44,-44,-44,"-44",-44,-44,-44,-44,"-44",-44,-44,-44,-44,"-44",-44,-44,-44,-44,"-44",-44,"-44",-44,"-44",-44,-44,-44,-44,2,2,-44,-44,-44,-44,-44,"-44",-44,-44,-44,-44,-44,"-44",-44,-44,-44,-44,-44,-44,-44,-44,-44,-44,-44,-44,-44,-44,-44,-44,-44,-44,-44,-44,-44,-44,1,2,4,-44,5,3,3,5,4,2,-44,-44,-44,-44,-44,1,1,3,4,1,1,1,3,3,2,3,3,2,3,1,2,3,2,5,1,"-44",2,2,1,1,1,2,0,2,0,1,1,4,4,2,4,0,4,2,4,0,0,0,1,0,1,1,3,143,29641100,18748400,152565100,3,143,5467615000,22514300,209509000,80,1,1,1,4,"NAIROBI",3,"-44","-44",143,106,202,1,-44,1,-44,3,10.4413003921509,"Kenya"
99166,1,3,"M1 through M5",-44,-44,"M6",-44,-44,"-44",2,-44,1966,1,"-44",1,3,90,69,21,93,80,13,1,7,7,7,28.5714285714286,0,0,1,10,10,10,10,0,0,1,19,19,19,31.5789473684211,5.26315789473684,0,1,8,8,8,50,0,2,-44,-44,-44,-44,-44,1,20,20,20,35,0,2,-44,-44,-44,-44,-44,2,-44,-44,-44,-44,-44,1,16,16,16,0,0,1,103,103,103,13.5922330097087,0,2,-44,-44,-44,-44,-44,-44,-44,"-44",2,-44,-44,-44,-44,-44,-44,-44,"-44",1,1,2,2,1,2,1,2,"-44",2,-44,-44,-44,-44,-44,-44,-44,"-44",2,-44,-44,-44,-44,-44,-44,-44,"-44",1,1,2,2,1,1,1,2,"-44",2,-44,-44,-44,-44,-44,-44,-44,"-44",2,-44,-44,-44,-44,-44,-44,-44,"-44",2,-44,-44,-44,-44,-44,-44,-44,"-44",1,1,2,2,2,2,2,2,"-44",1,1,1,2,"Professionals",1,2,1,2,2,1,1,6,"Sales workers","Professionals","Sales workers",2,2,2,2,2,2,1,2,2,2,2,2,2,2,2,1,2,2,2,2,-44,-44,-44,-44,-44,-44,6,6,1,1,75000,35000,2,2,2,2,5,-44,-44,-44,-44,-44,-44,-44,5,-44,-44,-44,-44,-44,-44,-44,1,2,1,1,2,1,1,1,1,1,2,1,1,1,4,2,3,3,75000,35000,2,2,48,24,6,6,1,1,1,1,42,28,1,1,2,2,3,2,2,2,2,2,2,2,2,2,-44,-44,-44,-44,-44,-44,-44,-44,-44,-44,-44,-44,4,4,4,4,1,4,4,4,4,4,3,2,2,2,3,2,2,2,2,2,2,2,2,-44,-44,-44,-44,-44,-44,-44,-44,-44,-44,-44,1,4,4,4,4,2,4,4,3,4,4,1,2,2,2,2,2,1,2,"-44",-44,-44,-44,-44,-44,-44,"-44",2,2,-44,-44,2,2,-44,-44,-44,-44,"-44",-44,-44,-44,-44,"-44",-44,-44,-44,-44,"-44",-44,-44,-44,-44,"-44",-44,-44,-44,-44,"-44",-44,-44,-44,-44,"-44",-44,"-44",-44,"-44",-44,-44,-44,-44,2,2,-44,-44,-44,-44,-44,"-44",-44,-44,-44,-44,-44,"-44",-44,-44,-44,-44,-44,-44,-44,-44,-44,-44,-44,-44,-44,-44,-44,-44,-44,-44,-44,-44,-44,-44,2,2,-44,-44,4,4,4,4,4,2,-44,-44,-44,-44,-44,1,1,1,2,1,3,3,3,3,3,3,3,3,3,3,3,3,4,3,1,"-44",1,1,1,1,2,1,2,0,0,2,2,0,0,3,4,4,0,0,0,0,0,0,0,0,3,1,6,170,68760000,1260000000,2875000000,6,183,72540000,1419500000,3271000000,100,1,1,1,4,"NAIROBI",3,"-44","-44",183,106,202,1,-44,1,-44,3,10.4413003921509,"Kenya"
99145,1,4,"M1 through M5",-44,-44,"M6",-44,-44,"-44",2,-44,1995,1,"-44",1,3,137,98,39,0,0,0,1,7,7,7,0,0,0,1,34,29,41,91.1764705882353,14.7058823529412,0,1,41,41,41,19.5121951219512,0,0,1,27,27,27,0,0,2,-44,-44,-44,-44,-44,1,21,19,26,0,0,2,-44,-44,-44,-44,-44,2,-44,-44,-44,-44,-44,2,-44,-44,-44,-44,-44,1,7,7,7,0,0,1,2,1,1,1,2,2,2,"-44",1,1,2,2,1,1,1,2,"-44",1,1,1,2,1,2,1,2,"-44",2,-44,-44,-44,-44,-44,-44,-44,"-44",2,-44,-44,-44,-44,-44,-44,-44,"-44",1,1,2,2,2,1,2,2,"-44",2,-44,-44,-44,-44,-44,-44,-44,"-44",2,-44,-44,-44,-44,-44,-44,-44,"-44",2,-44,-44,-44,-44,-44,-44,-44,"-44",2,-44,-44,-44,-44,-44,-44,-44,"-44",1,1,1,2,"Professionals",1,2,1,2,2,2,1,6,"Sales workers","Professionals","Sales workers",2,1,2,2,2,1,2,1,2,1,1,2,2,2,1,2,2,2,1,1,40,60,40,60,45,15,6,5,1,1,44700,19100,2,2,1,1,2,1,5,2,2,1,1,2,1,5,-44,2,2,1,-44,-44,1,2,1,2,1,2,1,1,2,1,1,2,1,1,2,3,3,3,50100,25900,2,2,0,2,6,6,2,2,1,1,51,52,1,2,2,2,1,2,1,2,2,2,2,2,1,2,-44,-44,1,-44,1,-44,-44,-44,-44,-44,1,-44,1,2,4,4,4,4,3,4,4,4,4,4,2,2,2,2,2,2,2,2,2,3,2,-44,-44,-44,-44,-44,-44,-44,-44,-44,-44,-44,3,4,4,4,2,1,4,4,4,4,4,2,2,-44,-44,-44,-44,-44,-44,"-44",-44,-44,-44,-44,-44,-44,"-44",2,2,-44,-44,2,2,-44,-44,-44,-44,"-44",-44,-44,-44,-44,"-44",-44,-44,-44,-44,"-44",-44,-44,-44,-44,"-44",-44,-44,-44,-44,"-44",-44,-44,-44,-44,"-44",-44,"-44",-44,"-44",-44,-44,-44,-44,2,2,-44,-44,-44,-44,-44,"-44",-44,-44,-44,-44,-44,"-44",-44,-44,-44,-44,-44,-44,-44,-44,-44,-44,-44,-44,-44,-44,-44,-44,-44,-44,-44,-44,-44,-44,2,2,-44,-44,3,5,5,1,5,2,-44,-44,-44,-44,-44,3,5,1,5,1,3,3,2,3,3,3,3,2,3,1,2,3,2,5,4,"-44",2,2,2,1,1,2,1,0,1,2,0,0,4,1,4,1,1,4,0,4,1,4,4,0,0,1,12,149,142732800,394168300,1397201400,12,144,148476600,384852600,1509624900,80,1,1,1,4,"NAIROBI",3,"-44","-44",137,104,202,1,-44,1,-44,3,10.4413003921509,"Kenya"
99153,1,2,"M1 through M5",-44,-44,"M6",-44,-44,"-44",2,-44,2003,6,"-44",2,3,100,65,35,0,0,0,1,5,4,5,40,20,0,2,-44,-44,-44,-44,-44,-44,1,40,37,40,35,7.5,0,1,55,40,66,34.5454545454545,0,2,-44,-44,-44,-44,-44,2,-44,-44,-44,-44,-44,2,-44,-44,-44,-44,-44,2,-44,-44,-44,-44,-44,2,-44,-44,-44,-44,-44,2,-44,-44,-44,-44,-44,1,1,2,2,2,1,2,2,"-44",2,-44,-44,-44,-44,-44,-44,-44,"-44",1,1,2,1,1,2,2,2,"-44",1,1,2,1,1,2,2,2,"-44",2,-44,-44,-44,-44,-44,-44,-44,"-44",2,-44,-44,-44,-44,-44,-44,-44,"-44",2,-44,-44,-44,-44,-44,-44,-44,"-44",2,-44,-44,-44,-44,-44,-44,-44,"-44",2,-44,-44,-44,-44,-44,-44,-44,"-44",2,-44,-44,-44,-44,-44,-44,-44,"-44",1,2,1,3,"Technicians and associate professionals",1,2,2,2,2,2,2,4,"Clerical and support workers","Technicians and associate professionals","Clerical and support workers",2,1,2,1,2,1,2,2,2,2,1,2,1,1,2,1,1,2,1,1,30,40,60,40,15,15,4,6,1,1,37500,24700,2,2,2,2,3,2,5,-44,-44,-44,1,2,1,2,3,2,1,2,2,1,1,2,1,2,2,1,1,1,1,2,1,2,1,2,4,3,3,3,46500,24500,2,2,2,1,5,4,1,1,1,1,35,41,1,2,2,2,3,2,2,3,2,2,2,2,3,2,-44,-44,-44,-44,-44,-44,-44,-44,-44,-44,-44,-44,2,4,4,4,4,1,4,4,4,3,4,4,3,3,1,2,2,2,1,3,3,1,3,-44,-44,1,-44,-44,-44,1,-44,-44,1,-44,1,4,4,2,4,4,4,4,3,4,4,2,1,-44,-44,-44,-44,-44,-44,"-44",1,2,2,1,2,2,"-44",1,2,70,-44,2,2,-44,-44,-44,-44,"-44",-44,-44,-44,-44,"-44",-44,-44,-44,-44,"-44",-44,-44,-44,-44,"-44",-44,-44,-44,-44,"-44",-44,-44,-44,-44,"-44",-44,"-44",-44,"-44",-44,-44,-44,-44,2,2,-44,-44,-44,-44,-44,"-44",-44,-44,-44,-44,-44,"-44",-44,-44,-44,-44,-44,-44,-44,-44,-44,-44,-44,-44,-44,-44,-44,-44,-44,-44,-44,-44,-44,-44,1,2,888997,-44,5,2,4,2,4,1,5,4,5,3,3,1,3,5,1,5,3,3,3,1,2,1,3,1,3,2,3,3,5,3,4,"-44",1,2,2,1,2,2,0,4,1,1,1,1,1,2,1,4,1,1,1,4,0,0,4,0,4,1,11,109,43747700,13828300,82011600,11,104,56498600,17879300,122154700,70,1,2,1,4,"NAIROBI",3,"-44","-44",100,106,202,1,-44,1,-44,3,10.4413003921509,"Kenya"
98265,1,2,"M1 through M5",-44,-44,"M6",-44,-44,"-44",1,-44,1972,1,"-44",1,19,28,12,16,26,6,20,1,3,3,3,33.3333333333333,0,0,2,-44,-44,-44,-44,-44,-44,1,5,5,5,60,40,0,1,3,3,3,66.6666666666667,0,1,6,6,4,66.6666666666667,0,1,5,3,5,80,0,2,-44,-44,-44,-44,-44,1,10,6,10,70,0,1,18,18,18,66.6666666666667,0,1,4,4,4,75,0,2,-44,-44,-44,-44,-44,-44,-44,"-44",2,-44,-44,-44,-44,-44,-44,-44,"-44",1,1,2,2,2,2,2,2,"-44",2,-44,-44,-44,-44,-44,-44,-44,"-44",2,-44,-44,-44,-44,-44,-44,-44,"-44",1,1,1,1,2,2,2,2,"-44",2,-44,-44,-44,-44,-44,-44,-44,"-44",1,1,2,2,2,2,2,2,"-44",1,1,2,2,2,2,2,2,"-44",2,-44,-44,-44,-44,-44,-44,-44,"-44",1,2,1,3,"Technicians and associate professionals",1,1,1,2,1,1,1,6,"Sales workers","Technicians and associate professionals","Sales workers",2,2,2,2,2,2,1,1,2,2,2,2,2,2,2,2,1,2,1,1,0,100,0,100,15,15,5,5,2,2,45000,30000,2,2,1,1,5,-44,-44,-44,-44,-44,-44,-44,5,-44,-44,-44,-44,-44,-44,-44,1,2,2,2,2,1,1,1,2,1,2,2,1,1,2,2,3,3,45000,33000,2,2,11,0,5,5,1,1,1,1,40,30,2,2,2,2,3,2,2,2,2,2,2,2,1,2,-44,-44,-44,-44,-44,-44,-44,-44,-44,-44,1,-44,4,4,4,4,3,2,1,4,4,4,4,4,2,2,3,2,2,2,2,2,2,2,2,-44,-44,-44,-44,-44,-44,-44,-44,-44,-44,-44,4,2,4,4,4,1,4,3,4,4,4,2,2,-44,-44,-44,-44,-44,-44,"-44",-44,-44,-44,-44,-44,-44,"-44",2,2,-44,-44,2,2,-44,-44,-44,-44,"-44",-44,-44,-44,-44,"-44",-44,-44,-44,-44,"-44",-44,-44,-44,-44,"-44",-44,-44,-44,-44,"-44",-44,-44,-44,-44,"-44",-44,"-44",-44,"-44",-44,-44,-44,-44,2,2,-44,-44,-44,-44,-44,"-44",-44,-44,-44,-44,-44,"-44",-44,-44,-44,-44,-44,-44,-44,-44,-44,-44,-44,-44,-44,-44,-44,-44,-44,-44,-44,-44,-44,-44,2,2,-44,-44,4,2,4,4,5,2,-44,-44,-44,-44,-44,1,3,1,1,1,3,3,3,3,3,1,3,1,3,3,3,3,4,3,1,"-44",2,1,1,1,2,2,2,1,0,0,1,0,2,2,1,2,2,0,2,1,2,1,0,0,1,1,12,52,24000000,7200000,88000000,12,53,24500000,7500000,102000000,50,2,3,3,4,"NAIROBI",19,"-44","-44",54,113,999,1,-44,1,-44,3,10.4413003921509,"Kenya"
99150,2,2,"M1 through M5",-44,-44,"M6",-44,-44,"-44",2,-44,1987,1,"-44",1,3,119,67,52,0,0,0,1,10,9,10,30,10,0,1,18,14,24,72.2222222222222,22.2222222222222,0,1,54,35,70,57.4074074074074,35.1851851851852,0,2,-44,-44,-44,-44,-44,2,-44,-44,-44,-44,-44,2,-44,-44,-44,-44,-44,2,-44,-44,-44,-44,-44,1,37,34,45,13.5135135135135,0,2,-44,-44,-44,-44,-44,2,-44,-44,-44,-44,-44,1,1,2,2,2,2,2,2,"-44",1,1,2,2,1,2,2,2,"-44",1,1,1,2,2,2,2,2,"-44",2,-44,-44,-44,-44,-44,-44,-44,"-44",2,-44,-44,-44,-44,-44,-44,-44,"-44",2,-44,-44,-44,-44,-44,-44,-44,"-44",2,-44,-44,-44,-44,-44,-44,-44,"-44",1,1,1,2,2,2,2,2,"-44",2,-44,-44,-44,-44,-44,-44,-44,"-44",2,-44,-44,-44,-44,-44,-44,-44,"-44",1,1,1,3,"Technicians and associate professionals",2,2,2,2,1,2,2,8,"Construction, craft, and related trade w","Technicians and associate professionals","Construction, craft, and related trade w",2,1,2,2,1,2,2,1,2,2,2,1,2,2,2,1,1,2,1,1,30,60,40,60,15,5,4,4,2,1,433500,45100,2,2,2,1,1,3,2,2,1,2,2,1,1,3,2,2,2,1,1,2,2,1,1,1,2,1,1,1,2,2,2,1,2,1,4,1,2,2,382100,38700,2,2,0,12,5,4,1,2,1,1,32,53,2,1,3,2,2,2,2,2,2,2,2,2,2,1,-44,-44,-44,-44,-44,-44,-44,-44,-44,-44,-44,3,3,4,4,4,4,4,4,2,4,1,4,4,2,2,2,2,3,2,2,1,2,2,2,-44,-44,-44,-44,-44,-44,-44,3,-44,-44,-44,1,4,4,4,3,4,4,4,2,4,4,1,2,1,2,1,2,1,2,"-44",-44,-44,-44,-44,-44,-44,"-44",1,2,80,-44,1,2,2,2,1,-44,"-44",-44,-44,-44,-44,"-44",-44,-44,40,-44,"-44",-44,-44,1,-44,"-44",-44,-44,-44,-44,"-44",-44,-44,-44,-44,"-44",5,"-44",-44,"-44",1,-44,15000,-44,1,2,2,2,1,2,2,"-44",-44,-44,-44,-44,-44,"-44",-44,-44,30,-44,-44,-44,-44,1,-44,-44,-44,-44,-44,-44,-44,-44,-44,-44,-44,-44,20000,-44,1,2,1,-44,1,3,3,2,4,1,5,4,5,4,5,1,3,2,2,4,3,3,1,2,1,2,2,3,3,2,2,3,2,3,2,"-44",2,2,2,2,2,2,0,0,2,0,4,0,0,4,1,0,0,4,1,1,0,0,4,1,1,1,1,129,21638600,494200,238545000,1,123,20030100,3623400,504083600,80,1,2,1,4,"NAIROBI",3,"-44","-44",119,106,202,1,-44,1,-44,3,10.4413003921509,"Kenya"
98283,1,3,"M1 through M5",-44,-44,"M6",-44,-44,"-44",1,1961,1961,4,"-44",1,3,30,23,7,37,30,7,1,1,1,1,0,100,0,1,20,20,20,40,100,0,1,12,12,12,25,100,0,1,4,4,4,0,0,1,10,10,10,0,0,1,15,15,15,20,0,2,-44,-44,-44,-44,-44,2,-44,-44,-44,-44,-44,1,5,5,5,0,0,2,-44,-44,-44,-44,-44,2,-44,-44,-44,-44,-44,-44,-44,"-44",2,-44,-44,-44,-44,-44,-44,-44,"-44",1,1,2,2,2,2,2,2,"-44",2,-44,-44,-44,-44,-44,-44,-44,"-44",2,-44,-44,-44,-44,-44,-44,-44,"-44",1,1,2,2,2,2,2,2,"-44",2,-44,-44,-44,-44,-44,-44,-44,"-44",2,-44,-44,-44,-44,-44,-44,-44,"-44",2,-44,-44,-44,-44,-44,-44,-44,"-44",2,-44,-44,-44,-44,-44,-44,-44,"-44",1,1,1,3,"Technicians and associate professionals",1,1,1,2,2,1,2,6,"Sales workers","Technicians and associate professionals","Sales workers",1,2,2,2,2,1,2,1,2,2,2,2,2,2,1,1,2,2,2,2,-44,-44,-44,-44,-44,-44,6,6,1,1,27000,22000,1,1,2,2,5,-44,-44,-44,-44,-44,-44,-44,5,-44,-44,-44,-44,-44,-44,-44,2,2,2,2,2,1,1,2,1,2,2,2,1,1,2,3,1,1,27000,22000,1,1,0,0,6,6,1,1,1,1,28,24,1,2,2,2,3,2,2,2,2,2,2,2,2,1,-44,-44,-44,-44,-44,-44,-44,-44,-44,-44,-44,1,4,1,4,2,4,4,3,4,4,4,4,4,2,2,3,2,2,2,2,2,2,2,2,-44,-44,-44,-44,-44,-44,-44,-44,-44,-44,-44,4,1,4,4,4,3,2,4,4,4,4,1,1,2,1,2,2,2,2,"-44",2,1,2,2,2,2,"-44",2,2,-44,-44,2,2,-44,-44,-44,-44,"-44",-44,-44,-44,-44,"-44",-44,-44,-44,-44,"-44",-44,-44,-44,-44,"-44",-44,-44,-44,-44,"-44",-44,-44,-44,-44,"-44",-44,"-44",-44,"-44",-44,-44,-44,-44,2,2,-44,-44,-44,-44,-44,"-44",-44,-44,-44,-44,-44,"-44",-44,-44,-44,-44,-44,-44,-44,-44,-44,-44,-44,-44,-44,-44,-44,-44,-44,-44,-44,-44,-44,-44,2,2,-44,-44,5,5,5,5,4,2,-44,-44,-44,-44,-44,2,2,2,2,4,3,3,2,1,1,3,3,3,3,3,3,3,4,3,3,"-44",1,1,1,1,1,1,0,0,0,2,1,1,1,0,1,1,1,1,1,1,1,1,1,1,1,1,7,67,10000000,7000000,15000000,7,67,11000000,7200000,16000000,0,2,3,2,2,"NAIROBI",3,"-44","-44",67,110,999,1,-44,1,-44,3,10.4413003921509,"Kenya"
99146,1,2,"M1 through M5",-44,-44,"M6",-44,-44,"-44",2,-44,2009,1,"-44",1,3,169,57,112,0,0,0,1,29,28,29,75.8620689655172,3.44827586206897,0,2,-44,-44,-44,-44,-44,-44,1,42,37,42,80.9523809523809,11.9047619047619,0,1,51,51,51,54.9019607843137,0,2,-44,-44,-44,-44,-44,1,25,25,25,72,0,2,-44,-44,-44,-44,-44,2,-44,-44,-44,-44,-44,1,17,17,17,35.2941176470588,0,1,5,5,5,80,0,1,1,2,1,2,2,2,2,"-44",2,-44,-44,-44,-44,-44,-44,-44,"-44",1,1,1,1,1,1,2,2,"-44",1,1,2,2,2,2,1,2,"-44",2,-44,-44,-44,-44,-44,-44,-44,"-44",2,-44,-44,-44,-44,-44,-44,-44,"-44",2,-44,-44,-44,-44,-44,-44,-44,"-44",2,-44,-44,-44,-44,-44,-44,-44,"-44",2,-44,-44,-44,-44,-44,-44,-44,"-44",1,1,1,1,2,1,1,2,"-44",1,2,1,1,"Managers",1,2,1,2,2,1,1,9,"Plant and machine operators, and assembl","Managers","Plant and machine operators, and assembl",1,2,2,2,2,1,2,1,2,2,2,2,1,2,1,1,2,2,1,2,30,-44,-44,-44,40,-44,4,5,2,1,72900,24900,2,2,2,2,5,-44,-44,-44,-44,-44,-44,-44,3,5,-44,-44,-44,-44,-44,-44,1,1,1,2,1,1,2,1,1,2,2,2,2,1,2,3,3,2,55200,21800,2,2,0,7,6,5,2,1,1,1,41,32,2,2,2,3,2,3,2,2,2,2,2,3,1,2,-44,-44,-44,-44,-44,-44,-44,-44,-44,-44,3,-44,4,4,4,2,4,4,1,4,4,3,4,4,3,2,1,2,2,2,2,1,2,2,2,-44,-44,2,-44,-44,-44,-44,1,-44,-44,-44,4,4,4,2,4,4,1,4,3,4,4,2,2,-44,-44,-44,-44,-44,-44,"-44",-44,-44,-44,-44,-44,-44,"-44",2,1,-44,30,2,2,-44,-44,-44,-44,"-44",-44,-44,-44,-44,"-44",-44,-44,-44,-44,"-44",-44,-44,-44,-44,"-44",-44,-44,-44,-44,"-44",-44,-44,-44,-44,"-44",-44,"-44",-44,"-44",-44,-44,-44,-44,2,2,-44,-44,-44,-44,-44,"-44",-44,-44,-44,-44,-44,"-44",-44,-44,-44,-44,-44,-44,-44,-44,-44,-44,-44,-44,-44,-44,-44,-44,-44,-44,-44,-44,-44,-44,2,1,-44,888997,4,1,5,2,2,2,-44,-44,-44,-44,-44,1,1,1,2,2,3,2,1,2,1,3,1,1,1,1,1,1,3,3,1,"-44",1,2,1,2,2,2,0,0,0,0,0,4,0,4,0,1,0,1,2,1,0,2,2,2,4,1,1,183,520610600,4152825600,4001395500,1,186,556918600,3021637500,5355789100,80,1,1,1,4,"NAIROBI",3,"-44","-44",169,104,202,1,-44,1,-44,3,10.4413003921509,"Kenya"
99149,2,2,"M1 through M5",-44,-44,"M6",-44,-44,"-44",2,-44,1977,1,"-44",1,3,140,117,23,25,10,15,1,8,8,8,37.5,0,0,1,3,3,3,0,0,0,1,10,10,10,20,0,0,1,5,5,5,80,0,2,-44,-44,-44,-44,-44,1,18,18,18,44.4444444444444,0,2,-44,-44,-44,-44,-44,2,-44,-44,-44,-44,-44,1,35,35,35,0,0,1,86,65,65,24.4186046511628,0,2,-44,-44,-44,-44,-44,-44,-44,"-44",2,-44,-44,-44,-44,-44,-44,-44,"-44",2,-44,-44,-44,-44,-44,-44,-44,"-44",2,-44,-44,-44,-44,-44,-44,-44,"-44",2,-44,-44,-44,-44,-44,-44,-44,"-44",2,-44,-44,-44,-44,-44,-44,-44,"-44",2,-44,-44,-44,-44,-44,-44,-44,"-44",2,-44,-44,-44,-44,-44,-44,-44,"-44",2,-44,-44,-44,-44,-44,-44,-44,"-44",1,1,2,2,2,2,2,2,"-44",1,1,1,2,"Professionals",1,2,1,2,2,1,1,6,"Sales workers","Professionals","Sales workers",2,1,2,2,2,2,1,2,2,2,1,2,2,2,2,1,2,2,2,2,-44,-44,-44,-44,-44,-44,6,6,1,1,82000,40000,2,2,1,1,5,-44,-44,-44,-44,-44,-44,-44,5,-44,-44,-44,-44,-44,-44,-44,1,1,1,1,2,1,1,1,1,1,2,2,1,1,5,2,3,3,80000,42000,2,2,3,18,6,6,1,1,1,1,38,32,1,2,2,2,3,2,2,2,2,2,2,2,2,2,-44,-44,-44,-44,-44,-44,-44,-44,-44,-44,-44,-44,4,4,4,4,4,4,4,4,4,3,1,2,2,2,3,2,2,2,2,2,2,2,2,-44,-44,-44,-44,-44,-44,-44,-44,-44,-44,-44,2,4,4,4,3,1,4,4,4,4,4,1,2,2,2,2,2,1,2,"-44",-44,-44,-44,-44,-44,-44,"-44",1,2,100,-44,2,2,-44,-44,-44,-44,"-44",-44,-44,-44,-44,"-44",-44,-44,-44,-44,"-44",-44,-44,-44,-44,"-44",-44,-44,-44,-44,"-44",-44,-44,-44,-44,"-44",-44,"-44",-44,"-44",-44,-44,-44,-44,2,2,-44,-44,-44,-44,-44,"-44",-44,-44,-44,-44,-44,"-44",-44,-44,-44,-44,-44,-44,-44,-44,-44,-44,-44,-44,-44,-44,-44,-44,-44,-44,-44,-44,-44,-44,1,2,4,-44,4,3,5,1,5,2,-44,-44,-44,-44,-44,1,2,2,2,2,3,3,3,3,3,3,3,3,3,3,1,3,3,4,1,"-44",2,1,1,1,1,1,2,0,0,3,3,0,0,2,3,4,1,0,0,0,0,0,0,1,3,1,6,165,21286000,564000000,659000000,6,165,21286000,581700000,687500000,100,1,1,1,4,"NAIROBI",3,"-44","-44",165,106,202,1,-44,1,-44,3,10.4413003921509,"Kenya"
10068,2,2,"M1 through M5",-44,-44,"M6",-44,-44,"-44",2,-44,1974,2,"-44",1,3,250,137,113,130,130,0,1,15,5,18,40,13.3333333333333,0,1,6,6,6,33.3333333333333,16.6666666666667,0,1,12,7,10,66.6666666666667,25,0,1,30,23,35,83.3333333333333,0,1,45,45,45,0,0,1,40,30,45,80,0,2,-44,-44,-44,-44,-44,2,-44,-44,-44,-44,-44,1,102,102,110,0,0,1,130,113,130,30.7692307692308,0,1,1,1,1,1,2,1,2,"-44",1,1,2,1,1,2,1,2,"-44",1,1,2,1,2,1,1,2,"-44",1,1,2,2,1,1,2,2,"-44",2,-44,-44,-44,-44,-44,-44,-44,"-44",1,1,2,1,1,2,1,2,"-44",2,-44,-44,-44,-44,-44,-44,-44,"-44",2,-44,-44,-44,-44,-44,-44,-44,"-44",2,-44,-44,-44,-44,-44,-44,-44,"-44",1,1,2,2,2,1,2,2,"-44",1,1,1,2,"Professionals",1,1,1,2,2,1,1,5,"Service workers","Professionals","Service workers",2,1,2,2,2,2,1,1,2,2,2,2,2,2,2,1,1,2,1,2,50,-44,-44,-44,14,-44,6,4,2,1,65000,15000,2,2,1,2,3,1,2,2,1,2,2,1,5,-44,-44,-44,-44,-44,-44,-44,1,1,1,2,2,1,1,1,2,2,2,2,2,1,5,1,3,3,65000,15000,2,2,3,0,6,4,1,2,1,1,30,25,2,1,2,2,3,2,2,2,2,2,2,2,2,2,-44,-44,-44,-44,-44,-44,-44,-44,-44,-44,-44,-44,3,4,4,4,1,2,4,4,4,4,4,4,1,1,3,2,2,2,2,2,2,1,1,2,2,-44,-44,-44,-44,-44,-44,-44,3,1,4,4,4,4,3,2,4,4,1,4,4,2,2,-44,-44,-44,-44,-44,-44,"-44",-44,-44,-44,-44,-44,-44,"-44",1,2,20,-44,2,2,-44,-44,-44,-44,"-44",-44,-44,-44,-44,"-44",-44,-44,-44,-44,"-44",-44,-44,-44,-44,"-44",-44,-44,-44,-44,"-44",-44,-44,-44,-44,"-44",-44,"-44",-44,"-44",-44,-44,-44,-44,2,2,-44,-44,-44,-44,-44,"-44",-44,-44,-44,-44,-44,"-44",-44,-44,-44,-44,-44,-44,-44,-44,-44,-44,-44,-44,-44,-44,-44,-44,-44,-44,-44,-44,-44,-44,1,2,1,-44,3,4,2,2,4,2,-44,-44,-44,-44,-44,4,3,3,2,1,3,2,888997,3,1,3,3,1,1,2,2,1,3,4,2,"-44",1,1,1,1,1,2,3,2,0,2,1,0,1,0,0,0,1,0,1,0,0,1,2,1,1,1,3,345,156000000,70000000,800000000,3,380,180000000,80000000,1002000000,80,2,2,2,3,"NAIROBI",3,"-44","-44",380,105,999,1,-44,1,-44,3,10.4413003921509,"Kenya"
99151,1,2,"M1 through M5",-44,-44,"M6",-44,-44,"-44",2,-44,1996,1,"-44",1,3,300,200,100,1,0,1,1,45,43,50,22.2222222222222,4.44444444444444,0,2,-44,-44,-44,-44,-44,-44,2,-44,-44,-44,-44,-44,-44,1,105,90,137,67.6190476190476,0,2,-44,-44,-44,-44,-44,1,61,49,73,24.5901639344262,0,2,-44,-44,-44,-44,-44,2,-44,-44,-44,-44,-44,1,60,55,60,8.33333333333333,0,1,30,30,30,0,0,1,1,1,2,1,1,2,2,"-44",2,-44,-44,-44,-44,-44,-44,-44,"-44",2,-44,-44,-44,-44,-44,-44,-44,"-44",1,1,2,2,2,2,1,2,"-44",2,-44,-44,-44,-44,-44,-44,-44,"-44",1,2,2,1,1,2,2,2,"-44",2,-44,-44,-44,-44,-44,-44,-44,"-44",2,-44,-44,-44,-44,-44,-44,-44,"-44",1,1,1,2,2,2,2,2,"-44",1,1,1,1,1,1,2,2,"-44",1,2,2,1,"Managers",1,2,1,2,2,1,1,10,"Elementary occupations","Managers","Elementary occupations",2,1,1,1,2,1,2,1,2,2,2,2,2,1,1,2,1,2,1,1,40,60,40,60,60,5,4,2,2,1,61900,15700,2,2,1,2,5,-44,-44,-44,-44,-44,-44,-44,2,1,3,1,2,2,1,2,1,1,1,1,2,1,2,1,2,1,2,2,2,1,3,3,2,1,37500,20100,2,2,2,4,6,3,2,2,1,1,36,22,1,1,2,2,2,3,2,2,2,1,3,1,3,2,-44,-44,-44,-44,-44,-44,-44,1,-44,1,-44,-44,3,4,4,4,4,1,4,4,4,4,4,2,2,3,1,2,2,2,2,2,2,3,2,-44,-44,2,-44,-44,-44,-44,-44,-44,-44,-44,4,4,4,1,4,3,4,4,2,4,4,2,1,-44,-44,-44,-44,-44,-44,"-44",1,2,2,2,1,2,"-44",2,2,-44,-44,2,2,-44,-44,-44,-44,"-44",-44,-44,-44,-44,"-44",-44,-44,-44,-44,"-44",-44,-44,-44,-44,"-44",-44,-44,-44,-44,"-44",-44,-44,-44,-44,"-44",-44,"-44",-44,"-44",-44,-44,-44,-44,2,2,-44,-44,-44,-44,-44,"-44",-44,-44,-44,-44,-44,"-44",-44,-44,-44,-44,-44,-44,-44,-44,-44,-44,-44,-44,-44,-44,-44,-44,-44,-44,-44,-44,-44,-44,2,2,-44,-44,1,4,5,4,3,1,4,4,3,2,5,2,3,3,4,1,3,3,1,1,1,3,2,1,3,1,3,3,5,5,4,"-44",2,2,2,1,2,2,1,0,0,4,1,0,0,3,1,4,0,2,0,4,4,4,0,2,1,1,1,328,7611700,2707700,42388500,1,325,99982600,36130900,54156500,80,1,1,1,4,"NAIROBI",3,"-44","-44",301,106,202,1,-44,1,-44,3,10.4413003921509,"Kenya"
99157,2,2,"M1 through M5",-44,-44,"M6",-44,-44,"-44",2,-44,1998,1,"-44",1,7,85,47,38,30,18,12,1,6,6,6,16.6666666666667,0,0,1,12,12,12,25,0,0,1,29,23,29,44.8275862068966,20.6896551724138,0,1,23,23,28,65.2173913043478,0,1,10,10,10,50,0,1,8,6,8,0,0,1,10,10,12,20,0,1,5,5,5,60,0,1,6,5,6,83.3333333333333,0,1,6,6,6,50,0,1,1,1,2,1,2,1,2,"-44",1,1,1,2,2,2,2,2,"-44",1,1,2,2,2,2,1,2,"-44",2,-44,-44,-44,-44,-44,-44,-44,"-44",1,1,2,2,2,2,2,2,"-44",1,1,2,2,2,2,2,2,"-44",1,1,2,1,2,2,2,2,"-44",2,-44,-44,-44,-44,-44,-44,-44,"-44",1,1,1,2,2,2,2,2,"-44",1,1,1,1,1,1,2,2,"-44",1,1,1,3,"Technicians and associate professionals",1,1,1,1,1,1,1,6,"Sales workers","Technicians and associate professionals","Sales workers",2,1,2,2,2,1,2,2,2,2,1,2,2,1,2,2,2,2,1,1,50,40,60,40,10,10,5,5,1,1,36400,18900,2,2,2,1,2,1,5,1,2,2,2,1,1,2,5,1,2,2,1,2,1,2,1,1,2,1,1,1,1,1,2,2,1,2,2,3,3,3,29200,19100,2,2,5,8,6,6,2,2,1,2,20,20,2,1,2,2,1,2,2,2,2,2,2,2,3,2,-44,-44,2,-44,-44,-44,-44,-44,-44,-44,-44,-44,4,4,4,4,4,4,3,1,2,4,4,4,2,3,2,2,3,2,2,2,2,2,2,-44,-44,-44,-44,-44,-44,-44,-44,-44,-44,-44,4,4,4,4,3,1,4,4,2,4,4,1,1,2,2,2,2,1,2,"-44",1,1,2,1,2,2,"-44",1,2,60,-44,2,2,-44,-44,-44,-44,"-44",-44,-44,-44,-44,"-44",-44,-44,-44,-44,"-44",-44,-44,-44,-44,"-44",-44,-44,-44,-44,"-44",-44,-44,-44,-44,"-44",-44,"-44",-44,"-44",-44,-44,-44,-44,2,2,-44,-44,-44,-44,-44,"-44",-44,-44,-44,-44,-44,"-44",-44,-44,-44,-44,-44,-44,-44,-44,-44,-44,-44,-44,-44,-44,-44,-44,-44,-44,-44,-44,-44,-44,1,2,888997,-44,4,2,4,5,4,1,2,4,3,3,5,1,2,1,4,1,1,1,1,3,2,3,3,1,3,1,2,3,2,5,4,"-44",2,2,2,1,2,2,0,4,3,0,0,0,2,1,2,1,1,1,0,0,4,4,0,0,0,1,12,124,125463900,117039800,2616656600,12,123,125465400,135065600,3489593600,70,1,1,1,4,"NAIROBI",7,"-44","-44",115,106,202,1,-44,1,-44,3,10.4413003921509,"Kenya"
99169,2,3,"M1 through M5",-44,-44,"M6",-44,-44,"-44",2,-44,1988,1,"-44",1,3,169,100,69,0,0,0,1,7,6,7,14.2857142857143,14.2857142857143,0,1,17,17,22,35.2941176470588,0,0,2,-44,-44,-44,-44,-44,-44,1,59,50,59,47.4576271186441,0,1,51,38,61,47.0588235294118,0,1,8,6,8,37.5,0,2,-44,-44,-44,-44,-44,2,-44,-44,-44,-44,-44,1,10,10,10,60,0,1,17,17,17,5.88235294117647,0,1,1,1,1,1,2,1,2,"-44",1,1,2,1,1,2,1,2,"-44",2,-44,-44,-44,-44,-44,-44,-44,"-44",1,1,2,2,2,2,2,2,"-44",1,1,2,2,2,2,2,2,"-44",1,1,2,2,2,1,2,2,"-44",2,-44,-44,-44,-44,-44,-44,-44,"-44",2,-44,-44,-44,-44,-44,-44,-44,"-44",2,-44,-44,-44,-44,-44,-44,-44,"-44",2,-44,-44,-44,-44,-44,-44,-44,"-44",1,1,2,2,"Professionals",1,1,1,2,2,1,1,6,"Sales workers","Professionals","Sales workers",2,1,2,2,2,1,2,2,2,2,2,2,2,2,2,2,1,2,1,1,50,70,30,70,20,5,4,6,1,1,91500,38500,2,2,2,1,3,2,5,-44,-44,-44,1,2,2,3,1,1,2,2,1,2,1,1,1,1,2,1,1,2,1,1,2,2,1,1,4,3,1,3,86300,49800,2,2,1,4,6,4,2,2,2,1,38,22,1,1,2,2,1,3,1,2,2,2,3,2,2,2,-44,-44,1,-44,2,-44,-44,-44,-44,-44,-44,-44,3,4,4,2,4,4,4,4,4,1,4,4,2,2,1,2,2,2,3,2,1,2,2,-44,-44,1,-44,-44,-44,-44,-44,1,-44,-44,4,4,4,2,4,4,4,4,3,4,1,2,2,-44,-44,-44,-44,-44,-44,"-44",-44,-44,-44,-44,-44,-44,"-44",2,2,-44,-44,2,2,-44,-44,-44,-44,"-44",-44,-44,-44,-44,"-44",-44,-44,-44,-44,"-44",-44,-44,-44,-44,"-44",-44,-44,-44,-44,"-44",-44,-44,-44,-44,"-44",-44,"-44",-44,"-44",-44,-44,-44,-44,2,2,-44,-44,-44,-44,-44,"-44",-44,-44,-44,-44,-44,"-44",-44,-44,-44,-44,-44,-44,-44,-44,-44,-44,-44,-44,-44,-44,-44,-44,-44,-44,-44,-44,-44,-44,2,2,-44,-44,2,3,2,3,5,2,-44,-44,-44,-44,-44,4,1,2,1,4,3,1,3,2,3,1,3,3,3,1,3,3,3,5,1,"-44",2,2,1,1,1,1,4,0,4,4,0,1,0,3,1,2,0,4,0,0,0,4,0,1,0,1,1,184,109552800,5424100,19622736000,1,181,177841200,6680200,24526109300,70,1,2,1,4,"NAIROBI",3,"-44","-44",169,106,202,1,-44,1,-44,3,10.4413003921509,"Kenya"
10094,2,3,"M1 through M5",-44,-44,"M6",-44,-44,"-44",2,-44,2008,9,"-44",3,19,407,272,135,80,53,27,1,30,30,30,16.6666666666667,0,0,1,200,200,200,44,0,0,1,157,157,157,18.4713375796178,0,0,1,50,50,50,40,0,2,-44,-44,-44,-44,-44,2,-44,-44,-44,-44,-44,2,-44,-44,-44,-44,-44,2,-44,-44,-44,-44,-44,1,50,50,50,40,0,2,-44,-44,-44,-44,-44,1,1,1,1,2,2,1,2,"-44",1,1,1,1,2,2,2,2,"-44",1,1,1,1,2,2,2,2,"-44",2,-44,-44,-44,-44,-44,-44,-44,"-44",2,-44,-44,-44,-44,-44,-44,-44,"-44",2,-44,-44,-44,-44,-44,-44,-44,"-44",2,-44,-44,-44,-44,-44,-44,-44,"-44",2,-44,-44,-44,-44,-44,-44,-44,"-44",2,-44,-44,-44,-44,-44,-44,-44,"-44",2,-44,-44,-44,-44,-44,-44,-44,"-44",1,1,1,2,"Professionals",1,2,2,2,2,1,2,9,"Plant and machine operators, and assembl","Professionals","Plant and machine operators, and assembl",2,2,2,2,2,1,1,2,2,2,2,2,2,2,1,1,2,2,1,2,70,-44,-44,-44,90,-44,6,3,1,1,330000,35000,2,2,2,2,5,-44,-44,-44,-44,-44,-44,-44,5,-44,-44,-44,-44,-44,-44,-44,1,1,1,1,2,1,1,1,2,2,2,2,2,1,4,2,3,3,330000,35000,2,2,36,24,6,4,1,2,1,1,40,40,1,1,1,2,3,2,2,2,1,1,1,1,1,1,3,-44,-44,-44,-44,-44,2,2,2,1,3,3,4,4,4,4,4,1,2,4,4,4,4,3,2,2,3,2,2,2,2,2,2,1,1,-44,-44,-44,-44,-44,-44,-44,-44,-44,2,3,4,4,4,4,2,1,4,4,4,4,3,1,2,2,2,2,1,2,2,"-44",-44,-44,-44,-44,-44,-44,"-44",1,2,80,-44,1,1,1,1,2,-44,"-44",1,2,1,-44,"-44",60,20,-44,-44,"-44",7,7,-44,-44,"-44",100,-44,100,-44,"-44",5,-44,5,-44,"-44",1,"-44",5,"-44",7,5,50000000,5000000,1,1,1,1,2,2,2,"-44",1,1,1,2,2,"-44",50,50,-44,-44,-44,14,14,-44,-44,-44,100,100,100,-44,-44,7,7,7,-44,-44,25000000,2000000,1,1,1,1,2,3,4,1,2,2,-44,-44,-44,-44,-44,1,1,2,1,1,3,3,3,3,3,3,3,3,3,3,3,3,3,5,3,"-44",1,1,1,1,1,1,0,0,2,0,0,0,2,1,3,2,0,0,0,0,1,1,0,0,1,1,6,467,60000000,80000000,72000000000,6,477,62000000,80000000,70000000,100,1,2,3,4,"NAIROBI",19,"-44","-44",487,108,999,1,-44,1,-44,3,10.4413003921509,"Kenya"
98267,1,3,"M1 through M5",-44,-44,"M6",-44,-44,"-44",1,2007,2007,4,"-44",1,3,60,25,35,34,14,20,1,2,2,2,0,100,0,1,30,13,13,43.3333333333333,43.3333333333333,0,1,20,16,16,80,80,0,1,4,4,4,100,0,1,10,10,10,50,0,1,15,15,15,66.6666666666667,0,2,-44,-44,-44,-44,-44,2,-44,-44,-44,-44,-44,1,2,2,2,0,0,1,11,11,11,63.6363636363636,0,1,1,2,2,2,2,2,2,"-44",1,1,2,2,2,2,2,2,"-44",1,1,2,2,2,2,2,2,"-44",1,1,2,2,2,2,2,2,"-44",1,1,2,2,2,2,2,2,"-44",1,1,2,2,2,2,2,2,"-44",2,-44,-44,-44,-44,-44,-44,-44,"-44",2,-44,-44,-44,-44,-44,-44,-44,"-44",2,-44,-44,-44,-44,-44,-44,-44,"-44",1,1,2,2,2,2,2,2,"-44",1,1,1,3,"Technicians and associate professionals",1,1,1,2,2,1,1,6,"Sales workers","Technicians and associate professionals","Sales workers",1,1,1,2,2,1,2,1,2,1,1,1,2,2,1,2,1,2,2,2,-44,-44,-44,-44,-44,-44,6,6,1,1,35000,20000,1,1,2,2,5,-44,-44,-44,-44,-44,-44,-44,5,-44,-44,-44,-44,-44,-44,-44,2,1,2,2,1,2,1,2,1,2,2,1,1,1,3,3,1,1,40000,30000,1,1,0,0,6,6,1,1,1,1,25,27,2,1,2,2,3,2,2,2,2,2,2,2,1,1,-44,-44,-44,-44,-44,-44,-44,-44,-44,-44,1,2,4,1,4,4,4,2,3,4,4,4,4,4,2,2,3,2,2,2,2,2,2,2,2,-44,-44,-44,-44,-44,-44,-44,-44,-44,-44,-44,4,1,4,4,2,3,4,4,4,4,4,2,2,-44,-44,-44,-44,-44,-44,"-44",-44,-44,-44,-44,-44,-44,"-44",1,1,50,50,2,2,-44,-44,-44,-44,"-44",-44,-44,-44,-44,"-44",-44,-44,-44,-44,"-44",-44,-44,-44,-44,"-44",-44,-44,-44,-44,"-44",-44,-44,-44,-44,"-44",-44,"-44",-44,"-44",-44,-44,-44,-44,2,2,-44,-44,-44,-44,-44,"-44",-44,-44,-44,-44,-44,"-44",-44,-44,-44,-44,-44,-44,-44,-44,-44,-44,-44,-44,-44,-44,-44,-44,-44,-44,-44,-44,-44,-44,1,1,3,3,5,5,5,5,5,2,-44,-44,-44,-44,-44,2,2,2,2,4,3,3,3,3,3,3,3,3,3,3,3,3,4,3,1,"-44",2,1,1,1,1,1,0,0,0,0,0,0,0,2,1,2,1,0,0,0,0,0,0,0,0,1,2,94,20000000,10000000,36000000,2,94,20000000,11000000,40000000,0,2,2,3,4,"NAIROBI",3,"-44","-44",94,110,999,1,-44,1,-44,3,10.4413003921509,"Kenya"
99144,1,2,"M1 through M5",-44,-44,"M6",-44,-44,"-44",2,-44,1994,3,"-44",1,3,105,60,45,36,0,36,1,11,11,11,18.1818181818182,0,0,2,-44,-44,-44,-44,-44,-44,2,-44,-44,-44,-44,-44,-44,1,57,46,57,54.3859649122807,0,2,-44,-44,-44,-44,-44,1,45,38,45,71.1111111111111,0,2,-44,-44,-44,-44,-44,2,-44,-44,-44,-44,-44,2,-44,-44,-44,-44,-44,1,28,25,28,57.1428571428571,0,1,1,2,1,1,2,1,2,"-44",2,-44,-44,-44,-44,-44,-44,-44,"-44",2,-44,-44,-44,-44,-44,-44,-44,"-44",1,1,2,1,1,2,1,2,"-44",2,-44,-44,-44,-44,-44,-44,-44,"-44",1,1,2,1,1,2,2,2,"-44",2,-44,-44,-44,-44,-44,-44,-44,"-44",2,-44,-44,-44,-44,-44,-44,-44,"-44",2,-44,-44,-44,-44,-44,-44,-44,"-44",1,1,2,1,2,2,1,2,"-44",1,2,2,1,"Managers",1,2,1,2,2,2,1,6,"Sales workers","Managers","Sales workers",2,2,2,2,2,2,2,1,2,2,2,2,2,2,2,1,1,2,1,1,40,50,50,50,60,15,6,5,1,1,77500,21400,2,2,2,2,3,1,2,2,1,2,1,2,5,-44,-44,-44,-44,-44,-44,-44,2,1,1,2,2,2,2,1,1,2,2,2,2,1,2,2,3,3,141400,23100,2,2,0,2,4,6,1,2,1,1,43,25,1,2,2,2,1,2,1,2,2,2,1,3,3,3,-44,-44,1,-44,1,-44,-44,-44,1,-44,-44,-44,2,4,4,4,4,4,1,4,4,3,4,4,2,2,2,2,3,2,2,2,3,3,2,-44,-44,-44,-44,-44,-44,-44,-44,-44,-44,-44,3,4,4,4,4,1,4,4,2,4,4,2,1,-44,-44,-44,-44,-44,-44,"-44",2,2,2,1,2,2,"-44",2,1,-44,40,2,2,-44,-44,-44,-44,"-44",-44,-44,-44,-44,"-44",-44,-44,-44,-44,"-44",-44,-44,-44,-44,"-44",-44,-44,-44,-44,"-44",-44,-44,-44,-44,"-44",-44,"-44",-44,"-44",-44,-44,-44,-44,2,2,-44,-44,-44,-44,-44,"-44",-44,-44,-44,-44,-44,"-44",-44,-44,-44,-44,-44,-44,-44,-44,-44,-44,-44,-44,-44,-44,-44,-44,-44,-44,-44,-44,-44,-44,2,1,-44,888997,3,5,4,5,4,2,-44,-44,-44,-44,-44,2,5,5,2,3,1,3,3,1,3,3,1,3,3,1,3,3,3,1,1,"-44",2,2,2,2,1,2,0,3,0,0,1,4,0,1,4,4,2,0,2,4,0,1,0,0,4,1,3,145,179645600,69325500,1039679600,3,155,215280900,102581600,1296594500,70,1,1,1,4,"NAIROBI",3,"-44","-44",141,104,202,1,-44,1,-44,3,10.4413003921509,"Kenya"
99171,2,3,"M1 through M5",-44,-44,"M6",-44,-44,"-44",2,-44,1985,6,"-44",2,3,221,121,100,52,22,30,1,55,55,55,47.2727272727273,0,0,2,-44,-44,-44,-44,-44,-44,2,-44,-44,-44,-44,-44,-44,1,110,88,110,41.8181818181818,0,2,-44,-44,-44,-44,-44,1,53,48,53,96.2264150943396,0,2,-44,-44,-44,-44,-44,2,-44,-44,-44,-44,-44,1,41,41,41,0,0,1,14,14,14,50,0,2,-44,-44,-44,-44,-44,-44,-44,"-44",2,-44,-44,-44,-44,-44,-44,-44,"-44",2,-44,-44,-44,-44,-44,-44,-44,"-44",1,1,2,2,1,2,2,2,"-44",2,-44,-44,-44,-44,-44,-44,-44,"-44",1,1,2,2,1,1,2,2,"-44",2,-44,-44,-44,-44,-44,-44,-44,"-44",2,-44,-44,-44,-44,-44,-44,-44,"-44",1,2,2,1,2,2,2,2,"-44",1,1,2,2,2,2,2,2,"-44",1,2,2,1,"Managers",1,2,1,2,2,1,1,10,"Elementary occupations","Managers","Elementary occupations",2,2,2,2,2,2,2,1,2,1,2,2,2,2,2,2,1,2,2,1,-44,50,50,50,-44,10,6,4,1,2,39600,13100,2,2,2,1,2,5,-44,-44,-44,-44,2,1,5,-44,-44,-44,-44,-44,-44,-44,1,1,1,1,2,1,2,1,2,2,1,2,2,1,4,1,3,1,39600,15500,2,2,0,2,6,3,2,2,1,1,45,29,2,2,1,2,3,3,2,2,2,2,1,3,3,2,1,-44,-44,-44,-44,-44,-44,-44,2,-44,-44,-44,2,4,4,4,4,4,1,4,4,3,4,4,3,2,2,2,2,2,1,2,2,1,2,-44,-44,-44,-44,-44,-44,1,-44,-44,1,-44,4,4,4,4,3,2,4,4,1,4,4,2,2,-44,-44,-44,-44,-44,-44,"-44",-44,-44,-44,-44,-44,-44,"-44",2,2,-44,-44,2,2,-44,-44,-44,-44,"-44",-44,-44,-44,-44,"-44",-44,-44,-44,-44,"-44",-44,-44,-44,-44,"-44",-44,-44,-44,-44,"-44",-44,-44,-44,-44,"-44",-44,"-44",-44,"-44",-44,-44,-44,-44,2,2,-44,-44,-44,-44,-44,"-44",-44,-44,-44,-44,-44,"-44",-44,-44,-44,-44,-44,-44,-44,-44,-44,-44,-44,-44,-44,-44,-44,-44,-44,-44,-44,-44,-44,-44,2,2,-44,-44,1,2,2,5,2,2,-44,-44,-44,-44,-44,3,1,5,2,5,3,3,1,2,2,3,1,2,3,2,2,3,5,3,4,"-44",1,2,2,1,2,2,2,0,4,3,0,1,4,2,0,0,1,0,1,0,1,1,2,3,1,1,6,298,6679600,23141400,29718000,6,298,92644000,21896600,37636500,60,1,1,1,4,"NAIROBI",3,"-44","-44",273,106,202,1,-44,1,-44,3,10.4413003921509,"Kenya"
99168,1,4,"M1 through M5",-44,-44,"M6",-44,-44,"-44",2,-44,1989,4,"-44",1,3,161,89,72,0,0,0,1,32,32,32,34.375,0,0,1,24,24,24,16.6666666666667,0,0,1,56,36,56,51.7857142857143,35.7142857142857,0,1,25,25,25,56,0,2,-44,-44,-44,-44,-44,1,24,19,24,58.3333333333333,0,2,-44,-44,-44,-44,-44,2,-44,-44,-44,-44,-44,2,-44,-44,-44,-44,-44,2,-44,-44,-44,-44,-44,2,-44,-44,-44,-44,-44,-44,-44,"-44",1,1,2,1,1,1,1,2,"-44",1,1,1,2,1,2,1,2,"-44",2,-44,-44,-44,-44,-44,-44,-44,"-44",2,-44,-44,-44,-44,-44,-44,-44,"-44",1,2,1,2,2,2,2,2,"-44",2,-44,-44,-44,-44,-44,-44,-44,"-44",2,-44,-44,-44,-44,-44,-44,-44,"-44",2,-44,-44,-44,-44,-44,-44,-44,"-44",2,-44,-44,-44,-44,-44,-44,-44,"-44",1,1,1,2,"Professionals",1,2,1,2,2,2,2,6,"Sales workers","Professionals","Sales workers",2,2,2,2,2,1,2,1,2,2,2,2,2,2,2,1,2,2,1,1,50,0,100,0,15,10,6,6,2,2,35400,33000,2,2,1,1,3,5,-44,-44,-44,-44,-44,-44,3,1,5,2,1,2,-44,-44,1,1,1,1,2,2,1,1,2,1,1,2,2,1,4,2,3,1,42000,22400,2,2,7,12,4,6,2,2,1,2,35,27,2,1,2,2,1,3,2,2,1,2,2,2,2,2,-44,-44,1,-44,-44,-44,2,-44,-44,-44,-44,-44,4,4,4,4,4,4,2,4,4,3,4,1,3,2,1,3,1,2,2,2,2,2,1,-44,-44,1,-44,1,-44,-44,-44,-44,-44,2,2,4,4,4,1,3,4,4,4,4,4,2,2,-44,-44,-44,-44,-44,-44,"-44",-44,-44,-44,-44,-44,-44,"-44",1,2,70,-44,1,2,1,2,1,-44,"-44",-44,-44,-44,-44,"-44",20,-44,20,-44,"-44",1,-44,3,-44,"-44",-44,-44,-44,-44,"-44",-44,-44,-44,-44,"-44",1,"-44",-44,"-44",3,-44,20000,-44,1,2,2,1,1,2,2,"-44",-44,-44,-44,-44,-44,"-44",-44,20,30,-44,-44,-44,1,1,-44,-44,-44,-44,-44,-44,-44,-44,-44,-44,-44,-44,25000,-44,1,2,1,-44,5,2,5,3,4,2,-44,-44,-44,-44,-44,4,2,1,5,1,1,1,1,2,1,3,2,3,2,2,2,3,3,2,1,"-44",2,2,2,1,2,2,4,2,2,2,0,0,3,4,2,4,0,3,0,2,4,3,0,1,0,1,1,171,129325100,62996000,3016771200,1,166,138643800,91170000,3391107700,60,1,1,1,4,"NAIROBI",3,"-44","-44",161,106,202,1,-44,1,-44,3,10.4413003921509,"Kenya"
99143,1,3,"M1 through M5",-44,-44,"M6",-44,-44,"-44",2,-44,1987,1,"-44",1,3,243,155,88,0,0,0,1,19,19,19,21.0526315789474,0,0,1,49,49,49,26.530612244898,0,0,1,85,76,98,41.1764705882353,10.5882352941176,0,1,73,62,73,42.4657534246575,0,1,12,12,14,41.6666666666667,0,2,-44,-44,-44,-44,-44,2,-44,-44,-44,-44,-44,2,-44,-44,-44,-44,-44,2,-44,-44,-44,-44,-44,1,5,5,5,0,0,1,1,2,2,2,2,2,2,"-44",1,1,1,1,1,2,1,2,"-44",1,1,2,2,2,2,1,2,"-44",1,1,2,1,1,2,2,2,"-44",1,1,2,2,1,1,2,2,"-44",2,-44,-44,-44,-44,-44,-44,-44,"-44",2,-44,-44,-44,-44,-44,-44,-44,"-44",2,-44,-44,-44,-44,-44,-44,-44,"-44",2,-44,-44,-44,-44,-44,-44,-44,"-44",2,-44,-44,-44,-44,-44,-44,-44,"-44",1,1,1,2,"Professionals",1,1,2,2,2,2,1,5,"Service workers","Professionals","Service workers",2,1,2,2,2,1,2,1,2,2,1,2,2,1,2,1,1,2,1,1,30,20,80,20,15,10,6,6,2,1,43100,18400,2,2,2,1,1,2,5,2,2,1,1,2,5,-44,-44,-44,-44,-44,-44,-44,2,2,1,1,2,1,1,2,2,2,2,2,2,1,4,2,1,1,52800,20100,2,2,0,2,4,6,2,2,1,2,54,20,1,2,2,2,1,2,3,2,2,2,2,2,2,2,-44,-44,1,-44,-44,-44,-44,-44,-44,-44,-44,-44,3,4,4,1,4,2,4,4,4,4,4,4,3,2,2,2,2,2,2,2,2,1,3,-44,-44,-44,-44,-44,-44,-44,-44,-44,3,-44,4,4,4,4,3,4,4,4,1,2,4,2,1,-44,-44,-44,-44,-44,-44,"-44",1,2,2,1,2,2,"-44",1,2,90,-44,2,2,-44,-44,-44,-44,"-44",-44,-44,-44,-44,"-44",-44,-44,-44,-44,"-44",-44,-44,-44,-44,"-44",-44,-44,-44,-44,"-44",-44,-44,-44,-44,"-44",-44,"-44",-44,"-44",-44,-44,-44,-44,2,2,-44,-44,-44,-44,-44,"-44",-44,-44,-44,-44,-44,"-44",-44,-44,-44,-44,-44,-44,-44,-44,-44,-44,-44,-44,-44,-44,-44,-44,-44,-44,-44,-44,-44,-44,1,2,888997,-44,3,5,5,5,2,1,1,5,5,4,3,5,5,3,2,2,3,3,2,3,1,1,2,1,1,1,1,1,3,3,2,"-44",2,2,2,1,1,2,0,2,1,4,0,2,1,3,1,4,1,1,4,4,4,4,2,3,4,1,12,260,319839300,603993600,1231612800,12,253,587062100,691151900,1452225000,70,1,1,1,4,"NAIROBI",3,"-44","-44",243,104,202,1,-44,1,-44,3,10.4413003921509,"Kenya"
99138,1,2,"M1 through M5",-44,-44,"M6",-44,-44,"-44",2,-44,1995,2,"-44",1,3,354,225,129,174,100,74,1,48,48,48,41.6666666666667,0,0,1,106,101,106,38.6792452830189,4.71698113207547,0,2,-44,-44,-44,-44,-44,-44,1,185,157,250,43.7837837837838,0,1,158,141,201,38.6075949367089,0,2,-44,-44,-44,-44,-44,2,-44,-44,-44,-44,-44,2,-44,-44,-44,-44,-44,1,26,24,34,0,0,1,5,2,5,0,0,1,1,2,1,2,2,1,2,"-44",1,1,2,2,1,2,2,2,"-44",2,-44,-44,-44,-44,-44,-44,-44,"-44",1,1,2,1,2,1,2,2,"-44",1,1,2,2,1,2,2,2,"-44",2,-44,-44,-44,-44,-44,-44,-44,"-44",2,-44,-44,-44,-44,-44,-44,-44,"-44",2,-44,-44,-44,-44,-44,-44,-44,"-44",1,1,2,1,2,2,2,2,"-44",1,2,1,2,1,2,1,2,"-44",1,1,2,2,"Professionals",1,1,2,2,2,1,1,10,"Elementary occupations","Professionals","Elementary occupations",2,2,2,2,2,1,2,2,2,2,2,2,2,2,2,1,2,1,1,1,60,0,100,0,20,15,5,2,1,1,55300,17300,2,2,2,2,1,5,-44,2,1,2,-44,-44,2,1,5,1,2,2,1,2,1,2,1,1,2,1,1,1,2,1,1,1,2,1,2,1,1,2,61800,16600,2,2,1,4,4,2,1,2,1,1,36,20,2,1,2,2,3,2,3,2,2,2,2,2,2,3,-44,-44,-44,-44,-44,-44,-44,-44,-44,-44,-44,-44,1,4,4,4,4,4,3,2,4,4,4,4,1,2,3,2,1,3,2,3,2,2,3,1,-44,-44,-44,2,-44,-44,-44,-44,-44,-44,4,4,4,4,3,1,4,4,2,4,4,1,2,1,2,2,1,2,2,"-44",-44,-44,-44,-44,-44,-44,"-44",1,2,30,-44,2,2,-44,-44,-44,-44,"-44",-44,-44,-44,-44,"-44",-44,-44,-44,-44,"-44",-44,-44,-44,-44,"-44",-44,-44,-44,-44,"-44",-44,-44,-44,-44,"-44",-44,"-44",-44,"-44",-44,-44,-44,-44,2,2,-44,-44,-44,-44,-44,"-44",-44,-44,-44,-44,-44,"-44",-44,-44,-44,-44,-44,-44,-44,-44,-44,-44,-44,-44,-44,-44,-44,-44,-44,-44,-44,-44,-44,-44,1,2,888997,-44,5,2,3,2,5,1,1,2,3,4,3,1,1,1,1,1,3,3,3,2,3,3,3,1,3,2,1,2,5,5,1,"-44",2,2,2,1,1,2,4,0,3,0,1,1,1,4,1,4,0,0,1,1,4,4,0,3,2,1,12,576,250138900,318358700,349549200,12,554,368111000,411924100,380799500,90,1,1,1,4,"NAIROBI",3,"-44","-44",528,104,202,1,-44,1,-44,3,10.4413003921509,"Kenya"
21006,1,3,"M1 through M5",-44,-44,"M6",-44,-44,"-44",1,2000,2000,4,"-44",1,10,80,43,37,0,0,0,1,12,10,12,41.6666666666667,50,0,1,13,4,13,53.8461538461538,46.1538461538462,0,1,1,1,1,0,100,0,1,20,20,20,40,0,1,1,1,1,0,0,1,22,9,20,54.5454545454545,0,2,-44,-44,-44,-44,-44,2,-44,-44,-44,-44,-44,1,4,4,4,0,0,1,7,7,7,71.4285714285714,0,1,1,1,1,1,1,1,2,"-44",1,1,1,2,1,1,1,2,"-44",2,-44,-44,-44,-44,-44,-44,-44,"-44",2,-44,-44,-44,-44,-44,-44,-44,"-44",2,-44,-44,-44,-44,-44,-44,-44,"-44",1,1,1,1,1,1,1,2,"-44",2,-44,-44,-44,-44,-44,-44,-44,"-44",2,-44,-44,-44,-44,-44,-44,-44,"-44",1,1,1,1,1,1,1,2,"-44",1,1,2,1,2,2,1,2,"-44",1,1,1,2,"Professionals",1,1,1,2,2,1,1,6,"Sales workers","Professionals","Sales workers",2,1,2,1,1,1,1,1,2,2,1,2,1,1,1,1,1,2,1,1,60,30,70,30,7,14,6,6,1,1,150000,30000,2,2,1,1,5,-44,-44,-44,-44,-44,-44,-44,5,-44,-44,-44,-44,-44,-44,-44,1,1,1,1,2,1,1,1,1,1,1,2,1,1,4,2,3,3,150000,30000,2,2,12,12,6,6,1,1,1,1,33,28,2,1,2,2,3,2,2,2,2,2,2,2,2,2,-44,-44,-44,-44,-44,-44,-44,-44,-44,-44,-44,-44,4,4,4,4,4,4,4,1,4,2,3,4,2,2,3,2,2,2,2,2,2,2,2,-44,-44,-44,-44,-44,-44,-44,-44,-44,-44,-44,4,1,4,2,3,4,4,4,4,4,4,1,1,1,2,2,1,1,2,"-44",1,2,2,1,1,2,"-44",1,1,10,10,2,2,-44,-44,-44,-44,"-44",-44,-44,-44,-44,"-44",-44,-44,-44,-44,"-44",-44,-44,-44,-44,"-44",-44,-44,-44,-44,"-44",-44,-44,-44,-44,"-44",-44,"-44",-44,"-44",-44,-44,-44,-44,2,2,-44,-44,-44,-44,-44,"-44",-44,-44,-44,-44,-44,"-44",-44,-44,-44,-44,-44,-44,-44,-44,-44,-44,-44,-44,-44,-44,-44,-44,-44,-44,-44,-44,-44,-44,1,1,3,3,2,4,2,2,5,1,5,5,5,5,5,4,1,1,1,1,3,3,3,3,3,3,3,3,3,3,3,3,4,4,1,"-44",2,2,2,1,1,1,0,1,0,1,0,0,0,1,0,2,2,0,1,0,0,0,1,0,0,1,12,70,12000000,500000000,840000000,12,80,15000000,500000000,960000000,100,1,1,2,4,"NAIROBI",10,"-44","-44",80,101,999,1,-44,1,-44,3,10.4413003921509,"Kenya"
99148,1,3,"M1 through M5",-44,-44,"M6",-44,-44,"-44",2,-44,2006,1,"-44",1,3,142,100,42,0,0,0,1,7,7,7,42.8571428571429,0,0,1,14,14,14,0,0,0,1,50,50,50,76,0,0,1,36,32,36,0,0,1,18,18,18,5.55555555555556,0,1,7,6,7,0,0,2,-44,-44,-44,-44,-44,2,-44,-44,-44,-44,-44,1,6,6,6,0,0,1,4,4,4,0,0,1,1,2,2,2,2,2,2,"-44",2,-44,-44,-44,-44,-44,-44,-44,"-44",2,-44,-44,-44,-44,-44,-44,-44,"-44",1,2,2,1,2,2,2,2,"-44",2,-44,-44,-44,-44,-44,-44,-44,"-44",1,1,2,2,1,2,2,2,"-44",2,-44,-44,-44,-44,-44,-44,-44,"-44",2,-44,-44,-44,-44,-44,-44,-44,"-44",2,-44,-44,-44,-44,-44,-44,-44,"-44",1,1,1,1,1,2,2,2,"-44",1,1,1,2,"Professionals",1,1,1,2,2,1,1,6,"Sales workers","Professionals","Sales workers",1,1,2,2,2,1,2,1,2,2,1,2,2,2,2,1,1,2,2,1,-44,30,70,30,-44,20,6,5,1,1,172400,34900,2,2,2,2,3,1,2,2,2,1,1,2,5,-44,-44,-44,-44,-44,-44,-44,1,1,2,1,2,2,1,2,1,1,2,2,1,1,4,2,1,1,159000,36500,2,2,0,5,6,4,2,2,1,2,52,35,1,2,2,2,1,2,2,2,2,2,2,2,3,2,-44,-44,1,-44,-44,-44,-44,-44,-44,-44,-44,-44,4,4,4,1,4,2,4,3,4,4,4,4,2,2,2,2,2,2,3,3,2,1,1,-44,-44,-44,-44,-44,-44,-44,-44,-44,3,1,4,4,4,1,4,4,2,4,3,4,4,2,2,-44,-44,-44,-44,-44,-44,"-44",-44,-44,-44,-44,-44,-44,"-44",2,2,-44,-44,2,2,-44,-44,-44,-44,"-44",-44,-44,-44,-44,"-44",-44,-44,-44,-44,"-44",-44,-44,-44,-44,"-44",-44,-44,-44,-44,"-44",-44,-44,-44,-44,"-44",-44,"-44",-44,"-44",-44,-44,-44,-44,2,2,-44,-44,-44,-44,-44,"-44",-44,-44,-44,-44,-44,"-44",-44,-44,-44,-44,-44,-44,-44,-44,-44,-44,-44,-44,-44,-44,-44,-44,-44,-44,-44,-44,-44,-44,2,2,-44,-44,5,2,3,5,5,2,-44,-44,-44,-44,-44,1,5,2,5,2,2,3,3,1,2,3,3,1,1,1,2,1,2,2,1,"-44",2,2,2,2,1,1,4,0,1,0,4,4,3,4,2,2,0,1,0,4,0,0,0,0,0,1,3,153,34295800,1231512000,2629529300,3,152,52431100,1989415700,3679644700,80,1,1,1,4,"NAIROBI",3,"-44","-44",142,104,202,1,-44,1,-44,3,10.4413003921509,"Kenya"
99141,2,3,"M1 through M5",-44,-44,"M6",-44,-44,"-44",2,-44,1995,1,"-44",1,3,375,222,153,26,10,16,1,52,49,52,48.0769230769231,5.76923076923077,0,1,40,34,54,85,15,0,2,-44,-44,-44,-44,-44,-44,1,140,140,168,42.1428571428571,0,1,128,96,141,32.8125,0,2,-44,-44,-44,-44,-44,2,-44,-44,-44,-44,-44,2,-44,-44,-44,-44,-44,1,41,33,41,21.9512195121951,0,2,-44,-44,-44,-44,-44,1,1,2,2,1,2,2,2,"-44",1,1,1,1,2,2,1,2,"-44",2,-44,-44,-44,-44,-44,-44,-44,"-44",2,-44,-44,-44,-44,-44,-44,-44,"-44",1,1,2,2,1,2,2,2,"-44",2,-44,-44,-44,-44,-44,-44,-44,"-44",2,-44,-44,-44,-44,-44,-44,-44,"-44",2,-44,-44,-44,-44,-44,-44,-44,"-44",1,1,1,2,2,2,2,2,"-44",2,-44,-44,-44,-44,-44,-44,-44,"-44",1,1,2,2,"Professionals",1,1,2,2,2,1,2,9,"Plant and machine operators, and assembl","Professionals","Plant and machine operators, and assembl",2,2,2,2,2,1,2,1,2,2,1,2,1,2,2,1,2,2,1,1,70,40,60,40,20,10,5,5,2,1,48500,11300,2,2,2,1,3,2,5,-44,-44,-44,2,1,5,-44,-44,-44,-44,-44,-44,-44,1,1,2,1,2,2,2,2,1,1,2,2,2,1,2,3,1,3,53000,11900,2,2,0,6,6,4,2,1,2,1,32,34,2,2,2,2,1,2,2,3,1,2,2,2,3,2,-44,-44,1,-44,-44,-44,2,-44,-44,-44,-44,-44,4,4,4,2,4,1,4,4,4,3,4,4,2,2,2,2,3,3,2,3,3,2,1,-44,-44,-44,-44,-44,-44,-44,-44,-44,-44,1,1,4,4,4,3,2,4,4,4,4,4,1,2,1,2,2,2,2,2,"-44",-44,-44,-44,-44,-44,-44,"-44",1,1,30,30,2,1,-44,-44,-44,-44,"-44",2,1,2,-44,"-44",-44,-44,-44,-44,"-44",-44,-44,-44,-44,"-44",-44,30,-44,-44,"-44",-44,5,-44,-44,"-44",-44,"-44",4,"-44",-44,5,-44,-44,2,1,-44,-44,-44,-44,-44,"-44",2,2,1,2,2,"-44",-44,-44,-44,-44,-44,-44,-44,-44,-44,-44,-44,-44,30,-44,-44,-44,-44,5,-44,-44,-44,40000,1,1,888997,2,5,3,3,2,4,1,5,4,5,2,2,2,5,1,5,3,3,3,1,1,2,1,3,1,2,1,3,3,4,2,1,"-44",1,1,2,2,1,2,2,2,1,1,1,1,2,1,2,0,0,1,3,0,1,1,3,4,4,1,12,437,82766000,107496500,156930800,12,413,109253800,81361200,162838600,70,1,1,1,4,"NAIROBI",3,"-44","-44",401,104,202,1,-44,1,-44,3,10.4413003921509,"Kenya"
10095,2,2,"M1 through M5",-44,-44,"M6",-44,-44,"-44",2,-44,1964,4,"-44",1,3,450,330,120,350,170,180,1,92,90,35,28.2608695652174,2.17391304347826,0,1,70,65,70,28.5714285714286,7.14285714285714,0,1,60,60,60,0,0,0,1,25,22,25,60,0,1,11,11,11,45.4545454545455,0,1,12,12,12,41.6666666666667,0,2,-44,-44,-44,-44,-44,1,4,4,4,0,0,1,40,40,40,0,0,1,486,486,486,47.119341563786,0,1,1,1,2,1,2,1,2,"-44",1,1,1,1,1,2,1,2,"-44",1,2,2,1,2,2,1,888997,"-44",1,1,2,1,1,2,1,2,"-44",2,-44,-44,-44,-44,-44,-44,-44,"-44",1,1,2,1,1,2,1,2,"-44",2,-44,-44,-44,-44,-44,-44,-44,"-44",2,-44,-44,-44,-44,-44,-44,-44,"-44",1,1,2,1,2,2,1,2,"-44",2,-44,-44,-44,-44,-44,-44,-44,"-44",1,1,1,3,"Technicians and associate professionals",1,1,1,2,1,1,1,6,"Sales workers","Technicians and associate professionals","Sales workers",2,1,2,1,1,1,2,1,2,2,2,2,1,1,1,2,2,2,1,1,100,30,70,30,30,60,6,5,1,1,35000,50000,2,2,1,1,1,5,-44,2,1,2,-44,-44,1,5,-44,2,1,2,-44,-44,1,1,1,1,2,1,1,1,1,1,1,2,1,1,3,3,3,3,35000,50000,2,2,12,12,6,5,1,2,1,1,35,30,1,1,2,2,2,2,2,2,2,2,2,1,2,2,-44,-44,-44,-44,-44,-44,-44,-44,-44,2,-44,-44,4,4,4,4,4,2,4,4,4,1,4,3,2,2,2,2,2,2,1,1,1,2,2,-44,-44,-44,-44,-44,-44,1,1,2,-44,-44,4,4,4,4,4,3,4,2,1,4,4,1,1,2,2,2,1,1,2,"-44",2,2,2,1,1,2,"-44",1,2,10,-44,1,2,2,2,1,-44,"-44",-44,-44,-44,-44,"-44",-44,-44,10,-44,"-44",-44,-44,30,-44,"-44",-44,-44,-44,-44,"-44",-44,-44,-44,-44,"-44",4,"-44",-44,"-44",7,-44,100000,-44,1,2,2,1,2,2,2,"-44",-44,-44,-44,-44,-44,"-44",-44,2,-44,-44,-44,-44,7,-44,-44,-44,-44,-44,-44,-44,-44,-44,-44,-44,-44,-44,126000,-44,1,2,1,-44,4,3,2,4,3,2,-44,-44,-44,-44,-44,2,4,1,5,5,1,3,888997,3,1,2,2,2,2,3,2,1,5,4,1,"-44",1,1,1,1,1,1,2,2,2,2,3,1,0,2,1,0,2,2,1,1,2,2,3,1,2,1,5,850,150000000,300000000,500000000,5,850,165000000,400000000,570000000,100,1,1,2,4,"NAIROBI",3,"-44","-44",800,108,999,1,-44,1,-44,3,10.4413003921509,"Kenya"
10029,1,2,"M1 through M5",-44,-44,"M6",-44,-44,"-44",1,2001,2001,4,"-44",1,9,200,79,121,0,0,0,1,14,10,16,50,14.2857142857143,0,1,9,3,11,55.5555555555556,33.3333333333333,0,1,12,9,12,50,25,0,1,48,36,53,31.25,0,1,102,91,110,76.4705882352941,0,1,15,9,17,66.6666666666667,0,2,-44,-44,-44,-44,-44,2,-44,-44,-44,-44,-44,2,-44,-44,-44,-44,-44,2,-44,-44,-44,-44,-44,1,1,2,2,2,2,2,2,"-44",1,1,2,2,2,2,2,2,"-44",1,1,2,2,2,2,2,2,"-44",1,1,2,2,2,2,2,2,"-44",1,1,2,2,2,2,2,2,"-44",1,1,2,2,2,2,2,2,"-44",2,-44,-44,-44,-44,-44,-44,-44,"-44",2,-44,-44,-44,-44,-44,-44,-44,"-44",2,-44,-44,-44,-44,-44,-44,-44,"-44",2,-44,-44,-44,-44,-44,-44,-44,"-44",1,1,1,2,"Professionals",1,1,1,2,2,2,2,5,"Service workers","Professionals","Service workers",2,2,2,1,2,2,2,2,2,2,2,2,2,2,2,2,1,2,1,1,40,60,40,60,15,15,6,5,2,1,90000,25000,2,2,1,1,1,2,4,2,1,2,2,1,1,2,4,2,1,2,2,1,1,1,1,1,1,1,1,1,1,1,1,1,1,2,4,3,3,3,90000,25000,2,2,6,6,6,5,1,1,1,1,30,30,2,1,1,1,2,1,1,1,1,1,1,1,1,1,1,1,-44,1,1,1,1,1,1,1,1,1,4,4,4,1,3,2,4,4,4,4,4,4,1,1,2,1,1,1,1,1,1,1,1,1,1,-44,2,1,1,2,1,2,1,1,4,2,4,4,4,4,1,3,4,4,4,1,2,1,1,2,2,2,2,"-44",-44,-44,-44,-44,-44,-44,"-44",2,2,-44,-44,2,2,-44,-44,-44,-44,"-44",-44,-44,-44,-44,"-44",-44,-44,-44,-44,"-44",-44,-44,-44,-44,"-44",-44,-44,-44,-44,"-44",-44,-44,-44,-44,"-44",-44,"-44",-44,"-44",-44,-44,-44,-44,2,2,-44,-44,-44,-44,-44,"-44",-44,-44,-44,-44,-44,"-44",-44,-44,-44,-44,-44,-44,-44,-44,-44,-44,-44,-44,-44,-44,-44,-44,-44,-44,-44,-44,-44,-44,2,2,-44,-44,5,1,5,5,4,1,5,5,4,4,5,5,1,1,4,4,1,2,3,3,1,3,3,1,3,3,3,3,4,5,1,"-44",2,1,1,1,2,1,2,1,1,4,0,4,4,3,2,2,2,1,1,2,1,1,3,2,2,1,12,180,27000000,196000000,349000000,12,200,33000000,235000000,465000000,70,1,1,1,4,"NAIROBI",9,"-44","-44",200,114,999,1,-44,1,-44,3,10.4413003921509,"Kenya"
99170,1,2,"M1 through M5",-44,-44,"M6",-44,-44,"-44",2,-44,2000,1,"-44",1,11,110,60,50,58,20,38,1,30,30,30,13.3333333333333,0,0,1,50,35,50,62,30,0,1,34,29,37,52.9411764705882,14.7058823529412,0,2,-44,-44,-44,-44,-44,2,-44,-44,-44,-44,-44,2,-44,-44,-44,-44,-44,2,-44,-44,-44,-44,-44,1,54,43,68,64.8148148148148,0,2,-44,-44,-44,-44,-44,2,-44,-44,-44,-44,-44,2,-44,-44,-44,-44,-44,-44,-44,"-44",1,1,1,2,1,1,2,2,"-44",1,1,2,2,1,2,2,2,"-44",2,-44,-44,-44,-44,-44,-44,-44,"-44",2,-44,-44,-44,-44,-44,-44,-44,"-44",2,-44,-44,-44,-44,-44,-44,-44,"-44",2,-44,-44,-44,-44,-44,-44,-44,"-44",1,1,2,1,2,1,2,2,"-44",2,-44,-44,-44,-44,-44,-44,-44,"-44",2,-44,-44,-44,-44,-44,-44,-44,"-44",1,1,1,3,"Technicians and associate professionals",2,2,2,2,1,2,2,8,"Construction, craft, and related trade w","Technicians and associate professionals","Construction, craft, and related trade w",1,2,2,1,1,2,2,1,2,2,1,2,1,2,2,1,2,2,1,1,80,20,80,20,5,5,5,4,1,2,414300,40900,2,2,1,2,5,-44,-44,-44,-44,-44,-44,-44,5,-44,-44,-44,-44,-44,-44,-44,1,2,1,1,2,1,1,1,2,2,1,2,2,2,2,3,2,2,360900,38800,2,2,6,6,6,4,2,1,1,1,34,28,1,1,2,2,2,2,2,2,2,3,2,3,1,2,-44,-44,-44,-44,-44,-44,-44,-44,-44,-44,2,-44,4,4,4,4,4,4,2,4,3,1,4,4,2,2,2,2,2,2,2,2,2,3,3,-44,-44,-44,-44,-44,-44,-44,-44,-44,-44,-44,4,4,4,4,1,2,4,4,3,4,4,1,1,1,1,1,1,1,2,"-44",2,1,2,1,1,2,"-44",1,1,70,30,2,2,-44,-44,-44,-44,"-44",-44,-44,-44,-44,"-44",-44,-44,-44,-44,"-44",-44,-44,-44,-44,"-44",-44,-44,-44,-44,"-44",-44,-44,-44,-44,"-44",-44,"-44",-44,"-44",-44,-44,-44,-44,2,2,-44,-44,-44,-44,-44,"-44",-44,-44,-44,-44,-44,"-44",-44,-44,-44,-44,-44,-44,-44,-44,-44,-44,-44,-44,-44,-44,-44,-44,-44,-44,-44,-44,-44,-44,1,1,888997,888997,5,2,3,5,5,1,4,3,4,2,2,5,2,1,5,3,2,2,3,1,1,3,2,2,2,3,3,3,3,4,4,"-44",2,2,2,1,2,2,0,0,1,0,2,2,4,1,4,2,1,4,1,0,2,2,0,4,4,1,12,185,67983300,1675100,836163000,12,181,60690600,10219800,1466809300,70,1,2,1,4,"NAIROBI",11,"-44","-44",168,106,202,1,-44,1,-44,3,10.4413003921509,"Kenya"
99147,1,2,"M1 through M5",-44,-44,"M6",-44,-44,"-44",2,-44,2011,1,"-44",1,3,93,36,57,57,45,12,1,18,16,18,77.7777777777778,11.1111111111111,0,2,-44,-44,-44,-44,-44,-44,2,-44,-44,-44,-44,-44,-44,1,23,20,28,91.304347826087,0,2,-44,-44,-44,-44,-44,1,68,54,88,25,0,2,-44,-44,-44,-44,-44,2,-44,-44,-44,-44,-44,1,30,30,30,33.3333333333333,0,1,11,9,13,63.6363636363636,0,1,1,1,2,2,2,1,2,"-44",2,-44,-44,-44,-44,-44,-44,-44,"-44",2,-44,-44,-44,-44,-44,-44,-44,"-44",1,1,2,1,1,1,2,2,"-44",2,-44,-44,-44,-44,-44,-44,-44,"-44",1,1,2,2,2,2,2,2,"-44",2,-44,-44,-44,-44,-44,-44,-44,"-44",2,-44,-44,-44,-44,-44,-44,-44,"-44",2,-44,-44,-44,-44,-44,-44,-44,"-44",1,1,2,2,2,2,1,2,"-44",1,2,2,1,"Managers",1,2,1,2,2,1,1,10,"Elementary occupations","Managers","Elementary occupations",1,2,2,2,2,1,2,2,2,2,2,2,2,2,1,1,2,2,1,1,50,70,30,70,50,5,6,3,2,1,42800,13600,2,2,2,2,2,3,5,-44,-44,-44,1,2,3,5,-44,-44,-44,-44,-44,-44,1,1,1,2,2,1,2,1,2,2,1,2,1,1,3,1,3,1,44700,13700,2,2,12,6,6,2,2,2,2,1,49,32,1,1,2,2,2,3,2,2,2,2,3,2,2,2,-44,-44,-44,-44,-44,-44,-44,-44,-44,-44,-44,-44,3,4,4,4,4,2,4,1,4,4,4,4,2,2,2,2,2,2,3,3,2,3,1,-44,-44,-44,-44,-44,-44,-44,-44,-44,-44,3,4,4,4,4,1,2,4,4,3,4,4,1,2,2,1,2,2,2,2,"-44",-44,-44,-44,-44,-44,-44,"-44",2,2,-44,-44,2,2,-44,-44,-44,-44,"-44",-44,-44,-44,-44,"-44",-44,-44,-44,-44,"-44",-44,-44,-44,-44,"-44",-44,-44,-44,-44,"-44",-44,-44,-44,-44,"-44",-44,"-44",-44,"-44",-44,-44,-44,-44,2,2,-44,-44,-44,-44,-44,"-44",-44,-44,-44,-44,-44,"-44",-44,-44,-44,-44,-44,-44,-44,-44,-44,-44,-44,-44,-44,-44,-44,-44,-44,-44,-44,-44,-44,-44,2,2,-44,-44,4,5,5,4,3,2,-44,-44,-44,-44,-44,2,2,5,1,3,2,1,3,3,3,3,3,3,2,3,3,3,5,3,1,"-44",1,2,1,2,2,2,4,1,1,3,2,0,2,4,1,4,4,1,0,0,4,2,0,4,4,1,1,156,3809800,13716900,18755600,1,164,45289400,16341500,20997000,90,1,2,1,4,"NAIROBI",3,"-44","-44",150,104,202,1,-44,1,-44,3,10.4413003921509,"Kenya"
10005,1,2,"M1 through M5",-44,-44,"M6",-44,-44,"-44",2,-44,2007,3,"-44",1,7,8,6,2,0,0,0,1,1,1,1,0,0,1,2,-44,-44,-44,-44,-44,-44,2,-44,-44,-44,-44,-44,-44,1,2,2,2,100,1,2,-44,-44,-44,-44,-44,1,1,1,1,0,0,2,-44,-44,-44,-44,-44,2,-44,-44,-44,-44,-44,2,-44,-44,-44,-44,-44,1,4,4,4,0,0,2,-44,-44,-44,-44,-44,-44,-44,"-44",2,-44,-44,-44,-44,-44,-44,-44,"-44",2,-44,-44,-44,-44,-44,-44,-44,"-44",2,-44,-44,-44,-44,-44,-44,-44,"-44",2,-44,-44,-44,-44,-44,-44,-44,"-44",2,-44,-44,-44,-44,-44,-44,-44,"-44",2,-44,-44,-44,-44,-44,-44,-44,"-44",2,-44,-44,-44,-44,-44,-44,-44,"-44",2,-44,-44,-44,-44,-44,-44,-44,"-44",2,-44,-44,-44,-44,-44,-44,-44,"-44",1,2,2,1,"Managers",1,2,1,2,2,2,1,6,"Sales workers","Managers","Sales workers",2,1,2,2,2,2,2,1,2,2,1,2,2,2,2,2,1,2,2,2,-44,-44,-44,-44,-44,-44,3,4,1,1,120000,25000,2,2,1,1,1,2,3,2,1,2,1,2,5,-44,-44,-44,-44,-44,-44,-44,2,1,1,2,2,2,2,1,2,1,2,2,2,1,2,2,2,3,100000,25000,2,2,6,3,3,4,2,2,2,2,43,33,1,1,2,1,3,2,2,1,1,2,2,2,1,2,-44,2,-44,-44,-44,1,1,-44,-44,-44,3,-44,1,4,4,4,4,4,4,2,3,4,4,4,2,2,3,2,2,2,2,2,2,1,2,-44,-44,-44,-44,-44,-44,-44,-44,-44,1,-44,1,4,4,2,4,4,3,4,4,4,4,2,2,-44,-44,-44,-44,-44,-44,"-44",-44,-44,-44,-44,-44,-44,"-44",2,2,-44,-44,2,2,-44,-44,-44,-44,"-44",-44,-44,-44,-44,"-44",-44,-44,-44,-44,"-44",-44,-44,-44,-44,"-44",-44,-44,-44,-44,"-44",-44,-44,-44,-44,"-44",-44,"-44",-44,"-44",-44,-44,-44,-44,2,2,-44,-44,-44,-44,-44,"-44",-44,-44,-44,-44,-44,"-44",-44,-44,-44,-44,-44,-44,-44,-44,-44,-44,-44,-44,-44,-44,-44,-44,-44,-44,-44,-44,-44,-44,2,2,-44,-44,4,4,4,4,4,2,-44,-44,-44,-44,-44,2,2,1,4,4,2,3,888997,3,1,3,3,3,2,2,2,3,5,4,1,"-44",2,1,2,1,2,2,0,0,0,1,1,1,1,1,0,0,1,1,0,1,1,1,1,0,0,2,11,8,4188000,2004000,30000000,11,8,4300000,2500000,35000000,100,2,1,4,3,"NAIROBI",7,"-44","-44",8,103,999,1,-44,1,-44,4,87.24169921875,"Kenya"
10072,1,4,"M1 through M5",-44,-44,"M6",-44,-44,"-44",2,-44,1976,3,"-44",1,19,10,9,1,0,0,0,1,2,2,2,0,0,0,1,6,6,6,16.6666666666667,0,0,2,-44,-44,-44,-44,-44,-44,2,-44,-44,-44,-44,-44,2,-44,-44,-44,-44,-44,1,2,2,2,0,0,2,-44,-44,-44,-44,-44,2,-44,-44,-44,-44,-44,2,-44,-44,-44,-44,-44,2,-44,-44,-44,-44,-44,2,-44,-44,-44,-44,-44,-44,-44,"-44",2,-44,-44,-44,-44,-44,-44,-44,"-44",2,-44,-44,-44,-44,-44,-44,-44,"-44",2,-44,-44,-44,-44,-44,-44,-44,"-44",2,-44,-44,-44,-44,-44,-44,-44,"-44",2,-44,-44,-44,-44,-44,-44,-44,"-44",2,-44,-44,-44,-44,-44,-44,-44,"-44",2,-44,-44,-44,-44,-44,-44,-44,"-44",2,-44,-44,-44,-44,-44,-44,-44,"-44",2,-44,-44,-44,-44,-44,-44,-44,"-44",1,1,2,2,"Professionals",2,2,1,2,2,2,2,6,"Sales workers","Professionals","Sales workers",2,2,2,2,2,1,1,1,2,2,2,2,2,2,2,1,1,2,2,2,-44,-44,-44,-44,-44,-44,4,5,1,1,888998,888998,2,2,1,1,5,-44,-44,-44,-44,-44,-44,-44,1,3,5,2,1,2,-44,-44,1,2,1,2,2,2,1,1,1,1,2,2,2,1,3,3,3,3,888998,888998,-44,-44,888997,888997,4,5,1,1,1,1,40,35,1,1,2,2,3,2,2,2,2,2,2,2,2,2,-44,-44,-44,-44,-44,-44,-44,-44,-44,-44,-44,-44,1,4,4,4,4,2,4,3,4,4,4,4,2,2,3,2,2,2,2,2,2,2,2,-44,-44,-44,-44,-44,-44,-44,-44,-44,-44,-44,1,3,4,4,4,2,4,4,4,4,4,2,2,-44,-44,-44,-44,-44,-44,"-44",-44,-44,-44,-44,-44,-44,"-44",2,2,-44,-44,2,2,-44,-44,-44,-44,"-44",-44,-44,-44,-44,"-44",-44,-44,-44,-44,"-44",-44,-44,-44,-44,"-44",-44,-44,-44,-44,"-44",-44,-44,-44,-44,"-44",-44,"-44",-44,"-44",-44,-44,-44,-44,2,2,-44,-44,-44,-44,-44,"-44",-44,-44,-44,-44,-44,"-44",-44,-44,-44,-44,-44,-44,-44,-44,-44,-44,-44,-44,-44,-44,-44,-44,-44,-44,-44,-44,-44,-44,2,2,-44,-44,3,1,4,1,4,2,-44,-44,-44,-44,-44,888997,3,2,2,4,1,2,888997,3,1,3,3,1,1,1,2,3,3,3,1,"-44",1,1,1,1,2,2,0,0,0,1,1,0,0,2,2,1,0,0,0,0,0,1,0,1,1,2,12,10,888997,888997,888997,12,10,888997,888997,888997,100,2,3,2,3,"NAIROBI",19,"-44","-44",10,108,999,2,-44,1,-44,4,87.24169921875,"Kenya"
98255,1,2,"M1 through M5",-44,-44,"M6",-44,-44,"-44",1,2007,2007,4,"-44",1,19,20,9,11,0,0,0,1,2,2,4,0,0,0,1,5,5,10,60,0,0,1,6,6,6,66.6666666666667,0,0,2,-44,-44,-44,-44,-44,1,2,2,2,0,0,1,5,5,10,80,0,2,-44,-44,-44,-44,-44,2,-44,-44,-44,-44,-44,2,-44,-44,-44,-44,-44,2,-44,-44,-44,-44,-44,2,-44,-44,-44,-44,-44,-44,-44,"-44",1,1,2,2,2,2,2,2,"-44",1,1,2,2,1,2,2,2,"-44",2,-44,-44,-44,-44,-44,-44,-44,"-44",2,-44,-44,-44,-44,-44,-44,-44,"-44",1,1,2,2,1,1,1,2,"-44",2,-44,-44,-44,-44,-44,-44,-44,"-44",2,-44,-44,-44,-44,-44,-44,-44,"-44",2,-44,-44,-44,-44,-44,-44,-44,"-44",2,-44,-44,-44,-44,-44,-44,-44,"-44",1,1,1,2,"Professionals",2,1,1,2,2,2,2,5,"Service workers","Professionals","Service workers",2,2,1,2,2,1,2,1,2,2,2,1,2,2,1,1,2,2,1,2,60,-44,-44,-44,60,-44,6,6,2,1,60000,45000,2,2,1,1,5,-44,-44,-44,-44,-44,-44,-44,5,-44,-44,-44,-44,-44,-44,-44,1,2,2,1,2,2,2,1,1,2,2,2,2,1,4,2,3,3,50000,35000,2,2,12,24,6,6,1,1,1,1,35,30,2,1,2,2,2,2,1,2,2,2,2,2,2,1,-44,-44,-44,-44,2,-44,-44,-44,-44,-44,-44,2,1,4,4,3,4,4,4,2,4,4,4,4,2,2,2,2,2,2,2,2,2,2,2,-44,-44,-44,-44,-44,-44,-44,-44,-44,-44,-44,4,1,4,4,3,4,4,4,4,2,4,2,2,-44,-44,-44,-44,-44,-44,"-44",-44,-44,-44,-44,-44,-44,"-44",2,2,-44,-44,2,2,-44,-44,-44,-44,"-44",-44,-44,-44,-44,"-44",-44,-44,-44,-44,"-44",-44,-44,-44,-44,"-44",-44,-44,-44,-44,"-44",-44,-44,-44,-44,"-44",-44,"-44",-44,"-44",-44,-44,-44,-44,2,2,-44,-44,-44,-44,-44,"-44",-44,-44,-44,-44,-44,"-44",-44,-44,-44,-44,-44,-44,-44,-44,-44,-44,-44,-44,-44,-44,-44,-44,-44,-44,-44,-44,-44,-44,2,2,-44,-44,4,4,5,4,4,2,-44,-44,-44,-44,-44,4,4,4,5,4,3,3,3,3,3,3,3,3,3,3,3,3,4,5,1,"-44",2,2,2,1,2,2,3,0,1,0,2,2,0,1,0,0,2,1,2,0,0,0,0,0,0,1,12,14,1500000,1200000,3000000,12,20,1700000,1200000,5000000,100,2,2,1,4,"NAIROBI",19,"-44","-44",20,114,999,1,-44,1,-44,4,87.24169921875,"Kenya"
98343,1,2,"M1 through M5",-44,-44,"M6",-44,-44,"-44",1,1967,1967,3,"-44",1,3,89,68,21,0,0,0,1,1,1,1,0,100,0,1,39,39,39,33.3333333333333,100,0,1,15,5,5,33.3333333333333,33.3333333333333,0,1,5,5,5,60,0,1,8,8,8,0,0,1,15,15,15,0,0,2,-44,-44,-44,-44,-44,2,-44,-44,-44,-44,-44,1,2,2,2,0,0,1,4,4,4,0,0,2,-44,-44,-44,-44,-44,-44,-44,"-44",1,1,2,2,2,2,2,2,"-44",1,1,2,2,1,2,2,2,"-44",2,-44,-44,-44,-44,-44,-44,-44,"-44",2,-44,-44,-44,-44,-44,-44,-44,"-44",2,-44,-44,-44,-44,-44,-44,-44,"-44",2,-44,-44,-44,-44,-44,-44,-44,"-44",2,-44,-44,-44,-44,-44,-44,-44,"-44",2,-44,-44,-44,-44,-44,-44,-44,"-44",1,1,2,2,2,2,2,2,"-44",1,1,1,3,"Technicians and associate professionals",1,1,1,2,2,1,1,6,"Sales workers","Technicians and associate professionals","Sales workers",1,2,2,2,2,1,1,2,2,1,2,2,2,2,1,1,2,2,2,2,-44,-44,-44,-44,-44,-44,5,6,1,1,29000,20000,1,1,2,2,5,-44,-44,-44,-44,-44,-44,-44,5,-44,-44,-44,-44,-44,-44,-44,2,2,2,1,2,1,1,2,2,2,2,2,1,1,3,3,1,1,30000,21000,1,1,0,0,5,5,1,1,1,1,30,26,1,1,2,2,3,2,2,2,2,2,2,2,1,2,-44,-44,-44,-44,-44,-44,-44,-44,-44,-44,2,-44,4,4,4,3,4,1,2,4,4,4,4,4,2,2,3,2,2,2,2,2,2,2,2,-44,-44,-44,-44,-44,-44,-44,-44,-44,-44,-44,4,1,4,3,4,2,4,4,4,4,4,2,2,-44,-44,-44,-44,-44,-44,"-44",-44,-44,-44,-44,-44,-44,"-44",1,1,100,100,2,2,-44,-44,-44,-44,"-44",-44,-44,-44,-44,"-44",-44,-44,-44,-44,"-44",-44,-44,-44,-44,"-44",-44,-44,-44,-44,"-44",-44,-44,-44,-44,"-44",-44,"-44",-44,"-44",-44,-44,-44,-44,2,2,-44,-44,-44,-44,-44,"-44",-44,-44,-44,-44,-44,"-44",-44,-44,-44,-44,-44,-44,-44,-44,-44,-44,-44,-44,-44,-44,-44,-44,-44,-44,-44,-44,-44,-44,1,1,3,3,5,5,5,5,5,2,-44,-44,-44,-44,-44,2,2,2,2,2,3,3,2,3,3,3,3,3,3,3,2,3,4,3,1,"-44",1,1,1,1,1,2,0,0,0,0,0,0,0,0,0,0,0,0,0,0,0,0,0,0,0,1,1,87,600000,340000,1250000,1,89,750000,360000,1270000,0,2,2,2,3,"NAIROBI",3,"-44","-44",89,110,999,1,-44,1,-44,4,87.24169921875,"Kenya"
10067,1,3,"M1 through M5",-44,-44,"M6",-44,-44,"-44",2,-44,1991,4,"-44",1,12,28,20,8,0,0,0,1,3,2,5,33.3333333333333,33.3333333333333,0,2,-44,-44,-44,-44,-44,-44,1,3,3,8,33.3333333333333,0,0,1,22,18,35,27.2727272727273,0,2,-44,-44,-44,-44,-44,2,-44,-44,-44,-44,-44,2,-44,-44,-44,-44,-44,2,-44,-44,-44,-44,-44,2,-44,-44,-44,-44,-44,2,-44,-44,-44,-44,-44,1,1,1,2,1,1,1,2,"-44",2,-44,-44,-44,-44,-44,-44,-44,"-44",1,1,1,1,2,2,1,2,"-44",1,1,1,1,1,1,1,2,"-44",2,-44,-44,-44,-44,-44,-44,-44,"-44",2,-44,-44,-44,-44,-44,-44,-44,"-44",2,-44,-44,-44,-44,-44,-44,-44,"-44",2,-44,-44,-44,-44,-44,-44,-44,"-44",2,-44,-44,-44,-44,-44,-44,-44,"-44",2,-44,-44,-44,-44,-44,-44,-44,"-44",1,2,1,3,"Technicians and associate professionals",1,2,2,2,2,2,2,4,"Clerical and support workers","Technicians and associate professionals","Clerical and support workers",2,1,2,2,2,2,2,1,2,2,1,2,2,2,2,1,1,2,1,1,60,30,70,30,30,14,5,4,2,2,45000,20000,2,2,1,2,1,3,2,2,1,2,1,2,1,5,-44,1,2,2,-44,-44,1,2,1,2,2,1,1,1,2,2,2,2,1,1,2,2,3,2,45000,20000,2,2,12,0,5,4,2,2,1,2,29,22,1,1,2,2,3,2,2,2,2,1,2,2,1,2,-44,-44,-44,-44,-44,-44,-44,1,-44,-44,2,-44,4,4,4,3,4,1,4,4,2,4,4,4,2,2,3,1,1,1,2,1,2,1,1,-44,-44,-44,2,1,1,-44,2,-44,1,3,4,1,4,4,4,2,4,3,4,4,4,2,2,-44,-44,-44,-44,-44,-44,"-44",-44,-44,-44,-44,-44,-44,"-44",2,2,-44,-44,2,2,-44,-44,-44,-44,"-44",-44,-44,-44,-44,"-44",-44,-44,-44,-44,"-44",-44,-44,-44,-44,"-44",-44,-44,-44,-44,"-44",-44,-44,-44,-44,"-44",-44,"-44",-44,"-44",-44,-44,-44,-44,2,2,-44,-44,-44,-44,-44,"-44",-44,-44,-44,-44,-44,"-44",-44,-44,-44,-44,-44,-44,-44,-44,-44,-44,-44,-44,-44,-44,-44,-44,-44,-44,-44,-44,-44,-44,2,2,-44,-44,5,4,2,2,4,2,-44,-44,-44,-44,-44,1,1,3,2,2,1,2,888997,3,1,3,3,1,1,1,3,1,4,4,1,"-44",2,2,2,1,2,2,0,0,2,1,0,0,3,2,2,1,1,1,0,0,0,2,0,1,1,2,6,25,6420000,2400000,15000000,6,28,7140000,3000000,18000000,70,2,2,1,4,"NAIROBI",12,"-44","-44",28,105,999,1,-44,1,-44,4,87.24169921875,"Kenya"
10006,2,2,"M1 through M5",-44,-44,"M6",-44,-44,"-44",2,-44,2007,3,"-44",1,7,1,1,0,20,7,13,1,2,2,2,100,0,0,2,-44,-44,-44,-44,-44,-44,2,-44,-44,-44,-44,-44,-44,1,1,1,1,100,0,2,-44,-44,-44,-44,-44,1,3,3,3,100,0,2,-44,-44,-44,-44,-44,1,14,12,12,42.8571428571429,0,2,-44,-44,-44,-44,-44,1,1,1,1,100,0,2,-44,-44,-44,-44,-44,-44,-44,"-44",2,-44,-44,-44,-44,-44,-44,-44,"-44",2,-44,-44,-44,-44,-44,-44,-44,"-44",2,-44,-44,-44,-44,-44,-44,-44,"-44",2,-44,-44,-44,-44,-44,-44,-44,"-44",2,-44,-44,-44,-44,-44,-44,-44,"-44",2,-44,-44,-44,-44,-44,-44,-44,"-44",1,1,2,1,1,2,1,2,"-44",2,-44,-44,-44,-44,-44,-44,-44,"-44",2,-44,-44,-44,-44,-44,-44,-44,"-44",1,2,2,1,"Managers",1,2,1,2,1,2,1,6,"Sales workers","Managers","Sales workers",2,2,2,2,2,2,2,2,1,2,2,2,2,2,2,2,2,1,2,2,-44,-44,-44,-44,-44,-44,6,6,2,2,32000,20000,2,2,1,1,2,1,5,2,1,2,2,1,2,1,5,2,1,2,2,1,1,1,1,1,1,1,1,1,1,1,2,1,1,1,3,2,3,3,35000,18000,2,2,12,6,6,6,1,1,2,2,32,34,2,2,2,2,3,2,2,2,2,2,2,2,2,2,-44,-44,-44,-44,-44,-44,-44,-44,-44,-44,-44,-44,4,3,4,4,2,1,4,4,4,4,4,4,2,2,3,1,1,2,2,2,2,2,2,-44,-44,-44,2,1,-44,-44,-44,-44,-44,-44,3,2,4,4,1,4,4,4,4,4,4,2,2,-44,-44,-44,-44,-44,-44,"-44",-44,-44,-44,-44,-44,-44,"-44",1,1,100,100,2,2,-44,-44,-44,-44,"-44",-44,-44,-44,-44,"-44",-44,-44,-44,-44,"-44",-44,-44,-44,-44,"-44",-44,-44,-44,-44,"-44",-44,-44,-44,-44,"-44",-44,"-44",-44,"-44",-44,-44,-44,-44,2,2,-44,-44,-44,-44,-44,"-44",-44,-44,-44,-44,-44,"-44",-44,-44,-44,-44,-44,-44,-44,-44,-44,-44,-44,-44,-44,-44,-44,-44,-44,-44,-44,-44,-44,-44,1,1,3,4,5,5,5,5,5,2,-44,-44,-44,-44,-44,5,1,1,5,4,2,2,888997,3,2,2,2,2,2,2,1,2,2,3,1,"-44",1,2,1,2,1,1,3,0,0,0,0,0,0,3,0,0,0,0,0,0,1,1,0,0,1,2,6,25,5400000,4000000,50000000,6,22,4000000,3500000,45000000,2,2,2,2,3,"NAIROBI",7,"-44","-44",21,103,999,2,-44,1,-44,4,87.24169921875,"Kenya"
10031,2,2,"M1 through M5",-44,-44,"M6",-44,-44,"-44",2,-44,2007,4,"-44",1,19,10,6,4,0,0,0,1,2,2,2,0,0,0,1,1,1,2,0,0,0,1,3,2,4,66.6666666666667,0,0,1,2,2,3,50,0,2,-44,-44,-44,-44,-44,1,2,2,3,50,0,2,-44,-44,-44,-44,-44,2,-44,-44,-44,-44,-44,2,-44,-44,-44,-44,-44,2,-44,-44,-44,-44,-44,2,-44,-44,-44,-44,-44,-44,-44,"-44",2,-44,-44,-44,-44,-44,-44,-44,"-44",1,1,2,2,2,2,2,2,"-44",2,-44,-44,-44,-44,-44,-44,-44,"-44",2,-44,-44,-44,-44,-44,-44,-44,"-44",1,1,2,2,2,2,2,2,"-44",2,-44,-44,-44,-44,-44,-44,-44,"-44",2,-44,-44,-44,-44,-44,-44,-44,"-44",2,-44,-44,-44,-44,-44,-44,-44,"-44",2,-44,-44,-44,-44,-44,-44,-44,"-44",1,1,1,2,"Professionals",1,2,1,2,2,2,2,6,"Sales workers","Professionals","Sales workers",1,2,2,2,2,2,2,2,2,2,2,2,2,2,1,2,2,2,2,2,-44,-44,-44,-44,-44,-44,5,5,1,2,30000,10000,2,2,1,1,1,2,4,2,1,2,1,2,2,1,3,2,1,2,2,1,1,2,2,1,2,1,2,2,1,2,1,1,2,2,4,2,3,3,30000,12000,2,2,5,5,6,4,1,1,1,1,30,25,1,2,2,2,2,2,2,2,2,2,2,2,2,2,-44,-44,-44,-44,-44,-44,-44,-44,-44,-44,-44,-44,1,4,4,4,4,2,4,4,4,4,4,3,2,2,2,2,2,2,2,2,2,2,2,-44,-44,-44,-44,-44,-44,-44,-44,-44,-44,-44,1,2,4,4,4,3,4,4,4,4,4,2,2,-44,-44,-44,-44,-44,-44,"-44",-44,-44,-44,-44,-44,-44,"-44",2,2,-44,-44,2,2,-44,-44,-44,-44,"-44",-44,-44,-44,-44,"-44",-44,-44,-44,-44,"-44",-44,-44,-44,-44,"-44",-44,-44,-44,-44,"-44",-44,-44,-44,-44,"-44",-44,"-44",-44,"-44",-44,-44,-44,-44,2,2,-44,-44,-44,-44,-44,"-44",-44,-44,-44,-44,-44,"-44",-44,-44,-44,-44,-44,-44,-44,-44,-44,-44,-44,-44,-44,-44,-44,-44,-44,-44,-44,-44,-44,-44,2,2,-44,-44,4,5,5,5,5,2,-44,-44,-44,-44,-44,5,5,5,5,5,3,2,3,1,1,3,3,3,3,1,1,3,4,5,1,"-44",2,1,2,2,2,2,1,1,1,2,0,2,2,1,1,0,0,0,0,0,0,0,0,0,0,2,12,7,210000,30000,4000000,12,10,3500000,50000,6000000,100,1,2,1,4,"NAIROBI",19,"-44","-44",10,114,999,1,-44,1,-44,4,87.24169921875,"Kenya"
10057,1,2,"M1 through M5",-44,-44,"M6",-44,-44,"-44",2,-44,2015,1,"-44",1,19,3,2,1,2,1,1,1,1,1,2,0,0,0,2,-44,-44,-44,-44,-44,-44,2,-44,-44,-44,-44,-44,-44,1,2,3,4,50,0,1,2,2,5,50,0,2,-44,-44,-44,-44,-44,2,-44,-44,-44,-44,-44,2,-44,-44,-44,-44,-44,2,-44,-44,-44,-44,-44,2,-44,-44,-44,-44,-44,2,-44,-44,-44,-44,-44,-44,-44,"-44",2,-44,-44,-44,-44,-44,-44,-44,"-44",2,-44,-44,-44,-44,-44,-44,-44,"-44",1,1,2,1,1,2,1,2,"-44",1,1,1,2,1,2,2,2,"-44",2,-44,-44,-44,-44,-44,-44,-44,"-44",2,-44,-44,-44,-44,-44,-44,-44,"-44",2,-44,-44,-44,-44,-44,-44,-44,"-44",2,-44,-44,-44,-44,-44,-44,-44,"-44",2,-44,-44,-44,-44,-44,-44,-44,"-44",1,2,2,1,"Managers",1,1,2,2,2,2,2,5,"Service workers","Managers","Service workers",2,2,2,2,2,2,2,2,1,2,2,2,2,1,2,2,1,2,2,2,-44,-44,-44,-44,-44,-44,4,4,1,2,40000,15000,2,2,2,1,5,-44,-44,-44,-44,-44,-44,-44,2,1,3,1,2,2,2,1,1,2,1,2,2,2,1,2,2,2,2,1,2,1,1,1,3,3,40000,15000,2,2,12,12,5,4,2,2,1,1,25,21,1,2,2,2,3,2,1,2,2,2,1,1,3,3,-44,-44,-44,-44,2,-44,-44,-44,2,3,-44,-44,1,4,4,2,4,4,4,4,3,4,4,4,1,2,3,2,1,2,1,2,1,3,3,2,-44,-44,-44,2,-44,1,-44,1,-44,-44,4,4,4,1,4,2,4,3,4,4,4,2,1,-44,-44,-44,-44,-44,-44,"-44",1,2,2,2,2,2,"-44",2,2,-44,-44,2,2,-44,-44,-44,-44,"-44",-44,-44,-44,-44,"-44",-44,-44,-44,-44,"-44",-44,-44,-44,-44,"-44",-44,-44,-44,-44,"-44",-44,-44,-44,-44,"-44",-44,"-44",-44,"-44",-44,-44,-44,-44,2,2,-44,-44,-44,-44,-44,"-44",-44,-44,-44,-44,-44,"-44",-44,-44,-44,-44,-44,-44,-44,-44,-44,-44,-44,-44,-44,-44,-44,-44,-44,-44,-44,-44,-44,-44,2,2,-44,-44,5,4,4,4,4,1,5,5,5,4,4,5,4,4,5,4,2,3,888997,1,1,3,3,1,1,1,2,1,3,5,1,"-44",2,2,2,2,2,2,3,1,0,4,2,2,0,2,2,0,0,0,0,0,0,2,0,2,1,2,888996,0,0,0,0,8,5,1200000,360000,2000000,60,2,2,3,3,"JUJA",19,"-44","-44",5,105,999,1,-44,1,-44,4,87.24169921875,"Kenya"
71703,1,2,"M1 through M5",-44,-44,"M6",-44,-44,"-44",2,-44,1993,1,"-44",1,3,17,13,4,7,3,4,1,2,2,2,50,0,0,1,2,2,2,50,0,0,2,-44,-44,-44,-44,-44,-44,1,5,5,6,40,1,1,7,7,7,42.8571428571429,0,2,-44,-44,-44,-44,-44,2,-44,-44,-44,-44,-44,2,-44,-44,-44,-44,-44,1,7,7,2,0,0,1,1,1,1,100,0,1,1,1,1,2,2,2,2,"-44",1,1,2,2,2,1,1,2,"-44",2,-44,-44,-44,-44,-44,-44,-44,"-44",2,-44,-44,-44,-44,-44,-44,-44,"-44",2,-44,-44,-44,-44,-44,-44,-44,"-44",2,-44,-44,-44,-44,-44,-44,-44,"-44",2,-44,-44,-44,-44,-44,-44,-44,"-44",2,-44,-44,-44,-44,-44,-44,-44,"-44",2,-44,-44,-44,-44,-44,-44,-44,"-44",1,1,1,2,2,2,1,2,"-44",1,1,2,2,"Professionals",1,1,2,2,2,1,1,10,"Elementary occupations","Professionals","Elementary occupations",2,2,2,2,2,2,2,1,2,2,2,2,1,2,2,2,1,2,1,1,50,50,50,50,45,5,4,4,2,2,65000,17800,2,2,2,2,5,-44,-44,-44,-44,-44,-44,-44,1,3,5,1,2,2,-44,-44,1,1,1,2,2,2,2,1,1,2,1,2,2,1,2,1,1,3,52400,17800,2,2,2,7,6,3,2,2,1,1,26,20,1,2,2,2,1,2,2,2,2,3,2,2,1,3,-44,-44,1,-44,-44,-44,-44,-44,-44,-44,1,-44,4,4,4,1,4,4,4,4,3,2,4,4,2,2,2,2,1,1,3,2,2,3,1,-44,-44,-44,-44,2,1,-44,-44,-44,-44,1,4,3,4,4,4,2,4,4,1,4,4,2,2,-44,-44,-44,-44,-44,-44,"-44",-44,-44,-44,-44,-44,-44,"-44",2,2,-44,-44,2,2,-44,-44,-44,-44,"-44",-44,-44,-44,-44,"-44",-44,-44,-44,-44,"-44",-44,-44,-44,-44,"-44",-44,-44,-44,-44,"-44",-44,-44,-44,-44,"-44",-44,"-44",-44,"-44",-44,-44,-44,-44,2,2,-44,-44,-44,-44,-44,"-44",-44,-44,-44,-44,-44,"-44",-44,-44,-44,-44,-44,-44,-44,-44,-44,-44,-44,-44,-44,-44,-44,-44,-44,-44,-44,-44,-44,-44,2,2,-44,-44,5,2,3,3,4,2,-44,-44,-44,-44,-44,1,1,3,4,5,1,3,3,1,3,3,3,3,2,3,2,2,5,2,4,"-44",1,1,1,2,2,2,1,0,0,1,4,0,1,0,1,4,1,0,4,0,1,0,0,4,0,1,11,24,11721600,13036800,15277500,11,24,13581400,14926500,17171700,10,1,1,1,4,"NAKURU",3,"-44","-44",24,123,202,1,-44,1,-44,5,48.3162002563477,"Kenya"
98303,2,2,"M1 through M5",-44,-44,"M6",-44,-44,"-44",2,-44,1996,3,"-44",1,19,10,6,4,10,8,2,1,1,1,1,0,0,0,2,-44,-44,-44,-44,-44,-44,1,3,3,3,0,0,0,1,4,3,4,100,0,1,3,3,3,0,0,1,4,4,4,0,0,2,-44,-44,-44,-44,-44,2,-44,-44,-44,-44,-44,1,2,2,2,0,0,1,3,3,3,66.6666666666667,0,2,-44,-44,-44,-44,-44,-44,-44,"-44",2,-44,-44,-44,-44,-44,-44,-44,"-44",2,-44,-44,-44,-44,-44,-44,-44,"-44",1,1,2,2,2,2,2,2,"-44",2,-44,-44,-44,-44,-44,-44,-44,"-44",2,-44,-44,-44,-44,-44,-44,-44,"-44",2,-44,-44,-44,-44,-44,-44,-44,"-44",2,-44,-44,-44,-44,-44,-44,-44,"-44",1,2,2,2,2,2,2,2,"-44",1,1,2,2,2,2,2,2,"-44",1,2,1,1,"Managers",1,1,1,2,2,1,1,6,"Sales workers","Managers","Sales workers",2,2,2,2,2,2,2,1,2,2,2,2,2,2,2,2,1,2,2,2,-44,-44,-44,-44,-44,-44,6,5,1,1,60000,25000,2,2,1,2,3,5,-44,-44,-44,-44,-44,-44,5,-44,-44,-44,-44,-44,-44,-44,2,2,2,1,2,1,1,1,2,2,2,2,1,1,2,2,3,3,70000,30000,2,2,0,11,6,5,1,1,1,1,45,35,1,1,2,2,3,2,2,2,2,2,2,2,3,3,-44,-44,-44,-44,-44,-44,-44,-44,-44,-44,-44,-44,4,3,4,2,4,4,1,4,4,4,4,4,2,2,1,2,2,2,2,2,2,2,3,-44,-44,2,-44,-44,-44,-44,-44,-44,-44,-44,4,4,3,4,2,1,4,4,4,4,4,2,2,-44,-44,-44,-44,-44,-44,"-44",-44,-44,-44,-44,-44,-44,"-44",2,2,-44,-44,2,2,-44,-44,-44,-44,"-44",-44,-44,-44,-44,"-44",-44,-44,-44,-44,"-44",-44,-44,-44,-44,"-44",-44,-44,-44,-44,"-44",-44,-44,-44,-44,"-44",-44,"-44",-44,"-44",-44,-44,-44,-44,2,2,-44,-44,-44,-44,-44,"-44",-44,-44,-44,-44,-44,"-44",-44,-44,-44,-44,-44,-44,-44,-44,-44,-44,-44,-44,-44,-44,-44,-44,-44,-44,-44,-44,-44,-44,2,2,-44,-44,1,2,2,2,4,2,-44,-44,-44,-44,-44,1,1,1,1,1,3,3,3,3,3,3,3,3,3,3,3,3,4,4,1,"-44",1,1,1,1,2,2,1,1,0,0,1,0,0,2,1,2,1,0,0,0,0,2,0,0,2,1,6,18,8400000,3600000,1500000000,6,20,8400000,4000000,1800000000,60,1,1,3,2,"MOMBASA",19,"-44","-44",20,113,999,1,-44,1,-44,5,48.3162002563477,"Kenya"
98273,1,2,"M1 through M5",-44,-44,"M6",-44,-44,"-44",2,-44,2010,1,"-44",1,19,6,6,0,0,0,0,2,-44,-44,-44,-44,-44,-44,2,-44,-44,-44,-44,-44,-44,1,2,2,2,0,0,0,1,1,1,1,0,0,1,2,2,2,0,0,1,1,0,1,0,0,2,-44,-44,-44,-44,-44,2,-44,-44,-44,-44,-44,2,-44,-44,-44,-44,-44,2,-44,-44,-44,-44,-44,2,-44,-44,-44,-44,-44,-44,-44,"-44",2,-44,-44,-44,-44,-44,-44,-44,"-44",2,-44,-44,-44,-44,-44,-44,-44,"-44",2,-44,-44,-44,-44,-44,-44,-44,"-44",2,-44,-44,-44,-44,-44,-44,-44,"-44",1,1,2,1,2,2,1,2,"-44",2,-44,-44,-44,-44,-44,-44,-44,"-44",2,-44,-44,-44,-44,-44,-44,-44,"-44",2,-44,-44,-44,-44,-44,-44,-44,"-44",2,-44,-44,-44,-44,-44,-44,-44,"-44",2,2,1,3,"Technicians and associate professionals",1,1,1,2,2,2,2,5,"Service workers","Technicians and associate professionals","Service workers",2,2,2,2,2,2,2,1,2,2,2,2,2,2,2,2,1,2,2,2,-44,-44,-44,-44,-44,-44,5,5,1,1,40000,25000,2,2,1,1,2,5,-44,-44,-44,-44,1,2,2,5,-44,-44,-44,-44,1,2,1,2,2,2,2,1,1,1,2,2,2,2,2,1,2,1,3,3,40000,25000,2,2,15,0,5,5,1,1,1,1,35,35,1,1,2,2,3,2,2,2,2,2,2,2,3,3,-44,-44,-44,-44,-44,-44,-44,-44,-44,-44,-44,-44,4,4,4,3,2,4,1,4,4,4,4,4,2,2,3,2,2,2,2,2,2,2,2,-44,-44,-44,-44,-44,-44,-44,-44,-44,-44,-44,4,4,4,4,3,1,4,4,4,4,2,2,2,-44,-44,-44,-44,-44,-44,"-44",-44,-44,-44,-44,-44,-44,"-44",2,2,-44,-44,2,2,-44,-44,-44,-44,"-44",-44,-44,-44,-44,"-44",-44,-44,-44,-44,"-44",-44,-44,-44,-44,"-44",-44,-44,-44,-44,"-44",-44,-44,-44,-44,"-44",-44,"-44",-44,"-44",-44,-44,-44,-44,2,2,-44,-44,-44,-44,-44,"-44",-44,-44,-44,-44,-44,"-44",-44,-44,-44,-44,-44,-44,-44,-44,-44,-44,-44,-44,-44,-44,-44,-44,-44,-44,-44,-44,-44,-44,2,2,-44,-44,4,4,2,4,4,2,-44,-44,-44,-44,-44,3,3,3,3,3,3,3,3,3,3,3,3,3,3,3,3,3,3,3,1,"-44",2,1,2,2,1,2,1,1,0,2,0,2,1,2,1,1,0,0,0,0,1,2,1,0,3,2,12,6,2160000,900000,4000000,12,6,2180000,900000,4000000,0,2,1,1,2,"MOMBASA",19,"-44","-44",6,113,999,1,-44,1,-44,5,48.3162002563477,"Kenya"
27005,2,2,"M1 through M5",-44,-44,"M6",-44,-44,"-44",2,-44,1995,3,"-44",1,7,5,4,1,1,1,0,1,1,1,1,0,0,0,2,-44,-44,-44,-44,-44,-44,2,-44,-44,-44,-44,-44,-44,1,3,2,3,33.3333333333333,1,2,-44,-44,-44,-44,-44,1,1,1,1,0,0,2,-44,-44,-44,-44,-44,2,-44,-44,-44,-44,-44,2,-44,-44,-44,-44,-44,1,1,0,1,0,0,2,-44,-44,-44,-44,-44,-44,-44,"-44",2,-44,-44,-44,-44,-44,-44,-44,"-44",2,-44,-44,-44,-44,-44,-44,-44,"-44",1,1,2,2,2,1,1,2,"-44",2,-44,-44,-44,-44,-44,-44,-44,"-44",2,-44,-44,-44,-44,-44,-44,-44,"-44",2,-44,-44,-44,-44,-44,-44,-44,"-44",2,-44,-44,-44,-44,-44,-44,-44,"-44",2,-44,-44,-44,-44,-44,-44,-44,"-44",1,1,1,1,1,1,2,2,"-44",1,2,2,1,"Managers",1,2,1,2,2,2,1,6,"Sales workers","Managers","Sales workers",2,2,2,1,2,2,2,1,2,2,1,2,2,2,2,1,1,2,2,2,-44,-44,-44,-44,-44,-44,5,6,1,1,106000,24000,2,2,2,2,1,5,-44,2,1,2,-44,-44,2,5,-44,-44,-44,-44,1,2,1,2,1,1,2,1,1,1,2,2,2,2,2,1,4,2,3,1,106000,24000,2,2,6,5,5,6,1,1,1,2,38,26,1,1,2,2,2,2,2,1,2,2,1,3,3,2,-44,-44,-44,-44,-44,2,-44,-44,1,-44,-44,-44,4,4,4,4,4,4,4,2,3,1,4,4,2,1,3,1,1,1,2,2,2,3,1,-44,2,-44,2,1,1,-44,-44,-44,-44,1,3,4,4,2,4,4,1,4,4,4,4,2,1,-44,-44,-44,-44,-44,-44,"-44",2,1,2,1,2,2,"-44",2,2,-44,-44,2,2,-44,-44,-44,-44,"-44",-44,-44,-44,-44,"-44",-44,-44,-44,-44,"-44",-44,-44,-44,-44,"-44",-44,-44,-44,-44,"-44",-44,-44,-44,-44,"-44",-44,"-44",-44,"-44",-44,-44,-44,-44,2,2,-44,-44,-44,-44,-44,"-44",-44,-44,-44,-44,-44,"-44",-44,-44,-44,-44,-44,-44,-44,-44,-44,-44,-44,-44,-44,-44,-44,-44,-44,-44,-44,-44,-44,-44,2,2,-44,-44,2,2,4,4,4,2,-44,-44,-44,-44,-44,4,1,1,4,1,3,3,3,1,1,1,3,3,3,1,3,3,2,1,4,"-44",2,2,2,1,2,2,3,2,0,2,0,0,1,3,1,0,3,1,1,0,2,2,3,1,0,2,12,5,4397000,1784000,27900000,12,6,4816000,2425000,30800000,100,2,2,1,3,"MOMBASA",7,"-44","-44",6,111,999,1,-44,1,-44,5,48.3162002563477,"Kenya"
27033,1,3,"M1 through M5",-44,-44,"M6",-44,-44,"-44",2,-44,1998,3,"-44",1,7,3,3,0,3,2,1,1,1,0,1,100,100,0,1,2,1,2,0,50,0,1,1,1,1,0,0,0,1,1,1,2,0,0,2,-44,-44,-44,-44,-44,1,1,0,3,0,0,2,-44,-44,-44,-44,-44,2,-44,-44,-44,-44,-44,2,-44,-44,-44,-44,-44,2,-44,-44,-44,-44,-44,2,-44,-44,-44,-44,-44,-44,-44,"-44",1,1,2,2,2,2,2,2,"-44",1,1,2,2,1,1,2,2,"-44",1,1,2,2,2,2,2,2,"-44",2,-44,-44,-44,-44,-44,-44,-44,"-44",1,1,2,2,1,2,2,2,"-44",2,-44,-44,-44,-44,-44,-44,-44,"-44",2,-44,-44,-44,-44,-44,-44,-44,"-44",2,-44,-44,-44,-44,-44,-44,-44,"-44",2,-44,-44,-44,-44,-44,-44,-44,"-44",1,1,1,2,"Professionals",1,2,1,2,2,2,2,6,"Sales workers","Professionals","Sales workers",1,2,2,2,2,2,1,2,2,2,2,2,2,2,1,2,1,2,1,1,90,60,40,60,60,30,5,4,1,1,35000,30000,2,2,1,1,1,5,-44,2,1,2,-44,-44,5,-44,-44,-44,-44,-44,-44,-44,2,2,1,1,2,1,2,2,1,2,2,2,1,1,5,2,1,3,31000,30000,2,2,7,8,6,4,1,1,1,2,36,31,1,1,2,2,2,2,2,1,2,2,2,2,2,1,-44,-44,-44,-44,-44,2,-44,-44,-44,-44,-44,3,4,4,4,4,2,4,4,3,1,4,4,4,2,1,3,1,3,2,2,2,2,1,3,-44,1,-44,2,-44,-44,-44,-44,-44,1,-44,2,4,4,4,4,1,4,4,4,3,4,2,1,-44,-44,-44,-44,-44,-44,"-44",2,2,2,1,1,2,"-44",1,1,40,100,1,1,1,2,2,-44,"-44",1,2,2,-44,"-44",100,-44,-44,-44,"-44",4,-44,-44,-44,"-44",100,-44,-44,-44,"-44",3,-44,-44,-44,"-44",4,"-44",3,"-44",4,3,-44,-44,2,2,-44,-44,-44,-44,-44,"-44",-44,-44,-44,-44,-44,"-44",-44,-44,-44,-44,-44,-44,-44,-44,-44,-44,-44,-44,-44,-44,-44,-44,-44,-44,-44,-44,-44,-44,1,1,4,4,5,4,5,2,4,2,-44,-44,-44,-44,-44,2,3,3,1,4,3,3,3,1,1,1,3,1,3,3,1,3,4,4,2,"-44",2,2,2,2,2,1,1,3,3,4,1,3,1,2,2,3,0,3,0,1,0,3,0,0,3,2,2,5,16480000,6440000,360000000,2,6,16500000,7600000,315000000,100,1,1,1,4,"MOMBASA",7,"-44","-44",6,110,999,2,-44,1,-44,5,48.3162002563477,"Kenya"
21212,1,3,"M1 through M5",-44,-44,"M6",-44,-44,"-44",2,-44,2002,2,"-44",1,10,14,10,4,0,0,0,1,1,1,1,0,0,0,1,3,3,3,33.3333333333333,0,0,1,5,5,5,20,0,0,1,2,1,2,50,0,1,3,3,3,33.3333333333333,0,2,-44,-44,-44,-44,-44,2,-44,-44,-44,-44,-44,2,-44,-44,-44,-44,-44,2,-44,-44,-44,-44,-44,2,-44,-44,-44,-44,-44,1,1,1,1,2,2,1,2,"-44",2,-44,-44,-44,-44,-44,-44,-44,"-44",1,1,2,2,2,2,2,2,"-44",1,1,2,2,1,2,2,2,"-44",1,1,2,2,2,2,2,2,"-44",2,-44,-44,-44,-44,-44,-44,-44,"-44",2,-44,-44,-44,-44,-44,-44,-44,"-44",2,-44,-44,-44,-44,-44,-44,-44,"-44",2,-44,-44,-44,-44,-44,-44,-44,"-44",2,-44,-44,-44,-44,-44,-44,-44,"-44",1,1,1,2,"Professionals",1,1,2,2,2,2,2,5,"Service workers","Professionals","Service workers",2,2,2,1,1,2,1,2,2,2,2,2,2,2,2,1,2,2,2,1,-44,50,50,50,-44,15,5,6,1,2,103000,33000,2,2,2,1,5,-44,-44,-44,-44,-44,-44,-44,5,-44,-44,-44,-44,-44,-44,-44,1,1,1,1,2,1,1,1,2,1,1,1,2,2,2,1,3,1,84000,31000,2,2,7,4,6,6,1,1,1,1,45,38,2,1,1,2,1,1,2,2,2,2,2,2,2,2,1,-44,1,3,-44,-44,-44,-44,-44,-44,-44,-44,4,4,4,4,3,1,4,4,2,4,4,4,1,1,3,2,1,2,2,2,1,3,2,1,2,-44,-44,1,-44,-44,-44,1,-44,-44,4,4,4,3,2,1,4,4,4,4,4,1,2,1,2,2,1,2,2,"-44",-44,-44,-44,-44,-44,-44,"-44",1,1,100,80,2,2,-44,-44,-44,-44,"-44",-44,-44,-44,-44,"-44",-44,-44,-44,-44,"-44",-44,-44,-44,-44,"-44",-44,-44,-44,-44,"-44",-44,-44,-44,-44,"-44",-44,"-44",-44,"-44",-44,-44,-44,-44,2,2,-44,-44,-44,-44,-44,"-44",-44,-44,-44,-44,-44,"-44",-44,-44,-44,-44,-44,-44,-44,-44,-44,-44,-44,-44,-44,-44,-44,-44,-44,-44,-44,-44,-44,-44,1,1,3,888997,5,2,5,5,4,1,5,4,4,3,2,1,1,1,4,3,3,3,3,3,2,2,3,1,3,3,2,3,5,4,1,"-44",2,1,2,1,2,2,1,3,0,0,0,1,2,2,0,3,0,1,1,1,2,2,1,0,2,2,6,15,4410000,1820000,52800000,6,14,3915000,1940000,47616000,0,1,1,1,4,"MOMBASA",10,"-44","-44",14,109,999,1,-44,1,-44,5,48.3162002563477,"Kenya"
98384,1,3,"M1 through M5",-44,-44,"M6",-44,-44,"-44",2,-44,1996,4,"-44",1,9,45,22,23,0,0,0,1,2,2,2,0,0,0,1,8,7,10,25,12.5,0,2,-44,-44,-44,-44,-44,-44,1,32,32,40,62.5,0,1,1,1,1,0,0,1,1,1,2,100,0,2,-44,-44,-44,-44,-44,2,-44,-44,-44,-44,-44,1,1,1,2,0,0,2,-44,-44,-44,-44,-44,2,-44,-44,-44,-44,-44,-44,-44,"-44",1,1,2,2,2,2,2,2,"-44",2,-44,-44,-44,-44,-44,-44,-44,"-44",1,1,2,1,1,2,1,2,"-44",2,-44,-44,-44,-44,-44,-44,-44,"-44",2,-44,-44,-44,-44,-44,-44,-44,"-44",2,-44,-44,-44,-44,-44,-44,-44,"-44",2,-44,-44,-44,-44,-44,-44,-44,"-44",2,-44,-44,-44,-44,-44,-44,-44,"-44",2,-44,-44,-44,-44,-44,-44,-44,"-44",1,1,2,2,"Professionals",1,1,1,2,2,1,2,6,"Sales workers","Professionals","Sales workers",2,2,2,1,2,1,2,2,2,2,2,2,2,2,1,1,2,2,1,2,20,-44,-44,-44,3,-44,6,4,2,2,20000,10000,2,2,1,1,1,2,5,2,1,2,2,1,1,5,-44,1,2,2,-44,-44,2,2,1,1,2,2,2,1,1,2,2,2,2,1,4,2,3,3,20000,10000,2,2,1,12,6,4,1,2,1,2,30,25,2,2,2,2,2,1,2,1,2,2,2,2,2,2,-44,-44,-44,2,-44,1,-44,-44,-44,-44,-44,-44,2,4,4,4,1,4,4,3,4,4,4,4,2,1,3,2,2,2,2,2,2,2,2,-44,1,-44,-44,-44,-44,-44,-44,-44,-44,-44,4,1,4,4,2,3,4,4,4,4,4,2,2,-44,-44,-44,-44,-44,-44,"-44",-44,-44,-44,-44,-44,-44,"-44",2,2,-44,-44,2,2,-44,-44,-44,-44,"-44",-44,-44,-44,-44,"-44",-44,-44,-44,-44,"-44",-44,-44,-44,-44,"-44",-44,-44,-44,-44,"-44",-44,-44,-44,-44,"-44",-44,"-44",-44,"-44",-44,-44,-44,-44,2,2,-44,-44,-44,-44,-44,"-44",-44,-44,-44,-44,-44,"-44",-44,-44,-44,-44,-44,-44,-44,-44,-44,-44,-44,-44,-44,-44,-44,-44,-44,-44,-44,-44,-44,-44,2,2,-44,-44,5,5,5,5,5,2,-44,-44,-44,-44,-44,2,1,1,2,3,3,3,3,3,3,3,3,3,3,3,3,3,3,5,1,"-44",2,1,2,1,1,2,3,1,1,1,1,0,0,0,0,1,1,1,1,1,0,1,1,1,1,1,12,35,20000000,5000000,70000000,12,40,25000000,7000000,80000000,100,1,1,1,3,"NAKURU",9,"-44","-44",45,114,999,1,-44,1,-44,5,48.3162002563477,"Kenya"
27096,2,2,"M1 through M5",-44,-44,"M6",-44,-44,"-44",2,-44,2003,1,"-44",1,7,7,5,2,0,0,0,1,1,1,1,0,0,0,1,2,2,4,50,0,0,2,-44,-44,-44,-44,-44,-44,1,2,2,3,50,0,2,-44,-44,-44,-44,-44,2,-44,-44,-44,-44,-44,2,-44,-44,-44,-44,-44,2,-44,-44,-44,-44,-44,2,-44,-44,-44,-44,-44,1,2,1,2,0,0,1,1,2,2,1,2,2,2,"-44",1,1,1,2,1,2,2,2,"-44",2,-44,-44,-44,-44,-44,-44,-44,"-44",1,1,2,2,2,2,2,2,"-44",2,-44,-44,-44,-44,-44,-44,-44,"-44",2,-44,-44,-44,-44,-44,-44,-44,"-44",2,-44,-44,-44,-44,-44,-44,-44,"-44",2,-44,-44,-44,-44,-44,-44,-44,"-44",2,-44,-44,-44,-44,-44,-44,-44,"-44",1,1,2,1,1,1,2,2,"-44",1,1,2,2,"Professionals",1,2,2,2,2,2,1,4,"Clerical and support workers","Professionals","Clerical and support workers",2,1,2,1,2,2,2,1,2,2,1,2,2,2,2,2,1,2,1,1,50,60,40,60,30,30,6,6,1,1,62000,18000,2,2,1,2,3,5,-44,-44,-44,-44,-44,-44,5,-44,-44,-44,-44,-44,-44,-44,1,1,1,1,2,1,1,1,1,1,2,2,1,1,3,3,2,3,50000,20000,2,2,5,6,6,4,2,2,1,2,27,40,1,1,1,2,1,2,2,1,2,1,1,2,1,2,1,-44,1,-44,-44,1,-44,2,3,-44,1,-44,4,4,4,4,4,1,3,4,4,2,4,4,1,1,1,2,2,3,2,2,1,2,2,1,2,2,-44,-44,-44,-44,-44,3,-44,-44,4,2,4,3,1,4,4,4,4,4,4,2,1,-44,-44,-44,-44,-44,-44,"-44",2,2,1,1,2,2,"-44",1,1,100,100,2,2,-44,-44,-44,-44,"-44",-44,-44,-44,-44,"-44",-44,-44,-44,-44,"-44",-44,-44,-44,-44,"-44",-44,-44,-44,-44,"-44",-44,-44,-44,-44,"-44",-44,"-44",-44,"-44",-44,-44,-44,-44,2,2,-44,-44,-44,-44,-44,"-44",-44,-44,-44,-44,-44,"-44",-44,-44,-44,-44,-44,-44,-44,-44,-44,-44,-44,-44,-44,-44,-44,-44,-44,-44,-44,-44,-44,-44,1,1,3,3,2,4,3,2,3,2,-44,-44,-44,-44,-44,2,3,1,5,5,3,1,2,3,1,3,3,2,2,3,2,3,5,3,2,"-44",2,2,1,1,1,2,3,0,1,3,3,0,0,3,2,3,1,2,0,1,0,0,2,4,1,2,12,9,48000,840000,1665000,12,7,58000,970000,2090000,80,1,2,1,3,"MOMBASA",7,"-44","-44",7,109,999,1,-44,1,-44,5,48.3162002563477,"Kenya"
98373,2,2,"M1 through M5",-44,-44,"M6",-44,-44,"-44",2,-44,1994,4,"-44",1,7,5,3,2,1,1,0,1,1,1,2,0,0,0,1,5,5,10,40,0,0,2,-44,-44,-44,-44,-44,-44,2,-44,-44,-44,-44,-44,2,-44,-44,-44,-44,-44,2,-44,-44,-44,-44,-44,2,-44,-44,-44,-44,-44,2,-44,-44,-44,-44,-44,2,-44,-44,-44,-44,-44,2,-44,-44,-44,-44,-44,2,-44,-44,-44,-44,-44,-44,-44,"-44",1,1,2,2,2,2,2,2,"-44",2,-44,-44,-44,-44,-44,-44,-44,"-44",2,-44,-44,-44,-44,-44,-44,-44,"-44",2,-44,-44,-44,-44,-44,-44,-44,"-44",2,-44,-44,-44,-44,-44,-44,-44,"-44",2,-44,-44,-44,-44,-44,-44,-44,"-44",2,-44,-44,-44,-44,-44,-44,-44,"-44",2,-44,-44,-44,-44,-44,-44,-44,"-44",2,-44,-44,-44,-44,-44,-44,-44,"-44",1,1,2,1,"Managers",2,2,2,2,2,2,2,888996,"None","Managers","None",2,2,2,1,2,1,1,2,2,-44,-44,-44,-44,-44,-44,-44,-44,-44,2,-44,-44,-44,-44,-44,-44,-44,6,-44,1,-44,100000,-44,2,-44,1,-44,1,2,5,2,1,2,1,2,-44,-44,-44,-44,-44,-44,-44,-44,2,2,2,1,2,1,1,-44,-44,-44,-44,-44,-44,-44,4,-44,3,-44,100000,-44,2,-44,1,-44,6,-44,1,-44,1,-44,40,-44,1,-44,2,2,2,2,2,2,2,2,2,2,2,2,-44,-44,-44,-44,-44,-44,-44,-44,-44,-44,-44,-44,4,4,4,4,1,4,4,4,2,4,3,4,-44,-44,-44,-44,-44,-44,-44,-44,-44,-44,-44,-44,-44,-44,-44,-44,-44,-44,-44,-44,-44,-44,-44,-44,-44,-44,-44,-44,-44,-44,-44,-44,-44,2,-44,-44,-44,-44,-44,-44,-44,"-44",-44,-44,-44,-44,-44,-44,"-44",2,-44,-44,-44,2,-44,-44,-44,-44,-44,"-44",-44,-44,-44,-44,"-44",-44,-44,-44,-44,"-44",-44,-44,-44,-44,"-44",-44,-44,-44,-44,"-44",-44,-44,-44,-44,"-44",-44,"-44",-44,"-44",-44,-44,-44,-44,2,-44,-44,-44,-44,-44,-44,"-44",-44,-44,-44,-44,-44,"-44",-44,-44,-44,-44,-44,-44,-44,-44,-44,-44,-44,-44,-44,-44,-44,-44,-44,-44,-44,-44,-44,-44,2,-44,-44,-44,5,5,5,5,5,2,-44,-44,-44,-44,-44,5,5,5,5,5,3,3,3,3,3,3,3,3,3,3,3,3,3,4,1,"-44",2,1,1,1,1,2,3,2,2,2,2,2,2,2,2,2,2,2,2,2,2,2,2,2,2,2,12,10,1000000,500000,13000000,12,6,600000,400000,5000000,100,1,2,2,3,"NAKURU",7,"-44","-44",6,114,999,1,-44,1,-44,5,48.3162002563477,"Kenya"
27075,1,3,"M1 through M5",-44,-44,"M6",-44,-44,"-44",2,-44,1988,6,"-44",2,7,19,8,11,0,0,0,1,1,0,1,100,100,0,1,4,4,4,50,0,0,1,7,5,7,57.1428571428571,28.5714285714286,0,1,3,3,3,66.6666666666667,0,2,-44,-44,-44,-44,-44,1,3,3,3,33.3333333333333,0,2,-44,-44,-44,-44,-44,2,-44,-44,-44,-44,-44,1,1,1,1,100,0,2,-44,-44,-44,-44,-44,1,1,1,2,2,2,1,2,"-44",1,1,2,2,1,2,2,2,"-44",1,1,2,2,2,2,2,2,"-44",1,1,2,2,1,2,2,2,"-44",2,-44,-44,-44,-44,-44,-44,-44,"-44",1,1,2,1,2,2,2,2,"-44",2,-44,-44,-44,-44,-44,-44,-44,"-44",2,-44,-44,-44,-44,-44,-44,-44,"-44",1,2,2,2,1,2,2,2,"-44",2,-44,-44,-44,-44,-44,-44,-44,"-44",1,1,1,2,"Professionals",1,2,1,2,2,1,2,6,"Sales workers","Professionals","Sales workers",1,2,2,2,2,2,2,2,2,2,2,2,2,2,2,2,1,2,1,1,70,60,40,60,20,10,5,5,2,2,112000,57000,2,2,2,1,2,1,3,2,1,2,2,1,2,3,5,-44,-44,-44,1,2,1,1,1,1,2,1,1,2,1,2,2,2,1,2,5,3,2,1,102000,49000,2,2,5,12,5,6,1,2,1,1,42,27,2,1,2,2,3,2,1,1,2,2,2,2,2,2,-44,-44,-44,-44,2,1,-44,-44,-44,-44,-44,-44,2,4,4,4,4,4,4,4,3,4,1,4,2,1,1,2,2,1,2,2,2,2,1,-44,1,2,-44,-44,1,-44,-44,-44,-44,1,4,4,4,4,2,4,1,4,3,4,4,2,2,-44,-44,-44,-44,-44,-44,"-44",-44,-44,-44,-44,-44,-44,"-44",2,2,-44,-44,2,2,-44,-44,-44,-44,"-44",-44,-44,-44,-44,"-44",-44,-44,-44,-44,"-44",-44,-44,-44,-44,"-44",-44,-44,-44,-44,"-44",-44,-44,-44,-44,"-44",-44,"-44",-44,"-44",-44,-44,-44,-44,2,2,-44,-44,-44,-44,-44,"-44",-44,-44,-44,-44,-44,"-44",-44,-44,-44,-44,-44,-44,-44,-44,-44,-44,-44,-44,-44,-44,-44,-44,-44,-44,-44,-44,-44,-44,2,2,-44,-44,3,2,5,2,4,2,-44,-44,-44,-44,-44,3,2,4,1,4,3,2,3,1,1,3,3,1,1,3,3,3,2,4,1,"-44",2,2,2,2,2,1,3,2,3,0,0,0,2,3,3,0,0,0,0,0,0,0,3,4,1,1,12,19,11640000,7040000,20330000,12,19,18600000,9680000,25200000,0,1,2,1,4,"MOMBASA",7,"-44","-44",19,111,999,1,-44,1,-44,5,48.3162002563477,"Kenya"
39524,1,3,"M1 through M5",-44,-44,"M6",-44,-44,"-44",2,-44,2011,2,"-44",1,9,25,16,9,5,1,4,1,1,1,1,0,0,0,1,4,2,4,75,50,1,1,18,18,8,27.7777777777778,0,0,1,3,2,4,33.3333333333333,2,1,3,3,4,100,0,1,1,1,2,100,0,2,-44,-44,-44,-44,-44,2,-44,-44,-44,-44,-44,2,-44,-44,-44,-44,-44,2,-44,-44,-44,-44,-44,2,-44,-44,-44,-44,-44,-44,-44,"-44",1,1,2,2,1,1,2,2,"-44",1,1,2,1,1,2,1,2,"-44",1,1,2,1,2,2,2,2,"-44",1,1,2,2,2,2,2,2,"-44",2,-44,-44,-44,-44,-44,-44,-44,"-44",2,-44,-44,-44,-44,-44,-44,-44,"-44",2,-44,-44,-44,-44,-44,-44,-44,"-44",2,-44,-44,-44,-44,-44,-44,-44,"-44",2,-44,-44,-44,-44,-44,-44,-44,"-44",1,1,1,1,"Managers",1,1,1,2,2,2,2,5,"Service workers","Managers","Service workers",1,1,2,2,2,1,2,1,2,2,2,2,2,2,2,1,2,2,2,1,-44,10,90,10,-44,5,6,4,1,2,124200,34600,2,2,2,1,1,2,5,2,2,1,1,2,3,2,1,2,2,1,1,2,1,1,1,2,2,2,1,1,2,2,2,1,2,1,2,2,2,1,124200,29700,2,2,5,6,6,5,2,1,1,1,45,55,1,1,2,1,1,2,2,3,2,2,3,1,1,2,-44,1,3,-44,-44,-44,-44,-44,-44,1,1,-44,3,4,4,1,4,4,2,4,4,4,4,4,2,2,2,3,2,2,3,3,2,3,3,-44,-44,-44,-44,-44,-44,-44,-44,-44,-44,-44,3,4,4,4,2,1,4,4,4,4,4,2,1,-44,-44,-44,-44,-44,-44,"-44",1,2,2,1,1,2,"-44",1,1,100,50,2,2,-44,-44,-44,-44,"-44",-44,-44,-44,-44,"-44",-44,-44,-44,-44,"-44",-44,-44,-44,-44,"-44",-44,-44,-44,-44,"-44",-44,-44,-44,-44,"-44",-44,"-44",-44,"-44",-44,-44,-44,-44,2,2,-44,-44,-44,-44,-44,"-44",-44,-44,-44,-44,-44,"-44",-44,-44,-44,-44,-44,-44,-44,-44,-44,-44,-44,-44,-44,-44,-44,-44,-44,-44,-44,-44,-44,-44,1,1,4,4,2,4,2,5,5,1,5,4,1,4,4,3,3,1,1,1,1,1,3,2,2,1,3,2,1,2,2,1,3,2,1,"-44",2,2,2,2,2,2,0,0,4,2,0,2,0,3,1,0,2,4,1,4,1,2,1,0,0,2,12,32,11093800,11415000,31616000,12,31,10137000,12326400,59385000,70,1,1,1,3,"NAKURU",9,"-44","-44",30,123,202,1,-44,1,-44,5,48.3162002563477,"Kenya"
98358,1,2,"M1 through M5",-44,-44,"M6",-44,-44,"-44",2,-44,2008,2,"-44",1,9,6,3,3,9,4,5,1,2,2,2,0,0,0,2,-44,-44,-44,-44,-44,-44,1,3,3,3,66.6666666666667,0,0,1,2,2,2,100,0,1,6,5,6,66.6666666666667,0,2,-44,-44,-44,-44,-44,2,-44,-44,-44,-44,-44,2,-44,-44,-44,-44,-44,2,-44,-44,-44,-44,-44,1,2,2,2,0,0,1,1,1,2,2,2,2,2,"-44",2,-44,-44,-44,-44,-44,-44,-44,"-44",2,-44,-44,-44,-44,-44,-44,-44,"-44",1,1,2,2,2,2,2,2,"-44",1,1,2,2,2,2,2,2,"-44",2,-44,-44,-44,-44,-44,-44,-44,"-44",2,-44,-44,-44,-44,-44,-44,-44,"-44",2,-44,-44,-44,-44,-44,-44,-44,"-44",2,-44,-44,-44,-44,-44,-44,-44,"-44",2,-44,-44,-44,-44,-44,-44,-44,"-44",1,2,1,3,"Technicians and associate professionals",1,1,2,2,2,2,1,5,"Service workers","Technicians and associate professionals","Service workers",2,2,2,2,2,2,2,1,2,2,2,2,2,2,2,2,1,2,2,1,-44,60,40,60,-44,10,5,5,2,2,40000,25000,2,2,2,2,5,-44,-44,-44,-44,-44,-44,-44,5,-44,-44,-44,-44,-44,-44,-44,2,2,2,2,1,2,1,1,2,2,2,2,2,1,2,1,3,3,40000,25000,2,2,0,0,5,5,1,1,1,1,40,30,1,2,2,2,2,2,2,2,2,2,2,2,3,3,-44,-44,-44,-44,-44,-44,-44,-44,-44,-44,-44,-44,4,4,3,4,4,2,1,4,4,4,4,4,2,2,2,2,2,2,2,2,2,3,3,-44,-44,-44,-44,-44,-44,-44,-44,-44,-44,-44,4,4,3,4,2,1,4,4,4,4,4,2,2,-44,-44,-44,-44,-44,-44,"-44",-44,-44,-44,-44,-44,-44,"-44",2,2,-44,-44,2,2,-44,-44,-44,-44,"-44",-44,-44,-44,-44,"-44",-44,-44,-44,-44,"-44",-44,-44,-44,-44,"-44",-44,-44,-44,-44,"-44",-44,-44,-44,-44,"-44",-44,"-44",-44,"-44",-44,-44,-44,-44,2,2,-44,-44,-44,-44,-44,"-44",-44,-44,-44,-44,-44,"-44",-44,-44,-44,-44,-44,-44,-44,-44,-44,-44,-44,-44,-44,-44,-44,-44,-44,-44,-44,-44,-44,-44,2,2,-44,-44,2,4,2,2,2,2,-44,-44,-44,-44,-44,2,2,2,2,2,3,2,2,3,1,3,3,1,1,3,2,3,3,3,1,"-44",2,1,2,2,2,2,3,1,0,1,0,1,2,4,2,2,2,0,2,0,1,1,0,0,3,2,4,14,4500000,2400000,13000000,4,15,4500000,2100000,13000000,0,1,2,2,4,"MOMBASA",9,"-44","-44",15,113,999,1,-44,1,-44,5,48.3162002563477,"Kenya"
39506,2,3,"M1 through M5",-44,-44,"M6",-44,-44,"-44",2,-44,1981,6,"-44",2,9,22,13,9,0,0,0,1,1,1,1,100,0,0,2,-44,-44,-44,-44,-44,-44,2,-44,-44,-44,-44,-44,-44,1,14,14,6,14.2857142857143,0,2,-44,-44,-44,-44,-44,1,5,5,5,100,0,2,-44,-44,-44,-44,-44,1,1,1,1,0,0,2,-44,-44,-44,-44,-44,1,1,1,1,100,0,2,-44,-44,-44,-44,-44,-44,-44,"-44",2,-44,-44,-44,-44,-44,-44,-44,"-44",2,-44,-44,-44,-44,-44,-44,-44,"-44",1,1,2,1,1,2,1,2,"-44",2,-44,-44,-44,-44,-44,-44,-44,"-44",2,-44,-44,-44,-44,-44,-44,-44,"-44",2,-44,-44,-44,-44,-44,-44,-44,"-44",2,-44,-44,-44,-44,-44,-44,-44,"-44",2,-44,-44,-44,-44,-44,-44,-44,"-44",2,-44,-44,-44,-44,-44,-44,-44,"-44",1,2,2,1,"Managers",1,2,1,2,1,2,1,6,"Sales workers","Managers","Sales workers",1,1,1,2,1,1,2,2,1,2,1,1,1,2,1,2,2,2,2,2,-44,-44,-44,-44,-44,-44,5,4,2,2,34800,20200,2,2,1,2,1,5,-44,2,2,1,-44,-44,1,2,5,1,2,2,1,2,1,1,2,2,2,1,1,1,2,1,2,2,1,1,4,3,2,1,34800,22800,2,2,12,4,6,6,1,2,1,1,60,20,2,1,2,2,1,3,2,3,2,1,2,2,3,2,-44,-44,1,-44,-44,-44,-44,1,-44,-44,-44,-44,2,4,4,4,4,4,1,4,4,3,4,4,1,2,1,2,2,2,3,3,1,2,2,1,-44,1,-44,-44,-44,-44,-44,1,-44,-44,4,4,4,4,4,1,4,4,2,3,4,1,2,1,2,2,1,2,2,"-44",-44,-44,-44,-44,-44,-44,"-44",1,1,100,40,2,1,-44,-44,-44,-44,"-44",1,2,2,-44,"-44",-44,-44,-44,-44,"-44",-44,-44,-44,-44,"-44",70,-44,-44,-44,"-44",6,-44,-44,-44,"-44",-44,"-44",1,"-44",-44,6,-44,-44,2,1,-44,-44,-44,-44,-44,"-44",2,1,1,1,2,"-44",-44,-44,-44,-44,-44,-44,-44,-44,-44,-44,-44,40,30,40,-44,-44,6,3,6,-44,-44,15000,1,1,4,2,2,5,5,1,4,1,5,5,2,3,5,1,5,5,5,2,3,3,2,1,1,2,1,3,3,1,1,2,5,3,2,"-44",1,2,2,2,2,2,4,2,3,3,0,0,2,3,2,0,0,1,0,0,1,1,1,1,4,2,1,22,6293700,4060800,58320000,1,22,3648000,3158400,41184000,10,2,2,1,4,"NAKURU",9,"-44","-44",22,122,202,1,-44,1,-44,5,48.3162002563477,"Kenya"
98331,1,4,"M1 through M5",-44,-44,"M6",-44,-44,"-44",2,-44,1940,1,"-44",2,3,6,5,1,0,0,0,2,-44,-44,-44,-44,-44,-44,2,-44,-44,-44,-44,-44,-44,1,1,1,2,0,0,1,1,2,2,3,0,1,2,-44,-44,-44,-44,-44,2,-44,-44,-44,-44,-44,2,-44,-44,-44,-44,-44,2,-44,-44,-44,-44,-44,1,2,2,4,0,1,1,1,1,2,100,0,2,-44,-44,-44,-44,-44,-44,-44,"-44",2,-44,-44,-44,-44,-44,-44,-44,"-44",1,1,2,2,1,1,1,2,"-44",2,-44,-44,-44,-44,-44,-44,-44,"-44",2,-44,-44,-44,-44,-44,-44,-44,"-44",2,-44,-44,-44,-44,-44,-44,-44,"-44",2,-44,-44,-44,-44,-44,-44,-44,"-44",2,-44,-44,-44,-44,-44,-44,-44,"-44",2,-44,-44,-44,-44,-44,-44,-44,"-44",1,1,1,1,1,1,1,2,"-44",2,2,1,3,"Technicians and associate professionals",1,2,2,2,2,1,1,4,"Clerical and support workers","Technicians and associate professionals","Clerical and support workers",2,2,2,2,2,2,2,1,2,2,2,2,2,2,2,2,1,2,2,2,-44,-44,-44,-44,-44,-44,5,5,1,1,30000,25000,2,2,2,1,2,5,-44,-44,-44,-44,1,2,2,1,5,2,1,2,1,2,1,2,1,2,2,2,2,2,1,2,2,2,2,2,1,2,1,2,180000,150000,2,2,0,0,5,4,1,1,1,1,30,28,1,1,2,2,2,2,2,2,2,2,2,2,2,2,-44,-44,-44,-44,-44,-44,-44,-44,-44,-44,-44,-44,4,1,4,4,4,2,4,4,3,4,4,4,2,2,2,2,2,2,2,2,2,2,2,-44,-44,-44,-44,-44,-44,-44,-44,-44,-44,-44,1,4,4,4,4,4,2,3,4,4,4,2,2,-44,-44,-44,-44,-44,-44,"-44",-44,-44,-44,-44,-44,-44,"-44",2,2,-44,-44,2,2,-44,-44,-44,-44,"-44",-44,-44,-44,-44,"-44",-44,-44,-44,-44,"-44",-44,-44,-44,-44,"-44",-44,-44,-44,-44,"-44",-44,-44,-44,-44,"-44",-44,"-44",-44,"-44",-44,-44,-44,-44,2,2,-44,-44,-44,-44,-44,"-44",-44,-44,-44,-44,-44,"-44",-44,-44,-44,-44,-44,-44,-44,-44,-44,-44,-44,-44,-44,-44,-44,-44,-44,-44,-44,-44,-44,-44,2,2,-44,-44,2,5,4,2,5,2,-44,-44,-44,-44,-44,1,1,1,1,4,3,3,3,3,1,3,3,1,1,1,3,1,2,4,2,"-44",1,2,1,2,2,2,3,1,1,3,1,1,3,1,3,3,3,1,0,3,3,3,1,2,2,2,12,10,5000000,1000000,2000000,12,6,3000000,500000,1000000,30,1,2,1,2,"MOMBASA",3,"-44","-44",6,104,999,1,-44,1,-44,5,48.3162002563477,"Kenya"
38111,2,2,"M1 through M5",-44,-44,"M6",-44,-44,"-44",2,-44,1997,3,"-44",1,7,10,8,2,0,0,0,1,1,1,1,0,0,0,2,-44,-44,-44,-44,-44,-44,2,-44,-44,-44,-44,-44,-44,2,-44,-44,-44,-44,-44,2,-44,-44,-44,-44,-44,1,8,7,8,25,0,2,-44,-44,-44,-44,-44,2,-44,-44,-44,-44,-44,1,1,1,1,0,0,2,-44,-44,-44,-44,-44,2,-44,-44,-44,-44,-44,-44,-44,"-44",2,-44,-44,-44,-44,-44,-44,-44,"-44",2,-44,-44,-44,-44,-44,-44,-44,"-44",2,-44,-44,-44,-44,-44,-44,-44,"-44",2,-44,-44,-44,-44,-44,-44,-44,"-44",1,1,1,2,2,1,1,2,"-44",2,-44,-44,-44,-44,-44,-44,-44,"-44",2,-44,-44,-44,-44,-44,-44,-44,"-44",2,-44,-44,-44,-44,-44,-44,-44,"-44",2,-44,-44,-44,-44,-44,-44,-44,"-44",1,2,2,1,"Managers",2,2,1,2,2,1,2,6,"Sales workers","Managers","Sales workers",2,1,2,2,2,2,2,2,2,2,2,2,2,2,2,1,1,2,2,1,-44,50,50,50,-44,5,6,6,1,1,43000,13000,2,2,1,2,1,3,2,2,2,1,1,2,1,3,2,1,2,2,1,2,1,1,1,2,2,1,1,1,1,2,2,2,1,2,3,3,3,1,43000,14000,2,2,7,6,6,6,2,1,1,1,54,21,1,1,2,2,3,1,2,2,2,2,1,1,1,2,-44,-44,-44,1,-44,-44,-44,-44,1,1,2,-44,2,4,4,3,4,1,4,4,4,4,4,4,2,2,3,2,1,2,2,2,2,1,3,-44,-44,-44,-44,2,-44,-44,-44,-44,1,-44,2,4,4,4,1,3,4,4,4,4,4,2,1,-44,-44,-44,-44,-44,-44,"-44",2,2,2,1,2,2,"-44",2,2,-44,-44,2,2,-44,-44,-44,-44,"-44",-44,-44,-44,-44,"-44",-44,-44,-44,-44,"-44",-44,-44,-44,-44,"-44",-44,-44,-44,-44,"-44",-44,-44,-44,-44,"-44",-44,"-44",-44,"-44",-44,-44,-44,-44,2,2,-44,-44,-44,-44,-44,"-44",-44,-44,-44,-44,-44,"-44",-44,-44,-44,-44,-44,-44,-44,-44,-44,-44,-44,-44,-44,-44,-44,-44,-44,-44,-44,-44,-44,-44,2,2,-44,-44,4,3,4,1,4,2,-44,-44,-44,-44,-44,5,1,1,1,1,3,3,3,1,1,3,2,3,3,3,2,3,3,2,1,"-44",2,2,2,2,2,2,0,2,1,2,0,0,1,3,2,1,0,0,0,1,0,0,1,2,0,2,12,10,1395000,3610000,7565000,12,15,1335000,4230000,9900000,0,2,2,1,4,"MOMBASA",7,"-44","-44",10,110,999,1,-44,1,-44,5,48.3162002563477,"Kenya"
39558,2,4,"M1 through M5",-44,-44,"M6",-44,-44,"-44",2,-44,2012,1,"-44",1,7,22,18,4,5,2,3,1,1,1,1,100,0,0,1,2,2,2,50,0,0,2,-44,-44,-44,-44,-44,-44,1,18,17,8,22.2222222222222,0,2,-44,-44,-44,-44,-44,1,6,4,7,16.6666666666667,0,2,-44,-44,-44,-44,-44,2,-44,-44,-44,-44,-44,2,-44,-44,-44,-44,-44,2,-44,-44,-44,-44,-44,2,-44,-44,-44,-44,-44,-44,-44,"-44",1,1,1,2,2,2,1,2,"-44",2,-44,-44,-44,-44,-44,-44,-44,"-44",1,1,2,2,1,2,1,2,"-44",2,-44,-44,-44,-44,-44,-44,-44,"-44",1,1,2,1,1,1,1,2,"-44",2,-44,-44,-44,-44,-44,-44,-44,"-44",2,-44,-44,-44,-44,-44,-44,-44,"-44",2,-44,-44,-44,-44,-44,-44,-44,"-44",2,-44,-44,-44,-44,-44,-44,-44,"-44",1,1,2,2,"Professionals",1,2,1,2,2,2,2,4,"Clerical and support workers","Professionals","Clerical and support workers",2,2,1,2,2,1,1,1,2,2,2,2,2,2,2,1,1,2,1,1,80,10,90,10,15,30,6,6,2,2,49300,36600,2,2,1,2,5,-44,-44,-44,-44,-44,-44,-44,1,5,-44,2,2,1,-44,-44,1,1,2,2,2,1,1,1,1,1,2,2,1,1,2,3,1,1,69100,35300,2,2,6,1,6,5,2,1,1,2,34,54,1,1,3,2,1,2,2,3,2,2,2,2,1,1,-44,-44,1,-44,-44,-44,-44,-44,-44,-44,1,3,4,4,4,1,4,2,4,3,4,4,4,4,3,2,3,2,2,3,3,1,2,3,3,-44,-44,-44,-44,-44,-44,-44,3,-44,-44,-44,1,4,4,4,2,4,4,4,3,4,4,2,2,-44,-44,-44,-44,-44,-44,"-44",-44,-44,-44,-44,-44,-44,"-44",2,2,-44,-44,2,2,-44,-44,-44,-44,"-44",-44,-44,-44,-44,"-44",-44,-44,-44,-44,"-44",-44,-44,-44,-44,"-44",-44,-44,-44,-44,"-44",-44,-44,-44,-44,"-44",-44,"-44",-44,"-44",-44,-44,-44,-44,2,2,-44,-44,-44,-44,-44,"-44",-44,-44,-44,-44,-44,"-44",-44,-44,-44,-44,-44,-44,-44,-44,-44,-44,-44,-44,-44,-44,-44,-44,-44,-44,-44,-44,-44,-44,2,2,-44,-44,4,2,4,1,4,2,-44,-44,-44,-44,-44,1,2,1,2,2,3,3,2,1,1,3,3,2,3,1,2,3,5,2,4,"-44",2,1,2,2,1,2,4,4,1,4,1,1,2,1,4,1,3,0,0,0,0,0,1,1,4,1,1,27,2889000,3596400,57330000,1,28,3110400,3428300,7616700,40,1,2,1,4,"NAKURU",7,"-44","-44",27,122,202,1,-44,1,-44,5,48.3162002563477,"Kenya"
98308,1,1,"M1 through M5",-44,-44,"M6",-44,-44,"-44",2,-44,2004,2,"-44",1,19,14,12,2,0,0,0,1,1,1,1,0,100,0,2,-44,-44,-44,-44,-44,-44,2,-44,-44,-44,-44,-44,-44,2,-44,-44,-44,-44,-44,1,2,2,2,100,0,2,-44,-44,-44,-44,-44,2,-44,-44,-44,-44,-44,2,-44,-44,-44,-44,-44,1,11,11,11,0,0,2,-44,-44,-44,-44,-44,2,-44,-44,-44,-44,-44,-44,-44,"-44",2,-44,-44,-44,-44,-44,-44,-44,"-44",2,-44,-44,-44,-44,-44,-44,-44,"-44",2,-44,-44,-44,-44,-44,-44,-44,"-44",2,-44,-44,-44,-44,-44,-44,-44,"-44",2,-44,-44,-44,-44,-44,-44,-44,"-44",2,-44,-44,-44,-44,-44,-44,-44,"-44",2,-44,-44,-44,-44,-44,-44,-44,"-44",1,1,2,2,2,2,1,2,"-44",2,-44,-44,-44,-44,-44,-44,-44,"-44",1,2,2,1,"Managers",2,1,2,2,2,1,2,5,"Service workers","Managers","Service workers",1,2,2,2,2,1,2,2,2,1,2,2,2,2,2,2,2,2,2,2,-44,-44,-44,-44,-44,-44,5,5,1,2,50000,15000,2,2,1,2,2,5,-44,-44,-44,-44,1,2,5,-44,-44,-44,-44,-44,-44,-44,2,1,2,1,1,2,1,2,2,2,2,2,2,1,2,1,1,1,55000,17000,2,2,0,0,6,5,1,1,1,1,32,28,1,2,2,2,3,2,2,2,2,2,2,2,1,2,-44,-44,-44,-44,-44,-44,-44,-44,-44,-44,2,-44,4,1,4,2,4,3,4,4,4,4,4,4,2,2,3,2,2,2,2,2,2,3,2,-44,-44,-44,-44,-44,-44,-44,-44,-44,-44,-44,4,1,4,2,4,3,4,4,4,4,4,2,2,-44,-44,-44,-44,-44,-44,"-44",-44,-44,-44,-44,-44,-44,"-44",2,2,-44,-44,2,2,-44,-44,-44,-44,"-44",-44,-44,-44,-44,"-44",-44,-44,-44,-44,"-44",-44,-44,-44,-44,"-44",-44,-44,-44,-44,"-44",-44,-44,-44,-44,"-44",-44,"-44",-44,"-44",-44,-44,-44,-44,2,2,-44,-44,-44,-44,-44,"-44",-44,-44,-44,-44,-44,"-44",-44,-44,-44,-44,-44,-44,-44,-44,-44,-44,-44,-44,-44,-44,-44,-44,-44,-44,-44,-44,-44,-44,2,2,-44,-44,5,5,5,5,5,2,-44,-44,-44,-44,-44,5,2,2,2,4,3,3,3,2,3,3,3,3,3,3,3,3,4,4,1,"-44",1,1,1,1,1,1,0,0,0,2,2,1,0,0,2,2,1,1,1,1,1,1,1,1,1,2,6,14,100000,90000,150000,6,14,100000,95000,170000,0,2,2,2,2,"MOMBASA",19,"-44","-44",14,110,999,1,-44,1,-44,5,48.3162002563477,"Kenya"
98293,1,2,"M1 through M5",-44,-44,"M6",-44,-44,"-44",1,1983,1983,1,"-44",1,7,15,15,0,0,0,0,1,1,1,1,0,100,0,2,-44,-44,-44,-44,-44,-44,1,14,14,14,0,100,0,2,-44,-44,-44,-44,-44,2,-44,-44,-44,-44,-44,2,-44,-44,-44,-44,-44,2,-44,-44,-44,-44,-44,2,-44,-44,-44,-44,-44,2,-44,-44,-44,-44,-44,2,-44,-44,-44,-44,-44,2,-44,-44,-44,-44,-44,-44,-44,"-44",2,-44,-44,-44,-44,-44,-44,-44,"-44",1,2,1,2,2,2,2,2,"-44",2,-44,-44,-44,-44,-44,-44,-44,"-44",2,-44,-44,-44,-44,-44,-44,-44,"-44",2,-44,-44,-44,-44,-44,-44,-44,"-44",2,-44,-44,-44,-44,-44,-44,-44,"-44",2,-44,-44,-44,-44,-44,-44,-44,"-44",2,-44,-44,-44,-44,-44,-44,-44,"-44",2,-44,-44,-44,-44,-44,-44,-44,"-44",1,2,1,1,"Managers",2,2,2,2,2,2,2,888996,"None","Managers","None",1,2,2,2,2,2,2,2,2,-44,-44,-44,-44,-44,-44,-44,-44,-44,2,-44,-44,-44,-44,-44,-44,-44,5,-44,1,-44,40000,-44,2,-44,2,-44,1,2,5,2,1,2,1,2,-44,-44,-44,-44,-44,-44,-44,-44,2,2,2,2,2,2,1,-44,-44,-44,-44,-44,-44,-44,1,-44,2,-44,40000,-44,2,-44,0,-44,5,-44,1,-44,1,-44,35,-44,1,-44,2,2,3,2,2,2,2,2,2,2,1,2,-44,-44,-44,-44,-44,-44,-44,-44,-44,-44,1,-44,1,4,4,2,4,4,3,4,4,4,4,4,-44,-44,-44,-44,-44,-44,-44,-44,-44,-44,-44,-44,-44,-44,-44,-44,-44,-44,-44,-44,-44,-44,-44,-44,-44,-44,-44,-44,-44,-44,-44,-44,-44,2,-44,-44,-44,-44,-44,-44,-44,"-44",-44,-44,-44,-44,-44,-44,"-44",1,-44,100,-44,2,-44,-44,-44,-44,-44,"-44",-44,-44,-44,-44,"-44",-44,-44,-44,-44,"-44",-44,-44,-44,-44,"-44",-44,-44,-44,-44,"-44",-44,-44,-44,-44,"-44",-44,"-44",-44,"-44",-44,-44,-44,-44,2,-44,-44,-44,-44,-44,-44,"-44",-44,-44,-44,-44,-44,"-44",-44,-44,-44,-44,-44,-44,-44,-44,-44,-44,-44,-44,-44,-44,-44,-44,-44,-44,-44,-44,-44,-44,1,-44,1,-44,4,4,4,4,4,2,-44,-44,-44,-44,-44,3,2,2,2,4,1,1,3,3,3,3,3,3,3,3,3,3,3,5,1,"-44",2,1,1,1,1,2,0,0,0,0,0,1,0,1,1,1,1,1,1,1,1,1,1,1,1,2,1,15,180000,100000,350000,1,15,180000,112000,400000,0,2,2,2,2,"MOMBASA",7,"-44","-44",15,110,999,1,-44,1,-44,5,48.3162002563477,"Kenya"
21258,2,3,"M1 through M5",-44,-44,"M6",-44,-44,"-44",2,-44,1996,1,"-44",1,8,5,4,1,0,0,0,1,1,1,1,0,0,0,1,1,1,1,0,0,0,1,1,1,1,0,0,0,1,1,0,1,100,0,2,-44,-44,-44,-44,-44,1,1,1,1,0,1,2,-44,-44,-44,-44,-44,2,-44,-44,-44,-44,-44,2,-44,-44,-44,-44,-44,2,-44,-44,-44,-44,-44,2,-44,-44,-44,-44,-44,-44,-44,"-44",2,-44,-44,-44,-44,-44,-44,-44,"-44",1,1,2,2,2,2,2,2,"-44",1,1,2,2,2,2,1,2,"-44",2,-44,-44,-44,-44,-44,-44,-44,"-44",1,1,2,2,2,2,2,2,"-44",2,-44,-44,-44,-44,-44,-44,-44,"-44",2,-44,-44,-44,-44,-44,-44,-44,"-44",2,-44,-44,-44,-44,-44,-44,-44,"-44",2,-44,-44,-44,-44,-44,-44,-44,"-44",1,1,1,2,"Professionals",1,2,1,2,2,2,2,6,"Sales workers","Professionals","Sales workers",2,1,2,2,2,2,1,1,2,1,2,2,2,1,2,2,1,2,2,1,-44,50,50,50,-44,10,5,6,1,1,32000,9000,2,2,1,1,5,-44,-44,-44,-44,-44,-44,-44,2,5,-44,-44,-44,-44,1,2,1,1,2,1,2,1,2,1,2,1,1,1,2,2,2,2,3,1,32000,9000,2,2,12,12,5,6,1,2,1,1,29,31,1,1,2,2,3,2,3,2,2,2,1,2,3,2,-44,-44,-44,-44,-44,-44,-44,-44,2,-44,-44,-44,1,4,4,4,4,3,4,4,4,4,4,2,1,2,3,1,2,2,2,2,1,2,2,1,-44,-44,1,-44,-44,-44,-44,1,-44,-44,1,3,4,4,4,2,4,4,4,4,4,1,1,2,2,2,1,1,2,"-44",1,2,2,1,1,2,"-44",2,2,-44,-44,2,2,-44,-44,-44,-44,"-44",-44,-44,-44,-44,"-44",-44,-44,-44,-44,"-44",-44,-44,-44,-44,"-44",-44,-44,-44,-44,"-44",-44,-44,-44,-44,"-44",-44,"-44",-44,"-44",-44,-44,-44,-44,2,2,-44,-44,-44,-44,-44,"-44",-44,-44,-44,-44,-44,"-44",-44,-44,-44,-44,-44,-44,-44,-44,-44,-44,-44,-44,-44,-44,-44,-44,-44,-44,-44,-44,-44,-44,2,2,-44,-44,3,2,2,2,2,1,2,5,2,5,3,4,3,1,2,5,3,2,3,2,1,1,3,3,3,3,2,3,3,3,2,"-44",1,2,2,1,2,2,2,0,2,0,2,3,3,1,3,2,0,0,0,0,1,0,2,0,0,2,11,8,225000,33000,4440000,11,5,3710000,44000,6300000,0,1,2,2,4,"MOMBASA",8,"-44","-44",5,111,999,1,-44,1,-44,5,48.3162002563477,"Kenya"
54545,1,2,"M1 through M5",-44,-44,"M6",-44,-44,"-44",2,-44,1995,1,"-44",1,7,11,10,1,2,1,1,1,1,1,1,0,0,0,2,-44,-44,-44,-44,-44,-44,1,1,1,2,0,0,0,2,-44,-44,-44,-44,-44,1,11,11,5,18.1818181818182,0,2,-44,-44,-44,-44,-44,2,-44,-44,-44,-44,-44,2,-44,-44,-44,-44,-44,2,-44,-44,-44,-44,-44,2,-44,-44,-44,-44,-44,2,-44,-44,-44,-44,-44,-44,-44,"-44",2,-44,-44,-44,-44,-44,-44,-44,"-44",1,1,1,1,1,1,2,2,"-44",2,-44,-44,-44,-44,-44,-44,-44,"-44",2,-44,-44,-44,-44,-44,-44,-44,"-44",2,-44,-44,-44,-44,-44,-44,-44,"-44",2,-44,-44,-44,-44,-44,-44,-44,"-44",2,-44,-44,-44,-44,-44,-44,-44,"-44",2,-44,-44,-44,-44,-44,-44,-44,"-44",2,-44,-44,-44,-44,-44,-44,-44,"-44",1,2,1,3,"Technicians and associate professionals",2,1,2,2,2,2,2,5,"Service workers","Technicians and associate professionals","Service workers",2,2,2,1,2,1,2,2,2,2,1,1,2,2,1,2,1,2,1,2,50,-44,-44,-44,5,-44,5,5,1,2,31100,17500,2,2,1,2,5,-44,-44,-44,-44,-44,-44,-44,2,5,-44,-44,-44,-44,2,1,1,1,1,2,2,1,1,2,2,2,2,1,2,2,4,4,3,1,31100,16200,2,2,7,8,6,6,2,2,1,1,35,34,1,2,3,2,1,2,3,1,2,2,2,2,1,2,-44,-44,2,-44,-44,3,-44,-44,-44,-44,3,-44,3,4,4,4,4,1,4,4,4,2,4,4,2,2,1,2,2,1,2,2,2,1,2,-44,-44,1,-44,-44,3,-44,-44,-44,2,-44,1,4,4,4,3,4,4,4,4,2,4,2,1,-44,-44,-44,-44,-44,-44,"-44",1,1,2,2,1,2,"-44",1,1,100,60,1,2,1,1,2,-44,"-44",-44,-44,-44,-44,"-44",100,100,-44,-44,"-44",1,4,-44,-44,"-44",-44,-44,-44,-44,"-44",-44,-44,-44,-44,"-44",5,"-44",-44,"-44",4,-44,-44,-44,1,2,2,1,2,2,2,"-44",-44,-44,-44,-44,-44,"-44",-44,100,-44,-44,-44,-44,3,-44,-44,-44,-44,-44,-44,-44,-44,-44,-44,-44,-44,-44,5000,-44,1,1,4,888997,4,3,2,3,3,1,2,5,2,2,5,5,5,1,3,2,3,2,3,1,3,3,3,3,3,1,3,1,3,3,2,"-44",2,2,2,2,2,1,0,2,0,3,2,1,4,2,1,1,1,4,0,0,0,1,1,0,1,2,12,13,3844800,6451200,69888000,12,13,4913100,8316000,105735000,30,1,1,2,3,"NAKURU",7,"-44","-44",13,123,202,1,-44,1,-44,5,48.3162002563477,"Kenya"
98335,1,3,"M1 through M5",-44,-44,"M6",-44,-44,"-44",2,-44,2006,2,"-44",1,7,6,5,1,4,2,2,1,1,1,1,0,0,0,2,-44,-44,-44,-44,-44,-44,2,-44,-44,-44,-44,-44,-44,1,2,2,2,100,0,1,3,3,4,0,0,1,2,2,3,0,0,2,-44,-44,-44,-44,-44,2,-44,-44,-44,-44,-44,2,-44,-44,-44,-44,-44,1,2,2,2,50,0,2,-44,-44,-44,-44,-44,-44,-44,"-44",2,-44,-44,-44,-44,-44,-44,-44,"-44",2,-44,-44,-44,-44,-44,-44,-44,"-44",1,1,2,2,2,2,2,2,"-44",2,-44,-44,-44,-44,-44,-44,-44,"-44",2,-44,-44,-44,-44,-44,-44,-44,"-44",2,-44,-44,-44,-44,-44,-44,-44,"-44",2,-44,-44,-44,-44,-44,-44,-44,"-44",2,-44,-44,-44,-44,-44,-44,-44,"-44",1,1,2,2,2,2,2,2,"-44",1,2,2,1,"Managers",1,1,1,2,2,2,1,10,"Elementary occupations","Managers","Elementary occupations",2,2,2,2,2,2,2,1,2,2,2,2,2,2,2,2,1,2,2,1,-44,50,50,50,-44,10,6,5,1,2,60000,15000,2,2,2,2,3,5,-44,-44,-44,-44,-44,-44,3,5,-44,-44,-44,-44,-44,-44,2,2,2,1,2,1,1,2,2,2,2,2,2,1,2,1,3,3,60000,17000,2,2,0,6,6,4,1,2,1,1,50,30,1,2,2,2,3,2,2,2,2,2,2,2,3,3,-44,-44,-44,-44,-44,-44,-44,-44,-44,-44,-44,-44,4,4,4,2,4,3,1,4,4,4,4,4,2,3,3,3,2,2,3,3,2,3,3,-44,-44,-44,-44,-44,-44,-44,-44,-44,-44,-44,4,4,4,4,2,1,4,4,3,4,4,2,2,-44,-44,-44,-44,-44,-44,"-44",-44,-44,-44,-44,-44,-44,"-44",2,2,-44,-44,2,2,-44,-44,-44,-44,"-44",-44,-44,-44,-44,"-44",-44,-44,-44,-44,"-44",-44,-44,-44,-44,"-44",-44,-44,-44,-44,"-44",-44,-44,-44,-44,"-44",-44,"-44",-44,"-44",-44,-44,-44,-44,2,2,-44,-44,-44,-44,-44,"-44",-44,-44,-44,-44,-44,"-44",-44,-44,-44,-44,-44,-44,-44,-44,-44,-44,-44,-44,-44,-44,-44,-44,-44,-44,-44,-44,-44,-44,2,2,-44,-44,4,3,3,3,3,2,-44,-44,-44,-44,-44,2,3,4,3,4,3,3,3,3,3,3,3,3,3,3,3,3,4,4,1,"-44",2,1,1,2,2,2,1,0,0,2,1,0,0,2,2,1,1,0,1,0,0,1,0,0,1,2,12,7,3000000,720000,7000000,12,8,3100000,720000,7200000,0,2,2,2,3,"MOMBASA",7,"-44","-44",10,113,999,1,-44,1,-44,5,48.3162002563477,"Kenya"
98385,1,3,"M1 through M5",-44,-44,"M6",-44,-44,"-44",1,1967,1975,2,"-44",1,9,8,3,5,0,0,0,1,1,1,1,0,0,0,2,-44,-44,-44,-44,-44,-44,2,-44,-44,-44,-44,-44,-44,1,1,1,1,100,0,1,4,4,4,100,0,2,-44,-44,-44,-44,-44,2,-44,-44,-44,-44,-44,2,-44,-44,-44,-44,-44,1,1,1,1,0,0,1,1,1,1,0,0,2,-44,-44,-44,-44,-44,-44,-44,"-44",2,-44,-44,-44,-44,-44,-44,-44,"-44",2,-44,-44,-44,-44,-44,-44,-44,"-44",2,-44,-44,-44,-44,-44,-44,-44,"-44",1,1,2,2,2,2,2,2,"-44",2,-44,-44,-44,-44,-44,-44,-44,"-44",2,-44,-44,-44,-44,-44,-44,-44,"-44",2,-44,-44,-44,-44,-44,-44,-44,"-44",2,-44,-44,-44,-44,-44,-44,-44,"-44",2,-44,-44,-44,-44,-44,-44,-44,"-44",1,2,2,1,"Managers",1,1,2,2,2,1,1,5,"Service workers","Managers","Service workers",2,2,2,2,2,2,2,1,2,2,2,2,2,2,2,2,1,2,2,1,-44,80,20,80,-44,10,6,5,1,2,80000,20000,2,2,2,1,3,5,-44,-44,-44,-44,-44,-44,2,5,-44,-44,-44,-44,2,1,2,2,2,1,2,1,1,1,2,2,2,2,2,1,2,1,3,3,80000,24000,2,2,2,8,6,5,1,1,1,1,45,30,1,2,2,2,2,2,2,2,2,2,2,2,2,2,-44,-44,-44,-44,-44,-44,-44,-44,-44,-44,-44,-44,4,4,4,4,4,3,1,4,2,4,4,4,2,2,3,2,2,2,3,2,3,3,3,-44,-44,-44,-44,-44,-44,-44,-44,-44,-44,-44,4,3,4,4,2,1,4,4,4,4,4,2,2,-44,-44,-44,-44,-44,-44,"-44",-44,-44,-44,-44,-44,-44,"-44",2,1,-44,25,2,2,-44,-44,-44,-44,"-44",-44,-44,-44,-44,"-44",-44,-44,-44,-44,"-44",-44,-44,-44,-44,"-44",-44,-44,-44,-44,"-44",-44,-44,-44,-44,"-44",-44,"-44",-44,"-44",-44,-44,-44,-44,2,2,-44,-44,-44,-44,-44,"-44",-44,-44,-44,-44,-44,"-44",-44,-44,-44,-44,-44,-44,-44,-44,-44,-44,-44,-44,-44,-44,-44,-44,-44,-44,-44,-44,-44,-44,2,1,-44,4,2,2,2,4,4,2,-44,-44,-44,-44,-44,2,2,2,2,2,3,3,3,3,3,3,3,3,3,3,3,3,4,4,1,"-44",2,1,1,1,2,2,3,1,0,1,0,0,1,3,1,1,1,0,1,0,1,1,0,0,2,2,12,6,3900000,800000,18000000,12,6,4100000,800000,18000000,25,2,2,3,2,"MOMBASA",9,"-44","-44",8,113,999,1,-44,1,-44,5,48.3162002563477,"Kenya"
71532,1,2,"M1 through M5",-44,-44,"M6",-44,-44,"-44",2,-44,1993,3,"-44",1,13,19,14,5,0,0,0,1,1,1,1,0,0,0,1,12,11,5,8.33333333333333,8.33333333333333,0,1,4,2,4,50,50,0,2,-44,-44,-44,-44,-44,2,-44,-44,-44,-44,-44,2,-44,-44,-44,-44,-44,2,-44,-44,-44,-44,-44,1,2,2,2,100,0,2,-44,-44,-44,-44,-44,2,-44,-44,-44,-44,-44,1,2,1,2,1,2,1,2,"-44",1,1,1,2,2,1,1,2,"-44",1,1,2,2,2,2,1,2,"-44",2,-44,-44,-44,-44,-44,-44,-44,"-44",2,-44,-44,-44,-44,-44,-44,-44,"-44",2,-44,-44,-44,-44,-44,-44,-44,"-44",2,-44,-44,-44,-44,-44,-44,-44,"-44",2,-44,-44,-44,-44,-44,-44,-44,"-44",2,-44,-44,-44,-44,-44,-44,-44,"-44",2,-44,-44,-44,-44,-44,-44,-44,"-44",1,1,1,3,"Technicians and associate professionals",2,2,2,2,1,2,2,8,"Construction, craft, and related trade w","Technicians and associate professionals","Construction, craft, and related trade w",2,2,1,2,2,2,2,1,2,2,2,2,2,2,2,1,2,2,1,2,50,-44,-44,-44,15,-44,4,4,2,1,401400,41800,2,2,1,2,2,3,1,2,1,2,1,2,1,5,-44,2,2,1,-44,-44,1,1,1,1,2,2,1,2,2,2,2,2,2,2,4,3,3,3,424500,36900,2,2,7,7,4,4,1,1,1,2,28,47,1,2,2,2,2,2,3,2,2,3,2,2,2,3,-44,-44,-44,-44,-44,-44,-44,-44,-44,-44,-44,-44,4,4,4,4,4,4,1,3,4,2,4,4,2,2,2,2,2,2,2,3,2,2,3,-44,-44,-44,-44,-44,-44,-44,-44,-44,-44,-44,1,4,4,4,3,4,4,4,2,4,4,1,1,1,2,2,1,1,2,"-44",1,2,2,1,2,2,"-44",2,2,-44,-44,2,2,-44,-44,-44,-44,"-44",-44,-44,-44,-44,"-44",-44,-44,-44,-44,"-44",-44,-44,-44,-44,"-44",-44,-44,-44,-44,"-44",-44,-44,-44,-44,"-44",-44,"-44",-44,"-44",-44,-44,-44,-44,2,2,-44,-44,-44,-44,-44,"-44",-44,-44,-44,-44,-44,"-44",-44,-44,-44,-44,-44,-44,-44,-44,-44,-44,-44,-44,-44,-44,-44,-44,-44,-44,-44,-44,-44,-44,2,2,-44,-44,4,3,3,5,3,1,2,3,4,4,2,4,1,5,5,5,3,3,1,3,3,3,3,2,2,3,3,3,2,5,3,"-44",2,2,2,2,2,2,1,3,3,0,4,4,0,2,4,3,1,1,0,0,1,0,0,3,2,2,1,19,3370500,79200,41850000,1,19,2809800,517800,70070000,10,2,2,1,4,"NAKURU",13,"-44","-44",19,123,202,1,-44,1,-44,5,48.3162002563477,"Kenya"
27027,1,2,"M1 through M5",-44,-44,"M6",-44,-44,"-44",2,-44,1988,2,"-44",1,14,16,6,10,1,1,0,1,1,1,2,100,0,0,1,3,3,5,66.6666666666667,0,0,1,6,6,6,33.3333333333333,0,0,2,-44,-44,-44,-44,-44,1,4,4,4,75,1,1,3,1,5,66.6666666666667,0,2,-44,-44,-44,-44,-44,2,-44,-44,-44,-44,-44,2,-44,-44,-44,-44,-44,2,-44,-44,-44,-44,-44,1,1,1,2,1,2,1,2,"-44",1,1,1,1,2,1,2,2,"-44",2,-44,-44,-44,-44,-44,-44,-44,"-44",2,-44,-44,-44,-44,-44,-44,-44,"-44",2,-44,-44,-44,-44,-44,-44,-44,"-44",1,1,1,2,1,2,1,2,"-44",2,-44,-44,-44,-44,-44,-44,-44,"-44",2,-44,-44,-44,-44,-44,-44,-44,"-44",2,-44,-44,-44,-44,-44,-44,-44,"-44",2,-44,-44,-44,-44,-44,-44,-44,"-44",1,1,1,2,"Professionals",2,1,1,2,2,2,2,5,"Service workers","Professionals","Service workers",2,2,2,2,2,2,1,1,2,2,2,1,2,2,2,2,1,2,1,2,60,-44,-44,-44,30,-44,6,5,1,1,23000,17000,2,2,2,2,1,5,-44,2,1,2,-44,-44,2,3,1,2,1,2,1,2,1,1,1,2,2,2,1,2,2,2,2,2,2,1,5,2,1,1,20000,18000,2,2,0,4,6,4,1,2,1,2,35,40,1,1,1,2,2,2,2,2,2,2,2,2,3,2,2,-44,-44,-44,-44,-44,-44,-44,-44,-44,-44,-44,4,4,4,4,4,1,4,2,4,3,4,4,2,2,3,2,2,2,1,1,2,2,1,-44,-44,-44,-44,-44,-44,2,1,-44,-44,1,4,3,4,4,2,4,1,4,4,4,4,1,2,2,2,2,1,2,2,"-44",-44,-44,-44,-44,-44,-44,"-44",2,2,-44,-44,2,2,-44,-44,-44,-44,"-44",-44,-44,-44,-44,"-44",-44,-44,-44,-44,"-44",-44,-44,-44,-44,"-44",-44,-44,-44,-44,"-44",-44,-44,-44,-44,"-44",-44,"-44",-44,"-44",-44,-44,-44,-44,2,2,-44,-44,-44,-44,-44,"-44",-44,-44,-44,-44,-44,"-44",-44,-44,-44,-44,-44,-44,-44,-44,-44,-44,-44,-44,-44,-44,-44,-44,-44,-44,-44,-44,-44,-44,2,2,-44,-44,5,5,3,3,3,2,-44,-44,-44,-44,-44,2,2,1,5,5,1,3,3,3,3,3,3,3,1,3,3,2,5,5,3,"-44",2,1,1,1,1,2,1,1,3,4,0,0,1,3,1,0,3,0,1,1,0,3,0,0,1,1,12,18,16934000,99910000,151580000,12,17,16763000,98880000,119700000,100,1,1,1,4,"MOMBASA",14,"-44","-44",17,113,999,1,-44,1,-44,5,48.3162002563477,"Kenya"
98392,2,2,"M1 through M5",-44,-44,"M6",-44,-44,"-44",2,-44,2006,1,"-44",1,9,9,5,4,6,2,4,1,2,2,2,0,0,0,2,-44,-44,-44,-44,-44,-44,2,-44,-44,-44,-44,-44,-44,1,3,3,3,100,0,1,7,6,10,57.1428571428571,0,1,1,1,2,0,0,2,-44,-44,-44,-44,-44,2,-44,-44,-44,-44,-44,2,-44,-44,-44,-44,-44,1,2,2,2,50,0,1,1,2,1,2,2,1,2,"-44",2,-44,-44,-44,-44,-44,-44,-44,"-44",2,-44,-44,-44,-44,-44,-44,-44,"-44",1,1,2,2,2,2,2,2,"-44",1,1,2,2,2,2,2,2,"-44",2,-44,-44,-44,-44,-44,-44,-44,"-44",2,-44,-44,-44,-44,-44,-44,-44,"-44",2,-44,-44,-44,-44,-44,-44,-44,"-44",2,-44,-44,-44,-44,-44,-44,-44,"-44",2,-44,-44,-44,-44,-44,-44,-44,"-44",1,2,2,1,"Managers",1,1,1,2,2,2,1,6,"Sales workers","Managers","Sales workers",2,2,2,2,2,2,2,1,2,2,2,2,2,2,2,2,1,2,1,2,50,-44,-44,-44,5,-44,6,5,1,2,55000,25000,2,2,1,1,2,5,-44,-44,-44,-44,1,2,5,-44,-44,-44,-44,-44,-44,-44,2,2,2,1,2,1,1,1,2,2,2,2,1,1,2,2,3,3,60000,28000,2,2,5,0,6,5,1,1,1,1,40,30,1,2,2,2,1,2,2,2,2,2,2,2,1,1,-44,-44,2,-44,-44,-44,-44,-44,-44,-44,2,1,4,4,4,4,4,4,1,3,4,2,4,4,2,2,1,2,2,2,2,2,2,2,1,-44,-44,1,-44,-44,-44,-44,-44,-44,-44,1,4,4,2,4,3,1,4,4,4,4,4,2,2,-44,-44,-44,-44,-44,-44,"-44",-44,-44,-44,-44,-44,-44,"-44",2,2,-44,-44,2,2,-44,-44,-44,-44,"-44",-44,-44,-44,-44,"-44",-44,-44,-44,-44,"-44",-44,-44,-44,-44,"-44",-44,-44,-44,-44,"-44",-44,-44,-44,-44,"-44",-44,"-44",-44,"-44",-44,-44,-44,-44,2,2,-44,-44,-44,-44,-44,"-44",-44,-44,-44,-44,-44,"-44",-44,-44,-44,-44,-44,-44,-44,-44,-44,-44,-44,-44,-44,-44,-44,-44,-44,-44,-44,-44,-44,-44,2,2,-44,-44,2,2,2,2,4,2,-44,-44,-44,-44,-44,1,2,3,3,3,3,3,3,3,3,3,3,1,1,3,3,3,3,3,1,"-44",2,1,1,2,2,2,2,1,0,1,0,1,0,3,1,1,1,0,2,0,1,1,1,0,2,2,12,12,6200000,1500000,11000000,12,14,6350000,2000000,11100000,0,2,2,1,2,"MOMBASA",9,"-44","-44",15,113,999,2,-44,1,-44,5,48.3162002563477,"Kenya"
98253,1,2,"M1 through M5",-44,-44,"M6",-44,-44,"-44",2,-44,1992,2,"family business",1,6,13,8,5,0,0,0,1,1,1,1,0,0,0,1,2,1,2,50,50,0,2,-44,-44,-44,-44,-44,-44,2,-44,-44,-44,-44,-44,1,4,1,2,50,0,2,-44,-44,-44,-44,-44,2,-44,-44,-44,-44,-44,1,4,1,3,25,0,1,1,1,3,0,0,1,1,1,2,100,0,2,-44,-44,-44,-44,-44,-44,-44,"-44",1,1,1,1,1,2,1,2,"-44",2,-44,-44,-44,-44,-44,-44,-44,"-44",2,-44,-44,-44,-44,-44,-44,-44,"-44",1,1,1,1,1,1,1,2,"-44",2,-44,-44,-44,-44,-44,-44,-44,"-44",2,-44,-44,-44,-44,-44,-44,-44,"-44",1,1,1,1,1,1,1,2,"-44",2,-44,-44,-44,-44,-44,-44,-44,"-44",1,1,1,2,2,1,1,2,"-44",1,1,2,1,"Managers",2,1,2,2,1,1,1,10,"Elementary occupations","Managers","Elementary occupations",2,2,1,2,2,1,1,2,2,2,2,1,2,2,1,1,2,2,2,1,-44,50,50,50,-44,40,6,4,1,1,50000,20000,2,2,1,2,5,-44,-44,-44,-44,-44,-44,-44,5,-44,-44,-44,-44,-44,-44,-44,1,1,2,2,1,1,2,2,2,2,2,2,2,1,2,1,1,1,300000,120000,2,2,0,0,6,4,2,1,1,1,40,28,1,1,2,2,1,2,2,2,2,2,2,2,2,2,-44,-44,3,-44,-44,-44,-44,-44,-44,-44,-44,-44,4,2,4,4,1,4,3,4,4,4,4,4,2,2,1,2,2,2,2,2,2,2,2,-44,-44,3,-44,-44,-44,-44,-44,-44,-44,-44,4,4,4,4,4,3,4,2,4,1,4,2,2,-44,-44,-44,-44,-44,-44,"-44",-44,-44,-44,-44,-44,-44,"-44",2,2,-44,-44,2,2,-44,-44,-44,-44,"-44",-44,-44,-44,-44,"-44",-44,-44,-44,-44,"-44",-44,-44,-44,-44,"-44",-44,-44,-44,-44,"-44",-44,-44,-44,-44,"-44",-44,"-44",-44,"-44",-44,-44,-44,-44,2,2,-44,-44,-44,-44,-44,"-44",-44,-44,-44,-44,-44,"-44",-44,-44,-44,-44,-44,-44,-44,-44,-44,-44,-44,-44,-44,-44,-44,-44,-44,-44,-44,-44,-44,-44,2,2,-44,-44,5,5,3,3,3,2,-44,-44,-44,-44,-44,1,1,1,5,5,3,3,3,3,3,3,3,3,3,3,3,3,4,3,2,"-44",2,2,2,1,1,2,3,0,0,1,1,1,2,1,2,1,2,1,0,0,2,3,0,0,0,2,1,10,500000,250000,500000000,1,10,500000,300000,70000000,100,1,1,1,4,"MOMBASA",6,"-44","-44",13,104,999,1,-44,1,-44,5,48.3162002563477,"Kenya"
98300,1,3,"M1 through M5",-44,-44,"M6",-44,-44,"-44",2,-44,2003,2,"-44",1,8,6,4,2,0,0,0,1,1,1,1,0,0,0,2,-44,-44,-44,-44,-44,-44,1,1,1,1,0,0,0,1,2,2,2,100,0,2,-44,-44,-44,-44,-44,1,1,1,1,0,0,2,-44,-44,-44,-44,-44,2,-44,-44,-44,-44,-44,2,-44,-44,-44,-44,-44,1,1,1,1,0,0,2,-44,-44,-44,-44,-44,-44,-44,"-44",2,-44,-44,-44,-44,-44,-44,-44,"-44",2,-44,-44,-44,-44,-44,-44,-44,"-44",1,1,2,2,2,2,2,2,"-44",2,-44,-44,-44,-44,-44,-44,-44,"-44",2,-44,-44,-44,-44,-44,-44,-44,"-44",2,-44,-44,-44,-44,-44,-44,-44,"-44",2,-44,-44,-44,-44,-44,-44,-44,"-44",2,-44,-44,-44,-44,-44,-44,-44,"-44",2,-44,-44,-44,-44,-44,-44,-44,"-44",1,2,1,3,"Technicians and associate professionals",1,2,1,2,2,2,1,10,"Elementary occupations","Technicians and associate professionals","Elementary occupations",2,2,2,2,2,2,2,1,2,2,2,2,2,2,2,2,1,2,2,2,-44,-44,-44,-44,-44,-44,5,4,1,1,40000,15000,2,2,1,1,5,-44,-44,-44,-44,-44,-44,-44,2,5,-44,-44,-44,-44,1,2,1,2,2,2,2,1,1,2,1,2,2,2,2,1,2,1,3,3,45000,15000,2,2,5,0,5,4,1,2,1,1,35,45,1,1,2,2,3,2,2,2,2,2,2,2,3,2,-44,-44,-44,-44,-44,-44,-44,-44,-44,-44,-44,-44,4,4,4,4,4,2,1,3,4,4,4,4,3,2,3,3,1,2,3,2,2,3,3,-44,-44,-44,-44,2,-44,-44,-44,-44,-44,-44,4,3,4,4,2,1,4,4,4,4,4,2,2,-44,-44,-44,-44,-44,-44,"-44",-44,-44,-44,-44,-44,-44,"-44",2,2,-44,-44,2,2,-44,-44,-44,-44,"-44",-44,-44,-44,-44,"-44",-44,-44,-44,-44,"-44",-44,-44,-44,-44,"-44",-44,-44,-44,-44,"-44",-44,-44,-44,-44,"-44",-44,"-44",-44,"-44",-44,-44,-44,-44,2,2,-44,-44,-44,-44,-44,"-44",-44,-44,-44,-44,-44,"-44",-44,-44,-44,-44,-44,-44,-44,-44,-44,-44,-44,-44,-44,-44,-44,-44,-44,-44,-44,-44,-44,-44,2,2,-44,-44,2,3,2,2,4,2,-44,-44,-44,-44,-44,1,1,1,1,1,3,3,3,3,3,3,3,3,3,3,3,3,3,3,1,"-44",2,2,2,1,2,2,2,2,0,1,0,1,1,3,2,1,1,0,1,0,1,2,0,0,2,2,12,6,2520000,840000,5200000,12,6,2700000,900000,5600000,50,2,2,2,3,"MOMBASA",8,"-44","-44",6,113,999,1,-44,1,-44,5,48.3162002563477,"Kenya"
98380,1,2,"M1 through M5",-44,-44,"M6",-44,-44,"-44",2,-44,2014,4,"-44",1,7,15,15,0,0,0,0,1,1,0,1,0,100,0,2,-44,-44,-44,-44,-44,-44,2,-44,-44,-44,-44,-44,-44,2,-44,-44,-44,-44,-44,2,-44,-44,-44,-44,-44,2,-44,-44,-44,-44,-44,2,-44,-44,-44,-44,-44,2,-44,-44,-44,-44,-44,2,-44,-44,-44,-44,-44,1,14,14,20,0,0,1,2,2,2,2,2,2,2,"-44",2,-44,-44,-44,-44,-44,-44,-44,"-44",2,-44,-44,-44,-44,-44,-44,-44,"-44",2,-44,-44,-44,-44,-44,-44,-44,"-44",2,-44,-44,-44,-44,-44,-44,-44,"-44",2,-44,-44,-44,-44,-44,-44,-44,"-44",2,-44,-44,-44,-44,-44,-44,-44,"-44",2,-44,-44,-44,-44,-44,-44,-44,"-44",2,-44,-44,-44,-44,-44,-44,-44,"-44",1,2,2,2,2,2,2,2,"-44",1,2,2,1,"Managers",2,2,2,2,2,2,1,10,"Elementary occupations","Managers","Elementary occupations",2,2,2,2,2,2,2,1,2,2,2,2,2,2,2,2,1,2,2,1,-44,0,100,0,-44,15,5,4,1,1,100000,20000,2,2,2,2,1,2,3,2,1,2,1,2,2,1,5,2,1,2,1,2,2,2,2,1,2,2,2,2,1,2,2,2,2,2,4,1,3,3,200000,60000,2,2,12,24,5,4,1,1,1,2,35,30,1,1,2,2,2,2,2,2,2,2,2,2,2,2,-44,-44,-44,-44,-44,-44,-44,-44,-44,-44,-44,-44,4,4,4,4,1,4,2,4,4,4,3,4,2,1,2,2,2,2,2,2,2,2,2,-44,2,-44,-44,-44,-44,-44,-44,-44,-44,-44,2,1,4,4,4,3,4,4,4,4,4,2,2,-44,-44,-44,-44,-44,-44,"-44",-44,-44,-44,-44,-44,-44,"-44",2,2,-44,-44,2,2,-44,-44,-44,-44,"-44",-44,-44,-44,-44,"-44",-44,-44,-44,-44,"-44",-44,-44,-44,-44,"-44",-44,-44,-44,-44,"-44",-44,-44,-44,-44,"-44",-44,"-44",-44,"-44",-44,-44,-44,-44,2,2,-44,-44,-44,-44,-44,"-44",-44,-44,-44,-44,-44,"-44",-44,-44,-44,-44,-44,-44,-44,-44,-44,-44,-44,-44,-44,-44,-44,-44,-44,-44,-44,-44,-44,-44,2,2,-44,-44,4,5,5,4,5,2,-44,-44,-44,-44,-44,4,2,2,1,1,3,3,3,3,3,3,3,3,3,3,3,3,5,5,1,"-44",2,1,1,1,1,2,3,2,2,1,1,1,1,1,1,1,1,1,1,1,1,1,1,1,1,2,12,13,300000,70000,3000000,12,15,300000,80000,3500000,100,1,2,1,2,"NAKURU",7,"-44","-44",15,114,999,1,-44,1,-44,5,48.3162002563477,"Kenya"
98295,1,3,"M1 through M5",-44,-44,"M6",-44,-44,"-44",2,-44,2002,3,"-44",1,8,7,5,2,13,13,0,1,3,2,3,0,66.6666666666667,0,2,-44,-44,-44,-44,-44,-44,2,-44,-44,-44,-44,-44,-44,1,2,2,2,100,0,1,5,5,5,0,0,2,-44,-44,-44,-44,-44,2,-44,-44,-44,-44,-44,2,-44,-44,-44,-44,-44,1,7,7,7,0,0,1,3,3,3,0,0,1,1,2,2,2,2,2,2,"-44",2,-44,-44,-44,-44,-44,-44,-44,"-44",2,-44,-44,-44,-44,-44,-44,-44,"-44",2,-44,-44,-44,-44,-44,-44,-44,"-44",2,-44,-44,-44,-44,-44,-44,-44,"-44",2,-44,-44,-44,-44,-44,-44,-44,"-44",2,-44,-44,-44,-44,-44,-44,-44,"-44",2,-44,-44,-44,-44,-44,-44,-44,"-44",1,1,2,1,2,1,1,2,"-44",2,-44,-44,-44,-44,-44,-44,-44,"-44",1,2,2,1,"Managers",1,1,2,2,2,1,1,10,"Elementary occupations","Managers","Elementary occupations",2,2,2,2,2,2,1,1,2,2,2,2,2,2,2,2,1,2,1,2,70,-44,-44,-44,45,-44,6,4,1,1,80000,15000,2,2,1,2,5,-44,-44,-44,-44,-44,-44,-44,2,1,5,2,1,2,1,2,2,2,2,1,2,1,1,2,2,2,2,2,2,1,2,1,3,3,80000,15000,2,2,0,0,6,4,1,2,1,1,45,40,1,1,2,2,3,2,2,2,2,2,2,2,3,3,-44,-44,-44,-44,-44,-44,-44,-44,-44,-44,-44,-44,4,4,4,4,4,2,1,3,4,4,4,4,3,2,3,3,2,2,2,2,3,3,3,-44,-44,-44,-44,-44,-44,-44,-44,-44,-44,-44,4,4,4,3,2,1,4,4,4,4,4,2,2,-44,-44,-44,-44,-44,-44,"-44",-44,-44,-44,-44,-44,-44,"-44",1,2,100,-44,2,2,-44,-44,-44,-44,"-44",-44,-44,-44,-44,"-44",-44,-44,-44,-44,"-44",-44,-44,-44,-44,"-44",-44,-44,-44,-44,"-44",-44,-44,-44,-44,"-44",-44,"-44",-44,"-44",-44,-44,-44,-44,2,2,-44,-44,-44,-44,-44,"-44",-44,-44,-44,-44,-44,"-44",-44,-44,-44,-44,-44,-44,-44,-44,-44,-44,-44,-44,-44,-44,-44,-44,-44,-44,-44,-44,-44,-44,1,2,4,-44,3,4,2,3,4,2,-44,-44,-44,-44,-44,3,3,3,3,3,3,3,3,3,3,3,3,3,3,3,3,3,4,3,4,"-44",1,1,2,1,1,2,0,3,0,0,2,1,2,3,3,1,1,0,1,0,1,1,0,0,2,1,12,18,4600000,6000000,50000000,12,20,6000000,4000000,58000000,35,1,1,3,2,"MOMBASA",8,"-44","-44",20,113,999,1,-44,1,-44,5,48.3162002563477,"Kenya"
54507,1,3,"M1 through M5",-44,-44,"M6",-44,-44,"-44",2,-44,1980,1,"-44",1,7,15,13,2,0,0,0,1,1,1,1,0,0,0,1,1,1,1,0,0,0,2,-44,-44,-44,-44,-44,-44,2,-44,-44,-44,-44,-44,1,11,11,2,9.09090909090909,0,2,-44,-44,-44,-44,-44,2,-44,-44,-44,-44,-44,2,-44,-44,-44,-44,-44,1,1,1,1,100,0,1,1,1,1,0,0,1,1,2,2,1,1,1,2,"-44",1,2,2,2,2,2,2,2,"-44",2,-44,-44,-44,-44,-44,-44,-44,"-44",2,-44,-44,-44,-44,-44,-44,-44,"-44",1,1,2,2,1,2,2,2,"-44",2,-44,-44,-44,-44,-44,-44,-44,"-44",2,-44,-44,-44,-44,-44,-44,-44,"-44",2,-44,-44,-44,-44,-44,-44,-44,"-44",1,1,2,1,2,2,2,2,"-44",2,-44,-44,-44,-44,-44,-44,-44,"-44",1,1,2,2,"Professionals",2,1,2,2,2,1,1,10,"Elementary occupations","Professionals","Elementary occupations",2,1,2,2,2,1,2,1,2,2,2,2,2,2,2,1,2,2,1,2,100,-44,-44,-44,30,-44,6,2,1,1,10200,8100,2,2,1,1,3,5,-44,-44,-44,-44,-44,-44,1,5,-44,2,2,1,-44,-44,1,2,1,1,2,1,1,1,2,2,2,2,2,1,2,3,3,1,10200,8100,2,2,2,5,6,3,1,2,2,1,27,45,1,1,2,2,1,2,3,2,2,2,3,2,2,2,-44,-44,1,-44,-44,-44,-44,-44,-44,-44,-44,-44,4,4,4,3,4,1,2,4,4,4,4,4,2,2,2,2,2,2,2,2,2,2,2,-44,-44,-44,-44,-44,-44,-44,-44,-44,-44,-44,4,4,4,1,4,3,4,4,2,4,4,2,2,-44,-44,-44,-44,-44,-44,"-44",-44,-44,-44,-44,-44,-44,"-44",2,2,-44,-44,2,2,-44,-44,-44,-44,"-44",-44,-44,-44,-44,"-44",-44,-44,-44,-44,"-44",-44,-44,-44,-44,"-44",-44,-44,-44,-44,"-44",-44,-44,-44,-44,"-44",-44,"-44",-44,"-44",-44,-44,-44,-44,2,2,-44,-44,-44,-44,-44,"-44",-44,-44,-44,-44,-44,"-44",-44,-44,-44,-44,-44,-44,-44,-44,-44,-44,-44,-44,-44,-44,-44,-44,-44,-44,-44,-44,-44,-44,2,2,-44,-44,2,3,1,3,3,2,-44,-44,-44,-44,-44,1,1,3,1,5,1,3,3,1,1,1,3,2,3,1,2,3,5,4,1,"-44",2,2,2,2,1,2,4,0,4,4,4,0,1,4,4,2,0,4,0,0,4,4,4,4,0,2,12,15,839500,139100,1935800,12,15,760300,112400,1413100,30,1,2,1,4,"NAKURU",7,"-44","-44",15,122,202,1,-44,1,-44,5,48.3162002563477,"Kenya"
98314,1,2,"M1 through M5",-44,-44,"M6",-44,-44,"-44",1,1976,1976,1,"-44",1,6,20,20,0,10,10,0,1,1,1,1,0,100,0,1,20,20,20,0,100,0,1,4,4,4,0,100,0,2,-44,-44,-44,-44,-44,2,-44,-44,-44,-44,-44,2,-44,-44,-44,-44,-44,2,-44,-44,-44,-44,-44,2,-44,-44,-44,-44,-44,1,5,5,5,0,0,2,-44,-44,-44,-44,-44,2,-44,-44,-44,-44,-44,-44,-44,"-44",1,2,1,2,2,2,2,2,"-44",2,-44,-44,-44,-44,-44,-44,-44,"-44",2,-44,-44,-44,-44,-44,-44,-44,"-44",2,-44,-44,-44,-44,-44,-44,-44,"-44",2,-44,-44,-44,-44,-44,-44,-44,"-44",2,-44,-44,-44,-44,-44,-44,-44,"-44",2,-44,-44,-44,-44,-44,-44,-44,"-44",2,-44,-44,-44,-44,-44,-44,-44,"-44",2,-44,-44,-44,-44,-44,-44,-44,"-44",1,1,1,2,"Professionals",2,2,2,2,2,1,2,9,"Plant and machine operators, and assembl","Professionals","Plant and machine operators, and assembl",1,2,2,2,2,2,2,2,2,1,2,2,2,2,2,2,2,2,1,2,100,-44,-44,-44,21,-44,5,5,1,1,20000,10000,1,1,2,2,2,1,5,1,2,2,1,2,2,1,5,2,1,2,1,2,2,2,2,2,2,2,1,2,2,2,2,2,2,1,1,1,1,1,20000,15000,1,1,0,0,5,5,1,1,1,1,25,30,1,1,1,1,3,2,2,2,2,2,2,2,1,2,1,2,-44,-44,-44,-44,-44,-44,-44,-44,1,-44,1,4,4,4,4,4,4,3,4,4,4,2,2,2,3,1,2,2,2,2,2,2,2,-44,-44,-44,2,-44,-44,-44,-44,-44,-44,-44,1,4,4,4,4,2,4,4,4,4,3,2,2,-44,-44,-44,-44,-44,-44,"-44",-44,-44,-44,-44,-44,-44,"-44",2,2,-44,-44,2,2,-44,-44,-44,-44,"-44",-44,-44,-44,-44,"-44",-44,-44,-44,-44,"-44",-44,-44,-44,-44,"-44",-44,-44,-44,-44,"-44",-44,-44,-44,-44,"-44",-44,"-44",-44,"-44",-44,-44,-44,-44,2,2,-44,-44,-44,-44,-44,"-44",-44,-44,-44,-44,-44,"-44",-44,-44,-44,-44,-44,-44,-44,-44,-44,-44,-44,-44,-44,-44,-44,-44,-44,-44,-44,-44,-44,-44,2,2,-44,-44,4,4,4,4,4,2,-44,-44,-44,-44,-44,2,2,2,2,4,1,3,3,1,1,1,1,1,1,1,3,1,4,3,1,"-44",1,1,1,1,1,2,0,0,0,0,0,0,0,0,0,0,0,0,0,0,0,0,0,0,0,2,1,30,400000,500000,12000000,1,30,500000,650000,13500000,0,2,2,2,2,"MOMBASA",6,"-44","-44",30,110,999,1,-44,1,-44,5,48.3162002563477,"Kenya"
27051,2,3,"M1 through M5",-44,-44,"M6",-44,-44,"-44",2,-44,2005,4,"-44",1,8,13,3,10,0,0,0,1,2,2,2,0,0,0,2,-44,-44,-44,-44,-44,-44,2,-44,-44,-44,-44,-44,-44,2,-44,-44,-44,-44,-44,1,9,9,12,100,0,2,-44,-44,-44,-44,-44,2,-44,-44,-44,-44,-44,2,-44,-44,-44,-44,-44,2,-44,-44,-44,-44,-44,1,2,2,2,50,0,2,-44,-44,-44,-44,-44,-44,-44,"-44",2,-44,-44,-44,-44,-44,-44,-44,"-44",2,-44,-44,-44,-44,-44,-44,-44,"-44",2,-44,-44,-44,-44,-44,-44,-44,"-44",1,1,2,2,1,2,1,2,"-44",2,-44,-44,-44,-44,-44,-44,-44,"-44",2,-44,-44,-44,-44,-44,-44,-44,"-44",2,-44,-44,-44,-44,-44,-44,-44,"-44",2,-44,-44,-44,-44,-44,-44,-44,"-44",2,-44,-44,-44,-44,-44,-44,-44,"-44",1,2,2,1,"Managers",2,1,2,2,2,2,1,5,"Service workers","Managers","Service workers",2,2,2,2,2,2,2,1,2,2,2,2,2,2,2,2,1,2,2,1,-44,70,30,70,-44,10,5,5,1,1,44000,12000,2,2,2,1,2,1,3,2,1,2,1,2,3,2,1,2,1,2,2,1,1,2,1,1,2,2,2,1,2,2,2,2,2,2,4,3,1,1,50000,10000,2,2,6,8,5,5,1,1,1,1,38,26,1,2,2,2,3,2,1,1,2,2,1,1,1,1,-44,-44,-44,-44,1,1,-44,-44,1,2,2,1,4,2,4,4,4,3,4,4,4,1,4,4,3,2,2,2,2,2,1,2,1,3,3,-44,-44,-44,-44,-44,-44,1,-44,3,-44,-44,4,1,4,2,4,4,3,4,4,4,4,1,1,2,2,1,1,2,2,"-44",2,1,2,2,2,2,"-44",1,2,30,-44,2,2,-44,-44,-44,-44,"-44",-44,-44,-44,-44,"-44",-44,-44,-44,-44,"-44",-44,-44,-44,-44,"-44",-44,-44,-44,-44,"-44",-44,-44,-44,-44,"-44",-44,"-44",-44,"-44",-44,-44,-44,-44,2,2,-44,-44,-44,-44,-44,"-44",-44,-44,-44,-44,-44,"-44",-44,-44,-44,-44,-44,-44,-44,-44,-44,-44,-44,-44,-44,-44,-44,-44,-44,-44,-44,-44,-44,-44,1,2,4,-44,4,4,3,2,5,2,-44,-44,-44,-44,-44,1,2,1,5,5,3,3,3,2,3,3,2,1,3,3,2,3,2,3,1,"-44",2,1,1,2,1,1,3,3,1,0,0,2,2,2,1,3,0,1,0,1,2,1,0,2,1,2,6,13,1183000,5460000,8100000,6,13,1412000,5280000,7920000,80,1,1,1,3,"MOMBASA",8,"-44","-44",13,112,999,1,-44,1,-44,5,48.3162002563477,"Kenya"
98242,1,2,"M1 through M5",-44,-44,"M6",-44,-44,"-44",2,-44,2009,1,"-44",2,7,6,5,1,0,0,0,1,1,1,1,0,0,1,2,-44,-44,-44,-44,-44,-44,2,-44,-44,-44,-44,-44,-44,1,1,1,2,100,1,1,1,1,2,0,0,1,3,3,5,0,3,2,-44,-44,-44,-44,-44,2,-44,-44,-44,-44,-44,2,-44,-44,-44,-44,-44,2,-44,-44,-44,-44,-44,2,-44,-44,-44,-44,-44,-44,-44,"-44",2,-44,-44,-44,-44,-44,-44,-44,"-44",2,-44,-44,-44,-44,-44,-44,-44,"-44",2,-44,-44,-44,-44,-44,-44,-44,"-44",1,2,1,1,2,2,2,2,"-44",1,1,1,1,2,2,1,2,"-44",2,-44,-44,-44,-44,-44,-44,-44,"-44",2,-44,-44,-44,-44,-44,-44,-44,"-44",2,-44,-44,-44,-44,-44,-44,-44,"-44",2,-44,-44,-44,-44,-44,-44,-44,"-44",1,2,2,1,"Managers",1,1,1,2,2,2,2,6,"Sales workers","Managers","Sales workers",2,2,2,1,1,2,2,1,2,2,2,2,1,1,2,1,2,2,2,1,-44,60,40,60,-44,5,6,6,1,1,500000,30000,2,2,1,1,2,1,5,2,1,2,1,2,2,1,5,2,1,2,1,2,1,1,1,2,2,2,2,2,1,2,2,1,2,1,2,2,1,1,300000,180000,2,2,0,0,6,6,1,1,1,1,38,27,1,1,2,2,2,2,2,2,2,2,2,2,2,2,-44,-44,-44,-44,-44,-44,-44,-44,-44,-44,-44,-44,1,2,3,4,4,4,4,4,4,4,4,4,2,2,2,2,2,2,2,2,2,2,2,-44,-44,-44,-44,-44,-44,-44,-44,-44,-44,-44,4,1,4,2,4,3,4,4,4,4,4,2,2,-44,-44,-44,-44,-44,-44,"-44",-44,-44,-44,-44,-44,-44,"-44",2,2,-44,-44,2,2,-44,-44,-44,-44,"-44",-44,-44,-44,-44,"-44",-44,-44,-44,-44,"-44",-44,-44,-44,-44,"-44",-44,-44,-44,-44,"-44",-44,-44,-44,-44,"-44",-44,"-44",-44,"-44",-44,-44,-44,-44,2,2,-44,-44,-44,-44,-44,"-44",-44,-44,-44,-44,-44,"-44",-44,-44,-44,-44,-44,-44,-44,-44,-44,-44,-44,-44,-44,-44,-44,-44,-44,-44,-44,-44,-44,-44,2,2,-44,-44,5,5,5,5,5,2,-44,-44,-44,-44,-44,1,1,1,1,1,1,3,3,3,3,1,1,3,3,3,3,3,4,5,1,"-44",1,1,2,1,1,2,3,3,3,3,2,2,3,1,3,1,1,1,1,1,1,1,3,1,1,2,6,4,1000000,500000,500000000,6,4,1000000,700000,70000000,100,1,1,1,2,"MOMBASA",7,"-44","-44",6,104,999,2,-44,1,-44,5,48.3162002563477,"Kenya"
38033,1,3,"M1 through M5",-44,-44,"M6",-44,-44,"-44",2,-44,2004,1,"-44",1,7,6,4,2,2,1,1,1,1,1,1,100,0,0,2,-44,-44,-44,-44,-44,-44,2,-44,-44,-44,-44,-44,-44,1,2,2,2,0,0,1,2,1,2,100,0,1,2,1,2,0,0,2,-44,-44,-44,-44,-44,2,-44,-44,-44,-44,-44,2,-44,-44,-44,-44,-44,1,1,1,1,0,0,2,-44,-44,-44,-44,-44,-44,-44,"-44",2,-44,-44,-44,-44,-44,-44,-44,"-44",2,-44,-44,-44,-44,-44,-44,-44,"-44",1,1,2,2,1,2,2,2,"-44",1,1,2,2,1,2,2,2,"-44",1,1,1,2,2,1,1,2,"-44",2,-44,-44,-44,-44,-44,-44,-44,"-44",2,-44,-44,-44,-44,-44,-44,-44,"-44",2,-44,-44,-44,-44,-44,-44,-44,"-44",1,1,2,2,1,2,2,2,"-44",1,2,2,1,"Managers",1,1,1,2,2,2,1,6,"Sales workers","Managers","Sales workers",2,1,2,2,2,2,1,1,2,2,2,2,2,2,2,1,2,2,2,1,-44,50,50,50,-44,10,6,5,1,1,56000,33000,2,2,1,2,5,-44,-44,-44,-44,-44,-44,-44,2,5,-44,-44,-44,-44,1,2,1,1,2,2,2,2,1,2,1,1,2,2,1,1,3,2,3,3,56000,35000,2,2,5,7,6,5,1,1,1,2,35,26,1,1,2,2,1,1,2,1,1,2,2,2,2,1,-44,-44,1,2,-44,2,2,-44,-44,-44,-44,2,4,4,4,4,4,1,4,3,4,2,4,4,2,2,3,2,1,2,2,2,2,3,1,-44,-44,-44,-44,2,-44,-44,-44,-44,-44,1,4,4,4,4,1,4,2,4,3,4,4,2,2,-44,-44,-44,-44,-44,-44,"-44",-44,-44,-44,-44,-44,-44,"-44",1,1,70,50,2,2,-44,-44,-44,-44,"-44",-44,-44,-44,-44,"-44",-44,-44,-44,-44,"-44",-44,-44,-44,-44,"-44",-44,-44,-44,-44,"-44",-44,-44,-44,-44,"-44",-44,"-44",-44,"-44",-44,-44,-44,-44,2,2,-44,-44,-44,-44,-44,"-44",-44,-44,-44,-44,-44,"-44",-44,-44,-44,-44,-44,-44,-44,-44,-44,-44,-44,-44,-44,-44,-44,-44,-44,-44,-44,-44,-44,-44,1,1,4,4,3,5,1,4,4,2,-44,-44,-44,-44,-44,1,1,2,1,4,1,1,3,1,3,3,2,3,3,1,3,3,4,5,4,"-44",2,2,2,1,2,2,0,1,1,3,3,0,3,4,0,0,1,4,0,0,1,0,0,1,1,1,12,12,2775000,66000,10700000,12,8,3120000,96000,11280000,50,1,1,2,3,"MOMBASA",7,"-44","-44",8,111,999,2,-44,1,-44,5,48.3162002563477,"Kenya"
39596,1,2,"M1 through M5",-44,-44,"M6",-44,-44,"-44",2,-44,1996,3,"-44",1,3,23,18,5,2,1,1,1,1,1,1,0,0,0,1,1,1,3,0,0,0,2,-44,-44,-44,-44,-44,-44,1,19,18,14,31.5789473684211,1,2,-44,-44,-44,-44,-44,2,-44,-44,-44,-44,-44,2,-44,-44,-44,-44,-44,2,-44,-44,-44,-44,-44,2,-44,-44,-44,-44,-44,1,4,4,4,0,0,2,-44,-44,-44,-44,-44,-44,-44,"-44",2,-44,-44,-44,-44,-44,-44,-44,"-44",2,-44,-44,-44,-44,-44,-44,-44,"-44",1,1,2,1,1,1,1,2,"-44",2,-44,-44,-44,-44,-44,-44,-44,"-44",2,-44,-44,-44,-44,-44,-44,-44,"-44",2,-44,-44,-44,-44,-44,-44,-44,"-44",2,-44,-44,-44,-44,-44,-44,-44,"-44",2,-44,-44,-44,-44,-44,-44,-44,"-44",1,2,2,2,1,2,1,2,"-44",1,1,2,2,"Professionals",1,2,2,2,2,2,1,4,"Clerical and support workers","Professionals","Clerical and support workers",1,1,1,1,2,2,1,1,2,1,2,2,2,2,2,1,2,1,2,1,-44,60,40,60,-44,30,6,4,1,2,54600,18500,2,2,1,2,1,2,5,1,2,2,1,2,5,-44,-44,-44,-44,-44,-44,-44,1,1,1,2,2,2,1,1,1,2,2,2,2,1,2,3,1,2,54600,17200,2,2,7,0,6,4,2,1,1,1,24,23,1,2,2,2,2,2,2,3,2,2,2,2,2,2,-44,-44,-44,-44,-44,-44,-44,-44,-44,-44,-44,-44,4,4,4,1,4,2,4,3,4,4,4,4,2,1,3,2,3,2,2,2,2,2,1,-44,1,-44,-44,-44,-44,-44,-44,-44,-44,2,4,4,4,4,4,1,2,4,3,4,4,1,2,2,2,1,2,1,2,"-44",-44,-44,-44,-44,-44,-44,"-44",2,2,-44,-44,2,2,-44,-44,-44,-44,"-44",-44,-44,-44,-44,"-44",-44,-44,-44,-44,"-44",-44,-44,-44,-44,"-44",-44,-44,-44,-44,"-44",-44,-44,-44,-44,"-44",-44,"-44",-44,"-44",-44,-44,-44,-44,2,2,-44,-44,-44,-44,-44,"-44",-44,-44,-44,-44,-44,"-44",-44,-44,-44,-44,-44,-44,-44,-44,-44,-44,-44,-44,-44,-44,-44,-44,-44,-44,-44,-44,-44,-44,2,2,-44,-44,4,5,4,2,5,2,-44,-44,-44,-44,-44,3,1,3,1,2,3,2,1,1,3,3,3,1,3,1,2,2,3,4,1,"-44",2,2,2,1,1,1,1,0,1,4,4,0,0,4,0,0,4,1,0,4,0,1,0,1,1,1,6,26,154100,2772000,5144900,6,26,189700,2589900,6646200,20,1,1,1,4,"NAKURU",3,"-44","-44",25,122,202,1,-44,1,-44,5,48.3162002563477,"Kenya"
98340,1,3,"M1 through M5",-44,-44,"M6",-44,-44,"-44",2,-44,2001,3,"-44",1,19,9,7,2,0,0,0,1,1,1,1,0,0,0,2,-44,-44,-44,-44,-44,-44,1,1,1,1,0,0,0,1,2,2,2,100,0,1,2,2,2,0,0,1,2,2,2,0,0,2,-44,-44,-44,-44,-44,2,-44,-44,-44,-44,-44,2,-44,-44,-44,-44,-44,1,1,1,1,0,0,2,-44,-44,-44,-44,-44,-44,-44,"-44",2,-44,-44,-44,-44,-44,-44,-44,"-44",1,1,2,2,2,2,2,2,"-44",2,-44,-44,-44,-44,-44,-44,-44,"-44",2,-44,-44,-44,-44,-44,-44,-44,"-44",1,1,2,2,2,2,2,2,"-44",2,-44,-44,-44,-44,-44,-44,-44,"-44",2,-44,-44,-44,-44,-44,-44,-44,"-44",2,-44,-44,-44,-44,-44,-44,-44,"-44",2,-44,-44,-44,-44,-44,-44,-44,"-44",1,2,1,1,"Managers",1,1,1,2,2,2,1,5,"Service workers","Managers","Service workers",2,2,2,2,2,2,2,1,2,2,2,2,2,2,2,2,1,2,2,2,-44,-44,-44,-44,-44,-44,6,5,1,1,80000,20000,2,2,2,1,3,2,5,-44,-44,-44,1,2,5,-44,-44,-44,-44,-44,-44,-44,2,2,2,1,2,1,1,2,2,2,2,2,2,1,2,1,2,3,80000,20000,2,2,0,4,6,5,1,1,1,1,40,40,1,1,2,2,3,2,2,2,2,2,2,2,3,3,-44,-44,-44,-44,-44,-44,-44,-44,-44,-44,-44,-44,4,4,4,4,3,1,2,4,4,4,4,4,2,2,3,2,2,2,3,3,2,3,3,-44,-44,-44,-44,-44,-44,-44,-44,-44,-44,-44,4,3,4,4,2,1,4,4,4,4,4,2,2,-44,-44,-44,-44,-44,-44,"-44",-44,-44,-44,-44,-44,-44,"-44",2,2,-44,-44,2,2,-44,-44,-44,-44,"-44",-44,-44,-44,-44,"-44",-44,-44,-44,-44,"-44",-44,-44,-44,-44,"-44",-44,-44,-44,-44,"-44",-44,-44,-44,-44,"-44",-44,"-44",-44,"-44",-44,-44,-44,-44,2,2,-44,-44,-44,-44,-44,"-44",-44,-44,-44,-44,-44,"-44",-44,-44,-44,-44,-44,-44,-44,-44,-44,-44,-44,-44,-44,-44,-44,-44,-44,-44,-44,-44,-44,-44,2,2,-44,-44,2,4,3,3,4,2,-44,-44,-44,-44,-44,4,2,2,4,4,3,3,3,3,1,3,3,3,3,3,3,3,4,4,1,"-44",1,1,1,1,2,2,1,0,0,2,1,0,1,3,2,1,2,0,0,0,1,1,0,1,2,2,6,8,2200000,2760000,176000000,6,8,2200000,2760000,181000000,80,1,1,2,3,"MOMBASA",19,"-44","-44",9,113,999,1,-44,1,-44,5,48.3162002563477,"Kenya"
38203,2,2,"M1 through M5",-44,-44,"M6",-44,-44,"-44",2,-44,2004,3,"-44",1,8,9,7,2,8,6,2,1,1,1,1,100,0,0,1,7,6,7,42.8571428571429,14.2857142857143,0,2,-44,-44,-44,-44,-44,-44,1,1,0,1,0,1,1,5,4,5,0,0,2,-44,-44,-44,-44,-44,2,-44,-44,-44,-44,-44,2,-44,-44,-44,-44,-44,1,2,1,2,0,0,1,1,0,1,0,0,2,-44,-44,-44,-44,-44,-44,-44,"-44",1,1,2,2,2,2,2,2,"-44",2,-44,-44,-44,-44,-44,-44,-44,"-44",1,1,2,2,2,2,2,2,"-44",1,1,2,2,2,2,2,2,"-44",2,-44,-44,-44,-44,-44,-44,-44,"-44",2,-44,-44,-44,-44,-44,-44,-44,"-44",2,-44,-44,-44,-44,-44,-44,-44,"-44",1,1,2,2,2,2,2,2,"-44",1,1,2,2,2,2,2,2,"-44",1,1,2,2,"Professionals",1,1,2,2,2,1,1,10,"Elementary occupations","Professionals","Elementary occupations",2,2,2,1,1,1,1,2,2,2,2,2,2,1,2,2,1,2,1,1,75,25,75,25,25,7,5,3,1,1,58000,16000,2,2,2,2,2,1,3,1,2,2,2,1,5,-44,-44,-44,-44,-44,-44,-44,2,1,1,2,1,2,1,1,2,2,2,2,2,1,2,1,3,2,49000,16000,2,2,18,4,5,3,1,2,1,1,19,38,2,1,2,2,2,1,2,2,2,2,1,2,2,1,-44,-44,-44,3,-44,-44,-44,-44,3,-44,-44,1,4,4,4,4,1,4,2,4,3,4,4,4,3,1,2,2,2,2,2,2,2,2,1,-44,1,-44,-44,-44,-44,-44,-44,-44,-44,1,4,4,4,4,3,2,4,4,1,4,4,1,1,1,1,2,1,1,2,"-44",1,2,2,2,2,2,"-44",2,2,-44,-44,2,2,-44,-44,-44,-44,"-44",-44,-44,-44,-44,"-44",-44,-44,-44,-44,"-44",-44,-44,-44,-44,"-44",-44,-44,-44,-44,"-44",-44,-44,-44,-44,"-44",-44,"-44",-44,"-44",-44,-44,-44,-44,2,2,-44,-44,-44,-44,-44,"-44",-44,-44,-44,-44,-44,"-44",-44,-44,-44,-44,-44,-44,-44,-44,-44,-44,-44,-44,-44,-44,-44,-44,-44,-44,-44,-44,-44,-44,2,2,-44,-44,5,3,5,5,4,1,5,5,5,5,2,1,2,1,4,5,2,2,3,2,3,1,3,3,3,3,3,1,1,3,4,"-44",2,2,2,2,1,2,0,0,3,3,0,0,3,1,0,1,2,1,2,2,0,1,0,3,0,1,12,16,13320000,13580000,14550000,12,17,12460000,13950000,15470000,80,1,2,1,4,"MOMBASA",8,"-44","-44",17,114,999,1,-44,1,-44,5,48.3162002563477,"Kenya"
21251,2,3,"M1 through M5",-44,-44,"M6",-44,-44,"-44",2,-44,1995,1,"-44",1,7,16,3,13,0,0,0,1,1,1,1,100,0,0,2,-44,-44,-44,-44,-44,-44,1,3,3,3,66.6666666666667,0,0,1,9,9,9,77.7777777777778,0,1,2,2,4,100,0,1,1,1,2,100,0,2,-44,-44,-44,-44,-44,2,-44,-44,-44,-44,-44,2,-44,-44,-44,-44,-44,2,-44,-44,-44,-44,-44,1,1,2,2,2,2,2,2,"-44",2,-44,-44,-44,-44,-44,-44,-44,"-44",1,1,1,1,1,2,1,2,"-44",1,1,2,2,1,2,1,2,"-44",1,1,2,2,1,2,1,2,"-44",1,1,2,2,1,2,1,2,"-44",2,-44,-44,-44,-44,-44,-44,-44,"-44",2,-44,-44,-44,-44,-44,-44,-44,"-44",2,-44,-44,-44,-44,-44,-44,-44,"-44",2,-44,-44,-44,-44,-44,-44,-44,"-44",1,2,1,1,"Managers",1,1,1,2,2,2,2,6,"Sales workers","Managers","Sales workers",2,2,2,2,2,2,2,2,1,2,1,2,2,2,2,2,2,2,1,1,60,50,50,50,20,20,6,5,2,2,87000,18000,2,2,2,2,1,5,-44,2,2,1,-44,-44,1,2,5,2,1,2,2,1,1,2,1,1,2,1,1,1,1,1,1,2,1,2,4,1,1,3,87000,18000,2,2,7,6,6,5,2,1,1,1,53,25,2,2,1,1,1,2,1,1,2,2,1,3,1,2,1,1,2,-44,1,3,-44,-44,1,-44,2,-44,4,4,4,4,4,4,4,4,3,1,4,2,2,2,1,2,2,1,2,1,3,1,2,-44,-44,1,-44,-44,2,-44,2,-44,1,-44,4,4,4,3,2,4,1,4,4,4,4,2,2,-44,-44,-44,-44,-44,-44,"-44",-44,-44,-44,-44,-44,-44,"-44",2,2,-44,-44,2,2,-44,-44,-44,-44,"-44",-44,-44,-44,-44,"-44",-44,-44,-44,-44,"-44",-44,-44,-44,-44,"-44",-44,-44,-44,-44,"-44",-44,-44,-44,-44,"-44",-44,"-44",-44,"-44",-44,-44,-44,-44,2,2,-44,-44,-44,-44,-44,"-44",-44,-44,-44,-44,-44,"-44",-44,-44,-44,-44,-44,-44,-44,-44,-44,-44,-44,-44,-44,-44,-44,-44,-44,-44,-44,-44,-44,-44,2,2,-44,-44,2,3,2,5,2,2,-44,-44,-44,-44,-44,2,3,4,1,4,3,3,3,3,1,3,1,1,3,3,1,1,5,4,1,"-44",2,2,2,2,2,2,0,3,1,0,0,2,1,0,0,1,2,0,1,1,0,3,0,0,1,1,12,15,112000,560000,7560000,12,16,1320000,672000,10545000,80,1,2,2,4,"MOMBASA",7,"-44","-44",16,114,999,1,-44,1,-44,5,48.3162002563477,"Kenya"
98239,1,2,"M1 through M5",-44,-44,"M6",-44,-44,"-44",1,1996,1996,4,"-44",2,11,15,9,6,0,0,0,1,5,5,5,20,0,0,1,3,3,3,33.3333333333333,0,0,1,2,2,2,0,0,0,1,2,2,2,100,0,2,-44,-44,-44,-44,-44,1,2,2,2,100,0,2,-44,-44,-44,-44,-44,2,-44,-44,-44,-44,-44,1,1,1,1,0,0,2,-44,-44,-44,-44,-44,2,-44,-44,-44,-44,-44,-44,-44,"-44",2,-44,-44,-44,-44,-44,-44,-44,"-44",1,1,1,1,2,2,1,2,"-44",1,1,2,2,2,2,2,2,"-44",2,-44,-44,-44,-44,-44,-44,-44,"-44",2,-44,-44,-44,-44,-44,-44,-44,"-44",2,-44,-44,-44,-44,-44,-44,-44,"-44",2,-44,-44,-44,-44,-44,-44,-44,"-44",2,-44,-44,-44,-44,-44,-44,-44,"-44",2,-44,-44,-44,-44,-44,-44,-44,"-44",1,1,1,3,"Technicians and associate professionals",1,2,1,2,2,1,2,6,"Sales workers","Technicians and associate professionals","Sales workers",2,2,2,2,2,1,1,1,2,2,2,2,2,2,1,1,1,2,1,2,80,-44,-44,-44,30,-44,6,5,1,2,40000,30000,2,2,1,1,5,-44,-44,-44,-44,-44,-44,-44,5,-44,-44,-44,-44,-44,-44,-44,1,2,2,2,2,1,1,2,2,2,2,2,1,1,3,2,3,3,45000,35000,2,2,2,0,6,5,1,1,1,1,35,35,1,2,2,2,3,2,2,2,2,2,2,2,1,2,-44,-44,-44,-44,-44,-44,-44,-44,-44,-44,2,-44,4,4,4,4,3,1,2,4,4,4,4,4,2,2,3,2,2,2,2,2,2,2,3,-44,-44,-44,-44,-44,-44,-44,-44,-44,-44,-44,4,4,4,4,2,1,4,4,4,3,4,2,2,-44,-44,-44,-44,-44,-44,"-44",-44,-44,-44,-44,-44,-44,"-44",1,2,100,-44,2,2,-44,-44,-44,-44,"-44",-44,-44,-44,-44,"-44",-44,-44,-44,-44,"-44",-44,-44,-44,-44,"-44",-44,-44,-44,-44,"-44",-44,-44,-44,-44,"-44",-44,"-44",-44,"-44",-44,-44,-44,-44,2,2,-44,-44,-44,-44,-44,"-44",-44,-44,-44,-44,-44,"-44",-44,-44,-44,-44,-44,-44,-44,-44,-44,-44,-44,-44,-44,-44,-44,-44,-44,-44,-44,-44,-44,-44,1,2,4,-44,1,2,2,2,4,2,-44,-44,-44,-44,-44,2,2,2,3,3,3,3,3,3,3,3,3,3,3,3,3,3,4,4,1,"-44",1,1,1,1,2,2,1,0,0,1,1,1,1,3,2,1,2,0,2,1,2,1,0,0,2,1,12,15,6000000,2000000,32000000,12,15,6200000,2500000,35000000,90,2,1,2,3,"MOMBASA",11,"-44","-44",15,113,999,1,-44,1,-44,5,48.3162002563477,"Kenya"
27076,1,3,"M1 through M5",-44,-44,"M6",-44,-44,"-44",2,-44,1999,3,"-44",1,8,18,16,2,0,0,0,1,1,1,1,100,0,0,2,-44,-44,-44,-44,-44,-44,2,-44,-44,-44,-44,-44,-44,2,-44,-44,-44,-44,-44,2,-44,-44,-44,-44,-44,1,5,5,7,20,0,2,-44,-44,-44,-44,-44,1,8,7,9,0,1,2,-44,-44,-44,-44,-44,1,4,3,4,0,0,2,-44,-44,-44,-44,-44,-44,-44,"-44",2,-44,-44,-44,-44,-44,-44,-44,"-44",2,-44,-44,-44,-44,-44,-44,-44,"-44",2,-44,-44,-44,-44,-44,-44,-44,"-44",2,-44,-44,-44,-44,-44,-44,-44,"-44",1,1,1,1,2,2,1,2,"-44",2,-44,-44,-44,-44,-44,-44,-44,"-44",1,1,2,1,1,2,1,2,"-44",2,-44,-44,-44,-44,-44,-44,-44,"-44",1,1,2,2,1,1,2,2,"-44",1,2,2,1,"Managers",2,2,1,2,1,2,1,6,"Sales workers","Managers","Sales workers",2,1,2,2,2,2,2,1,1,2,2,2,2,2,2,2,1,2,2,1,-44,10,90,10,-44,7,5,4,1,2,131000,17000,2,2,1,1,3,5,-44,-44,-44,-44,-44,-44,1,2,5,1,2,2,2,1,1,1,1,1,2,2,1,2,1,1,2,2,1,1,3,1,3,2,131000,16000,2,2,7,18,5,5,1,1,2,1,48,24,1,2,2,2,3,2,2,1,2,2,1,3,2,2,-44,-44,-44,-44,-44,1,-44,-44,3,-44,-44,-44,4,4,4,4,4,1,2,3,4,4,4,4,2,2,3,2,1,1,2,2,2,2,1,-44,-44,-44,-44,3,1,-44,-44,-44,-44,1,4,4,4,4,3,1,4,4,2,4,4,2,2,-44,-44,-44,-44,-44,-44,"-44",-44,-44,-44,-44,-44,-44,"-44",2,2,-44,-44,2,2,-44,-44,-44,-44,"-44",-44,-44,-44,-44,"-44",-44,-44,-44,-44,"-44",-44,-44,-44,-44,"-44",-44,-44,-44,-44,"-44",-44,-44,-44,-44,"-44",-44,"-44",-44,"-44",-44,-44,-44,-44,2,2,-44,-44,-44,-44,-44,"-44",-44,-44,-44,-44,-44,"-44",-44,-44,-44,-44,-44,-44,-44,-44,-44,-44,-44,-44,-44,-44,-44,-44,-44,-44,-44,-44,-44,-44,2,2,-44,-44,2,2,3,2,4,2,-44,-44,-44,-44,-44,3,1,4,4,5,3,3,3,3,3,3,3,1,1,3,3,3,3,3,2,"-44",2,2,2,2,2,2,1,0,2,1,0,4,1,1,0,0,1,1,0,2,0,0,1,0,1,2,11,19,2760000,2625000,5520000,11,18,3220000,2716000,6300000,80,1,1,1,4,"MOMBASA",8,"-44","-44",18,113,999,2,-44,1,-44,5,48.3162002563477,"Kenya"
98285,1,2,"M1 through M5",-44,-44,"M6",-44,-44,"-44",1,1994,1994,1,"-44",1,7,37,37,0,0,0,0,1,1,1,1,0,100,0,1,35,35,35,0,100,0,2,-44,-44,-44,-44,-44,-44,2,-44,-44,-44,-44,-44,2,-44,-44,-44,-44,-44,2,-44,-44,-44,-44,-44,2,-44,-44,-44,-44,-44,2,-44,-44,-44,-44,-44,1,1,1,1,0,0,2,-44,-44,-44,-44,-44,2,-44,-44,-44,-44,-44,-44,-44,"-44",1,2,2,2,2,2,2,2,"-44",2,-44,-44,-44,-44,-44,-44,-44,"-44",2,-44,-44,-44,-44,-44,-44,-44,"-44",2,-44,-44,-44,-44,-44,-44,-44,"-44",2,-44,-44,-44,-44,-44,-44,-44,"-44",2,-44,-44,-44,-44,-44,-44,-44,"-44",2,-44,-44,-44,-44,-44,-44,-44,"-44",1,2,2,2,2,2,2,2,"-44",2,-44,-44,-44,-44,-44,-44,-44,"-44",1,1,2,2,"Professionals",2,2,2,2,2,1,2,9,"Plant and machine operators, and assembl","Professionals","Plant and machine operators, and assembl",1,1,2,2,2,2,1,2,2,1,2,2,2,2,2,1,2,2,2,2,-44,-44,-44,-44,-44,-44,5,5,1,1,20000,17000,1,1,2,2,2,5,-44,-44,-44,-44,1,2,2,5,-44,-44,-44,-44,1,2,2,2,2,1,2,2,1,2,2,2,1,2,2,1,1,1,1,1,21000,18000,1,1,0,0,5,5,1,1,1,1,25,30,1,1,2,2,3,2,2,2,2,2,2,2,3,2,-44,-44,-44,-44,-44,-44,-44,-44,-44,-44,-44,-44,1,4,4,3,2,4,4,4,4,4,4,4,2,2,3,2,2,2,2,2,2,2,2,-44,-44,-44,-44,-44,-44,-44,-44,-44,-44,-44,1,4,4,4,2,4,3,4,4,4,4,2,2,-44,-44,-44,-44,-44,-44,"-44",-44,-44,-44,-44,-44,-44,"-44",2,2,-44,-44,1,2,2,1,2,-44,"-44",-44,-44,-44,-44,"-44",-44,100,-44,-44,"-44",-44,7,-44,-44,"-44",-44,-44,-44,-44,"-44",-44,-44,-44,-44,"-44",4,"-44",-44,"-44",7,-44,-44,-44,2,2,-44,-44,-44,-44,-44,"-44",-44,-44,-44,-44,-44,"-44",-44,-44,-44,-44,-44,-44,-44,-44,-44,-44,-44,-44,-44,-44,-44,-44,-44,-44,-44,-44,-44,-44,1,2,1,-44,5,5,5,5,5,2,-44,-44,-44,-44,-44,1,1,1,1,3,1,3,1,1,1,1,1,1,1,1,3,3,3,3,4,"-44",2,1,1,1,1,1,2,2,2,2,2,2,2,2,2,2,2,2,2,3,3,3,0,0,0,1,1,37,300000,150000,500000,1,37,300000,160000,500000,0,2,2,2,2,"MOMBASA",7,"-44","-44",37,110,999,1,-44,1,-44,5,48.3162002563477,"Kenya"
54707,1,3,"M1 through M5",-44,-44,"M6",-44,-44,"-44",2,-44,1998,1,"-44",1,7,17,13,4,6,2,4,1,2,2,2,100,0,0,2,-44,-44,-44,-44,-44,-44,1,1,1,1,100,0,0,1,13,11,6,38.4615384615385,0,2,-44,-44,-44,-44,-44,1,5,4,5,0,0,2,-44,-44,-44,-44,-44,2,-44,-44,-44,-44,-44,1,1,1,1,0,0,1,1,1,1,0,0,1,1,2,1,2,2,2,2,"-44",2,-44,-44,-44,-44,-44,-44,-44,"-44",2,-44,-44,-44,-44,-44,-44,-44,"-44",1,1,2,1,2,1,2,2,"-44",2,-44,-44,-44,-44,-44,-44,-44,"-44",1,2,2,2,1,1,2,2,"-44",2,-44,-44,-44,-44,-44,-44,-44,"-44",2,-44,-44,-44,-44,-44,-44,-44,"-44",1,2,1,2,2,2,2,2,"-44",2,-44,-44,-44,-44,-44,-44,-44,"-44",1,2,1,1,"Managers",1,2,1,2,2,1,1,9,"Plant and machine operators, and assembl","Managers","Plant and machine operators, and assembl",2,1,2,2,1,2,2,1,2,2,2,1,1,2,1,1,2,2,1,1,30,0,100,0,40,6,6,4,1,1,75700,23800,2,2,1,2,2,3,5,-44,-44,-44,2,1,3,1,5,1,2,2,-44,-44,1,1,1,1,2,2,2,2,1,1,2,2,2,1,4,2,2,2,78100,23800,2,2,2,1,6,4,2,2,1,1,47,22,2,1,2,2,2,3,2,3,2,2,2,2,2,2,-44,-44,-44,-44,-44,-44,-44,-44,-44,-44,-44,-44,1,4,4,4,4,2,4,3,4,4,4,4,2,2,1,2,2,2,3,2,2,2,1,-44,-44,2,-44,-44,-44,-44,-44,-44,-44,1,4,4,4,4,3,2,4,4,1,4,4,1,2,1,2,1,1,2,2,"-44",-44,-44,-44,-44,-44,-44,"-44",2,1,-44,80,2,2,-44,-44,-44,-44,"-44",-44,-44,-44,-44,"-44",-44,-44,-44,-44,"-44",-44,-44,-44,-44,"-44",-44,-44,-44,-44,"-44",-44,-44,-44,-44,"-44",-44,"-44",-44,"-44",-44,-44,-44,-44,2,2,-44,-44,-44,-44,-44,"-44",-44,-44,-44,-44,-44,"-44",-44,-44,-44,-44,-44,-44,-44,-44,-44,-44,-44,-44,-44,-44,-44,-44,-44,-44,-44,-44,-44,-44,2,1,-44,4,4,5,4,2,5,1,4,3,3,3,2,5,5,1,5,3,2,3,1,3,1,2,3,3,2,3,2,1,3,3,1,"-44",2,2,1,2,2,1,4,4,0,2,3,1,1,3,2,0,0,1,0,4,1,3,1,2,4,1,12,24,45562000,266112000,245640000,12,26,48081600,219648000,329670000,70,1,2,1,4,"NAKURU",7,"-44","-44",23,122,202,1,-44,1,-44,5,48.3162002563477,"Kenya"
27047,1,3,"M1 through M5",-44,-44,"M6",-44,-44,"-44",2,-44,1995,4,"-44",1,7,11,6,5,4,2,2,1,1,1,1,0,0,0,1,3,2,6,33.3333333333333,33.3333333333333,0,1,5,5,5,40,0,0,1,3,1,3,66.6666666666667,0,1,3,3,4,66.6666666666667,0,2,-44,-44,-44,-44,-44,2,-44,-44,-44,-44,-44,2,-44,-44,-44,-44,-44,2,-44,-44,-44,-44,-44,2,-44,-44,-44,-44,-44,2,-44,-44,-44,-44,-44,-44,-44,"-44",1,1,2,2,2,1,1,2,"-44",1,1,2,2,2,2,2,2,"-44",1,1,1,1,1,2,1,2,"-44",1,1,2,2,2,2,2,2,"-44",2,-44,-44,-44,-44,-44,-44,-44,"-44",2,-44,-44,-44,-44,-44,-44,-44,"-44",2,-44,-44,-44,-44,-44,-44,-44,"-44",2,-44,-44,-44,-44,-44,-44,-44,"-44",2,-44,-44,-44,-44,-44,-44,-44,"-44",1,1,1,2,"Professionals",1,1,2,2,2,2,2,5,"Service workers","Professionals","Service workers",2,2,2,2,2,2,1,2,2,2,2,2,2,2,2,1,1,2,1,1,70,50,50,50,15,15,6,6,1,2,103000,39000,2,2,2,2,2,5,-44,-44,-44,-44,2,1,1,2,5,2,1,2,2,1,2,1,2,1,2,1,2,1,1,2,2,2,2,1,5,1,1,2,94000,35000,2,2,12,0,6,4,1,1,1,1,48,33,2,2,3,2,2,2,2,2,2,2,1,2,2,1,-44,-44,-44,-44,-44,-44,-44,-44,2,-44,-44,2,3,4,4,4,4,2,1,4,4,4,4,4,2,2,2,2,1,2,2,2,2,2,1,-44,-44,-44,-44,2,-44,-44,-44,-44,-44,2,4,4,4,2,1,3,4,4,4,4,4,2,1,-44,-44,-44,-44,-44,-44,"-44",2,1,2,2,1,2,"-44",2,2,-44,-44,2,2,-44,-44,-44,-44,"-44",-44,-44,-44,-44,"-44",-44,-44,-44,-44,"-44",-44,-44,-44,-44,"-44",-44,-44,-44,-44,"-44",-44,-44,-44,-44,"-44",-44,"-44",-44,"-44",-44,-44,-44,-44,2,2,-44,-44,-44,-44,-44,"-44",-44,-44,-44,-44,-44,"-44",-44,-44,-44,-44,-44,-44,-44,-44,-44,-44,-44,-44,-44,-44,-44,-44,-44,-44,-44,-44,-44,-44,2,2,-44,-44,2,4,5,2,2,2,-44,-44,-44,-44,-44,5,3,1,1,3,1,3,3,3,3,1,2,3,1,1,1,3,3,4,1,"-44",1,2,2,1,2,2,1,0,0,2,3,2,2,4,2,0,1,0,3,4,0,1,1,0,1,1,12,17,3738000,2240000,49440000,12,15,4568000,2160000,53072000,50,1,1,1,3,"MOMBASA",7,"-44","-44",15,109,999,1,-44,1,-44,5,48.3162002563477,"Kenya"
60561,1,2,"M1 through M5",-44,-44,"M6",-44,-44,"-44",2,-44,2006,1,"-44",1,7,11,7,4,0,0,0,1,1,1,1,0,0,0,2,-44,-44,-44,-44,-44,-44,1,1,1,1,100,0,0,2,-44,-44,-44,-44,-44,2,-44,-44,-44,-44,-44,1,9,8,4,33.3333333333333,0,2,-44,-44,-44,-44,-44,2,-44,-44,-44,-44,-44,2,-44,-44,-44,-44,-44,2,-44,-44,-44,-44,-44,1,1,1,2,1,2,1,2,"-44",2,-44,-44,-44,-44,-44,-44,-44,"-44",2,-44,-44,-44,-44,-44,-44,-44,"-44",2,-44,-44,-44,-44,-44,-44,-44,"-44",2,-44,-44,-44,-44,-44,-44,-44,"-44",1,1,2,2,2,1,2,2,"-44",2,-44,-44,-44,-44,-44,-44,-44,"-44",2,-44,-44,-44,-44,-44,-44,-44,"-44",2,-44,-44,-44,-44,-44,-44,-44,"-44",2,-44,-44,-44,-44,-44,-44,-44,"-44",1,2,1,3,"Technicians and associate professionals",2,2,1,2,2,2,2,6,"Sales workers","Technicians and associate professionals","Sales workers",2,2,2,2,1,2,1,1,2,2,2,2,2,2,2,1,1,2,2,1,-44,60,40,60,-44,30,5,5,2,1,25500,16500,2,2,2,2,5,-44,-44,-44,-44,-44,-44,-44,5,-44,-44,-44,-44,-44,-44,-44,2,1,1,1,2,1,1,1,2,2,2,1,2,1,4,3,2,1,25500,16900,2,2,8,1,5,5,1,1,2,1,33,26,2,2,2,2,2,2,3,3,3,3,2,2,1,3,-44,-44,-44,-44,-44,-44,-44,-44,-44,-44,1,-44,2,3,4,4,4,4,4,4,4,1,4,4,2,2,1,3,1,2,2,1,3,1,3,-44,-44,1,-44,2,-44,-44,3,-44,3,-44,2,4,4,4,4,4,4,4,1,3,4,1,1,1,1,2,2,2,2,"-44",1,2,1,1,2,2,"-44",2,2,-44,-44,2,2,-44,-44,-44,-44,"-44",-44,-44,-44,-44,"-44",-44,-44,-44,-44,"-44",-44,-44,-44,-44,"-44",-44,-44,-44,-44,"-44",-44,-44,-44,-44,"-44",-44,"-44",-44,"-44",-44,-44,-44,-44,2,2,-44,-44,-44,-44,-44,"-44",-44,-44,-44,-44,-44,"-44",-44,-44,-44,-44,-44,-44,-44,-44,-44,-44,-44,-44,-44,-44,-44,-44,-44,-44,-44,-44,-44,-44,2,2,-44,-44,4,4,4,5,4,1,2,5,2,4,5,3,2,1,3,5,2,1,3,1,3,3,1,2,3,1,3,1,5,2,1,"-44",1,1,1,1,2,2,4,0,1,0,0,2,1,1,0,0,4,0,0,1,0,4,0,4,1,2,1,11,1674100,1543400,66885000,1,11,2862300,1438100,109763000,50,2,2,1,4,"NAKURU",7,"-44","-44",11,122,202,1,-44,1,-44,5,48.3162002563477,"Kenya"
27061,1,2,"M1 through M5",-44,-44,"M6",-44,-44,"-44",2,-44,2001,1,"-44",1,8,11,7,4,0,0,0,1,1,1,1,100,0,0,2,-44,-44,-44,-44,-44,-44,1,5,3,4,40,40,0,2,-44,-44,-44,-44,-44,2,-44,-44,-44,-44,-44,1,5,4,4,20,0,2,-44,-44,-44,-44,-44,2,-44,-44,-44,-44,-44,2,-44,-44,-44,-44,-44,2,-44,-44,-44,-44,-44,2,-44,-44,-44,-44,-44,-44,-44,"-44",2,-44,-44,-44,-44,-44,-44,-44,"-44",1,1,2,2,1,1,2,2,"-44",2,-44,-44,-44,-44,-44,-44,-44,"-44",2,-44,-44,-44,-44,-44,-44,-44,"-44",1,1,1,1,1,2,2,2,"-44",2,-44,-44,-44,-44,-44,-44,-44,"-44",2,-44,-44,-44,-44,-44,-44,-44,"-44",2,-44,-44,-44,-44,-44,-44,-44,"-44",2,-44,-44,-44,-44,-44,-44,-44,"-44",1,2,1,3,"Technicians and associate professionals",2,2,1,2,2,2,2,6,"Sales workers","Technicians and associate professionals","Sales workers",2,2,2,2,2,2,1,1,2,2,1,2,2,2,1,1,2,2,1,1,70,20,80,20,10,15,4,4,2,1,22000,16000,2,2,1,2,3,2,5,-44,-44,-44,1,2,2,5,-44,-44,-44,-44,1,2,1,2,1,2,2,1,1,2,1,1,2,2,1,1,5,2,2,1,19000,18000,2,2,6,12,6,6,2,2,1,1,31,33,1,1,2,2,3,1,1,2,2,2,2,1,3,2,-44,-44,-44,1,1,-44,-44,-44,-44,2,-44,-44,1,4,4,2,4,3,4,4,4,4,4,4,2,3,1,3,3,2,1,2,2,2,1,-44,-44,2,-44,-44,-44,2,-44,-44,-44,2,3,4,4,4,1,4,2,4,4,4,4,1,2,2,2,2,1,2,2,"-44",-44,-44,-44,-44,-44,-44,"-44",2,2,-44,-44,2,2,-44,-44,-44,-44,"-44",-44,-44,-44,-44,"-44",-44,-44,-44,-44,"-44",-44,-44,-44,-44,"-44",-44,-44,-44,-44,"-44",-44,-44,-44,-44,"-44",-44,"-44",-44,"-44",-44,-44,-44,-44,2,2,-44,-44,-44,-44,-44,"-44",-44,-44,-44,-44,-44,"-44",-44,-44,-44,-44,-44,-44,-44,-44,-44,-44,-44,-44,-44,-44,-44,-44,-44,-44,-44,-44,-44,-44,2,2,-44,-44,5,5,3,5,3,2,-44,-44,-44,-44,-44,1,4,5,2,4,3,2,3,1,1,3,2,3,1,3,2,1,2,5,1,"-44",2,2,2,2,2,1,2,2,0,1,3,3,0,2,1,0,1,1,0,1,0,1,3,1,0,2,12,9,1881000,1484000,63700000,12,11,2675000,1344000,103550000,0,1,2,1,4,"MOMBASA",8,"-44","-44",11,113,999,1,-44,1,-44,5,48.3162002563477,"Kenya"
98345,1,2,"M1 through M5",-44,-44,"M6",-44,-44,"-44",2,-44,1995,4,"-44",1,19,16,10,6,0,0,0,1,1,1,1,0,0,0,1,2,2,4,100,0,0,2,-44,-44,-44,-44,-44,-44,1,9,9,10,33.3333333333333,0,2,-44,-44,-44,-44,-44,1,3,3,5,33.3333333333333,0,2,-44,-44,-44,-44,-44,2,-44,-44,-44,-44,-44,2,-44,-44,-44,-44,-44,1,1,1,0,0,0,2,-44,-44,-44,-44,-44,-44,-44,"-44",1,1,2,2,2,2,2,2,"-44",2,-44,-44,-44,-44,-44,-44,-44,"-44",2,-44,-44,-44,-44,-44,-44,-44,"-44",2,-44,-44,-44,-44,-44,-44,-44,"-44",1,1,2,2,2,2,2,2,"-44",2,-44,-44,-44,-44,-44,-44,-44,"-44",2,-44,-44,-44,-44,-44,-44,-44,"-44",2,-44,-44,-44,-44,-44,-44,-44,"-44",2,-44,-44,-44,-44,-44,-44,-44,"-44",1,1,2,2,"Professionals",1,2,1,2,2,2,1,6,"Sales workers","Professionals","Sales workers",2,2,2,1,2,1,2,2,2,2,2,2,1,2,1,1,1,2,1,1,0,90,10,90,14,14,6,5,2,2,50000,20000,2,2,1,1,1,2,5,2,1,2,2,1,5,-44,-44,-44,-44,-44,-44,-44,2,2,1,1,2,2,2,2,1,2,2,2,2,1,5,3,3,3,25000,10000,2,2,12,12,6,5,1,1,1,1,30,25,2,2,2,2,3,2,2,2,2,2,2,2,2,2,-44,-44,-44,-44,-44,-44,-44,-44,-44,-44,-44,-44,2,4,4,4,1,4,4,4,4,4,3,4,2,2,3,2,1,1,1,1,2,2,1,-44,-44,-44,-44,2,2,1,2,-44,-44,1,4,1,4,4,4,2,4,4,4,3,4,2,2,-44,-44,-44,-44,-44,-44,"-44",-44,-44,-44,-44,-44,-44,"-44",2,2,-44,-44,1,2,2,2,1,-44,"-44",-44,-44,-44,-44,"-44",-44,-44,100,-44,"-44",-44,-44,5,-44,"-44",-44,-44,-44,-44,"-44",-44,-44,-44,-44,"-44",1,"-44",-44,"-44",5,-44,0,-44,1,2,2,1,2,2,2,"-44",-44,-44,-44,-44,-44,"-44",-44,100,-44,-44,-44,-44,5,-44,-44,-44,-44,-44,-44,-44,-44,-44,-44,-44,-44,-44,0,-44,1,2,3,-44,5,5,5,5,5,2,-44,-44,-44,-44,-44,4,4,4,4,4,3,3,3,3,3,3,3,3,3,3,3,3,5,5,1,"-44",2,1,1,1,1,1,3,1,1,1,1,1,1,1,1,1,1,1,1,1,1,1,1,1,1,2,12,10,3000000,4000000,8000000,12,14,3000000,2500000,10000000,100,1,2,3,3,"NAKURU",19,"-44","-44",16,114,999,1,-44,1,-44,5,48.3162002563477,"Kenya"
60558,1,3,"M1 through M5",-44,-44,"M6",-44,-44,"-44",2,-44,2011,6,"-44",2,9,12,8,4,5,2,3,1,1,1,1,0,0,0,1,2,2,2,50,0,0,2,-44,-44,-44,-44,-44,-44,1,7,5,7,42.8571428571429,0,2,-44,-44,-44,-44,-44,1,7,6,5,42.8571428571429,0,2,-44,-44,-44,-44,-44,2,-44,-44,-44,-44,-44,2,-44,-44,-44,-44,-44,2,-44,-44,-44,-44,-44,2,-44,-44,-44,-44,-44,-44,-44,"-44",1,1,2,2,1,1,2,2,"-44",2,-44,-44,-44,-44,-44,-44,-44,"-44",1,1,2,1,1,2,1,2,"-44",2,-44,-44,-44,-44,-44,-44,-44,"-44",1,1,2,2,1,1,2,2,"-44",2,-44,-44,-44,-44,-44,-44,-44,"-44",2,-44,-44,-44,-44,-44,-44,-44,"-44",2,-44,-44,-44,-44,-44,-44,-44,"-44",2,-44,-44,-44,-44,-44,-44,-44,"-44",1,1,2,2,"Professionals",1,2,1,2,2,2,2,4,"Clerical and support workers","Professionals","Clerical and support workers",2,2,1,2,2,2,2,1,2,1,1,1,2,1,2,1,1,2,1,1,30,60,40,60,45,15,6,6,1,2,65000,31400,2,2,1,2,2,1,3,2,1,2,2,1,3,5,-44,-44,-44,-44,-44,-44,2,2,1,1,1,1,1,1,1,1,2,2,2,2,2,3,3,3,74200,35000,2,2,12,1,6,4,1,1,1,1,43,36,2,2,2,2,2,1,2,1,2,3,2,2,2,2,-44,-44,-44,3,-44,1,-44,-44,-44,-44,-44,-44,1,4,4,2,4,4,3,4,4,4,4,4,2,2,1,2,2,3,2,2,2,3,2,-44,-44,1,-44,-44,-44,-44,-44,-44,-44,-44,4,2,4,4,4,3,4,4,1,4,4,2,1,-44,-44,-44,-44,-44,-44,"-44",1,2,2,1,1,2,"-44",2,2,-44,-44,2,2,-44,-44,-44,-44,"-44",-44,-44,-44,-44,"-44",-44,-44,-44,-44,"-44",-44,-44,-44,-44,"-44",-44,-44,-44,-44,"-44",-44,-44,-44,-44,"-44",-44,"-44",-44,"-44",-44,-44,-44,-44,2,2,-44,-44,-44,-44,-44,"-44",-44,-44,-44,-44,-44,"-44",-44,-44,-44,-44,-44,-44,-44,-44,-44,-44,-44,-44,-44,-44,-44,-44,-44,-44,-44,-44,-44,-44,2,2,-44,-44,5,4,1,2,4,1,5,1,2,4,2,2,1,1,3,4,1,3,3,2,1,3,2,3,1,2,3,3,3,3,4,"-44",1,2,2,2,2,2,1,0,4,1,4,0,2,1,1,2,1,4,1,4,0,0,1,0,4,2,12,18,2430000,3636400,56784000,12,18,2966400,4083100,8927100,40,1,1,1,3,"NAKURU",9,"-44","-44",17,122,202,1,-44,1,-44,5,48.3162002563477,"Kenya"
98344,1,3,"M1 through M5",-44,-44,"M6",-44,-44,"-44",1,1974,1974,4,"-44",1,7,580,438,142,0,0,0,1,5,5,5,20,0,0,1,60,60,70,33.3333333333333,0,0,1,10,10,10,0,0,0,1,45,45,50,33.3333333333333,0,1,160,160,160,45.625,0,1,70,70,80,21.4285714285714,0,2,-44,-44,-44,-44,-44,1,15,15,20,0,0,1,45,45,50,6.66666666666667,0,1,170,170,170,8.82352941176471,0,2,-44,-44,-44,-44,-44,-44,-44,"-44",1,1,2,2,2,2,2,2,"-44",2,-44,-44,-44,-44,-44,-44,-44,"-44",2,-44,-44,-44,-44,-44,-44,-44,"-44",1,1,2,2,2,2,2,2,"-44",1,1,2,2,2,2,2,2,"-44",2,-44,-44,-44,-44,-44,-44,-44,"-44",2,-44,-44,-44,-44,-44,-44,-44,"-44",2,-44,-44,-44,-44,-44,-44,-44,"-44",2,-44,-44,-44,-44,-44,-44,-44,"-44",1,1,1,2,"Professionals",1,1,1,2,1,1,1,6,"Sales workers","Professionals","Sales workers",2,2,2,2,2,1,2,1,2,2,2,2,2,2,1,1,2,2,2,1,-44,30,70,30,-44,2,6,5,2,2,160000,30000,2,2,1,2,1,2,5,2,2,1,1,2,1,2,3,2,1,2,2,1,2,2,2,1,2,1,1,1,1,1,2,2,2,2,4,2,3,3,180000,15000,2,2,12,12,6,5,1,1,1,2,45,25,1,2,2,2,2,2,2,2,2,2,2,2,2,2,-44,-44,-44,-44,-44,-44,-44,-44,-44,-44,-44,-44,4,4,4,2,1,4,4,4,4,3,4,4,1,1,2,1,2,1,2,1,2,2,2,2,1,-44,1,-44,2,-44,1,-44,-44,-44,1,3,2,4,4,4,4,4,4,4,4,2,2,-44,-44,-44,-44,-44,-44,"-44",-44,-44,-44,-44,-44,-44,"-44",2,2,-44,-44,2,2,-44,-44,-44,-44,"-44",-44,-44,-44,-44,"-44",-44,-44,-44,-44,"-44",-44,-44,-44,-44,"-44",-44,-44,-44,-44,"-44",-44,-44,-44,-44,"-44",-44,"-44",-44,"-44",-44,-44,-44,-44,2,2,-44,-44,-44,-44,-44,"-44",-44,-44,-44,-44,-44,"-44",-44,-44,-44,-44,-44,-44,-44,-44,-44,-44,-44,-44,-44,-44,-44,-44,-44,-44,-44,-44,-44,-44,2,2,-44,-44,4,4,4,4,4,2,-44,-44,-44,-44,-44,4,3,1,3,3,3,3,3,3,3,3,3,3,3,3,3,3,4,5,1,"-44",2,1,1,1,1,2,4,3,1,2,3,4,4,1,1,2,2,2,2,1,1,2,2,2,2,1,12,400,15000000,10000000,30000000,12,520,16500000,15000000,45000000,100,1,2,1,4,"NAKURU",7,"-44","-44",580,114,999,1,-44,1,-44,6,11.851900100708,"Kenya"
39567,1,2,"M1 through M5",-44,-44,"M6",-44,-44,"-44",2,-44,1982,1,"-44",1,14,16,13,3,12,4,8,1,1,1,1,0,0,0,2,-44,-44,-44,-44,-44,-44,1,12,12,12,75,0,0,1,15,15,7,13.3333333333333,1,2,-44,-44,-44,-44,-44,2,-44,-44,-44,-44,-44,2,-44,-44,-44,-44,-44,2,-44,-44,-44,-44,-44,2,-44,-44,-44,-44,-44,2,-44,-44,-44,-44,-44,2,-44,-44,-44,-44,-44,-44,-44,"-44",2,-44,-44,-44,-44,-44,-44,-44,"-44",1,1,2,2,1,2,1,2,"-44",2,-44,-44,-44,-44,-44,-44,-44,"-44",2,-44,-44,-44,-44,-44,-44,-44,"-44",2,-44,-44,-44,-44,-44,-44,-44,"-44",2,-44,-44,-44,-44,-44,-44,-44,"-44",2,-44,-44,-44,-44,-44,-44,-44,"-44",2,-44,-44,-44,-44,-44,-44,-44,"-44",2,-44,-44,-44,-44,-44,-44,-44,"-44",1,2,1,3,"Technicians and associate professionals",1,2,2,2,2,2,2,4,"Clerical and support workers","Technicians and associate professionals","Clerical and support workers",2,1,1,2,1,2,2,1,2,2,1,1,2,1,2,2,2,2,1,2,60,-44,-44,-44,30,-44,6,6,1,1,44900,18400,2,2,2,2,5,-44,-44,-44,-44,-44,-44,-44,3,5,-44,-44,-44,-44,-44,-44,2,2,1,2,2,1,1,1,1,2,1,2,2,1,5,3,2,2,34400,23300,2,2,0,0,4,5,1,1,2,1,34,23,2,2,3,2,1,2,3,2,2,2,2,2,2,2,-44,-44,2,-44,-44,-44,-44,-44,-44,-44,-44,-44,4,4,4,4,4,4,2,4,3,1,4,4,2,2,2,1,2,2,2,1,2,1,2,-44,-44,-44,1,-44,-44,-44,1,-44,3,-44,4,4,4,4,4,2,4,4,3,1,4,1,1,1,2,1,1,2,2,"-44",1,1,1,2,2,2,"-44",2,1,-44,30,2,2,-44,-44,-44,-44,"-44",-44,-44,-44,-44,"-44",-44,-44,-44,-44,"-44",-44,-44,-44,-44,"-44",-44,-44,-44,-44,"-44",-44,-44,-44,-44,"-44",-44,"-44",-44,"-44",-44,-44,-44,-44,2,2,-44,-44,-44,-44,-44,"-44",-44,-44,-44,-44,-44,"-44",-44,-44,-44,-44,-44,-44,-44,-44,-44,-44,-44,-44,-44,-44,-44,-44,-44,-44,-44,-44,-44,-44,2,1,-44,888997,2,2,5,5,4,1,3,5,2,5,3,2,3,2,3,1,3,3,2,3,1,3,3,2,3,2,3,1,5,3,1,"-44",2,2,1,2,1,2,4,3,4,4,4,0,4,4,4,1,3,1,0,4,0,1,0,0,4,2,1,28,6056500,2721600,13677000,1,28,6986300,2961000,20223000,40,2,1,2,4,"NAKURU",14,"-44","-44",28,122,202,1,-44,1,-44,6,11.851900100708,"Kenya"
99176,1,2,"M1 through M5",-44,-44,"M6",-44,-44,"-44",2,-44,1995,4,"-44",1,9,25,14,11,0,0,0,1,1,1,5,0,0,0,1,4,4,10,50,0,0,1,10,10,15,60,0,0,1,5,5,10,40,0,1,4,4,10,25,0,2,-44,-44,-44,-44,-44,2,-44,-44,-44,-44,-44,2,-44,-44,-44,-44,-44,1,1,1,2,0,0,2,-44,-44,-44,-44,-44,2,-44,-44,-44,-44,-44,-44,-44,"-44",2,-44,-44,-44,-44,-44,-44,-44,"-44",1,1,2,2,2,2,2,2,"-44",2,-44,-44,-44,-44,-44,-44,-44,"-44",2,-44,-44,-44,-44,-44,-44,-44,"-44",1,1,2,2,1,1,1,2,"-44",2,-44,-44,-44,-44,-44,-44,-44,"-44",2,-44,-44,-44,-44,-44,-44,-44,"-44",2,-44,-44,-44,-44,-44,-44,-44,"-44",2,-44,-44,-44,-44,-44,-44,-44,"-44",1,1,1,2,"Professionals",1,1,2,2,2,1,2,9,"Plant and machine operators, and assembl","Professionals","Plant and machine operators, and assembl",2,2,2,2,2,1,2,2,2,2,2,2,2,2,2,2,2,2,2,2,-44,-44,-44,-44,-44,-44,6,5,1,1,35000,15000,2,2,1,1,1,2,5,2,1,2,1,2,1,2,5,2,1,2,1,2,1,2,1,1,1,1,1,1,1,2,2,2,2,1,4,2,3,3,28000,15000,2,2,12,12,6,5,1,1,1,1,30,40,1,1,2,2,2,2,2,2,2,2,2,2,2,2,-44,-44,-44,-44,-44,-44,-44,-44,-44,-44,-44,-44,2,3,4,4,1,4,4,4,4,4,4,4,1,2,2,1,1,1,2,2,2,1,1,2,-44,-44,2,2,2,-44,-44,-44,2,2,4,4,4,4,1,3,2,4,4,4,4,2,2,-44,-44,-44,-44,-44,-44,"-44",-44,-44,-44,-44,-44,-44,"-44",2,2,-44,-44,2,2,-44,-44,-44,-44,"-44",-44,-44,-44,-44,"-44",-44,-44,-44,-44,"-44",-44,-44,-44,-44,"-44",-44,-44,-44,-44,"-44",-44,-44,-44,-44,"-44",-44,"-44",-44,"-44",-44,-44,-44,-44,2,2,-44,-44,-44,-44,-44,"-44",-44,-44,-44,-44,-44,"-44",-44,-44,-44,-44,-44,-44,-44,-44,-44,-44,-44,-44,-44,-44,-44,-44,-44,-44,-44,-44,-44,-44,2,2,-44,-44,4,4,4,4,5,2,-44,-44,-44,-44,-44,3,5,3,3,4,1,1,1,1,1,1,1,1,1,1,1,1,3,5,1,"-44",2,2,1,1,1,2,3,3,1,1,1,1,1,1,1,1,1,1,1,1,1,1,1,1,1,1,12,25,5000000,2000000,10000000,12,25,5500000,3000000,9000000,100,1,1,1,4,"NAKURU",9,"-44","-44",25,114,202,1,-44,1,-44,6,11.851900100708,"Kenya"
98348,1,2,"M1 through M5",-44,-44,"M6",-44,-44,"-44",2,-44,2001,1,"-44",1,19,6,5,1,0,0,0,1,1,1,1,0,0,0,2,-44,-44,-44,-44,-44,-44,2,-44,-44,-44,-44,-44,-44,1,1,1,1,100,0,1,2,2,2,0,0,2,-44,-44,-44,-44,-44,2,-44,-44,-44,-44,-44,2,-44,-44,-44,-44,-44,2,-44,-44,-44,-44,-44,1,2,2,2,0,0,2,-44,-44,-44,-44,-44,-44,-44,"-44",2,-44,-44,-44,-44,-44,-44,-44,"-44",2,-44,-44,-44,-44,-44,-44,-44,"-44",2,-44,-44,-44,-44,-44,-44,-44,"-44",2,-44,-44,-44,-44,-44,-44,-44,"-44",2,-44,-44,-44,-44,-44,-44,-44,"-44",2,-44,-44,-44,-44,-44,-44,-44,"-44",2,-44,-44,-44,-44,-44,-44,-44,"-44",2,-44,-44,-44,-44,-44,-44,-44,"-44",1,2,2,2,2,2,2,2,"-44",1,2,2,1,"Managers",1,1,2,2,2,2,1,5,"Service workers","Managers","Service workers",2,2,2,2,2,2,2,1,2,2,2,2,2,2,2,2,1,2,2,2,-44,-44,-44,-44,-44,-44,5,4,1,1,40000,17000,2,2,2,2,3,5,-44,-44,-44,-44,-44,-44,3,5,-44,-44,-44,-44,-44,-44,2,2,2,2,2,2,1,2,2,2,2,2,2,1,2,1,3,3,40000,17000,2,2,0,0,5,4,1,2,1,1,45,40,1,1,2,2,3,2,2,2,2,2,2,2,3,3,-44,-44,-44,-44,-44,-44,-44,-44,-44,-44,-44,-44,4,4,4,4,4,2,1,4,3,4,4,4,2,2,3,2,2,2,3,2,3,3,3,-44,-44,-44,-44,-44,-44,-44,-44,-44,-44,-44,4,4,4,3,2,1,4,4,4,4,4,2,2,-44,-44,-44,-44,-44,-44,"-44",-44,-44,-44,-44,-44,-44,"-44",2,2,-44,-44,2,2,-44,-44,-44,-44,"-44",-44,-44,-44,-44,"-44",-44,-44,-44,-44,"-44",-44,-44,-44,-44,"-44",-44,-44,-44,-44,"-44",-44,-44,-44,-44,"-44",-44,"-44",-44,"-44",-44,-44,-44,-44,2,2,-44,-44,-44,-44,-44,"-44",-44,-44,-44,-44,-44,"-44",-44,-44,-44,-44,-44,-44,-44,-44,-44,-44,-44,-44,-44,-44,-44,-44,-44,-44,-44,-44,-44,-44,2,2,-44,-44,3,3,3,3,3,2,-44,-44,-44,-44,-44,3,3,3,3,3,3,3,3,3,3,3,3,3,3,3,3,3,2,2,1,"-44",2,2,2,2,2,2,1,2,0,1,0,0,2,3,2,4,1,0,0,0,0,0,0,0,3,2,4,8,2400000,360000,8000000,4,6,2400000,400000,5600000,0,3,3,4,4,"MOMBASA",19,"-44","-44",6,113,999,1,-44,1,-44,6,11.851900100708,"Kenya"
98266,1,2,"M1 through M5",-44,-44,"M6",-44,-44,"-44",2,-44,1980,1,"-44",1,9,12,8,4,0,0,0,1,2,2,2,0,0,0,2,-44,-44,-44,-44,-44,-44,2,-44,-44,-44,-44,-44,-44,1,1,1,2,100,0,1,5,2,5,20,0,1,2,2,3,50,0,2,-44,-44,-44,-44,-44,2,-44,-44,-44,-44,-44,2,-44,-44,-44,-44,-44,1,2,1,3,50,0,2,-44,-44,-44,-44,-44,-44,-44,"-44",2,-44,-44,-44,-44,-44,-44,-44,"-44",2,-44,-44,-44,-44,-44,-44,-44,"-44",2,-44,-44,-44,-44,-44,-44,-44,"-44",1,1,1,1,1,1,2,2,"-44",2,-44,-44,-44,-44,-44,-44,-44,"-44",2,-44,-44,-44,-44,-44,-44,-44,"-44",2,-44,-44,-44,-44,-44,-44,-44,"-44",2,-44,-44,-44,-44,-44,-44,-44,"-44",1,1,1,1,1,2,1,2,"-44",1,2,2,1,"Managers",1,1,1,2,2,2,1,5,"Service workers","Managers","Service workers",2,2,1,2,2,1,2,2,2,2,2,1,2,2,1,2,2,2,2,1,-44,50,50,50,-44,30,6,5,1,1,25000,8000,2,2,2,2,2,5,-44,-44,-44,-44,1,2,1,2,5,2,1,2,1,2,2,1,1,1,2,1,1,1,2,2,2,2,2,1,2,1,1,2,150000,48000,1,2,0,0,6,5,1,1,1,1,35,28,1,1,2,2,1,2,2,2,2,2,2,2,2,2,-44,-44,2,-44,-44,-44,-44,-44,-44,-44,-44,-44,4,4,4,4,4,4,4,1,2,4,3,4,2,2,1,2,2,2,2,2,2,2,2,-44,-44,3,-44,-44,-44,-44,-44,-44,-44,-44,4,1,4,4,2,3,4,4,4,4,4,2,2,-44,-44,-44,-44,-44,-44,"-44",-44,-44,-44,-44,-44,-44,"-44",2,2,-44,-44,2,2,-44,-44,-44,-44,"-44",-44,-44,-44,-44,"-44",-44,-44,-44,-44,"-44",-44,-44,-44,-44,"-44",-44,-44,-44,-44,"-44",-44,-44,-44,-44,"-44",-44,"-44",-44,"-44",-44,-44,-44,-44,2,2,-44,-44,-44,-44,-44,"-44",-44,-44,-44,-44,-44,"-44",-44,-44,-44,-44,-44,-44,-44,-44,-44,-44,-44,-44,-44,-44,-44,-44,-44,-44,-44,-44,-44,-44,2,2,-44,-44,4,5,5,5,5,2,-44,-44,-44,-44,-44,1,1,1,1,1,3,3,3,1,3,2,2,3,3,3,3,3,3,3,1,"-44",2,1,2,1,1,2,3,2,2,1,1,3,2,3,1,2,3,1,0,0,3,2,1,1,2,2,6,7,2500000,150000,10000000,6,9,2700000,2000000,15000000,100,1,1,1,3,"MOMBASA",9,"-44","-44",12,104,999,1,-44,1,-44,6,11.851900100708,"Kenya"
98271,2,2,"M1 through M5",-44,-44,"M6",-44,-44,"-44",2,-44,2009,2,"-44",1,19,50,30,20,0,0,0,1,5,2,5,40,60,0,1,3,2,2,33.3333333333333,0,0,2,-44,-44,-44,-44,-44,-44,1,10,8,10,50,0,1,5,5,5,40,0,1,15,13,15,46.6666666666667,0,2,-44,-44,-44,-44,-44,1,10,10,10,20,0,2,-44,-44,-44,-44,-44,1,2,1,2,50,0,1,1,2,1,1,2,1,2,"-44",1,1,1,1,1,1,2,2,"-44",2,-44,-44,-44,-44,-44,-44,-44,"-44",1,1,1,1,1,1,1,2,"-44",1,1,1,1,1,1,1,2,"-44",1,1,1,1,1,1,1,2,"-44",2,-44,-44,-44,-44,-44,-44,-44,"-44",1,1,1,2,1,1,1,2,"-44",2,-44,-44,-44,-44,-44,-44,-44,"-44",1,1,1,1,1,1,1,2,"-44",1,1,2,2,"Professionals",1,1,1,2,1,2,1,6,"Sales workers","Professionals","Sales workers",2,1,1,2,2,2,2,1,2,2,1,1,2,2,1,1,2,2,1,1,50,50,50,50,25,10,6,5,1,2,35000,20000,1,1,1,1,5,-44,-44,-44,-44,-44,-44,-44,5,-44,-44,-44,-44,-44,-44,-44,1,1,1,1,2,2,2,1,1,1,2,2,1,1,2,2,1,1,210000,120000,1,1,0,0,6,5,1,1,1,1,29,30,1,2,2,2,2,2,2,2,2,2,2,2,2,2,-44,-44,-44,-44,-44,-44,-44,-44,-44,-44,-44,-44,4,4,4,4,2,1,4,4,3,4,4,4,2,2,1,2,2,2,2,2,2,2,2,-44,-44,3,-44,-44,-44,-44,-44,-44,-44,-44,1,2,4,4,4,4,4,3,4,4,4,2,2,-44,-44,-44,-44,-44,-44,"-44",-44,-44,-44,-44,-44,-44,"-44",2,2,-44,-44,2,2,-44,-44,-44,-44,"-44",-44,-44,-44,-44,"-44",-44,-44,-44,-44,"-44",-44,-44,-44,-44,"-44",-44,-44,-44,-44,"-44",-44,-44,-44,-44,"-44",-44,"-44",-44,"-44",-44,-44,-44,-44,2,2,-44,-44,-44,-44,-44,"-44",-44,-44,-44,-44,-44,"-44",-44,-44,-44,-44,-44,-44,-44,-44,-44,-44,-44,-44,-44,-44,-44,-44,-44,-44,-44,-44,-44,-44,2,2,-44,-44,3,3,4,5,5,2,-44,-44,-44,-44,-44,4,1,1,1,1,3,3,3,3,3,3,3,3,3,3,3,3,4,3,1,"-44",2,2,2,1,1,2,4,3,0,0,3,2,3,3,4,3,1,1,1,1,3,3,2,3,4,1,6,40,2000000,500000,3000000,6,44,2000000,700000,4000000,50,2,2,2,2,"MOMBASA",19,"-44","-44",50,104,999,1,-44,1,-44,6,11.851900100708,"Kenya"
60586,2,3,"M1 through M5",-44,-44,"M6",-44,-44,"-44",2,-44,1994,1,"-44",1,3,18,13,5,0,0,0,1,3,3,3,33.3333333333333,0,0,1,4,4,4,25,0,0,2,-44,-44,-44,-44,-44,-44,2,-44,-44,-44,-44,-44,1,6,6,6,50,0,2,-44,-44,-44,-44,-44,2,-44,-44,-44,-44,-44,2,-44,-44,-44,-44,-44,1,1,1,1,0,0,1,4,4,4,0,0,1,1,2,2,2,2,2,2,"-44",1,1,2,2,1,1,2,2,"-44",2,-44,-44,-44,-44,-44,-44,-44,"-44",2,-44,-44,-44,-44,-44,-44,-44,"-44",2,-44,-44,-44,-44,-44,-44,-44,"-44",2,-44,-44,-44,-44,-44,-44,-44,"-44",2,-44,-44,-44,-44,-44,-44,-44,"-44",2,-44,-44,-44,-44,-44,-44,-44,"-44",1,2,2,1,2,2,2,2,"-44",2,-44,-44,-44,-44,-44,-44,-44,"-44",1,1,2,2,"Professionals",2,1,2,2,2,1,1,10,"Elementary occupations","Professionals","Elementary occupations",2,2,2,2,2,2,1,2,2,1,2,2,2,1,2,1,2,2,1,2,40,-44,-44,-44,15,-44,4,3,2,1,15800,11400,2,2,1,2,2,3,1,1,2,2,1,2,3,5,-44,-44,-44,-44,-44,-44,1,1,1,1,1,1,2,1,2,2,1,1,2,1,2,1,3,1,13700,8700,2,2,6,1,6,3,2,2,2,1,21,30,1,2,2,2,1,2,2,3,2,2,2,2,1,2,-44,-44,1,-44,-44,-44,-44,-44,-44,-44,3,-44,4,4,4,2,3,4,1,4,4,4,4,4,1,2,2,2,2,2,2,2,2,3,3,1,-44,-44,-44,-44,-44,-44,-44,-44,-44,-44,4,4,4,4,1,2,4,4,3,4,4,1,1,2,2,1,1,2,2,"-44",1,1,2,1,2,2,"-44",2,2,-44,-44,2,2,-44,-44,-44,-44,"-44",-44,-44,-44,-44,"-44",-44,-44,-44,-44,"-44",-44,-44,-44,-44,"-44",-44,-44,-44,-44,"-44",-44,-44,-44,-44,"-44",-44,"-44",-44,"-44",-44,-44,-44,-44,2,2,-44,-44,-44,-44,-44,"-44",-44,-44,-44,-44,-44,"-44",-44,-44,-44,-44,-44,-44,-44,-44,-44,-44,-44,-44,-44,-44,-44,-44,-44,-44,-44,-44,-44,-44,2,2,-44,-44,4,2,4,2,5,1,3,4,1,1,3,2,1,1,1,2,3,2,3,1,3,1,3,3,3,1,3,3,5,5,1,"-44",2,2,2,2,1,1,0,1,4,4,1,4,2,4,4,1,0,2,0,0,2,3,4,3,0,1,11,18,704100,121900,1780500,11,18,719100,117400,1611200,50,1,1,1,3,"NAKURU",3,"-44","-44",18,123,202,1,-44,1,-44,6,11.851900100708,"Kenya"
98311,2,1,"M1 through M5",-44,-44,"M6",-44,-44,"-44",1,1996,1996,1,"-44",1,3,50,40,10,0,0,0,1,1,1,1,0,100,0,1,35,35,35,14.2857142857143,100,0,2,-44,-44,-44,-44,-44,-44,1,2,2,2,100,0,1,5,5,5,60,0,2,-44,-44,-44,-44,-44,2,-44,-44,-44,-44,-44,2,-44,-44,-44,-44,-44,1,2,2,2,0,0,1,5,5,5,0,0,2,-44,-44,-44,-44,-44,-44,-44,"-44",1,1,2,2,2,2,2,2,"-44",2,-44,-44,-44,-44,-44,-44,-44,"-44",1,1,2,2,2,2,2,2,"-44",2,-44,-44,-44,-44,-44,-44,-44,"-44",2,-44,-44,-44,-44,-44,-44,-44,"-44",2,-44,-44,-44,-44,-44,-44,-44,"-44",2,-44,-44,-44,-44,-44,-44,-44,"-44",2,-44,-44,-44,-44,-44,-44,-44,"-44",2,-44,-44,-44,-44,-44,-44,-44,"-44",1,1,2,2,"Professionals",1,1,2,2,2,1,1,9,"Plant and machine operators, and assembl","Professionals","Plant and machine operators, and assembl",1,1,2,2,2,1,1,2,2,1,2,2,2,2,2,2,1,2,2,2,-44,-44,-44,-44,-44,-44,5,5,1,1,27000,15000,2,2,2,2,2,5,-44,-44,-44,-44,1,2,2,5,-44,-44,-44,-44,1,2,2,2,2,1,2,2,1,2,2,2,1,2,2,1,1,1,1,1,30000,17000,2,2,0,0,5,5,1,1,1,1,27,30,1,1,1,1,3,2,2,2,2,2,2,2,3,2,2,1,-44,-44,-44,-44,-44,-44,-44,-44,-44,-44,4,4,4,4,4,4,1,2,3,4,4,4,1,1,3,2,2,2,2,2,2,1,2,1,2,-44,-44,-44,-44,-44,-44,-44,1,-44,4,4,4,4,4,1,2,3,4,4,4,2,2,-44,-44,-44,-44,-44,-44,"-44",-44,-44,-44,-44,-44,-44,"-44",2,2,-44,-44,2,2,-44,-44,-44,-44,"-44",-44,-44,-44,-44,"-44",-44,-44,-44,-44,"-44",-44,-44,-44,-44,"-44",-44,-44,-44,-44,"-44",-44,-44,-44,-44,"-44",-44,"-44",-44,"-44",-44,-44,-44,-44,2,2,-44,-44,-44,-44,-44,"-44",-44,-44,-44,-44,-44,"-44",-44,-44,-44,-44,-44,-44,-44,-44,-44,-44,-44,-44,-44,-44,-44,-44,-44,-44,-44,-44,-44,-44,2,2,-44,-44,5,5,5,5,5,2,-44,-44,-44,-44,-44,2,2,2,2,4,3,3,3,3,3,3,3,3,3,3,3,3,4,5,1,"-44",1,1,1,1,1,2,0,0,0,1,2,1,0,0,3,1,1,2,1,0,0,0,0,0,0,1,1,50,400000,260000,2500000,1,50,450000,310000,2700000,0,2,2,2,3,"MOMBASA",3,"-44","-44",50,110,999,1,-44,1,-44,6,11.851900100708,"Kenya"
27002,1,3,"M1 through M5",-44,-44,"M6",-44,-44,"-44",2,-44,2011,2,"-44",1,7,40,30,10,5,0,5,1,2,2,2,50,0,0,2,-44,-44,-44,-44,-44,-44,1,9,9,9,22.2222222222222,0,0,1,18,18,18,44.4444444444444,0,2,-44,-44,-44,-44,-44,1,10,9,11,20,0,2,-44,-44,-44,-44,-44,2,-44,-44,-44,-44,-44,1,3,3,3,33.3333333333333,0,1,3,2,3,33.3333333333333,0,1,1,1,1,2,1,1,2,"-44",2,-44,-44,-44,-44,-44,-44,-44,"-44",1,1,1,2,2,2,2,2,"-44",2,-44,-44,-44,-44,-44,-44,-44,"-44",2,-44,-44,-44,-44,-44,-44,-44,"-44",1,1,2,2,2,2,2,2,"-44",2,-44,-44,-44,-44,-44,-44,-44,"-44",2,-44,-44,-44,-44,-44,-44,-44,"-44",1,1,2,2,2,2,2,2,"-44",1,1,2,2,2,2,2,2,"-44",1,2,1,1,"Managers",1,2,1,2,2,1,1,9,"Plant and machine operators, and assembl","Managers","Plant and machine operators, and assembl",2,2,2,1,2,1,1,2,2,2,2,2,2,2,1,2,1,2,1,1,40,20,80,20,50,15,6,5,1,2,72000,27000,2,2,1,2,5,-44,-44,-44,-44,-44,-44,-44,1,5,-44,2,1,2,-44,-44,1,2,1,2,2,1,1,1,1,1,2,2,2,2,4,1,1,3,86000,23000,2,2,6,5,5,4,1,2,1,1,40,36,2,1,2,2,3,1,1,1,2,3,2,2,1,2,-44,-44,-44,1,1,1,-44,-44,-44,-44,1,-44,4,4,4,4,4,3,4,4,4,2,4,1,1,1,2,2,2,2,2,2,2,3,2,1,1,-44,-44,-44,-44,-44,-44,-44,-44,-44,4,4,4,4,1,4,2,4,3,4,4,2,1,-44,-44,-44,-44,-44,-44,"-44",2,2,2,1,2,2,"-44",2,1,-44,30,2,2,-44,-44,-44,-44,"-44",-44,-44,-44,-44,"-44",-44,-44,-44,-44,"-44",-44,-44,-44,-44,"-44",-44,-44,-44,-44,"-44",-44,-44,-44,-44,"-44",-44,"-44",-44,"-44",-44,-44,-44,-44,2,2,-44,-44,-44,-44,-44,"-44",-44,-44,-44,-44,-44,"-44",-44,-44,-44,-44,-44,-44,-44,-44,-44,-44,-44,-44,-44,-44,-44,-44,-44,-44,-44,-44,-44,-44,2,1,-44,888997,4,3,5,1,4,2,-44,-44,-44,-44,-44,2,1,4,2,1,2,2,3,3,1,3,2,3,1,1,3,3,1,5,1,"-44",2,2,2,1,2,2,0,0,1,4,0,0,0,4,1,0,1,3,3,0,2,3,1,0,0,2,6,36,33440000,233200000,267000000,6,45,40320000,220800000,316800000,80,1,1,1,4,"NAKURU",7,"-44","-44",45,102,999,1,-44,1,-44,6,11.851900100708,"Kenya"
54706,1,2,"M1 through M5",-44,-44,"M6",-44,-44,"-44",2,-44,2010,1,"-44",1,3,36,25,11,0,0,0,1,3,2,3,33.3333333333333,33.3333333333333,0,2,-44,-44,-44,-44,-44,-44,2,-44,-44,-44,-44,-44,-44,1,17,17,15,17.6470588235294,2,2,-44,-44,-44,-44,-44,1,5,5,7,80,1,2,-44,-44,-44,-44,-44,2,-44,-44,-44,-44,-44,1,9,6,5,33.3333333333333,0,1,2,1,2,0,0,1,1,1,2,1,2,2,2,"-44",2,-44,-44,-44,-44,-44,-44,-44,"-44",2,-44,-44,-44,-44,-44,-44,-44,"-44",1,1,2,1,1,2,1,2,"-44",2,-44,-44,-44,-44,-44,-44,-44,"-44",2,-44,-44,-44,-44,-44,-44,-44,"-44",2,-44,-44,-44,-44,-44,-44,-44,"-44",2,-44,-44,-44,-44,-44,-44,-44,"-44",1,1,1,2,2,2,2,2,"-44",1,1,1,2,2,2,2,2,"-44",1,2,2,1,"Managers",1,2,1,2,2,1,1,10,"Elementary occupations","Managers","Elementary occupations",1,2,2,2,2,2,1,1,1,2,2,2,2,2,2,2,1,1,1,1,40,40,60,40,50,7,6,3,1,1,56800,17600,2,2,2,2,2,5,-44,-44,-44,-44,2,1,3,2,1,2,2,1,1,2,1,1,2,2,2,1,1,2,1,1,1,1,1,2,2,1,2,1,42100,17800,2,2,1,5,4,3,2,2,2,1,43,54,2,1,1,2,2,1,2,2,2,2,3,1,2,2,1,-44,-44,3,-44,-44,-44,-44,-44,1,-44,-44,1,4,4,4,4,4,2,4,4,3,4,4,2,3,2,2,3,3,2,2,2,2,2,-44,-44,-44,-44,-44,-44,-44,-44,-44,-44,-44,4,4,4,4,4,2,4,3,1,4,4,2,2,-44,-44,-44,-44,-44,-44,"-44",-44,-44,-44,-44,-44,-44,"-44",1,2,70,-44,2,2,-44,-44,-44,-44,"-44",-44,-44,-44,-44,"-44",-44,-44,-44,-44,"-44",-44,-44,-44,-44,"-44",-44,-44,-44,-44,"-44",-44,-44,-44,-44,"-44",-44,"-44",-44,"-44",-44,-44,-44,-44,2,2,-44,-44,-44,-44,-44,"-44",-44,-44,-44,-44,-44,"-44",-44,-44,-44,-44,-44,-44,-44,-44,-44,-44,-44,-44,-44,-44,-44,-44,-44,-44,-44,-44,-44,-44,1,2,888997,-44,2,2,5,4,5,2,-44,-44,-44,-44,-44,3,3,5,2,5,3,1,3,2,3,1,2,3,1,3,1,3,5,4,1,"-44",2,2,2,1,1,1,0,4,0,4,2,2,2,1,4,0,4,4,0,0,0,0,1,4,0,2,1,38,1034200,328600,6021100,1,38,12105600,3708000,5557900,50,1,1,1,4,"NAKURU",3,"-44","-44",36,122,202,1,-44,1,-44,6,11.851900100708,"Kenya"
98383,1,2,"M1 through M5",-44,-44,"M6",-44,-44,"-44",2,-44,1981,1,"-44",1,9,25,25,0,0,0,0,1,3,2,3,0,33.3333333333333,0,2,-44,-44,-44,-44,-44,-44,2,-44,-44,-44,-44,-44,-44,1,5,3,6,0,0,2,-44,-44,-44,-44,-44,1,10,5,15,0,0,2,-44,-44,-44,-44,-44,2,-44,-44,-44,-44,-44,1,2,2,2,0,0,1,5,3,7,0,0,1,1,2,1,1,2,1,2,"-44",2,-44,-44,-44,-44,-44,-44,-44,"-44",2,-44,-44,-44,-44,-44,-44,-44,"-44",1,1,1,1,1,1,2,2,"-44",2,-44,-44,-44,-44,-44,-44,-44,"-44",1,1,1,1,1,1,1,2,"-44",2,-44,-44,-44,-44,-44,-44,-44,"-44",2,-44,-44,-44,-44,-44,-44,-44,"-44",2,-44,-44,-44,-44,-44,-44,-44,"-44",1,1,1,1,2,2,1,2,"-44",1,2,2,1,"Managers",1,2,1,2,2,1,1,10,"Elementary occupations","Managers","Elementary occupations",2,2,2,1,2,2,2,1,2,2,2,2,2,2,2,2,1,2,1,1,70,10,90,10,20,30,6,5,1,1,80000,20000,2,2,1,1,2,1,3,2,1,2,1,2,2,1,5,2,1,2,1,2,1,1,2,2,1,2,2,2,2,2,2,2,2,1,2,1,2,1,480000,120000,2,2,0,0,6,5,1,1,1,1,40,32,1,1,2,2,2,2,2,2,2,2,2,2,2,2,-44,-44,-44,-44,-44,-44,-44,-44,-44,-44,-44,-44,4,4,4,4,4,1,4,3,4,2,4,4,1,2,1,2,2,2,2,2,2,2,2,1,-44,3,-44,-44,-44,-44,-44,-44,-44,-44,4,4,4,4,4,3,2,4,1,4,4,2,2,-44,-44,-44,-44,-44,-44,"-44",-44,-44,-44,-44,-44,-44,"-44",2,2,-44,-44,2,2,-44,-44,-44,-44,"-44",-44,-44,-44,-44,"-44",-44,-44,-44,-44,"-44",-44,-44,-44,-44,"-44",-44,-44,-44,-44,"-44",-44,-44,-44,-44,"-44",-44,"-44",-44,"-44",-44,-44,-44,-44,2,2,-44,-44,-44,-44,-44,"-44",-44,-44,-44,-44,-44,"-44",-44,-44,-44,-44,-44,-44,-44,-44,-44,-44,-44,-44,-44,-44,-44,-44,-44,-44,-44,-44,-44,-44,2,2,-44,-44,3,5,2,3,4,2,-44,-44,-44,-44,-44,1,1,1,1,3,3,3,3,3,3,1,3,1,3,3,3,3,2,3,1,"-44",2,1,1,1,1,2,3,3,3,2,1,2,3,1,2,1,1,1,1,1,1,1,1,1,1,1,6,30,100000000,20000000,5000000,6,25,70000000,18000000,3000000,50,1,2,1,4,"MOMBASA",9,"-44","-44",25,104,999,1,-44,1,-44,6,11.851900100708,"Kenya"
99177,1,3,"M1 through M5",-44,-44,"M6",-44,-44,"-44",2,-44,2000,4,"-44",1,8,65,54,11,77,42,35,1,3,3,3,0,0,0,2,-44,-44,-44,-44,-44,-44,1,19,17,19,21.0526315789474,26.3157894736842,0,1,16,16,16,75,0,1,74,60,74,24.3243243243243,0,1,6,6,6,16.6666666666667,0,2,-44,-44,-44,-44,-44,1,6,6,6,0,0,1,10,10,10,40,0,1,8,5,8,87.5,0,2,-44,-44,-44,-44,-44,-44,-44,"-44",2,-44,-44,-44,-44,-44,-44,-44,"-44",1,1,1,1,2,2,1,2,"-44",2,-44,-44,-44,-44,-44,-44,-44,"-44",1,1,1,1,2,2,2,2,"-44",2,-44,-44,-44,-44,-44,-44,-44,"-44",2,-44,-44,-44,-44,-44,-44,-44,"-44",2,-44,-44,-44,-44,-44,-44,-44,"-44",2,-44,-44,-44,-44,-44,-44,-44,"-44",1,1,2,2,2,2,2,2,"-44",1,2,1,1,"Managers",1,1,1,2,1,1,1,6,"Sales workers","Managers","Sales workers",2,2,2,2,2,2,1,2,2,2,2,2,2,2,2,1,2,2,2,2,-44,-44,-44,-44,-44,-44,6,5,1,2,60000,20000,1,1,1,1,5,-44,-44,-44,-44,-44,-44,-44,5,-44,-44,-44,-44,-44,-44,-44,2,2,2,1,2,1,1,1,2,2,2,2,1,1,3,2,3,3,60000,22000,1,1,1,6,6,5,1,1,1,1,35,25,1,2,2,2,2,2,2,2,2,2,2,2,2,2,-44,-44,-44,-44,-44,-44,-44,-44,-44,-44,-44,-44,4,4,4,4,4,1,3,2,4,4,4,4,2,2,1,2,2,2,2,2,2,2,2,-44,-44,2,-44,-44,-44,-44,-44,-44,-44,-44,4,4,4,3,2,1,4,4,4,4,4,2,2,-44,-44,-44,-44,-44,-44,"-44",-44,-44,-44,-44,-44,-44,"-44",1,2,100,-44,2,2,-44,-44,-44,-44,"-44",-44,-44,-44,-44,"-44",-44,-44,-44,-44,"-44",-44,-44,-44,-44,"-44",-44,-44,-44,-44,"-44",-44,-44,-44,-44,"-44",-44,"-44",-44,"-44",-44,-44,-44,-44,2,2,-44,-44,-44,-44,-44,"-44",-44,-44,-44,-44,-44,"-44",-44,-44,-44,-44,-44,-44,-44,-44,-44,-44,-44,-44,-44,-44,-44,-44,-44,-44,-44,-44,-44,-44,1,2,3,-44,1,4,2,1,3,2,-44,-44,-44,-44,-44,2,2,2,2,2,3,3,3,3,3,3,3,3,3,3,3,3,4,4,1,"-44",1,1,1,1,2,2,1,2,0,0,2,2,1,3,2,0,1,0,2,1,2,1,0,0,3,1,6,136,24480000,16000000,398000000,6,142,24560000,16000000,400000000,60,1,2,1,4,"MOMBASA",8,"-44","-44",142,113,202,1,-44,1,-44,6,11.851900100708,"Kenya"
99178,1,2,"M1 through M5",-44,-44,"M6",-44,-44,"-44",2,-44,1990,2,"-44",1,9,45,30,15,97,48,49,1,3,3,3,33.3333333333333,0,0,2,-44,-44,-44,-44,-44,-44,1,4,3,4,50,25,0,1,10,10,12,80,0,1,68,66,70,55.8823529411765,0,1,4,4,4,0,0,2,-44,-44,-44,-44,-44,1,28,28,28,21.4285714285714,0,1,14,13,14,14.2857142857143,0,1,11,11,11,63.6363636363636,0,2,-44,-44,-44,-44,-44,-44,-44,"-44",2,-44,-44,-44,-44,-44,-44,-44,"-44",1,1,2,2,2,2,2,2,"-44",2,-44,-44,-44,-44,-44,-44,-44,"-44",1,1,2,2,2,2,2,2,"-44",2,-44,-44,-44,-44,-44,-44,-44,"-44",2,-44,-44,-44,-44,-44,-44,-44,"-44",2,-44,-44,-44,-44,-44,-44,-44,"-44",1,1,1,2,2,2,1,2,"-44",2,-44,-44,-44,-44,-44,-44,-44,"-44",1,2,1,3,"Technicians and associate professionals",1,1,1,2,1,1,1,5,"Service workers","Technicians and associate professionals","Service workers",2,2,2,2,2,2,1,2,2,2,2,2,2,2,2,2,2,2,1,1,60,50,50,50,15,10,5,4,2,2,40000,15000,2,1,1,1,5,-44,-44,-44,-44,-44,-44,-44,5,-44,-44,-44,-44,-44,-44,-44,2,2,2,1,2,2,1,2,1,2,2,2,2,1,2,1,3,3,40000,15000,2,1,0,2,5,4,1,1,1,1,35,30,2,2,2,2,2,2,2,2,2,2,2,2,3,2,-44,-44,-44,-44,-44,-44,-44,-44,-44,-44,-44,-44,4,4,4,4,4,1,2,3,4,4,4,4,2,2,3,2,2,2,2,2,2,3,3,-44,-44,-44,-44,-44,-44,-44,-44,-44,-44,-44,4,1,4,4,2,3,4,4,4,4,4,2,2,-44,-44,-44,-44,-44,-44,"-44",-44,-44,-44,-44,-44,-44,"-44",2,2,-44,-44,2,2,-44,-44,-44,-44,"-44",-44,-44,-44,-44,"-44",-44,-44,-44,-44,"-44",-44,-44,-44,-44,"-44",-44,-44,-44,-44,"-44",-44,-44,-44,-44,"-44",-44,"-44",-44,"-44",-44,-44,-44,-44,2,2,-44,-44,-44,-44,-44,"-44",-44,-44,-44,-44,-44,"-44",-44,-44,-44,-44,-44,-44,-44,-44,-44,-44,-44,-44,-44,-44,-44,-44,-44,-44,-44,-44,-44,-44,2,2,-44,-44,1,4,3,4,4,2,-44,-44,-44,-44,-44,2,2,2,2,2,3,3,3,3,3,3,3,3,3,3,3,3,4,4,1,"-44",2,1,1,1,2,2,3,0,0,0,0,1,1,3,2,1,1,0,1,1,2,2,0,0,2,1,5,150,21000000,800000,162000000,5,148,21000000,1000000,167000000,50,1,2,1,4,"MOMBASA",9,"-44","-44",142,113,202,1,-44,1,-44,6,11.851900100708,"Kenya"
98260,1,2,"M1 through M5",-44,-44,"M6",-44,-44,"-44",2,-44,1958,2,"-44",1,19,89,50,39,0,0,0,1,5,3,5,40,40,0,1,2,3,4,0,50,0,2,-44,-44,-44,-44,-44,-44,1,30,20,30,50,0,2,-44,-44,-44,-44,-44,1,40,20,30,37.5,0,2,-44,-44,-44,-44,-44,2,-44,-44,-44,-44,-44,2,-44,-44,-44,-44,-44,1,12,6,15,58.3333333333333,0,1,1,2,1,1,2,1,2,"-44",1,1,2,1,1,1,1,2,"-44",2,-44,-44,-44,-44,-44,-44,-44,"-44",1,1,2,2,2,2,1,2,"-44",2,-44,-44,-44,-44,-44,-44,-44,"-44",1,1,2,1,1,1,1,2,"-44",2,-44,-44,-44,-44,-44,-44,-44,"-44",2,-44,-44,-44,-44,-44,-44,-44,"-44",2,-44,-44,-44,-44,-44,-44,-44,"-44",1,1,1,2,2,2,2,2,"-44",1,1,2,1,"Managers",1,2,1,2,2,2,1,10,"Elementary occupations","Managers","Elementary occupations",2,2,1,1,2,1,1,1,2,2,2,1,1,2,1,2,1,2,1,1,50,30,70,30,60,15,6,6,2,1,60000,20000,2,2,1,2,5,-44,-44,-44,-44,-44,-44,-44,5,-44,-44,-44,-44,-44,-44,-44,1,1,2,2,2,2,1,2,2,2,2,2,2,1,2,1,1,1,360000,120000,2,2,0,0,5,5,2,1,1,1,35,30,2,1,2,2,2,2,2,2,2,2,2,2,2,2,-44,-44,-44,-44,-44,-44,-44,-44,-44,-44,-44,-44,1,4,4,4,2,4,3,4,4,4,4,4,2,2,2,2,2,2,2,2,2,2,2,-44,-44,-44,-44,-44,-44,-44,-44,-44,-44,-44,4,3,4,2,4,4,4,4,4,1,4,2,2,-44,-44,-44,-44,-44,-44,"-44",-44,-44,-44,-44,-44,-44,"-44",2,2,-44,-44,2,2,-44,-44,-44,-44,"-44",-44,-44,-44,-44,"-44",-44,-44,-44,-44,"-44",-44,-44,-44,-44,"-44",-44,-44,-44,-44,"-44",-44,-44,-44,-44,"-44",-44,"-44",-44,"-44",-44,-44,-44,-44,2,2,-44,-44,-44,-44,-44,"-44",-44,-44,-44,-44,-44,"-44",-44,-44,-44,-44,-44,-44,-44,-44,-44,-44,-44,-44,-44,-44,-44,-44,-44,-44,-44,-44,-44,-44,2,2,-44,-44,4,4,4,5,5,2,-44,-44,-44,-44,-44,1,1,1,1,1,3,3,3,3,3,3,3,3,1,1,3,3,3,4,1,"-44",1,1,2,1,1,2,3,2,0,1,1,1,1,3,0,0,0,0,0,0,0,0,0,1,2,1,3,60,5000000,2500000,500000000,3,70,6000000,3000000,100000000,50,2,2,1,2,"MOMBASA",19,"-44","-44",89,104,999,2,-44,1,-44,6,11.851900100708,"Kenya"
71570,1,3,"M1 through M5",-44,-44,"M6",-44,-44,"-44",2,-44,1992,1,"-44",1,7,22,18,4,8,8,0,1,1,1,1,0,0,0,1,3,3,3,0,0,0,1,21,21,13,19.047619047619,0,2,2,-44,-44,-44,-44,-44,1,5,5,5,0,1,2,-44,-44,-44,-44,-44,2,-44,-44,-44,-44,-44,2,-44,-44,-44,-44,-44,2,-44,-44,-44,-44,-44,2,-44,-44,-44,-44,-44,2,-44,-44,-44,-44,-44,-44,-44,"-44",2,-44,-44,-44,-44,-44,-44,-44,"-44",2,-44,-44,-44,-44,-44,-44,-44,"-44",2,-44,-44,-44,-44,-44,-44,-44,"-44",1,2,2,2,2,1,2,2,"-44",2,-44,-44,-44,-44,-44,-44,-44,"-44",2,-44,-44,-44,-44,-44,-44,-44,"-44",2,-44,-44,-44,-44,-44,-44,-44,"-44",2,-44,-44,-44,-44,-44,-44,-44,"-44",2,-44,-44,-44,-44,-44,-44,-44,"-44",1,1,1,1,"Managers",2,1,2,2,2,2,2,5,"Service workers","Managers","Service workers",2,2,2,2,2,1,2,1,2,2,2,2,1,2,1,2,2,2,2,1,-44,0,100,0,-44,5,5,5,1,1,87800,10700,2,2,2,2,2,5,-44,-44,-44,-44,1,2,2,1,5,2,1,2,1,2,1,1,1,1,1,1,1,1,1,2,1,2,2,1,4,3,2,1,87800,15800,2,2,5,0,4,6,1,1,1,1,46,25,1,1,2,2,2,3,2,2,2,2,1,2,2,2,-44,-44,-44,-44,-44,-44,-44,-44,1,-44,-44,-44,3,4,4,4,4,4,1,2,4,4,4,4,1,2,2,2,2,2,2,3,2,1,3,1,-44,-44,-44,-44,-44,-44,-44,-44,1,-44,1,3,4,2,4,4,4,4,4,4,4,1,2,2,2,1,2,2,2,"-44",-44,-44,-44,-44,-44,-44,"-44",2,2,-44,-44,2,2,-44,-44,-44,-44,"-44",-44,-44,-44,-44,"-44",-44,-44,-44,-44,"-44",-44,-44,-44,-44,"-44",-44,-44,-44,-44,"-44",-44,-44,-44,-44,"-44",-44,"-44",-44,"-44",-44,-44,-44,-44,2,2,-44,-44,-44,-44,-44,"-44",-44,-44,-44,-44,-44,"-44",-44,-44,-44,-44,-44,-44,-44,-44,-44,-44,-44,-44,-44,-44,-44,-44,-44,-44,-44,-44,-44,-44,2,2,-44,-44,3,3,5,5,4,2,-44,-44,-44,-44,-44,1,1,1,5,2,3,2,3,3,1,1,3,2,1,1,2,3,4,2,4,"-44",2,1,2,2,1,2,0,0,4,1,4,0,1,4,4,4,1,2,1,0,4,2,2,0,0,2,3,30,45239400,48325400,133194600,3,30,60606000,37945600,125943900,70,2,1,1,4,"NAKURU",7,"-44","-44",30,122,202,1,-44,1,-44,6,11.851900100708,"Kenya"
98290,1,2,"M1 through M5",-44,-44,"M6",-44,-44,"-44",1,1966,1966,1,"-44",1,7,60,60,0,0,0,0,1,1,1,1,0,100,0,1,43,43,43,0,100,0,2,-44,-44,-44,-44,-44,-44,1,4,4,4,0,0,1,10,10,10,0,0,2,-44,-44,-44,-44,-44,2,-44,-44,-44,-44,-44,2,-44,-44,-44,-44,-44,1,2,2,2,0,0,2,-44,-44,-44,-44,-44,2,-44,-44,-44,-44,-44,-44,-44,"-44",1,2,1,1,2,1,1,2,"-44",2,-44,-44,-44,-44,-44,-44,-44,"-44",2,-44,-44,-44,-44,-44,-44,-44,"-44",2,-44,-44,-44,-44,-44,-44,-44,"-44",2,-44,-44,-44,-44,-44,-44,-44,"-44",2,-44,-44,-44,-44,-44,-44,-44,"-44",2,-44,-44,-44,-44,-44,-44,-44,"-44",1,2,1,1,2,1,1,2,"-44",2,-44,-44,-44,-44,-44,-44,-44,"-44",1,1,2,2,"Professionals",1,1,2,2,2,1,2,5,"Service workers","Professionals","Service workers",1,2,2,2,2,2,2,2,2,1,2,2,2,2,2,2,2,2,2,2,-44,-44,-44,-44,-44,-44,5,5,1,1,30000,15000,2,2,2,2,2,5,-44,-44,-44,-44,1,2,2,5,-44,-44,-44,-44,1,2,2,2,2,1,2,2,1,2,2,2,2,2,2,1,3,1,1,1,30000,20000,2,2,0,0,5,5,1,1,1,2,28,30,1,1,2,2,3,2,2,2,2,2,2,2,1,2,-44,-44,-44,-44,-44,-44,-44,-44,-44,-44,1,-44,1,4,4,2,4,3,4,4,4,4,4,4,2,2,3,2,2,2,2,2,2,2,2,-44,-44,-44,-44,-44,-44,-44,-44,-44,-44,-44,1,4,4,2,3,4,4,4,4,4,4,2,2,-44,-44,-44,-44,-44,-44,"-44",-44,-44,-44,-44,-44,-44,"-44",2,2,-44,-44,2,2,-44,-44,-44,-44,"-44",-44,-44,-44,-44,"-44",-44,-44,-44,-44,"-44",-44,-44,-44,-44,"-44",-44,-44,-44,-44,"-44",-44,-44,-44,-44,"-44",-44,"-44",-44,"-44",-44,-44,-44,-44,2,2,-44,-44,-44,-44,-44,"-44",-44,-44,-44,-44,-44,"-44",-44,-44,-44,-44,-44,-44,-44,-44,-44,-44,-44,-44,-44,-44,-44,-44,-44,-44,-44,-44,-44,-44,2,2,-44,-44,4,4,4,4,4,2,-44,-44,-44,-44,-44,2,2,2,2,2,3,3,3,3,3,3,3,3,3,3,3,3,3,3,1,"-44",1,1,1,1,1,2,0,0,0,0,0,0,0,0,0,0,0,0,0,1,1,2,2,2,2,2,1,60,300000,120000,500000,1,60,300000,130000,550000,0,2,2,2,2,"MOMBASA",7,"-44","-44",60,110,999,1,-44,1,-44,6,11.851900100708,"Kenya"
98302,1,2,"M1 through M5",-44,-44,"M6",-44,-44,"-44",2,-44,1998,4,"-44",1,7,20,5,15,60,25,35,1,8,8,8,0,0,0,1,6,6,8,66.6666666666667,0,0,2,-44,-44,-44,-44,-44,-44,1,2,2,2,0,0,1,25,25,30,60,0,1,25,25,40,100,0,2,-44,-44,-44,-44,-44,2,-44,-44,-44,-44,-44,1,10,10,5,20,0,1,4,4,0,100,0,2,-44,-44,-44,-44,-44,-44,-44,"-44",1,1,2,2,2,2,2,2,"-44",2,-44,-44,-44,-44,-44,-44,-44,"-44",2,-44,-44,-44,-44,-44,-44,-44,"-44",1,1,2,2,2,2,2,2,"-44",1,1,2,2,2,2,2,2,"-44",2,-44,-44,-44,-44,-44,-44,-44,"-44",2,-44,-44,-44,-44,-44,-44,-44,"-44",2,-44,-44,-44,-44,-44,-44,-44,"-44",2,-44,-44,-44,-44,-44,-44,-44,"-44",1,1,2,2,"Professionals",1,1,1,2,2,1,1,6,"Sales workers","Professionals","Sales workers",2,2,2,2,2,1,2,2,2,2,2,2,2,2,1,2,1,2,1,1,20,100,0,100,20,10,6,5,2,2,70000,22000,2,2,1,2,1,2,5,2,1,2,2,1,1,2,3,1,2,2,2,1,2,1,1,1,2,2,2,1,1,2,2,1,2,2,4,2,3,3,70000,22000,2,2,12,24,6,5,1,1,1,1,35,24,2,2,2,2,2,2,2,2,2,2,2,2,2,2,-44,-44,-44,-44,-44,-44,-44,-44,-44,-44,-44,-44,2,4,4,4,1,4,4,3,4,4,4,4,2,1,1,1,2,2,1,2,1,2,2,-44,2,2,1,-44,-44,1,-44,2,-44,-44,4,1,4,2,4,3,4,4,4,4,4,2,2,-44,-44,-44,-44,-44,-44,"-44",-44,-44,-44,-44,-44,-44,"-44",2,2,-44,-44,2,2,-44,-44,-44,-44,"-44",-44,-44,-44,-44,"-44",-44,-44,-44,-44,"-44",-44,-44,-44,-44,"-44",-44,-44,-44,-44,"-44",-44,-44,-44,-44,"-44",-44,"-44",-44,"-44",-44,-44,-44,-44,2,2,-44,-44,-44,-44,-44,"-44",-44,-44,-44,-44,-44,"-44",-44,-44,-44,-44,-44,-44,-44,-44,-44,-44,-44,-44,-44,-44,-44,-44,-44,-44,-44,-44,-44,-44,2,2,-44,-44,5,5,5,5,5,2,-44,-44,-44,-44,-44,2,1,2,1,1,3,3,3,3,3,3,3,3,3,3,3,3,3,5,2,"-44",2,1,1,1,1,2,3,1,1,1,1,1,1,3,3,1,1,2,1,2,0,1,3,2,1,2,12,55,20000000,40000000,100000000,12,80,25000000,45000000,120000000,100,1,2,1,4,"NAKURU",7,"-44","-44",80,114,999,2,-44,1,-44,6,11.851900100708,"Kenya"
98278,1,1,"M1 through M5",-44,-44,"M6",-44,-44,"-44",1,1984,1984,1,"-44",1,3,47,35,12,0,0,0,1,1,1,1,0,100,0,1,25,25,25,40,100,0,2,-44,-44,-44,-44,-44,-44,1,2,2,2,0,0,1,2,2,2,100,0,1,10,10,10,0,0,2,-44,-44,-44,-44,-44,2,-44,-44,-44,-44,-44,1,2,2,2,0,0,1,5,5,5,0,0,2,-44,-44,-44,-44,-44,-44,-44,"-44",1,1,2,2,2,2,2,2,"-44",2,-44,-44,-44,-44,-44,-44,-44,"-44",2,-44,-44,-44,-44,-44,-44,-44,"-44",2,-44,-44,-44,-44,-44,-44,-44,"-44",2,-44,-44,-44,-44,-44,-44,-44,"-44",2,-44,-44,-44,-44,-44,-44,-44,"-44",2,-44,-44,-44,-44,-44,-44,-44,"-44",1,2,1,2,2,2,2,2,"-44",2,-44,-44,-44,-44,-44,-44,-44,"-44",1,1,2,1,"Managers",1,1,1,2,2,1,1,5,"Service workers","Managers","Service workers",1,2,2,2,2,2,2,2,2,1,2,2,2,2,2,2,2,2,2,2,-44,-44,-44,-44,-44,-44,6,5,1,1,60000,23000,2,2,2,2,5,-44,-44,-44,-44,-44,-44,-44,5,-44,-44,-44,-44,-44,-44,-44,1,1,1,1,2,1,1,2,2,2,2,2,1,1,2,3,1,2,60000,23000,2,2,0,0,5,5,1,1,1,1,35,30,1,1,2,2,3,2,2,2,2,2,2,2,2,2,-44,-44,-44,-44,-44,-44,-44,-44,-44,-44,-44,-44,2,1,4,4,4,3,4,4,4,4,4,4,2,2,3,2,2,2,2,2,2,2,2,-44,-44,-44,-44,-44,-44,-44,-44,-44,-44,-44,4,4,4,4,4,1,2,3,4,4,4,2,2,-44,-44,-44,-44,-44,-44,"-44",-44,-44,-44,-44,-44,-44,"-44",2,2,-44,-44,2,2,-44,-44,-44,-44,"-44",-44,-44,-44,-44,"-44",-44,-44,-44,-44,"-44",-44,-44,-44,-44,"-44",-44,-44,-44,-44,"-44",-44,-44,-44,-44,"-44",-44,"-44",-44,"-44",-44,-44,-44,-44,2,2,-44,-44,-44,-44,-44,"-44",-44,-44,-44,-44,-44,"-44",-44,-44,-44,-44,-44,-44,-44,-44,-44,-44,-44,-44,-44,-44,-44,-44,-44,-44,-44,-44,-44,-44,2,2,-44,-44,4,4,4,5,5,2,-44,-44,-44,-44,-44,2,2,2,2,2,3,3,3,3,3,3,3,3,3,3,3,3,4,4,1,"-44",1,1,1,1,1,1,0,0,0,0,0,0,0,1,1,1,1,1,1,0,0,0,0,0,0,2,1,37,450000,230000,850000,1,47,600000,300000,970000,0,2,2,2,3,"MOMBASA",3,"-44","-44",47,110,999,1,-44,1,-44,6,11.851900100708,"Kenya"
50611,1,3,"M1 through M5",-44,-44,"M6",-44,-44,"-44",2,-44,2006,6,"-44",2,3,36,27,9,3,0,3,1,3,3,3,33.3333333333333,0,0,2,-44,-44,-44,-44,-44,-44,2,-44,-44,-44,-44,-44,-44,2,-44,-44,-44,-44,-44,2,-44,-44,-44,-44,-44,1,20,17,20,30,0,2,-44,-44,-44,-44,-44,2,-44,-44,-44,-44,-44,1,16,15,6,31.25,1,2,-44,-44,-44,-44,-44,2,-44,-44,-44,-44,-44,-44,-44,"-44",2,-44,-44,-44,-44,-44,-44,-44,"-44",2,-44,-44,-44,-44,-44,-44,-44,"-44",2,-44,-44,-44,-44,-44,-44,-44,"-44",2,-44,-44,-44,-44,-44,-44,-44,"-44",1,2,2,1,1,2,2,2,"-44",2,-44,-44,-44,-44,-44,-44,-44,"-44",2,-44,-44,-44,-44,-44,-44,-44,"-44",1,1,1,1,2,2,2,2,"-44",2,-44,-44,-44,-44,-44,-44,-44,"-44",1,2,2,1,"Managers",2,2,1,2,2,1,2,6,"Sales workers","Managers","Sales workers",2,2,2,1,1,2,1,2,2,2,1,1,2,2,2,1,2,2,2,1,-44,0,100,0,-44,10,6,5,2,2,46400,14200,2,2,1,2,1,3,2,2,2,1,1,2,3,1,2,2,2,1,2,1,1,2,1,1,1,1,2,1,2,1,2,2,1,1,2,4,2,2,50300,12700,2,2,5,4,6,4,1,1,1,1,46,50,1,2,2,2,2,2,1,3,2,2,2,2,3,3,-44,-44,-44,-44,3,-44,-44,-44,-44,-44,-44,-44,4,4,4,1,4,2,4,4,4,3,4,4,2,2,2,3,3,2,3,2,2,3,3,-44,-44,-44,-44,-44,-44,-44,-44,-44,-44,-44,1,4,4,4,4,3,4,4,2,4,4,1,1,1,1,2,2,2,2,"-44",2,1,2,1,2,2,"-44",1,2,60,-44,1,2,2,1,2,-44,"-44",-44,-44,-44,-44,"-44",-44,20,-44,-44,"-44",-44,2,-44,-44,"-44",-44,-44,-44,-44,"-44",-44,-44,-44,-44,"-44",1,"-44",-44,"-44",2,-44,-44,-44,2,2,-44,-44,-44,-44,-44,"-44",-44,-44,-44,-44,-44,"-44",-44,-44,-44,-44,-44,-44,-44,-44,-44,-44,-44,-44,-44,-44,-44,-44,-44,-44,-44,-44,-44,-44,1,2,1,-44,1,5,3,2,5,1,1,3,2,4,4,1,5,5,5,5,1,2,3,1,3,3,3,3,3,1,3,1,2,5,1,"-44",1,1,1,2,2,2,4,0,1,0,0,0,1,2,0,1,2,0,3,4,0,0,0,4,0,2,12,41,3808400,11479800,21560300,12,40,4125200,11167200,32670000,30,1,2,1,4,"NAKURU",3,"-44","-44",39,123,202,1,-44,1,-44,6,11.851900100708,"Kenya"
38010,1,3,"M1 through M5",1,2,"M6",-44,-44,"-44",2,-44,2009,1,"-44",1,9,20,9,11,9,7,2,1,2,2,2,50,0,0,1,9,8,10,33.3333333333333,11.1111111111111,0,2,-44,-44,-44,-44,-44,-44,1,3,3,4,66.6666666666667,0,1,8,7,8,37.5,0,1,7,5,9,57.1428571428571,0,2,-44,-44,-44,-44,-44,2,-44,-44,-44,-44,-44,2,-44,-44,-44,-44,-44,2,-44,-44,-44,-44,-44,1,1,2,2,2,2,2,2,"-44",1,1,2,2,1,2,1,2,"-44",2,-44,-44,-44,-44,-44,-44,-44,"-44",1,1,2,2,1,2,1,2,"-44",1,2,1,1,2,2,1,2,"-44",1,1,2,1,1,2,1,2,"-44",2,-44,-44,-44,-44,-44,-44,-44,"-44",2,-44,-44,-44,-44,-44,-44,-44,"-44",2,-44,-44,-44,-44,-44,-44,-44,"-44",2,-44,-44,-44,-44,-44,-44,-44,"-44",1,1,2,1,"Managers",1,1,1,2,2,2,2,6,"Sales workers","Managers","Sales workers",2,2,1,2,1,2,1,2,2,2,2,2,2,1,2,2,1,2,1,1,50,10,90,10,30,30,6,6,1,2,35000,11000,2,2,1,1,2,5,-44,-44,-44,-44,1,2,2,1,3,2,2,1,1,2,1,1,1,1,2,1,1,1,2,2,1,2,2,2,4,1,1,1,30000,13000,2,2,5,0,5,6,1,1,2,1,50,28,1,1,2,2,2,3,2,2,2,2,2,2,2,1,-44,-44,-44,-44,-44,-44,-44,-44,-44,-44,-44,1,3,2,4,4,4,4,4,4,1,4,4,4,1,2,1,1,1,2,2,2,2,2,2,2,-44,1,2,3,-44,-44,-44,-44,-44,-44,4,3,4,4,1,4,4,4,2,4,4,1,1,1,2,1,1,2,2,"-44",1,1,2,1,2,2,"-44",2,2,-44,-44,2,2,-44,-44,-44,-44,"-44",-44,-44,-44,-44,"-44",-44,-44,-44,-44,"-44",-44,-44,-44,-44,"-44",-44,-44,-44,-44,"-44",-44,-44,-44,-44,"-44",-44,"-44",-44,"-44",-44,-44,-44,-44,2,2,-44,-44,-44,-44,-44,"-44",-44,-44,-44,-44,-44,"-44",-44,-44,-44,-44,-44,-44,-44,-44,-44,-44,-44,-44,-44,-44,-44,-44,-44,-44,-44,-44,-44,-44,2,2,-44,-44,5,2,2,2,5,1,4,5,5,3,3,4,1,1,1,4,1,3,3,1,1,3,3,3,2,2,3,3,1,3,2,"-44",1,2,2,1,1,2,3,0,2,1,3,3,1,1,1,2,1,0,1,0,2,4,1,2,1,1,12,29,1120000,2820000,58240000,12,29,1080000,2730000,55200000,0,2,1,1,3,"MOMBASA",9,"-44","-44",29,113,999,1,-44,1,-44,6,11.851900100708,"Kenya"
60526,2,3,"M1 through M5",-44,-44,"M6",-44,-44,"-44",2,-44,2012,6,"-44",2,3,16,7,9,0,0,0,1,3,3,3,33.3333333333333,0,0,1,3,3,3,66.6666666666667,0,0,2,-44,-44,-44,-44,-44,-44,1,4,4,4,75,0,1,2,2,2,100,0,1,3,3,3,33.3333333333333,0,2,-44,-44,-44,-44,-44,2,-44,-44,-44,-44,-44,2,-44,-44,-44,-44,-44,1,1,1,1,0,0,2,-44,-44,-44,-44,-44,-44,-44,"-44",1,1,2,2,1,1,2,2,"-44",2,-44,-44,-44,-44,-44,-44,-44,"-44",1,1,2,1,1,2,1,2,"-44",2,-44,-44,-44,-44,-44,-44,-44,"-44",2,-44,-44,-44,-44,-44,-44,-44,"-44",2,-44,-44,-44,-44,-44,-44,-44,"-44",2,-44,-44,-44,-44,-44,-44,-44,"-44",2,-44,-44,-44,-44,-44,-44,-44,"-44",2,-44,-44,-44,-44,-44,-44,-44,"-44",1,1,2,2,"Professionals",1,1,1,2,2,2,1,6,"Sales workers","Professionals","Sales workers",2,1,2,2,2,2,2,2,2,2,2,2,2,2,2,1,2,2,1,2,70,-44,-44,-44,30,-44,6,5,2,1,85500,29700,2,2,1,2,5,-44,-44,-44,-44,-44,-44,-44,5,-44,-44,-44,-44,-44,-44,-44,2,1,2,1,2,2,1,1,1,1,2,2,2,1,2,3,3,1,75700,27000,2,2,0,4,6,5,2,1,1,2,39,24,2,2,2,2,1,3,2,2,2,2,2,2,2,2,-44,-44,1,-44,-44,-44,-44,-44,-44,-44,-44,-44,3,4,4,4,4,1,2,4,4,4,4,4,2,2,1,2,1,1,2,3,2,3,2,-44,-44,1,-44,1,3,-44,-44,-44,-44,-44,2,4,4,4,4,4,4,1,3,4,4,2,2,-44,-44,-44,-44,-44,-44,"-44",-44,-44,-44,-44,-44,-44,"-44",1,2,60,-44,2,2,-44,-44,-44,-44,"-44",-44,-44,-44,-44,"-44",-44,-44,-44,-44,"-44",-44,-44,-44,-44,"-44",-44,-44,-44,-44,"-44",-44,-44,-44,-44,"-44",-44,"-44",-44,"-44",-44,-44,-44,-44,2,2,-44,-44,-44,-44,-44,"-44",-44,-44,-44,-44,-44,"-44",-44,-44,-44,-44,-44,-44,-44,-44,-44,-44,-44,-44,-44,-44,-44,-44,-44,-44,-44,-44,-44,-44,1,2,888997,-44,3,2,2,2,4,2,-44,-44,-44,-44,-44,4,1,1,2,4,3,3,1,1,2,1,3,2,3,1,1,3,3,3,2,"-44",1,1,2,1,2,2,4,2,4,4,0,0,0,1,4,3,0,1,1,1,1,1,0,0,1,2,11,16,597500,18480000,29568000,11,16,1883200,26772000,43740000,30,2,1,1,3,"NAKURU",3,"-44","-44",16,122,202,1,-44,1,-44,6,11.851900100708,"Kenya"
98286,1,2,"M1 through M5",-44,-44,"M6",-44,-44,"-44",2,-44,2008,4,"-44",1,9,35,15,20,0,0,0,1,1,1,1,0,0,0,1,1,1,1,0,0,0,2,-44,-44,-44,-44,-44,-44,2,-44,-44,-44,-44,-44,1,33,20,30,60.6060606060606,0,2,-44,-44,-44,-44,-44,2,-44,-44,-44,-44,-44,2,-44,-44,-44,-44,-44,2,-44,-44,-44,-44,-44,2,-44,-44,-44,-44,-44,2,-44,-44,-44,-44,-44,-44,-44,"-44",1,1,2,2,2,2,2,2,"-44",2,-44,-44,-44,-44,-44,-44,-44,"-44",2,-44,-44,-44,-44,-44,-44,-44,"-44",1,1,2,2,2,2,2,2,"-44",2,-44,-44,-44,-44,-44,-44,-44,"-44",2,-44,-44,-44,-44,-44,-44,-44,"-44",2,-44,-44,-44,-44,-44,-44,-44,"-44",2,-44,-44,-44,-44,-44,-44,-44,"-44",2,-44,-44,-44,-44,-44,-44,-44,"-44",1,1,2,1,"Managers",2,1,2,2,2,2,2,5,"Service workers","Managers","Service workers",2,2,2,1,2,2,2,2,2,2,2,2,1,2,2,2,1,2,2,1,-44,60,40,60,-44,3,6,5,1,2,60000,17000,2,2,1,2,1,2,5,2,1,2,1,2,1,2,5,2,1,2,2,1,2,2,2,1,2,1,2,2,1,2,2,2,2,1,3,2,3,3,30000,15000,2,2,48,12,6,5,1,2,1,1,45,25,1,2,2,2,2,2,2,2,2,2,2,2,2,2,-44,-44,-44,-44,-44,-44,-44,-44,-44,-44,-44,-44,4,4,4,3,1,4,2,4,4,4,4,4,1,1,2,1,2,1,2,1,2,1,2,1,1,-44,2,-44,2,-44,2,-44,2,-44,2,1,4,4,3,4,4,4,4,4,4,2,2,-44,-44,-44,-44,-44,-44,"-44",-44,-44,-44,-44,-44,-44,"-44",2,2,-44,-44,2,2,-44,-44,-44,-44,"-44",-44,-44,-44,-44,"-44",-44,-44,-44,-44,"-44",-44,-44,-44,-44,"-44",-44,-44,-44,-44,"-44",-44,-44,-44,-44,"-44",-44,"-44",-44,"-44",-44,-44,-44,-44,2,2,-44,-44,-44,-44,-44,"-44",-44,-44,-44,-44,-44,"-44",-44,-44,-44,-44,-44,-44,-44,-44,-44,-44,-44,-44,-44,-44,-44,-44,-44,-44,-44,-44,-44,-44,2,2,-44,-44,5,5,5,5,5,2,-44,-44,-44,-44,-44,4,4,2,1,1,3,3,3,3,3,3,3,3,3,3,3,3,3,4,1,"-44",2,1,1,1,2,2,3,0,3,0,0,3,3,2,3,2,2,2,3,0,0,0,0,0,0,1,12,35,100000,1000000,5000000,12,35,100000,1500000,4000000,100,1,2,2,4,"NAKURU",9,"-44","-44",35,114,999,1,-44,1,-44,6,11.851900100708,"Kenya"
21007,2,2,"M1 through M5",-44,-44,"M6",-44,-44,"-44",2,-44,2001,3,"-44",1,7,24,12,12,5,3,2,1,2,2,2,50,0,0,1,15,13,17,46.6666666666667,13.3333333333333,1,2,-44,-44,-44,-44,-44,-44,2,-44,-44,-44,-44,-44,1,3,1,5,100,0,2,-44,-44,-44,-44,-44,2,-44,-44,-44,-44,-44,2,-44,-44,-44,-44,-44,1,6,4,6,33.3333333333333,0,1,3,3,4,33.3333333333333,0,1,1,1,2,2,1,1,2,"-44",1,1,2,2,1,1,2,2,"-44",2,-44,-44,-44,-44,-44,-44,-44,"-44",2,-44,-44,-44,-44,-44,-44,-44,"-44",1,1,2,1,2,2,2,2,"-44",2,-44,-44,-44,-44,-44,-44,-44,"-44",2,-44,-44,-44,-44,-44,-44,-44,"-44",2,-44,-44,-44,-44,-44,-44,-44,"-44",1,1,2,2,2,2,1,2,"-44",1,1,1,1,2,2,1,2,"-44",1,1,2,2,"Professionals",2,1,2,2,2,1,1,10,"Elementary occupations","Professionals","Elementary occupations",1,2,2,2,2,2,2,1,2,2,2,2,1,2,1,1,1,2,1,1,40,80,20,80,20,10,5,3,2,1,8000,7000,2,2,1,1,1,3,2,2,2,1,1,2,2,3,1,2,1,2,2,1,1,1,1,1,2,2,1,2,2,2,2,2,2,1,2,1,3,1,9000,7000,2,2,18,12,5,2,1,2,1,1,57,36,1,2,2,2,2,2,2,2,2,1,2,2,1,2,-44,-44,-44,-44,-44,-44,-44,1,-44,-44,1,-44,4,1,4,2,4,3,4,4,4,4,4,4,3,2,3,2,2,2,2,3,2,2,3,-44,-44,-44,-44,-44,-44,-44,-44,-44,-44,-44,4,4,4,2,3,4,4,4,1,4,4,2,2,-44,-44,-44,-44,-44,-44,"-44",-44,-44,-44,-44,-44,-44,"-44",1,1,70,30,1,2,1,2,1,-44,"-44",-44,-44,-44,-44,"-44",30,-44,10,-44,"-44",3,-44,2,-44,"-44",-44,-44,-44,-44,"-44",-44,-44,-44,-44,"-44",4,"-44",-44,"-44",7,-44,60000,-44,2,2,-44,-44,-44,-44,-44,"-44",-44,-44,-44,-44,-44,"-44",-44,-44,-44,-44,-44,-44,-44,-44,-44,-44,-44,-44,-44,-44,-44,-44,-44,-44,-44,-44,-44,-44,1,1,1,888997,5,2,5,4,3,2,-44,-44,-44,-44,-44,1,3,1,5,1,3,3,3,2,1,3,2,1,3,1,3,3,2,2,1,"-44",2,1,1,1,1,1,1,3,0,3,0,1,2,0,1,0,1,3,0,0,3,2,0,3,1,2,2,21,792000,130000,1744000,2,29,792000,107000,1536000,80,1,2,1,3,"MOMBASA",7,"-44","-44",29,109,999,1,-44,1,-44,6,11.851900100708,"Kenya"
38006,1,3,"M1 through M5",-44,-44,"M6",-44,-44,"-44",2,-44,1989,1,"-44",1,7,88,50,38,0,0,0,1,5,5,7,40,0,0,1,16,13,18,37.5,18.75,1,1,10,9,9,20,10,2,1,18,11,18,50,0,1,10,8,10,40,0,1,12,8,20,58.3333333333333,0,2,-44,-44,-44,-44,-44,2,-44,-44,-44,-44,-44,1,8,5,8,37.5,0,1,9,5,9,55.5555555555556,0,1,1,1,1,1,1,1,2,"-44",1,1,1,2,1,1,1,2,"-44",1,1,2,1,1,1,1,2,"-44",1,1,2,1,1,1,2,2,"-44",1,1,2,2,1,2,1,2,"-44",1,1,1,1,1,1,1,2,"-44",2,-44,-44,-44,-44,-44,-44,-44,"-44",2,-44,-44,-44,-44,-44,-44,-44,"-44",1,1,1,1,1,1,1,2,"-44",1,1,2,2,2,1,2,2,"-44",1,1,1,2,"Professionals",1,1,1,2,2,1,1,6,"Sales workers","Professionals","Sales workers",2,2,2,2,2,2,1,2,2,2,2,2,2,2,2,2,1,2,1,1,60,40,60,40,7,20,5,5,1,1,140000,33000,2,2,1,1,5,-44,-44,-44,-44,-44,-44,-44,1,5,-44,2,1,2,-44,-44,2,1,1,1,2,2,1,1,1,1,2,2,1,2,5,1,1,3,167000,36000,2,2,12,6,5,4,1,1,1,2,30,36,1,2,2,1,3,2,1,2,2,2,2,2,2,1,-44,1,-44,-44,2,-44,-44,-44,-44,-44,-44,3,4,4,4,4,4,4,1,4,4,2,3,4,2,2,3,1,2,2,2,2,2,2,2,-44,-44,-44,1,-44,-44,-44,-44,-44,-44,-44,4,1,4,2,3,4,4,4,4,4,4,2,2,-44,-44,-44,-44,-44,-44,"-44",-44,-44,-44,-44,-44,-44,"-44",2,2,-44,-44,2,2,-44,-44,-44,-44,"-44",-44,-44,-44,-44,"-44",-44,-44,-44,-44,"-44",-44,-44,-44,-44,"-44",-44,-44,-44,-44,"-44",-44,-44,-44,-44,"-44",-44,"-44",-44,"-44",-44,-44,-44,-44,2,2,-44,-44,-44,-44,-44,"-44",-44,-44,-44,-44,-44,"-44",-44,-44,-44,-44,-44,-44,-44,-44,-44,-44,-44,-44,-44,-44,-44,-44,-44,-44,-44,-44,-44,-44,2,2,-44,-44,4,4,4,4,4,2,-44,-44,-44,-44,-44,1,1,3,4,5,3,3,3,3,3,3,3,2,1,1,2,3,4,3,1,"-44",1,1,2,2,1,2,0,0,1,0,1,1,2,3,3,1,0,2,1,0,0,3,0,1,0,1,11,85,11040000,460000000,898800000,11,88,13500000,560000000,921600000,100,2,1,1,4,"NAKURU",7,"-44","-44",88,101,999,1,-44,1,-44,6,11.851900100708,"Kenya"
98363,2,2,"M1 through M5",-44,-44,"M6",-44,-44,"-44",1,2004,2004,1,"-44",1,3,48,32,16,0,0,0,1,1,1,1,0,100,0,1,28,28,28,42.8571428571429,100,0,2,-44,-44,-44,-44,-44,-44,1,2,2,2,100,0,1,5,5,5,40,0,1,10,10,10,0,0,2,-44,-44,-44,-44,-44,2,-44,-44,-44,-44,-44,1,2,2,2,0,0,2,-44,-44,-44,-44,-44,2,-44,-44,-44,-44,-44,-44,-44,"-44",1,1,2,2,2,2,2,2,"-44",2,-44,-44,-44,-44,-44,-44,-44,"-44",2,-44,-44,-44,-44,-44,-44,-44,"-44",2,-44,-44,-44,-44,-44,-44,-44,"-44",1,1,2,2,2,2,1,2,"-44",2,-44,-44,-44,-44,-44,-44,-44,"-44",2,-44,-44,-44,-44,-44,-44,-44,"-44",1,2,1,1,2,1,2,2,"-44",2,-44,-44,-44,-44,-44,-44,-44,"-44",1,1,2,2,"Professionals",1,1,1,2,2,1,2,5,"Service workers","Professionals","Service workers",1,2,1,1,2,2,2,2,2,1,2,1,1,1,2,2,1,2,1,2,70,-44,-44,-44,14,-44,6,5,2,2,35000,12000,1,2,2,2,2,3,5,-44,-44,-44,1,2,5,-44,-44,-44,-44,-44,-44,-44,2,2,2,1,2,1,1,2,2,2,2,2,2,1,2,2,1,1,38000,13000,2,2,0,0,6,4,1,1,1,1,27,25,1,1,1,3,3,2,2,2,2,2,2,2,1,2,2,-44,-44,-44,-44,-44,-44,-44,-44,-44,2,-44,4,4,4,4,4,1,2,3,4,4,4,4,1,1,3,2,2,2,2,2,2,1,2,1,1,-44,-44,-44,-44,-44,-44,-44,1,-44,4,4,4,4,4,1,2,3,4,4,4,2,2,-44,-44,-44,-44,-44,-44,"-44",-44,-44,-44,-44,-44,-44,"-44",1,2,100,-44,2,2,-44,-44,-44,-44,"-44",-44,-44,-44,-44,"-44",-44,-44,-44,-44,"-44",-44,-44,-44,-44,"-44",-44,-44,-44,-44,"-44",-44,-44,-44,-44,"-44",-44,"-44",-44,"-44",-44,-44,-44,-44,2,2,-44,-44,-44,-44,-44,"-44",-44,-44,-44,-44,-44,"-44",-44,-44,-44,-44,-44,-44,-44,-44,-44,-44,-44,-44,-44,-44,-44,-44,-44,-44,-44,-44,-44,-44,1,2,3,-44,5,5,5,5,5,2,-44,-44,-44,-44,-44,5,5,5,5,5,3,3,3,3,3,3,3,3,3,3,3,3,4,5,1,"-44",1,1,1,1,1,2,0,0,0,0,0,0,0,0,1,1,0,0,0,0,0,0,0,0,0,1,1,45,350000,200000,950000,1,48,380000,220000,1200000,0,2,2,2,3,"MOMBASA",3,"-44","-44",48,110,999,1,-44,1,-44,6,11.851900100708,"Kenya"
21054,1,3,"M1 through M5",-44,-44,"M6",-44,-44,"-44",2,-44,2011,1,"-44",1,7,29,10,19,0,0,0,1,4,2,4,75,50,0,2,-44,-44,-44,-44,-44,-44,1,12,11,12,58.3333333333333,8.33333333333333,0,2,-44,-44,-44,-44,-44,2,-44,-44,-44,-44,-44,2,-44,-44,-44,-44,-44,2,-44,-44,-44,-44,-44,2,-44,-44,-44,-44,-44,1,8,5,7,75,1,1,5,5,4,60,0,1,1,2,2,2,1,1,2,"-44",2,-44,-44,-44,-44,-44,-44,-44,"-44",1,2,1,1,1,2,1,2,"-44",2,-44,-44,-44,-44,-44,-44,-44,"-44",2,-44,-44,-44,-44,-44,-44,-44,"-44",2,-44,-44,-44,-44,-44,-44,-44,"-44",2,-44,-44,-44,-44,-44,-44,-44,"-44",2,-44,-44,-44,-44,-44,-44,-44,"-44",1,1,1,2,1,1,2,2,"-44",1,1,1,2,2,2,1,2,"-44",1,2,1,3,"Technicians and associate professionals",2,2,2,2,2,1,1,10,"Elementary occupations","Technicians and associate professionals","Elementary occupations",1,1,2,2,2,2,1,2,2,2,2,2,1,2,2,2,1,2,1,1,50,10,90,10,10,30,5,3,1,2,32000,16000,2,2,1,2,3,1,2,2,2,1,2,1,1,3,5,2,1,2,-44,-44,2,1,2,1,1,2,1,2,2,2,1,2,2,1,4,1,2,3,28000,18000,2,2,12,2,5,2,1,2,1,1,46,33,2,1,2,2,3,2,2,2,2,2,1,2,1,2,-44,-44,-44,-44,-44,-44,-44,-44,1,-44,1,-44,1,4,4,3,4,4,4,2,4,4,4,4,2,2,3,2,3,1,2,2,1,3,2,-44,-44,-44,-44,-44,1,-44,-44,2,-44,-44,4,4,4,4,4,1,3,4,2,4,4,2,2,-44,-44,-44,-44,-44,-44,"-44",-44,-44,-44,-44,-44,-44,"-44",2,2,-44,-44,2,2,-44,-44,-44,-44,"-44",-44,-44,-44,-44,"-44",-44,-44,-44,-44,"-44",-44,-44,-44,-44,"-44",-44,-44,-44,-44,"-44",-44,-44,-44,-44,"-44",-44,"-44",-44,"-44",-44,-44,-44,-44,2,2,-44,-44,-44,-44,-44,"-44",-44,-44,-44,-44,-44,"-44",-44,-44,-44,-44,-44,-44,-44,-44,-44,-44,-44,-44,-44,-44,-44,-44,-44,-44,-44,-44,-44,-44,2,2,-44,-44,1,4,1,3,4,2,-44,-44,-44,-44,-44,3,1,1,5,3,3,3,3,3,1,3,3,2,1,3,3,3,2,2,1,"-44",2,1,2,2,2,2,0,0,0,3,1,1,3,3,3,3,1,0,0,3,1,3,1,1,1,2,6,22,12960000,43200000,157500000,6,25,12360000,52320000,174400000,100,1,1,1,4,"MOMBASA",7,"-44","-44",29,112,999,1,-44,1,-44,6,11.851900100708,"Kenya"
38041,1,2,"M1 through M5",-44,-44,"M6",-44,-44,"-44",2,-44,2007,3,"-44",1,8,26,16,10,10,7,3,1,3,3,3,33.3333333333333,0,0,1,7,4,7,42.8571428571429,42.8571428571429,0,1,5,4,9,40,20,0,1,3,3,3,0,0,1,1,1,1,0,0,1,6,3,10,16.6666666666667,0,2,-44,-44,-44,-44,-44,1,2,1,7,100,0,1,4,4,6,25,0,1,5,3,5,60,0,1,1,2,1,1,1,1,2,"-44",1,1,2,1,1,2,1,2,"-44",1,1,2,1,1,2,1,2,"-44",1,1,2,1,1,2,1,2,"-44",1,1,2,1,1,1,1,2,"-44",1,1,2,1,1,1,1,2,"-44",2,-44,-44,-44,-44,-44,-44,-44,"-44",1,1,2,1,1,1,1,2,"-44",1,1,2,1,1,1,1,2,"-44",1,1,2,1,1,1,1,2,"-44",1,1,1,3,"Technicians and associate professionals",1,1,1,2,1,1,1,8,"Construction, craft, and related trade w","Technicians and associate professionals","Construction, craft, and related trade w",2,1,1,2,2,2,2,1,2,2,2,2,2,1,2,2,1,2,1,1,50,60,40,60,5,10,5,4,2,1,89000,28000,2,2,1,1,2,3,1,2,1,2,1,2,3,1,5,2,1,2,-44,-44,1,1,1,1,2,1,1,1,2,2,1,2,2,1,4,1,1,3,101000,25000,2,2,18,18,5,4,1,2,1,2,34,31,1,1,2,3,2,2,2,2,2,2,1,2,1,1,-44,-44,-44,-44,-44,-44,-44,-44,2,-44,1,1,2,4,4,4,4,1,4,4,4,4,4,3,3,2,3,2,2,2,2,2,1,2,2,-44,-44,-44,-44,-44,-44,-44,-44,1,-44,-44,4,4,4,4,4,4,2,1,3,4,4,2,1,-44,-44,-44,-44,-44,-44,"-44",1,2,2,2,2,2,"-44",2,2,-44,-44,2,2,-44,-44,-44,-44,"-44",-44,-44,-44,-44,"-44",-44,-44,-44,-44,"-44",-44,-44,-44,-44,"-44",-44,-44,-44,-44,"-44",-44,-44,-44,-44,"-44",-44,"-44",-44,"-44",-44,-44,-44,-44,2,2,-44,-44,-44,-44,-44,"-44",-44,-44,-44,-44,-44,"-44",-44,-44,-44,-44,-44,-44,-44,-44,-44,-44,-44,-44,-44,-44,-44,-44,-44,-44,-44,-44,-44,-44,2,2,-44,-44,5,5,4,5,4,1,5,2,5,4,4,2,3,4,3,5,3,3,3,3,1,3,2,1,3,1,3,3,2,5,2,"-44",1,2,2,1,1,2,1,0,1,0,3,3,0,2,2,3,2,1,3,1,1,3,2,3,1,1,12,40,15450000,54500000,88800000,12,38,2200000,8480000,10500000,0,1,2,1,4,"MOMBASA",8,"-44","-44",36,113,999,1,-44,1,-44,6,11.851900100708,"Kenya"
60531,1,3,"M1 through M5",-44,-44,"M6",-44,-44,"-44",2,-44,1989,1,"-44",1,3,19,10,9,0,0,0,1,1,1,1,0,0,0,1,7,6,7,28.5714285714286,14.2857142857143,0,1,4,3,4,50,25,2,1,3,3,3,100,0,2,-44,-44,-44,-44,-44,1,4,4,4,50,0,2,-44,-44,-44,-44,-44,2,-44,-44,-44,-44,-44,2,-44,-44,-44,-44,-44,2,-44,-44,-44,-44,-44,2,-44,-44,-44,-44,-44,-44,-44,"-44",1,1,2,2,1,2,2,2,"-44",1,1,2,2,2,2,2,2,"-44",1,1,2,1,1,2,2,2,"-44",2,-44,-44,-44,-44,-44,-44,-44,"-44",1,1,2,2,1,2,2,2,"-44",2,-44,-44,-44,-44,-44,-44,-44,"-44",2,-44,-44,-44,-44,-44,-44,-44,"-44",2,-44,-44,-44,-44,-44,-44,-44,"-44",2,-44,-44,-44,-44,-44,-44,-44,"-44",1,1,1,2,"Professionals",1,2,1,2,2,2,2,6,"Sales workers","Professionals","Sales workers",2,1,2,2,2,2,1,2,2,2,2,2,2,1,2,1,1,2,1,1,50,30,70,30,30,15,6,5,1,1,21600,12300,2,2,1,2,2,1,3,1,2,2,1,2,3,1,2,2,1,2,1,2,2,2,1,2,2,2,2,1,1,1,1,2,1,1,2,3,1,1,23500,9400,2,2,12,5,6,4,1,1,1,1,19,42,1,1,2,2,2,2,3,2,3,2,2,2,3,1,-44,-44,-44,-44,-44,-44,-44,-44,-44,-44,-44,2,4,4,4,1,4,3,2,4,4,4,4,4,2,2,2,2,2,2,2,2,3,1,2,-44,-44,-44,-44,-44,-44,-44,-44,-44,1,-44,3,4,4,4,1,4,4,4,2,4,4,2,1,-44,-44,-44,-44,-44,-44,"-44",1,2,2,1,2,2,"-44",2,2,-44,-44,2,2,-44,-44,-44,-44,"-44",-44,-44,-44,-44,"-44",-44,-44,-44,-44,"-44",-44,-44,-44,-44,"-44",-44,-44,-44,-44,"-44",-44,-44,-44,-44,"-44",-44,"-44",-44,"-44",-44,-44,-44,-44,2,2,-44,-44,-44,-44,-44,"-44",-44,-44,-44,-44,-44,"-44",-44,-44,-44,-44,-44,-44,-44,-44,-44,-44,-44,-44,-44,-44,-44,-44,-44,-44,-44,-44,-44,-44,2,2,-44,-44,5,5,4,4,2,1,4,4,4,4,2,2,2,5,1,3,3,2,1,1,1,2,2,3,1,3,3,2,3,5,3,"-44",1,2,2,1,2,2,2,3,0,0,0,2,0,4,1,2,1,1,0,3,4,1,1,0,4,2,3,22,673600,90100,13104000,3,21,10164000,133900,18050400,70,2,2,2,4,"NAKURU",3,"-44","-44",19,123,202,1,-44,1,-44,6,11.851900100708,"Kenya"
98272,1,3,"M1 through M5",-44,-44,"M6",-44,-44,"-44",2,-44,2008,2,"-44",2,6,35,30,5,5,5,0,1,2,2,2,0,0,2,2,-44,-44,-44,-44,-44,-44,1,2,1,2,50,50,0,1,10,10,10,10,0,1,5,3,5,20,0,1,15,12,15,13.3333333333333,0,2,-44,-44,-44,-44,-44,2,-44,-44,-44,-44,-44,1,2,0,2,0,0,1,4,2,4,0,0,2,-44,-44,-44,-44,-44,-44,-44,"-44",2,-44,-44,-44,-44,-44,-44,-44,"-44",1,1,2,1,2,2,1,2,"-44",1,1,2,1,2,2,1,2,"-44",1,1,2,2,2,2,2,2,"-44",1,1,2,1,1,2,1,2,"-44",2,-44,-44,-44,-44,-44,-44,-44,"-44",2,-44,-44,-44,-44,-44,-44,-44,"-44",1,2,1,1,1,2,2,2,"-44",1,1,2,1,2,2,2,2,"-44",1,2,1,1,"Managers",1,1,1,2,2,1,1,4,"Clerical and support workers","Managers","Clerical and support workers",2,2,1,2,2,1,2,2,2,2,2,1,2,2,2,2,2,2,2,1,-44,50,50,50,-44,40,6,5,1,1,70000,20000,2,2,1,1,2,5,-44,-44,-44,-44,1,2,2,5,-44,-44,-44,-44,1,2,1,1,1,2,1,1,2,1,2,2,2,2,2,1,2,1,3,1,420000,120000,2,2,0,0,6,5,1,2,1,1,35,27,1,1,2,2,2,2,2,2,2,2,2,2,2,2,-44,-44,-44,-44,-44,-44,-44,-44,-44,-44,-44,-44,3,4,1,2,4,4,4,4,4,4,4,4,2,2,1,2,2,2,2,2,2,2,2,-44,-44,3,-44,-44,-44,-44,-44,-44,-44,-44,3,1,4,2,4,4,4,4,4,4,4,2,2,-44,-44,-44,-44,-44,-44,"-44",-44,-44,-44,-44,-44,-44,"-44",2,2,-44,-44,2,2,-44,-44,-44,-44,"-44",-44,-44,-44,-44,"-44",-44,-44,-44,-44,"-44",-44,-44,-44,-44,"-44",-44,-44,-44,-44,"-44",-44,-44,-44,-44,"-44",-44,"-44",-44,"-44",-44,-44,-44,-44,2,2,-44,-44,-44,-44,-44,"-44",-44,-44,-44,-44,-44,"-44",-44,-44,-44,-44,-44,-44,-44,-44,-44,-44,-44,-44,-44,-44,-44,-44,-44,-44,-44,-44,-44,-44,2,2,-44,-44,4,4,4,4,4,2,-44,-44,-44,-44,-44,4,4,4,4,4,3,3,3,3,3,3,3,1,1,1,3,3,3,3,2,"-44",2,1,2,1,1,2,2,2,0,0,1,2,3,3,3,2,2,2,0,0,3,2,2,3,2,1,3,30,5000000,3000000,100000000,3,35,5000000,400000,20000000,100,2,2,3,4,"MOMBASA",6,"-44","-44",40,104,999,1,-44,1,-44,6,11.851900100708,"Kenya"
98238,2,2,"M1 through M5",-44,-44,"M6",-44,-44,"-44",2,-44,2008,2,"-44",1,9,60,40,20,0,0,0,1,5,4,5,40,20,0,1,2,2,2,50,0,0,2,-44,-44,-44,-44,-44,-44,1,10,8,12,40,0,1,10,6,10,30,0,1,20,15,20,50,0,2,-44,-44,-44,-44,-44,2,-44,-44,-44,-44,-44,1,4,4,5,0,0,1,9,5,10,0,0,1,1,2,1,1,2,2,2,"-44",1,1,1,1,1,2,1,2,"-44",2,-44,-44,-44,-44,-44,-44,-44,"-44",1,1,1,1,2,1,1,2,"-44",1,1,2,1,1,2,2,2,"-44",1,1,2,1,2,2,2,2,"-44",2,-44,-44,-44,-44,-44,-44,-44,"-44",2,-44,-44,-44,-44,-44,-44,-44,"-44",1,2,2,2,2,2,2,2,"-44",1,1,1,1,1,2,2,2,"-44",1,1,2,2,"Professionals",1,1,1,2,2,1,1,6,"Sales workers","Professionals","Sales workers",2,2,1,2,2,1,1,2,2,2,2,2,1,2,2,2,1,2,1,1,50,50,50,50,15,5,6,6,2,1,25000,15000,2,2,2,1,5,-44,-44,-44,-44,-44,-44,-44,5,-44,-44,-44,-44,-44,-44,-44,1,2,1,2,2,2,1,1,2,2,2,2,1,1,3,2,1,3,150000,90000,2,2,0,0,6,6,1,1,1,1,27,30,2,2,2,2,3,2,2,2,2,2,2,2,2,2,-44,-44,-44,-44,-44,-44,-44,-44,-44,-44,-44,-44,4,4,4,4,1,3,2,4,4,4,4,4,2,2,3,2,2,2,2,2,2,2,2,-44,-44,-44,-44,-44,-44,-44,-44,-44,-44,-44,3,4,4,4,4,2,1,4,4,4,4,2,2,-44,-44,-44,-44,-44,-44,"-44",-44,-44,-44,-44,-44,-44,"-44",2,2,-44,-44,2,2,-44,-44,-44,-44,"-44",-44,-44,-44,-44,"-44",-44,-44,-44,-44,"-44",-44,-44,-44,-44,"-44",-44,-44,-44,-44,"-44",-44,-44,-44,-44,"-44",-44,"-44",-44,"-44",-44,-44,-44,-44,2,2,-44,-44,-44,-44,-44,"-44",-44,-44,-44,-44,-44,"-44",-44,-44,-44,-44,-44,-44,-44,-44,-44,-44,-44,-44,-44,-44,-44,-44,-44,-44,-44,-44,-44,-44,2,2,-44,-44,3,4,4,5,5,2,-44,-44,-44,-44,-44,5,1,1,1,1,1,3,1,1,1,1,1,1,1,3,3,1,3,3,1,"-44",2,1,1,1,1,2,4,2,2,1,1,2,2,2,3,3,2,1,1,1,2,2,1,2,2,1,4,40,1000000,100000,2000000,4,50,1000000,900000,35000000,100,2,2,2,2,"MOMBASA",9,"-44","-44",60,104,999,1,-44,1,-44,6,11.851900100708,"Kenya"
27026,1,3,"M1 through M5",-44,-44,"M6",-44,-44,"-44",2,-44,1993,1,"-44",1,8,62,39,23,11,2,9,1,3,2,4,33.3333333333333,33.3333333333333,0,1,9,7,13,44.4444444444444,22.2222222222222,0,2,-44,-44,-44,-44,-44,-44,1,12,12,12,25,0,1,7,7,7,57.1428571428571,0,1,26,20,33,57.6923076923077,0,2,-44,-44,-44,-44,-44,2,-44,-44,-44,-44,-44,2,-44,-44,-44,-44,-44,1,16,14,24,31.25,0,1,1,2,1,2,2,2,2,"-44",1,1,2,2,2,2,2,2,"-44",2,-44,-44,-44,-44,-44,-44,-44,"-44",1,2,2,2,2,2,2,2,"-44",1,1,1,2,1,2,2,2,"-44",1,1,1,2,1,1,2,2,"-44",2,-44,-44,-44,-44,-44,-44,-44,"-44",2,-44,-44,-44,-44,-44,-44,-44,"-44",2,-44,-44,-44,-44,-44,-44,-44,"-44",1,1,2,2,2,2,2,2,"-44",1,1,2,2,"Professionals",1,1,1,2,2,2,1,6,"Sales workers","Professionals","Sales workers",1,1,2,2,2,2,1,1,2,2,1,2,2,2,2,2,2,2,1,1,50,50,50,50,30,20,5,4,2,2,75000,27000,2,2,1,1,1,3,2,2,1,2,1,2,2,5,-44,-44,-44,-44,1,2,1,1,2,1,2,1,1,1,2,1,1,2,2,1,5,3,1,3,67000,25000,2,2,0,7,5,5,1,1,2,1,33,37,1,1,2,2,3,2,2,2,2,2,2,2,2,2,-44,-44,-44,-44,-44,-44,-44,-44,-44,-44,-44,-44,4,4,4,2,4,4,4,4,4,3,4,1,2,2,1,2,2,2,2,2,2,1,2,-44,-44,1,-44,-44,-44,-44,-44,-44,1,-44,4,2,4,4,3,4,4,1,4,4,4,1,2,2,2,1,1,2,2,"-44",-44,-44,-44,-44,-44,-44,"-44",1,2,60,-44,2,2,-44,-44,-44,-44,"-44",-44,-44,-44,-44,"-44",-44,-44,-44,-44,"-44",-44,-44,-44,-44,"-44",-44,-44,-44,-44,"-44",-44,-44,-44,-44,"-44",-44,"-44",-44,"-44",-44,-44,-44,-44,2,2,-44,-44,-44,-44,-44,"-44",-44,-44,-44,-44,-44,"-44",-44,-44,-44,-44,-44,-44,-44,-44,-44,-44,-44,-44,-44,-44,-44,-44,-44,-44,-44,-44,-44,-44,1,2,888997,-44,3,5,4,5,2,2,-44,-44,-44,-44,-44,3,1,1,4,5,3,1,3,3,1,1,3,1,3,2,3,1,2,5,1,"-44",2,2,2,1,2,2,1,2,1,0,0,3,1,2,0,1,1,3,2,0,0,0,1,1,0,1,6,70,679000,21000000,26400000,6,73,2140000,27600000,48600000,50,1,2,1,3,"MOMBASA",8,"-44","-44",73,110,999,1,-44,1,-44,6,11.851900100708,"Kenya"
99175,2,2,"M1 through M5",-44,-44,"M6",-44,-44,"-44",2,-44,2006,3,"-44",1,19,95,45,50,35,22,13,1,4,4,4,25,0,0,2,-44,-44,-44,-44,-44,-44,2,-44,-44,-44,-44,-44,-44,1,22,22,22,63.6363636363636,0,1,88,80,90,47.7272727272727,0,1,2,2,2,0,0,2,-44,-44,-44,-44,-44,2,-44,-44,-44,-44,-44,1,10,10,10,40,0,1,4,2,4,50,0,2,-44,-44,-44,-44,-44,-44,-44,"-44",2,-44,-44,-44,-44,-44,-44,-44,"-44",2,-44,-44,-44,-44,-44,-44,-44,"-44",2,-44,-44,-44,-44,-44,-44,-44,"-44",1,1,2,2,2,2,2,2,"-44",2,-44,-44,-44,-44,-44,-44,-44,"-44",2,-44,-44,-44,-44,-44,-44,-44,"-44",2,-44,-44,-44,-44,-44,-44,-44,"-44",2,-44,-44,-44,-44,-44,-44,-44,"-44",1,1,2,2,2,2,2,2,"-44",1,2,2,1,"Managers",1,1,1,2,2,1,1,9,"Plant and machine operators, and assembl","Managers","Plant and machine operators, and assembl",2,2,2,2,2,2,1,2,2,2,2,2,2,2,2,2,2,2,2,2,-44,-44,-44,-44,-44,-44,6,5,1,2,60000,20000,2,2,1,1,5,-44,-44,-44,-44,-44,-44,-44,5,-44,-44,-44,-44,-44,-44,-44,2,2,2,1,2,1,1,1,1,2,2,2,2,1,4,2,3,3,60000,22000,2,2,0,2,6,5,1,1,1,1,40,30,1,2,2,2,3,2,2,2,2,2,2,2,2,2,-44,-44,-44,-44,-44,-44,-44,-44,-44,-44,-44,-44,4,4,4,4,4,1,2,3,4,4,4,4,2,2,3,2,2,2,2,2,2,2,2,-44,-44,-44,-44,-44,-44,-44,-44,-44,-44,-44,4,4,4,4,3,1,4,2,4,4,4,2,2,-44,-44,-44,-44,-44,-44,"-44",-44,-44,-44,-44,-44,-44,"-44",1,2,100,-44,2,2,-44,-44,-44,-44,"-44",-44,-44,-44,-44,"-44",-44,-44,-44,-44,"-44",-44,-44,-44,-44,"-44",-44,-44,-44,-44,"-44",-44,-44,-44,-44,"-44",-44,"-44",-44,"-44",-44,-44,-44,-44,2,2,-44,-44,-44,-44,-44,"-44",-44,-44,-44,-44,-44,"-44",-44,-44,-44,-44,-44,-44,-44,-44,-44,-44,-44,-44,-44,-44,-44,-44,-44,-44,-44,-44,-44,-44,1,2,3,-44,2,4,2,4,3,2,-44,-44,-44,-44,-44,2,2,2,2,2,3,3,3,3,3,3,3,3,3,3,3,3,4,4,2,"-44",2,1,1,1,2,2,1,1,1,1,1,1,1,3,2,1,1,0,2,1,2,2,1,0,2,1,6,130,21400000,800000,57000000,6,130,21500000,800000,60000000,70,1,1,1,4,"MOMBASA",19,"-44","-44",130,113,202,1,-44,1,-44,6,11.851900100708,"Kenya"
98306,1,2,"M1 through M5",-44,-44,"M6",-44,-44,"-44",1,2009,2013,2,"-44",1,19,40,30,10,0,0,0,1,2,1,4,50,100,0,1,10,8,12,20,70,0,1,12,10,14,8.33333333333333,83.3333333333333,0,1,4,4,10,25,0,1,6,4,10,33.3333333333333,0,1,6,6,10,50,0,2,-44,-44,-44,-44,-44,2,-44,-44,-44,-44,-44,2,-44,-44,-44,-44,-44,2,-44,-44,-44,-44,-44,1,1,2,2,2,2,1,2,"-44",1,1,1,1,1,1,1,2,"-44",1,1,2,1,1,1,1,2,"-44",1,1,1,2,1,2,1,2,"-44",1,1,2,2,1,2,1,2,"-44",1,1,2,1,1,1,1,2,"-44",2,-44,-44,-44,-44,-44,-44,-44,"-44",2,-44,-44,-44,-44,-44,-44,-44,"-44",2,-44,-44,-44,-44,-44,-44,-44,"-44",2,-44,-44,-44,-44,-44,-44,-44,"-44",1,1,1,2,"Professionals",1,1,1,2,2,2,2,6,"Sales workers","Professionals","Sales workers",1,2,1,2,1,2,2,2,2,2,2,1,2,1,1,2,2,2,1,1,50,50,50,50,40,30,5,5,1,2,30000,20000,1,2,1,1,1,5,-44,2,1,2,-44,-44,1,5,-44,2,1,2,-44,-44,2,2,1,1,2,2,2,1,2,2,2,2,2,2,2,2,1,1,180000,100000,1,1,0,0,5,6,1,1,1,1,30,35,1,1,2,2,2,2,1,2,2,1,1,2,2,1,-44,-44,-44,-44,1,-44,-44,2,1,-44,-44,1,4,1,4,4,4,4,2,4,3,4,4,4,2,2,2,2,2,2,2,2,2,2,2,-44,-44,-44,-44,-44,-44,-44,-44,-44,-44,-44,1,2,4,4,4,4,3,4,4,4,4,1,1,1,2,2,2,2,2,"-44",1,2,2,2,2,2,"-44",2,2,-44,-44,2,2,-44,-44,-44,-44,"-44",-44,-44,-44,-44,"-44",-44,-44,-44,-44,"-44",-44,-44,-44,-44,"-44",-44,-44,-44,-44,"-44",-44,-44,-44,-44,"-44",-44,"-44",-44,"-44",-44,-44,-44,-44,2,2,-44,-44,-44,-44,-44,"-44",-44,-44,-44,-44,-44,"-44",-44,-44,-44,-44,-44,-44,-44,-44,-44,-44,-44,-44,-44,-44,-44,-44,-44,-44,-44,-44,-44,-44,2,2,-44,-44,5,2,2,5,5,1,4,5,4,4,5,1,1,2,1,4,1,3,3,3,3,3,3,3,3,3,3,3,4,4,1,"-44",2,1,1,1,1,1,3,3,1,3,2,2,3,1,3,3,1,1,0,3,3,2,3,2,2,1,8,47,30000000,5000000,10000000,8,40,2500000,520000,9000000,50,2,2,2,4,"MOMBASA",19,"-44","-44",40,104,999,2,-44,1,-44,6,11.851900100708,"Kenya"
21244,1,4,"M1 through M5",1,4,"M6",-44,-44,"-44",2,-44,2000,1,"-44",1,9,51,31,20,7,3,4,1,4,4,4,50,0,0,1,13,12,13,38.4615384615385,7.69230769230769,0,2,-44,-44,-44,-44,-44,-44,1,12,10,12,50,2,1,9,9,13,22.2222222222222,0,1,7,2,11,42.8571428571429,0,2,-44,-44,-44,-44,-44,2,-44,-44,-44,-44,-44,2,-44,-44,-44,-44,-44,1,13,11,15,46.1538461538462,0,1,1,2,2,2,2,2,2,"-44",1,1,2,2,2,2,2,2,"-44",2,-44,-44,-44,-44,-44,-44,-44,"-44",1,2,2,2,2,2,2,2,"-44",2,-44,-44,-44,-44,-44,-44,-44,"-44",1,1,1,2,1,1,2,2,"-44",2,-44,-44,-44,-44,-44,-44,-44,"-44",2,-44,-44,-44,-44,-44,-44,-44,"-44",2,-44,-44,-44,-44,-44,-44,-44,"-44",1,1,2,2,2,2,2,2,"-44",1,1,2,2,"Professionals",1,1,1,2,2,2,1,6,"Sales workers","Professionals","Sales workers",2,2,2,1,2,2,1,2,2,2,2,2,2,2,2,2,1,2,1,1,50,50,50,50,30,20,6,4,1,1,73000,22000,2,2,1,2,1,2,3,2,2,1,2,1,1,5,-44,2,1,2,-44,-44,1,1,2,2,2,1,1,1,2,2,2,1,1,2,4,3,1,1,66000,23000,2,2,5,4,5,5,1,1,1,1,60,40,2,2,2,2,2,2,2,1,2,2,2,2,2,1,-44,-44,-44,-44,-44,2,-44,-44,-44,-44,-44,1,4,4,4,3,4,4,4,2,4,4,4,1,3,1,3,2,2,2,2,2,1,1,1,-44,2,-44,-44,-44,-44,-44,-44,3,1,1,4,4,4,2,3,4,4,4,1,4,4,2,2,-44,-44,-44,-44,-44,-44,"-44",-44,-44,-44,-44,-44,-44,"-44",1,1,30,20,1,1,1,1,2,-44,"-44",1,2,1,-44,"-44",60,100,-44,-44,"-44",10,5,-44,-44,"-44",40,-44,50,-44,"-44",1,-44,4,-44,"-44",2,"-44",2,"-44",15,5,-44,25000,1,1,2,2,1,2,2,"-44",2,1,2,2,2,"-44",-44,-44,20,-44,-44,-44,-44,2,-44,-44,-44,10,-44,-44,-44,-44,2,-44,-44,-44,10000,6000,1,1,3,3,3,2,4,4,5,2,-44,-44,-44,-44,-44,5,5,2,5,4,3,3,3,3,2,1,3,1,3,3,1,3,3,4,2,"-44",2,2,2,1,2,2,2,2,0,0,1,1,2,0,0,0,2,3,3,1,0,2,1,1,0,1,12,50,749000,22400000,31800000,12,55,2140000,27000000,40950000,100,1,1,1,4,"MOMBASA",9,"-44","-44",58,114,999,1,-44,1,-44,6,11.851900100708,"Kenya"
27018,2,3,"M1 through M5",-44,-44,"M6",-44,-44,"-44",2,-44,2008,1,"-44",1,9,40,16,24,0,0,0,1,2,2,2,50,0,0,1,7,7,7,57.1428571428571,0,0,2,-44,-44,-44,-44,-44,-44,1,8,8,8,62.5,0,1,11,10,11,72.7272727272727,0,1,6,6,6,66.6666666666667,0,2,-44,-44,-44,-44,-44,2,-44,-44,-44,-44,-44,1,3,3,3,33.3333333333333,0,1,3,3,3,33.3333333333333,0,2,-44,-44,-44,-44,-44,-44,-44,"-44",2,-44,-44,-44,-44,-44,-44,-44,"-44",2,-44,-44,-44,-44,-44,-44,-44,"-44",2,-44,-44,-44,-44,-44,-44,-44,"-44",1,1,2,1,1,1,2,2,"-44",2,-44,-44,-44,-44,-44,-44,-44,"-44",2,-44,-44,-44,-44,-44,-44,-44,"-44",2,-44,-44,-44,-44,-44,-44,-44,"-44",2,-44,-44,-44,-44,-44,-44,-44,"-44",1,1,2,2,2,2,2,2,"-44",1,1,2,2,"Professionals",1,1,1,2,2,1,1,6,"Sales workers","Professionals","Sales workers",2,2,2,2,1,2,2,2,2,2,2,2,2,2,2,2,1,2,2,2,-44,-44,-44,-44,-44,-44,5,5,1,1,92000,39000,2,2,1,2,3,5,-44,-44,-44,-44,-44,-44,1,5,-44,2,2,1,-44,-44,1,1,2,2,2,2,1,1,2,2,2,1,1,1,2,2,2,1,106000,44000,2,2,6,2,5,6,1,1,2,1,27,34,1,1,2,2,2,2,1,2,1,2,1,2,2,2,-44,-44,-44,-44,2,-44,2,-44,3,-44,-44,-44,3,2,4,4,4,4,4,1,4,4,4,4,2,1,3,1,2,1,2,2,1,1,2,-44,1,-44,3,-44,1,-44,-44,2,1,-44,1,4,4,4,4,4,2,4,3,4,4,1,1,1,2,2,1,2,2,"-44",2,2,2,1,2,2,"-44",2,2,-44,-44,2,2,-44,-44,-44,-44,"-44",-44,-44,-44,-44,"-44",-44,-44,-44,-44,"-44",-44,-44,-44,-44,"-44",-44,-44,-44,-44,"-44",-44,-44,-44,-44,"-44",-44,"-44",-44,"-44",-44,-44,-44,-44,2,2,-44,-44,-44,-44,-44,"-44",-44,-44,-44,-44,-44,"-44",-44,-44,-44,-44,-44,-44,-44,-44,-44,-44,-44,-44,-44,-44,-44,-44,-44,-44,-44,-44,-44,-44,2,2,-44,-44,4,4,2,4,4,1,4,5,2,1,2,3,1,3,1,4,3,2,3,3,1,1,2,3,1,3,3,3,1,3,2,"-44",1,1,2,2,2,2,0,2,1,1,1,0,3,2,1,2,2,1,3,0,1,2,3,4,0,1,6,37,14550000,582000,1854000000,6,40,18870000,702000,2553000000,0,2,1,1,4,"NAKURU",9,"-44","-44",40,102,999,1,-44,1,-44,6,11.851900100708,"Kenya"
54758,2,2,"M1 through M5",-44,-44,"M6",-44,-44,"-44",2,-44,2004,1,"-44",1,7,70,27,43,0,0,0,1,10,10,10,90,0,0,1,12,12,12,58.3333333333333,0,0,1,21,21,16,66.6666666666667,0,0,1,20,20,20,45,0,2,-44,-44,-44,-44,-44,1,7,7,7,57.1428571428571,0,2,-44,-44,-44,-44,-44,2,-44,-44,-44,-44,-44,2,-44,-44,-44,-44,-44,2,-44,-44,-44,-44,-44,2,-44,-44,-44,-44,-44,-44,-44,"-44",1,1,2,2,2,1,2,2,"-44",1,1,2,2,2,2,2,2,"-44",1,1,2,2,2,2,2,2,"-44",2,-44,-44,-44,-44,-44,-44,-44,"-44",2,-44,-44,-44,-44,-44,-44,-44,"-44",2,-44,-44,-44,-44,-44,-44,-44,"-44",2,-44,-44,-44,-44,-44,-44,-44,"-44",2,-44,-44,-44,-44,-44,-44,-44,"-44",2,-44,-44,-44,-44,-44,-44,-44,"-44",1,1,1,2,"Professionals",1,2,1,2,2,2,2,6,"Sales workers","Professionals","Sales workers",2,2,1,1,2,1,2,1,2,2,1,2,2,2,2,1,2,2,1,2,40,-44,-44,-44,45,-44,4,5,2,1,36200,10400,2,2,2,2,5,-44,-44,-44,-44,-44,-44,-44,3,1,2,2,1,2,2,1,1,1,1,2,2,1,1,1,1,1,1,2,1,2,2,3,3,1,35800,10400,2,2,2,2,6,5,2,1,1,2,43,43,2,2,2,2,2,2,2,1,2,2,2,2,2,2,-44,-44,-44,-44,-44,3,-44,-44,-44,-44,-44,-44,4,4,4,2,4,1,4,4,4,3,4,4,2,2,2,1,3,2,2,1,2,3,3,-44,-44,-44,1,-44,-44,-44,1,-44,-44,-44,4,4,4,4,4,2,4,4,3,4,1,1,1,1,2,1,1,1,2,"-44",2,2,1,2,2,2,"-44",1,2,80,-44,1,2,1,2,1,-44,"-44",-44,-44,-44,-44,"-44",20,-44,30,-44,"-44",2,-44,4,-44,"-44",-44,-44,-44,-44,"-44",-44,-44,-44,-44,"-44",5,"-44",-44,"-44",4,-44,8000,-44,1,2,1,1,2,2,2,"-44",-44,-44,-44,-44,-44,"-44",30,20,-44,-44,-44,2,1,-44,-44,-44,-44,-44,-44,-44,-44,-44,-44,-44,-44,-44,9000,-44,1,2,3,-44,2,3,5,2,3,1,2,2,3,4,3,4,2,5,1,1,2,1,3,1,3,3,3,2,3,3,2,2,3,3,1,"-44",2,2,2,1,2,2,0,1,4,4,3,0,4,2,0,2,0,2,4,0,4,3,3,4,4,1,12,70,3276000,416100,55411200,12,70,52570700,503400,79443000,40,1,2,1,4,"NAKURU",7,"-44","-44",70,123,202,1,-44,1,-44,6,11.851900100708,"Kenya"
50503,2,2,"M1 through M5",-44,-44,"M6",-44,-44,"-44",2,-44,2007,1,"-44",1,7,71,40,31,21,10,11,1,15,15,15,53.3333333333333,0,2,1,2,2,2,0,0,0,1,7,7,7,57.1428571428571,0,0,1,40,40,30,45,4,1,7,7,7,100,0,2,-44,-44,-44,-44,-44,2,-44,-44,-44,-44,-44,2,-44,-44,-44,-44,-44,2,-44,-44,-44,-44,-44,1,21,21,21,23.8095238095238,0,1,1,1,1,1,2,2,2,"-44",2,-44,-44,-44,-44,-44,-44,-44,"-44",1,1,2,2,1,2,1,2,"-44",1,1,2,1,1,2,2,2,"-44",2,-44,-44,-44,-44,-44,-44,-44,"-44",2,-44,-44,-44,-44,-44,-44,-44,"-44",2,-44,-44,-44,-44,-44,-44,-44,"-44",2,-44,-44,-44,-44,-44,-44,-44,"-44",2,-44,-44,-44,-44,-44,-44,-44,"-44",2,-44,-44,-44,-44,-44,-44,-44,"-44",1,1,1,2,"Professionals",1,1,2,2,2,2,1,5,"Service workers","Professionals","Service workers",2,1,2,2,2,1,2,1,2,1,1,2,2,2,1,1,2,2,2,2,-44,-44,-44,-44,-44,-44,6,6,1,1,51300,25500,2,2,2,2,3,2,5,-44,-44,-44,1,2,5,-44,-44,-44,-44,-44,-44,-44,1,1,2,1,2,1,1,1,2,2,2,2,2,1,2,2,3,1,73700,22800,2,2,5,12,6,6,2,2,1,1,35,43,1,2,2,2,1,1,2,2,2,2,2,2,2,2,-44,-44,1,1,-44,-44,-44,-44,-44,-44,-44,-44,4,4,4,4,4,4,1,4,4,2,3,4,2,2,2,2,2,2,2,3,2,3,2,-44,-44,-44,-44,-44,-44,-44,-44,-44,-44,-44,4,4,4,2,1,4,4,4,3,4,4,1,2,2,2,2,1,2,2,"-44",-44,-44,-44,-44,-44,-44,"-44",2,2,-44,-44,2,2,-44,-44,-44,-44,"-44",-44,-44,-44,-44,"-44",-44,-44,-44,-44,"-44",-44,-44,-44,-44,"-44",-44,-44,-44,-44,"-44",-44,-44,-44,-44,"-44",-44,"-44",-44,"-44",-44,-44,-44,-44,2,2,-44,-44,-44,-44,-44,"-44",-44,-44,-44,-44,-44,"-44",-44,-44,-44,-44,-44,-44,-44,-44,-44,-44,-44,-44,-44,-44,-44,-44,-44,-44,-44,-44,-44,-44,2,2,-44,-44,5,3,4,1,3,2,-44,-44,-44,-44,-44,1,5,1,3,2,3,3,1,1,1,2,2,3,1,1,3,3,4,2,4,"-44",1,2,2,1,2,2,4,0,0,1,2,1,2,4,1,0,4,1,1,1,0,4,0,3,0,1,1,92,30729600,70560000,121980000,1,92,63168000,99800400,192060000,70,2,1,1,4,"NAKURU",7,"-44","-44",92,122,202,1,-44,1,-44,6,11.851900100708,"Kenya"
50510,2,2,"M1 through M5",-44,-44,"M6",-44,-44,"-44",2,-44,1994,1,"-44",1,7,32,14,18,0,0,0,1,2,2,2,100,0,0,1,7,6,7,100,14.2857142857143,0,2,-44,-44,-44,-44,-44,-44,1,14,14,5,0,1,1,5,4,6,100,2,1,4,3,5,100,0,2,-44,-44,-44,-44,-44,2,-44,-44,-44,-44,-44,2,-44,-44,-44,-44,-44,2,-44,-44,-44,-44,-44,2,-44,-44,-44,-44,-44,-44,-44,"-44",1,1,1,2,2,1,2,2,"-44",2,-44,-44,-44,-44,-44,-44,-44,"-44",2,-44,-44,-44,-44,-44,-44,-44,"-44",1,1,2,2,1,2,2,2,"-44",1,1,2,1,1,2,1,2,"-44",2,-44,-44,-44,-44,-44,-44,-44,"-44",2,-44,-44,-44,-44,-44,-44,-44,"-44",2,-44,-44,-44,-44,-44,-44,-44,"-44",2,-44,-44,-44,-44,-44,-44,-44,"-44",1,1,2,1,"Managers",1,1,1,2,2,2,2,6,"Sales workers","Managers","Sales workers",2,1,2,2,1,2,2,1,2,2,2,1,2,2,2,1,1,2,2,1,-44,30,70,30,-44,15,5,4,1,2,40600,10500,2,2,1,2,3,1,2,2,1,2,1,2,5,-44,-44,-44,-44,-44,-44,-44,1,2,1,1,2,2,2,1,1,1,2,2,1,1,3,3,2,1,35400,13800,2,2,0,6,6,5,2,1,1,1,28,38,1,1,2,2,2,2,3,2,2,2,2,2,2,2,-44,-44,-44,-44,-44,-44,-44,-44,-44,-44,-44,-44,4,4,4,3,4,1,4,4,4,2,4,4,2,2,2,2,2,2,2,1,3,3,3,-44,-44,-44,-44,-44,-44,-44,1,-44,-44,-44,4,4,4,4,2,1,4,4,4,4,3,1,2,1,2,2,1,2,2,"-44",-44,-44,-44,-44,-44,-44,"-44",2,2,-44,-44,2,2,-44,-44,-44,-44,"-44",-44,-44,-44,-44,"-44",-44,-44,-44,-44,"-44",-44,-44,-44,-44,"-44",-44,-44,-44,-44,"-44",-44,-44,-44,-44,"-44",-44,"-44",-44,"-44",-44,-44,-44,-44,2,2,-44,-44,-44,-44,-44,"-44",-44,-44,-44,-44,-44,"-44",-44,-44,-44,-44,-44,-44,-44,-44,-44,-44,-44,-44,-44,-44,-44,-44,-44,-44,-44,-44,-44,-44,2,2,-44,-44,4,2,5,5,4,1,2,4,5,1,3,1,1,5,4,1,2,2,2,1,2,3,3,3,3,1,3,3,2,5,1,"-44",2,1,2,2,2,2,4,2,1,0,0,4,4,4,4,4,4,3,1,4,1,2,1,1,1,2,11,34,1052800,2481600,55910400,11,34,1015200,2593500,57960000,20,1,1,1,4,"NAKURU",7,"-44","-44",32,122,202,2,-44,1,-44,6,11.851900100708,"Kenya"
54616,2,3,"M1 through M5",-44,-44,"M6",-44,-44,"-44",2,-44,1980,6,"-44",2,7,27,14,13,2,1,1,1,3,3,3,100,0,0,1,4,3,5,75,25,0,1,10,10,10,70,0,0,1,7,6,3,0,0,2,-44,-44,-44,-44,-44,1,3,3,4,33.3333333333333,1,2,-44,-44,-44,-44,-44,2,-44,-44,-44,-44,-44,2,-44,-44,-44,-44,-44,1,2,2,2,0,0,2,-44,-44,-44,-44,-44,-44,-44,"-44",1,1,2,2,1,1,2,2,"-44",1,1,1,2,2,2,2,2,"-44",1,2,2,1,1,2,1,2,"-44",2,-44,-44,-44,-44,-44,-44,-44,"-44",2,-44,-44,-44,-44,-44,-44,-44,"-44",2,-44,-44,-44,-44,-44,-44,-44,"-44",2,-44,-44,-44,-44,-44,-44,-44,"-44",2,-44,-44,-44,-44,-44,-44,-44,"-44",2,-44,-44,-44,-44,-44,-44,-44,"-44",1,1,1,2,"Professionals",1,2,1,2,2,2,1,6,"Sales workers","Professionals","Sales workers",2,2,2,2,1,1,1,2,1,2,2,2,2,2,1,1,1,1,1,2,70,-44,-44,-44,45,-44,4,4,2,2,47900,21400,2,2,1,1,3,5,-44,-44,-44,-44,-44,-44,3,1,2,1,2,2,2,1,1,1,2,2,1,1,1,1,1,1,2,2,2,1,2,3,3,3,41500,20500,2,2,0,2,4,5,1,1,1,1,48,21,2,2,2,3,2,3,2,2,2,2,2,3,2,2,-44,-44,-44,-44,-44,-44,-44,-44,-44,-44,-44,-44,3,4,4,4,4,2,4,4,4,1,4,4,2,2,2,2,1,2,3,2,1,2,2,-44,-44,-44,-44,2,-44,-44,-44,1,-44,-44,4,4,4,2,4,1,4,4,3,4,4,1,2,1,2,2,2,1,2,"-44",-44,-44,-44,-44,-44,-44,"-44",1,1,70,40,1,2,2,1,2,-44,"-44",-44,-44,-44,-44,"-44",-44,30,-44,-44,"-44",-44,4,-44,-44,"-44",-44,-44,-44,-44,"-44",-44,-44,-44,-44,"-44",1,"-44",-44,"-44",4,-44,-44,-44,1,2,2,1,2,2,2,"-44",-44,-44,-44,-44,-44,"-44",-44,20,-44,-44,-44,-44,6,-44,-44,-44,-44,-44,-44,-44,-44,-44,-44,-44,-44,-44,8000,-44,1,1,2,888997,3,5,4,4,2,1,4,3,5,5,4,1,1,1,5,1,3,3,1,1,2,1,3,3,1,2,3,3,5,5,4,"-44",1,1,2,1,2,2,0,2,1,0,4,0,3,3,2,0,4,0,1,0,4,0,1,3,0,1,3,30,4938200,12408000,36828000,3,31,5542300,11880000,37670400,10,1,1,1,4,"NAKURU",7,"-44","-44",29,122,202,1,-44,1,-44,6,11.851900100708,"Kenya"
21042,1,3,"M1 through M5",-44,-44,"M6",-44,-44,"-44",2,-44,2010,1,"-44",1,10,25,17,8,5,5,0,1,5,5,5,40,0,0,2,-44,-44,-44,-44,-44,-44,1,15,12,12,26.6666666666667,20,0,2,-44,-44,-44,-44,-44,2,-44,-44,-44,-44,-44,2,-44,-44,-44,-44,-44,2,-44,-44,-44,-44,-44,2,-44,-44,-44,-44,-44,1,6,4,5,16.6666666666667,0,1,4,4,4,25,0,1,1,2,2,2,2,1,2,"-44",2,-44,-44,-44,-44,-44,-44,-44,"-44",1,2,1,1,1,2,1,2,"-44",2,-44,-44,-44,-44,-44,-44,-44,"-44",2,-44,-44,-44,-44,-44,-44,-44,"-44",2,-44,-44,-44,-44,-44,-44,-44,"-44",2,-44,-44,-44,-44,-44,-44,-44,"-44",2,-44,-44,-44,-44,-44,-44,-44,"-44",1,1,1,1,2,1,1,2,"-44",2,-44,-44,-44,-44,-44,-44,-44,"-44",1,2,1,3,"Technicians and associate professionals",2,2,2,2,2,1,1,10,"Elementary occupations","Technicians and associate professionals","Elementary occupations",2,1,2,2,2,2,1,2,1,2,2,2,2,2,2,1,2,2,1,2,70,-44,-44,-44,5,-44,5,2,1,2,31000,13000,2,2,1,2,1,2,3,1,2,2,2,1,2,1,3,2,1,2,1,2,1,1,1,1,2,2,1,2,2,2,2,2,2,1,5,1,1,1,36000,11000,2,2,12,12,5,4,1,2,1,1,18,33,2,1,2,2,2,2,2,2,2,2,2,2,1,1,-44,-44,-44,-44,-44,-44,-44,-44,-44,-44,1,2,2,4,4,3,4,4,4,1,4,4,4,4,3,2,3,1,2,2,2,2,2,2,3,-44,-44,-44,1,-44,-44,-44,-44,-44,-44,-44,4,4,4,2,1,4,4,4,3,4,4,2,2,-44,-44,-44,-44,-44,-44,"-44",-44,-44,-44,-44,-44,-44,"-44",2,2,-44,-44,2,2,-44,-44,-44,-44,"-44",-44,-44,-44,-44,"-44",-44,-44,-44,-44,"-44",-44,-44,-44,-44,"-44",-44,-44,-44,-44,"-44",-44,-44,-44,-44,"-44",-44,"-44",-44,"-44",-44,-44,-44,-44,2,2,-44,-44,-44,-44,-44,"-44",-44,-44,-44,-44,-44,"-44",-44,-44,-44,-44,-44,-44,-44,-44,-44,-44,-44,-44,-44,-44,-44,-44,-44,-44,-44,-44,-44,-44,2,2,-44,-44,5,4,2,2,4,2,-44,-44,-44,-44,-44,3,1,4,2,4,3,3,2,1,1,1,1,1,1,3,3,1,2,2,3,"-44",2,1,1,2,1,2,3,3,0,1,3,2,3,0,4,0,1,0,3,0,0,3,0,0,0,1,6,28,11040000,50880000,142500000,6,30,12840000,42240000,155200000,80,1,2,2,3,"MOMBASA",10,"-44","-44",30,113,999,1,-44,1,-44,6,11.851900100708,"Kenya"
38165,2,3,"M1 through M5",-44,-44,"M6",-44,-44,"-44",2,-44,2001,1,"-44",1,8,34,24,10,0,0,0,1,2,1,2,50,50,0,1,10,7,13,30,30,0,1,12,8,12,16.6666666666667,33.3333333333333,0,1,7,7,14,42.8571428571429,0,2,-44,-44,-44,-44,-44,1,2,2,2,50,0,2,-44,-44,-44,-44,-44,2,-44,-44,-44,-44,-44,1,1,1,1,0,0,2,-44,-44,-44,-44,-44,1,1,2,1,1,1,1,2,"-44",1,1,2,2,2,2,2,2,"-44",1,1,2,2,2,2,2,2,"-44",1,1,2,2,2,1,1,2,"-44",2,-44,-44,-44,-44,-44,-44,-44,"-44",1,1,2,2,2,2,2,2,"-44",2,-44,-44,-44,-44,-44,-44,-44,"-44",2,-44,-44,-44,-44,-44,-44,-44,"-44",1,1,2,2,2,2,2,2,"-44",2,-44,-44,-44,-44,-44,-44,-44,"-44",1,1,1,2,"Professionals",1,2,1,2,2,1,2,6,"Sales workers","Professionals","Sales workers",2,1,2,2,2,1,1,1,2,1,1,2,2,2,2,2,1,2,1,1,70,40,60,40,45,60,6,4,1,1,125000,101000,2,2,1,1,1,3,5,2,2,1,-44,-44,3,1,2,2,2,1,1,2,1,1,2,2,2,2,1,2,2,2,1,2,2,2,4,1,3,2,143000,88000,2,2,6,5,5,6,1,2,2,1,52,37,2,1,2,2,2,2,2,2,2,2,2,2,1,2,-44,-44,-44,-44,-44,-44,-44,-44,-44,-44,1,-44,4,4,4,1,4,2,3,4,4,4,4,4,1,3,1,2,2,2,2,2,2,2,1,1,-44,1,-44,-44,-44,-44,-44,-44,-44,3,2,4,4,4,1,4,3,4,4,4,4,1,2,2,2,1,1,1,2,"-44",-44,-44,-44,-44,-44,-44,"-44",2,2,-44,-44,2,2,-44,-44,-44,-44,"-44",-44,-44,-44,-44,"-44",-44,-44,-44,-44,"-44",-44,-44,-44,-44,"-44",-44,-44,-44,-44,"-44",-44,-44,-44,-44,"-44",-44,"-44",-44,"-44",-44,-44,-44,-44,2,2,-44,-44,-44,-44,-44,"-44",-44,-44,-44,-44,-44,"-44",-44,-44,-44,-44,-44,-44,-44,-44,-44,-44,-44,-44,-44,-44,-44,-44,-44,-44,-44,-44,-44,-44,2,2,-44,-44,4,5,2,3,2,2,-44,-44,-44,-44,-44,5,4,4,1,1,3,3,3,1,1,1,3,3,1,3,1,3,5,5,1,"-44",2,2,2,1,1,2,1,2,1,1,0,0,3,3,1,1,3,0,0,2,0,2,2,0,2,1,12,35,13020000,19400000,95000000,12,34,12880000,25110000,163560000,30,1,1,1,4,"MOMBASA",8,"-44","-44",34,112,999,1,-44,1,-44,6,11.851900100708,"Kenya"
98346,1,3,"M1 through M5",-44,-44,"M6",-44,-44,"-44",2,-44,1997,3,"-44",1,6,46,44,2,0,0,0,1,5,5,5,0,0,1,1,6,6,10,0,66.6666666666667,1,1,1,1,2,0,0,0,1,6,6,6,33.3333333333333,0,1,10,10,10,0,0,1,2,2,2,0,0,2,-44,-44,-44,-44,-44,1,13,13,13,0,0,1,2,2,2,0,0,1,1,1,1,0,0,2,-44,-44,-44,-44,-44,-44,-44,"-44",1,1,1,1,2,2,1,2,"-44",2,-44,-44,-44,-44,-44,-44,-44,"-44",2,-44,-44,-44,-44,-44,-44,-44,"-44",1,2,1,2,2,2,2,2,"-44",2,-44,-44,-44,-44,-44,-44,-44,"-44",2,-44,-44,-44,-44,-44,-44,-44,"-44",2,-44,-44,-44,-44,-44,-44,-44,"-44",2,-44,-44,-44,-44,-44,-44,-44,"-44",2,-44,-44,-44,-44,-44,-44,-44,"-44",1,1,1,2,"Professionals",1,1,1,2,1,1,1,5,"Service workers","Professionals","Service workers",2,2,2,2,2,2,1,1,2,2,2,2,2,2,2,1,1,2,1,1,90,0,100,0,30,15,6,5,1,1,100000,40000,2,2,1,1,2,5,-44,-44,-44,-44,1,2,2,5,-44,-44,-44,-44,1,2,2,2,2,1,2,1,1,2,2,2,1,2,2,1,4,2,3,3,120000,40000,2,2,2,5,6,5,1,1,1,1,40,40,1,1,2,2,3,2,2,2,2,2,2,2,2,2,-44,-44,-44,-44,-44,-44,-44,-44,-44,-44,-44,-44,4,4,4,4,4,2,3,4,4,4,4,1,2,2,3,2,2,2,2,2,2,2,2,-44,-44,-44,-44,-44,-44,-44,-44,-44,-44,-44,4,4,4,4,1,3,2,4,4,4,4,2,2,-44,-44,-44,-44,-44,-44,"-44",-44,-44,-44,-44,-44,-44,"-44",1,1,60,100,2,2,-44,-44,-44,-44,"-44",-44,-44,-44,-44,"-44",-44,-44,-44,-44,"-44",-44,-44,-44,-44,"-44",-44,-44,-44,-44,"-44",-44,-44,-44,-44,"-44",-44,"-44",-44,"-44",-44,-44,-44,-44,2,2,-44,-44,-44,-44,-44,"-44",-44,-44,-44,-44,-44,"-44",-44,-44,-44,-44,-44,-44,-44,-44,-44,-44,-44,-44,-44,-44,-44,-44,-44,-44,-44,-44,-44,-44,1,1,4,4,2,4,1,2,4,2,-44,-44,-44,-44,-44,3,4,3,2,4,3,3,3,3,1,1,3,1,3,3,3,3,4,4,1,"-44",1,1,1,1,2,2,3,2,0,0,1,0,0,3,2,2,2,0,2,1,2,3,0,0,2,1,3,40,34000000,40000000,1000000000,3,45,36000000,35000000,1005000000,80,1,1,1,4,"MOMBASA",6,"-44","-44",46,113,999,1,-44,1,-44,6,11.851900100708,"Kenya"
21015,1,3,"M1 through M5",-44,-44,"M6",-44,-44,"-44",2,-44,2010,2,"-44",1,7,41,17,24,5,3,2,1,2,1,2,50,50,0,1,23,17,23,73.9130434782609,26.0869565217391,3,2,-44,-44,-44,-44,-44,-44,1,2,2,2,50,0,1,13,9,9,46.1538461538462,0,2,-44,-44,-44,-44,-44,2,-44,-44,-44,-44,-44,2,-44,-44,-44,-44,-44,1,6,5,4,16.6666666666667,0,2,-44,-44,-44,-44,-44,1,1,2,2,1,2,2,2,"-44",1,1,2,2,1,2,2,2,"-44",2,-44,-44,-44,-44,-44,-44,-44,"-44",1,1,1,2,1,2,2,2,"-44",1,1,2,1,1,2,1,2,"-44",1,1,2,1,1,2,1,2,"-44",2,-44,-44,-44,-44,-44,-44,-44,"-44",2,-44,-44,-44,-44,-44,-44,-44,"-44",1,1,2,1,1,2,1,2,"-44",2,-44,-44,-44,-44,-44,-44,-44,"-44",1,1,2,1,"Managers",1,1,2,2,2,1,2,5,"Service workers","Managers","Service workers",2,2,2,2,1,2,2,2,1,2,2,2,2,2,2,2,1,2,1,1,90,40,60,40,30,1,5,5,2,1,13000,7000,2,2,2,2,3,2,1,2,2,1,1,2,5,-44,-44,-44,-44,-44,-44,-44,1,1,1,1,2,2,1,2,2,2,2,2,2,1,4,2,1,1,14000,8000,2,2,5,5,6,6,1,1,1,1,58,37,1,2,2,1,3,2,2,2,1,1,1,3,3,2,-44,2,-44,-44,-44,-44,1,2,1,-44,-44,-44,4,4,4,4,4,1,2,4,4,3,4,4,2,3,2,2,3,2,2,2,2,2,1,-44,-44,-44,-44,-44,-44,-44,-44,-44,-44,1,4,4,4,4,1,3,4,2,4,4,4,1,2,1,2,2,1,2,2,"-44",-44,-44,-44,-44,-44,-44,"-44",2,2,-44,-44,2,2,-44,-44,-44,-44,"-44",-44,-44,-44,-44,"-44",-44,-44,-44,-44,"-44",-44,-44,-44,-44,"-44",-44,-44,-44,-44,"-44",-44,-44,-44,-44,"-44",-44,"-44",-44,"-44",-44,-44,-44,-44,2,2,-44,-44,-44,-44,-44,"-44",-44,-44,-44,-44,-44,"-44",-44,-44,-44,-44,-44,-44,-44,-44,-44,-44,-44,-44,-44,-44,-44,-44,-44,-44,-44,-44,-44,-44,2,2,-44,-44,5,2,5,2,4,1,1,5,5,4,3,1,3,3,1,3,3,3,2,1,3,2,3,3,1,1,2,3,4,2,1,"-44",2,1,1,2,1,1,1,2,1,1,1,2,1,2,1,1,1,0,0,1,0,1,1,3,2,1,6,40,1070000,1274000,17280000,6,48,1199000,1276000,15900000,80,1,1,1,4,"NAKURU",7,"-44","-44",46,102,999,1,-44,1,-44,6,11.851900100708,"Kenya"
50532,2,2,"M1 through M5",-44,-44,"M6",-44,-44,"-44",2,-44,2012,2,"-44",1,9,42,27,15,20,13,7,1,3,3,3,66.6666666666667,0,0,1,13,13,7,7.69230769230769,0,0,1,39,34,48,38.4615384615385,12.8205128205128,0,2,-44,-44,-44,-44,-44,2,-44,-44,-44,-44,-44,2,-44,-44,-44,-44,-44,2,-44,-44,-44,-44,-44,1,7,7,7,57.1428571428571,0,2,-44,-44,-44,-44,-44,2,-44,-44,-44,-44,-44,1,1,1,1,1,2,2,2,"-44",1,1,2,2,1,1,2,2,"-44",1,1,1,2,1,2,1,2,"-44",2,-44,-44,-44,-44,-44,-44,-44,"-44",2,-44,-44,-44,-44,-44,-44,-44,"-44",2,-44,-44,-44,-44,-44,-44,-44,"-44",2,-44,-44,-44,-44,-44,-44,-44,"-44",2,-44,-44,-44,-44,-44,-44,-44,"-44",2,-44,-44,-44,-44,-44,-44,-44,"-44",2,-44,-44,-44,-44,-44,-44,-44,"-44",1,1,1,3,"Technicians and associate professionals",2,2,2,2,1,2,2,8,"Construction, craft, and related trade w","Technicians and associate professionals","Construction, craft, and related trade w",2,1,2,1,1,1,2,1,2,2,2,1,2,2,2,2,2,2,1,2,80,-44,-44,-44,5,-44,5,4,1,1,383600,42600,2,2,1,2,2,1,5,1,2,2,1,2,3,5,-44,-44,-44,-44,-44,-44,1,2,2,1,1,2,2,1,2,1,2,2,2,1,4,2,1,2,405500,45100,2,2,2,1,4,5,2,1,1,1,22,39,1,1,2,2,2,2,2,3,2,2,2,2,1,2,-44,-44,-44,-44,-44,-44,-44,-44,-44,-44,1,-44,2,4,4,3,4,4,1,4,4,4,4,4,2,2,1,2,1,2,2,2,2,2,2,-44,-44,2,-44,3,-44,-44,-44,-44,-44,-44,4,4,4,2,4,1,4,4,3,4,4,1,2,1,2,2,1,2,2,"-44",-44,-44,-44,-44,-44,-44,"-44",2,2,-44,-44,2,2,-44,-44,-44,-44,"-44",-44,-44,-44,-44,"-44",-44,-44,-44,-44,"-44",-44,-44,-44,-44,"-44",-44,-44,-44,-44,"-44",-44,-44,-44,-44,"-44",-44,"-44",-44,"-44",-44,-44,-44,-44,2,2,-44,-44,-44,-44,-44,"-44",-44,-44,-44,-44,-44,"-44",-44,-44,-44,-44,-44,-44,-44,-44,-44,-44,-44,-44,-44,-44,-44,-44,-44,-44,-44,-44,-44,-44,2,2,-44,-44,3,2,4,2,4,1,5,3,5,3,2,1,1,1,5,5,3,2,3,1,3,1,3,1,3,2,2,3,4,4,1,"-44",2,2,2,2,2,1,0,1,1,4,1,0,1,4,4,2,4,4,0,1,0,0,2,0,4,1,12,60,20601000,507600,251100000,12,61,17350100,3531600,443520000,30,1,2,1,4,"NAKURU",9,"-44","-44",62,122,202,2,-44,1,-44,6,11.851900100708,"Kenya"
60533,1,2,"M1 through M5",-44,-44,"M6",-44,-44,"-44",2,-44,1985,6,"-44",2,7,58,25,33,0,0,0,1,11,11,13,0,0,0,1,6,5,6,33.3333333333333,16.6666666666667,0,1,10,9,6,50,10,0,1,16,11,16,81.25,0,2,-44,-44,-44,-44,-44,1,15,15,20,86.6666666666667,0,2,-44,-44,-44,-44,-44,2,-44,-44,-44,-44,-44,2,-44,-44,-44,-44,-44,2,-44,-44,-44,-44,-44,1,2,2,2,1,1,2,2,"-44",1,1,2,1,2,2,1,2,"-44",1,1,2,2,1,2,1,2,"-44",1,1,2,1,1,1,2,2,"-44",2,-44,-44,-44,-44,-44,-44,-44,"-44",2,-44,-44,-44,-44,-44,-44,-44,"-44",2,-44,-44,-44,-44,-44,-44,-44,"-44",2,-44,-44,-44,-44,-44,-44,-44,"-44",2,-44,-44,-44,-44,-44,-44,-44,"-44",2,-44,-44,-44,-44,-44,-44,-44,"-44",1,1,1,2,"Professionals",1,2,1,2,2,2,2,6,"Sales workers","Professionals","Sales workers",2,2,1,2,2,1,2,2,2,2,2,1,2,2,1,2,2,2,1,2,70,-44,-44,-44,15,-44,5,5,2,1,29400,25000,2,2,1,2,5,-44,-44,-44,-44,-44,-44,-44,1,2,3,2,2,1,2,1,1,2,1,1,1,1,1,1,1,1,2,2,1,1,4,3,1,3,28200,26700,2,2,2,2,4,6,2,2,1,1,33,53,2,2,2,2,1,2,3,2,2,2,2,2,3,3,-44,-44,3,-44,-44,-44,-44,-44,-44,-44,-44,-44,4,4,4,4,4,4,2,4,4,3,4,1,2,2,2,3,2,2,1,3,1,3,2,-44,-44,-44,-44,-44,-44,1,-44,1,-44,-44,3,4,4,4,1,4,4,4,2,4,4,2,1,-44,-44,-44,-44,-44,-44,"-44",2,2,2,1,2,2,"-44",1,2,60,-44,2,2,-44,-44,-44,-44,"-44",-44,-44,-44,-44,"-44",-44,-44,-44,-44,"-44",-44,-44,-44,-44,"-44",-44,-44,-44,-44,"-44",-44,-44,-44,-44,"-44",-44,"-44",-44,"-44",-44,-44,-44,-44,2,2,-44,-44,-44,-44,-44,"-44",-44,-44,-44,-44,-44,"-44",-44,-44,-44,-44,-44,-44,-44,-44,-44,-44,-44,-44,-44,-44,-44,-44,-44,-44,-44,-44,-44,-44,1,2,888997,-44,5,5,3,3,4,2,-44,-44,-44,-44,-44,3,5,1,3,4,1,3,3,1,2,2,3,3,3,3,3,3,3,2,1,"-44",1,2,2,2,2,1,4,2,1,1,4,4,1,4,4,1,0,3,0,0,0,2,0,0,0,1,3,58,163152000,63176400,3369600000,3,56,157410000,61560000,3033450000,20,1,2,2,4,"NAKURU",7,"-44","-44",58,123,202,2,-44,1,-44,6,11.851900100708,"Kenya"
99174,1,3,"M1 through M5",1,3,"M6",-44,-44,"-44",1,1957,1966,3,"-44",1,19,20,12,8,0,0,0,1,1,1,1,0,0,0,1,2,2,2,0,0,0,1,2,2,2,50,0,0,1,3,3,3,66.6666666666667,0,1,6,5,6,50,0,1,2,2,2,0,0,2,-44,-44,-44,-44,-44,1,2,2,2,0,0,1,1,1,1,100,0,1,1,1,1,100,0,2,-44,-44,-44,-44,-44,-44,-44,"-44",2,-44,-44,-44,-44,-44,-44,-44,"-44",2,-44,-44,-44,-44,-44,-44,-44,"-44",1,1,2,2,2,2,2,2,"-44",1,1,2,2,2,2,2,2,"-44",2,-44,-44,-44,-44,-44,-44,-44,"-44",2,-44,-44,-44,-44,-44,-44,-44,"-44",2,-44,-44,-44,-44,-44,-44,-44,"-44",2,-44,-44,-44,-44,-44,-44,-44,"-44",2,-44,-44,-44,-44,-44,-44,-44,"-44",1,1,1,2,"Professionals",1,1,1,2,1,1,1,10,"Elementary occupations","Professionals","Elementary occupations",2,2,2,2,2,2,1,2,2,2,2,2,2,2,2,2,2,2,2,2,-44,-44,-44,-44,-44,-44,6,4,1,2,60000,15000,2,2,1,1,2,5,-44,-44,-44,-44,1,2,1,5,-44,2,1,2,-44,-44,2,2,2,1,2,1,2,2,2,2,2,2,2,1,4,1,3,3,70000,15000,2,2,2,6,6,4,1,1,1,1,40,40,1,2,2,2,2,2,2,2,2,2,2,2,2,2,-44,-44,-44,-44,-44,-44,-44,-44,-44,-44,-44,-44,4,4,4,4,4,2,3,4,4,4,4,1,2,2,3,1,1,2,2,2,2,3,3,-44,-44,-44,1,1,-44,-44,-44,-44,-44,-44,4,2,4,4,3,1,4,4,4,4,4,2,2,-44,-44,-44,-44,-44,-44,"-44",-44,-44,-44,-44,-44,-44,"-44",1,2,100,-44,2,2,-44,-44,-44,-44,"-44",-44,-44,-44,-44,"-44",-44,-44,-44,-44,"-44",-44,-44,-44,-44,"-44",-44,-44,-44,-44,"-44",-44,-44,-44,-44,"-44",-44,"-44",-44,"-44",-44,-44,-44,-44,2,2,-44,-44,-44,-44,-44,"-44",-44,-44,-44,-44,-44,"-44",-44,-44,-44,-44,-44,-44,-44,-44,-44,-44,-44,-44,-44,-44,-44,-44,-44,-44,-44,-44,-44,-44,1,2,4,-44,2,2,2,2,2,2,-44,-44,-44,-44,-44,2,4,4,2,2,3,3,3,1,1,3,3,1,1,3,3,3,4,4,1,"-44",1,1,1,1,1,2,1,1,1,1,1,1,1,2,2,0,2,1,2,2,2,2,1,0,0,1,11,20,3800000,1000000,16000000,11,20,3800000,1200000,18000000,80,1,1,1,4,"MOMBASA",19,"-44","-44",20,113,202,1,-44,1,-44,6,11.851900100708,"Kenya"
54544,2,2,"M1 through M5",-44,-44,"M6",-44,-44,"-44",2,-44,2007,1,"-44",1,19,42,30,12,0,0,0,1,5,5,5,20,0,0,1,3,3,3,0,0,1,2,-44,-44,-44,-44,-44,-44,1,13,12,13,46.1538461538462,0,2,-44,-44,-44,-44,-44,1,21,20,11,23.8095238095238,0,2,-44,-44,-44,-44,-44,2,-44,-44,-44,-44,-44,2,-44,-44,-44,-44,-44,2,-44,-44,-44,-44,-44,1,1,2,2,1,2,1,2,"-44",1,1,1,2,1,2,2,2,"-44",2,-44,-44,-44,-44,-44,-44,-44,"-44",1,1,2,1,1,2,1,2,"-44",2,-44,-44,-44,-44,-44,-44,-44,"-44",1,2,2,1,2,1,2,2,"-44",2,-44,-44,-44,-44,-44,-44,-44,"-44",2,-44,-44,-44,-44,-44,-44,-44,"-44",2,-44,-44,-44,-44,-44,-44,-44,"-44",2,-44,-44,-44,-44,-44,-44,-44,"-44",1,1,2,2,"Professionals",1,2,1,2,2,2,2,4,"Clerical and support workers","Professionals","Clerical and support workers",2,1,2,2,2,1,1,1,2,2,2,2,2,2,2,2,1,2,1,1,40,10,90,10,20,25,5,6,1,2,49000,29000,2,2,2,1,5,-44,-44,-44,-44,-44,-44,-44,1,5,-44,2,2,1,-44,-44,1,1,1,1,2,1,1,2,1,2,1,2,1,2,5,3,3,3,47300,29800,2,2,6,2,4,4,2,2,1,1,31,50,2,2,3,2,2,2,3,2,3,3,2,3,3,2,-44,-44,-44,-44,-44,-44,-44,-44,-44,-44,-44,-44,2,4,4,4,4,3,4,4,4,1,4,4,2,2,1,2,2,2,2,1,1,3,3,-44,-44,1,-44,-44,-44,-44,3,3,-44,-44,4,4,4,4,4,1,4,4,2,4,3,1,2,1,1,2,1,2,2,"-44",-44,-44,-44,-44,-44,-44,"-44",2,2,-44,-44,2,2,-44,-44,-44,-44,"-44",-44,-44,-44,-44,"-44",-44,-44,-44,-44,"-44",-44,-44,-44,-44,"-44",-44,-44,-44,-44,"-44",-44,-44,-44,-44,"-44",-44,"-44",-44,"-44",-44,-44,-44,-44,2,2,-44,-44,-44,-44,-44,"-44",-44,-44,-44,-44,-44,"-44",-44,-44,-44,-44,-44,-44,-44,-44,-44,-44,-44,-44,-44,-44,-44,-44,-44,-44,-44,-44,-44,-44,2,2,-44,-44,5,2,3,5,4,1,5,3,2,4,4,2,2,1,4,2,3,3,3,1,2,3,3,3,3,3,3,1,1,5,1,"-44",2,2,2,1,2,2,2,0,0,4,0,4,4,1,1,4,1,0,3,0,4,4,1,2,0,2,12,45,5280000,6091200,86480000,12,43,4275000,5077800,13822500,30,1,1,1,4,"NAKURU",19,"-44","-44",42,122,202,1,-44,1,-44,6,11.851900100708,"Kenya"
38003,1,3,"M1 through M5",-44,-44,"M6",-44,-44,"-44",2,-44,2006,6,"-44",2,9,63,31,32,15,11,4,1,4,3,4,50,25,0,1,10,8,10,60,20,3,1,16,14,16,62.5,12.5,0,1,12,12,12,41.6666666666667,0,1,17,9,17,41.1764705882353,1,2,-44,-44,-44,-44,-44,2,-44,-44,-44,-44,-44,2,-44,-44,-44,-44,-44,2,-44,-44,-44,-44,-44,1,19,10,19,31.5789473684211,0,1,2,2,2,1,2,1,2,"-44",1,1,2,1,2,1,1,2,"-44",1,1,2,1,2,2,2,2,"-44",2,-44,-44,-44,-44,-44,-44,-44,"-44",1,2,2,1,1,2,1,2,"-44",2,-44,-44,-44,-44,-44,-44,-44,"-44",2,-44,-44,-44,-44,-44,-44,-44,"-44",2,-44,-44,-44,-44,-44,-44,-44,"-44",2,-44,-44,-44,-44,-44,-44,-44,"-44",1,2,2,1,1,2,2,2,"-44",1,1,1,2,"Professionals",1,1,2,2,2,2,1,5,"Service workers","Professionals","Service workers",2,1,2,2,2,1,2,1,2,2,2,2,2,2,2,1,1,2,1,1,60,10,90,10,15,15,4,6,2,1,57000,23000,2,2,1,1,1,2,5,2,1,2,2,1,3,5,-44,-44,-44,-44,-44,-44,1,2,1,1,1,1,1,1,2,2,2,2,2,1,2,3,1,1,63000,24000,2,2,12,6,6,5,1,1,2,1,36,29,2,1,2,2,3,2,2,1,2,2,2,2,1,2,-44,-44,-44,-44,-44,1,-44,-44,-44,-44,1,-44,4,4,4,2,4,3,4,4,4,1,4,4,2,2,1,2,1,2,2,2,2,2,2,-44,-44,1,-44,1,-44,-44,-44,-44,-44,-44,4,4,4,3,2,4,4,4,1,4,4,2,2,-44,-44,-44,-44,-44,-44,"-44",-44,-44,-44,-44,-44,-44,"-44",2,2,-44,-44,2,2,-44,-44,-44,-44,"-44",-44,-44,-44,-44,"-44",-44,-44,-44,-44,"-44",-44,-44,-44,-44,"-44",-44,-44,-44,-44,"-44",-44,-44,-44,-44,"-44",-44,"-44",-44,"-44",-44,-44,-44,-44,2,2,-44,-44,-44,-44,-44,"-44",-44,-44,-44,-44,-44,"-44",-44,-44,-44,-44,-44,-44,-44,-44,-44,-44,-44,-44,-44,-44,-44,-44,-44,-44,-44,-44,-44,-44,2,2,-44,-44,1,2,3,5,4,2,-44,-44,-44,-44,-44,4,3,4,5,5,1,2,3,3,3,1,3,2,1,1,2,3,3,4,1,"-44",2,2,2,2,1,2,0,2,3,0,3,1,0,3,2,0,1,1,0,0,1,1,0,3,0,1,11,83,34920000,67200000,128400000,11,78,67200000,91560000,174600000,0,1,2,1,3,"MOMBASA",9,"-44","-44",78,114,999,1,-44,1,-44,6,11.851900100708,"Kenya"
50665,2,3,"M1 through M5",-44,-44,"M6",-44,-44,"-44",2,-44,2002,6,"-44",2,8,32,17,15,4,3,1,1,1,1,1,100,0,0,1,5,4,7,40,20,0,1,7,5,7,85.7142857142857,28.5714285714286,2,1,9,9,11,33.3333333333333,0,2,-44,-44,-44,-44,-44,1,6,6,6,66.6666666666667,2,2,-44,-44,-44,-44,-44,2,-44,-44,-44,-44,-44,1,8,8,1,0,0,2,-44,-44,-44,-44,-44,2,-44,-44,-44,-44,-44,-44,-44,"-44",1,1,2,1,1,2,2,2,"-44",1,1,2,2,1,2,2,2,"-44",2,-44,-44,-44,-44,-44,-44,-44,"-44",2,-44,-44,-44,-44,-44,-44,-44,"-44",2,-44,-44,-44,-44,-44,-44,-44,"-44",2,-44,-44,-44,-44,-44,-44,-44,"-44",2,-44,-44,-44,-44,-44,-44,-44,"-44",2,-44,-44,-44,-44,-44,-44,-44,"-44",2,-44,-44,-44,-44,-44,-44,-44,"-44",1,1,1,2,"Professionals",1,2,1,2,2,1,2,6,"Sales workers","Professionals","Sales workers",2,1,2,2,2,2,2,1,2,2,2,2,2,2,2,2,1,1,1,2,60,-44,-44,-44,45,-44,4,6,1,1,136300,94900,2,2,2,1,5,-44,-44,-44,-44,-44,-44,-44,2,1,3,1,2,2,2,1,1,1,2,1,1,1,1,1,1,1,1,2,1,2,5,2,3,3,127300,96800,2,2,12,12,6,6,2,2,2,2,44,24,2,2,3,2,1,2,2,3,2,2,2,2,1,2,-44,-44,1,-44,-44,-44,-44,-44,-44,-44,2,-44,4,4,4,4,4,1,2,4,4,4,4,3,2,2,2,1,2,2,1,3,2,2,2,-44,-44,-44,3,-44,-44,3,-44,-44,-44,-44,4,4,4,2,1,4,4,4,3,4,4,1,2,2,2,1,2,2,2,"-44",-44,-44,-44,-44,-44,-44,"-44",2,2,-44,-44,2,2,-44,-44,-44,-44,"-44",-44,-44,-44,-44,"-44",-44,-44,-44,-44,"-44",-44,-44,-44,-44,"-44",-44,-44,-44,-44,"-44",-44,-44,-44,-44,"-44",-44,"-44",-44,"-44",-44,-44,-44,-44,2,2,-44,-44,-44,-44,-44,"-44",-44,-44,-44,-44,-44,"-44",-44,-44,-44,-44,-44,-44,-44,-44,-44,-44,-44,-44,-44,-44,-44,-44,-44,-44,-44,-44,-44,-44,2,2,-44,-44,2,4,2,5,5,2,-44,-44,-44,-44,-44,2,3,1,5,4,1,3,2,1,1,3,3,1,3,1,1,2,2,4,1,"-44",1,1,2,2,1,2,0,0,1,1,0,1,3,2,0,0,4,1,0,1,1,4,0,1,2,1,11,37,12499200,17266000,91200000,11,37,11849600,25863300,152110800,20,1,2,1,3,"NAKURU",8,"-44","-44",36,122,202,1,-44,1,-44,6,11.851900100708,"Kenya"
21061,2,3,"M1 through M5",-44,-44,"M6",-44,-44,"-44",2,-44,1990,6,"-44",2,19,39,22,17,4,3,1,1,4,4,5,25,0,0,1,24,22,26,41.6666666666667,8.33333333333333,0,2,-44,-44,-44,-44,-44,-44,1,4,4,4,75,0,1,6,6,6,33.3333333333333,0,2,-44,-44,-44,-44,-44,2,-44,-44,-44,-44,-44,2,-44,-44,-44,-44,-44,1,5,4,6,40,0,2,-44,-44,-44,-44,-44,2,-44,-44,-44,-44,-44,-44,-44,"-44",1,1,2,1,1,2,2,2,"-44",2,-44,-44,-44,-44,-44,-44,-44,"-44",1,1,1,2,2,1,2,2,"-44",2,-44,-44,-44,-44,-44,-44,-44,"-44",2,-44,-44,-44,-44,-44,-44,-44,"-44",2,-44,-44,-44,-44,-44,-44,-44,"-44",2,-44,-44,-44,-44,-44,-44,-44,"-44",1,1,2,2,1,2,2,2,"-44",2,-44,-44,-44,-44,-44,-44,-44,"-44",1,1,2,2,"Professionals",1,1,2,2,2,1,2,9,"Plant and machine operators, and assembl","Professionals","Plant and machine operators, and assembl",2,2,2,2,2,2,2,1,2,2,2,1,1,2,1,2,1,2,1,1,90,60,40,60,45,5,5,5,2,2,39000,14000,2,2,1,1,3,5,-44,-44,-44,-44,-44,-44,3,1,2,2,1,2,1,2,1,1,1,1,2,1,1,1,1,2,2,2,2,2,4,1,2,3,34000,16000,2,2,7,6,6,5,1,1,1,1,41,29,1,1,2,2,3,2,2,2,1,2,2,1,2,2,-44,-44,-44,-44,-44,-44,1,-44,-44,3,-44,-44,1,4,4,3,2,4,4,4,4,4,4,4,2,2,1,1,2,1,2,2,1,2,1,-44,-44,1,2,-44,1,-44,-44,1,-44,1,4,4,4,4,4,4,3,2,4,4,1,1,2,2,2,1,2,1,2,"-44",-44,-44,-44,-44,-44,-44,"-44",1,1,100,25,2,2,-44,-44,-44,-44,"-44",-44,-44,-44,-44,"-44",-44,-44,-44,-44,"-44",-44,-44,-44,-44,"-44",-44,-44,-44,-44,"-44",-44,-44,-44,-44,"-44",-44,"-44",-44,"-44",-44,-44,-44,-44,2,2,-44,-44,-44,-44,-44,"-44",-44,-44,-44,-44,-44,"-44",-44,-44,-44,-44,-44,-44,-44,-44,-44,-44,-44,-44,-44,-44,-44,-44,-44,-44,-44,-44,-44,-44,1,1,3,888997,4,2,2,2,5,2,-44,-44,-44,-44,-44,5,3,3,5,3,3,3,2,3,3,2,3,3,1,3,2,3,3,4,2,"-44",2,2,2,2,1,2,2,3,4,2,3,2,1,2,0,2,0,1,0,0,1,4,1,0,1,1,11,42,6966000,7490000,10379000,11,40,7508000,5400000,10120000,50,1,1,1,4,"NAKURU",19,"-44","-44",43,107,999,1,-44,1,-44,6,11.851900100708,"Kenya"
98237,2,2,"M1 through M5",-44,-44,"M6",-44,-44,"-44",2,-44,1985,3,"-44",1,9,14,6,8,36,8,28,1,3,3,3,0,0,0,1,2,2,2,100,0,0,1,4,4,4,0,0,0,1,6,4,6,66.6666666666667,0,1,18,12,18,83.3333333333333,0,1,2,2,2,0,0,2,-44,-44,-44,-44,-44,1,8,7,8,100,0,1,3,3,3,100,0,1,4,4,4,100,0,2,-44,-44,-44,-44,-44,-44,-44,"-44",2,-44,-44,-44,-44,-44,-44,-44,"-44",2,-44,-44,-44,-44,-44,-44,-44,"-44",1,1,2,2,2,2,2,2,"-44",1,1,2,2,2,2,2,2,"-44",2,-44,-44,-44,-44,-44,-44,-44,"-44",2,-44,-44,-44,-44,-44,-44,-44,"-44",1,1,2,2,2,2,2,2,"-44",2,-44,-44,-44,-44,-44,-44,-44,"-44",2,-44,-44,-44,-44,-44,-44,-44,"-44",1,1,1,1,"Managers",1,1,1,2,1,1,1,4,"Clerical and support workers","Managers","Clerical and support workers",2,2,2,2,2,2,2,1,2,2,2,2,2,2,2,2,1,2,2,1,-44,50,50,50,-44,15,6,5,1,2,65000,20000,2,2,2,1,3,5,-44,-44,-44,-44,-44,-44,5,-44,-44,-44,-44,-44,-44,-44,2,2,2,1,2,1,1,1,2,2,2,2,2,1,3,2,3,3,75000,25000,2,2,0,3,6,5,1,1,1,1,45,30,1,2,2,2,2,2,2,2,2,2,2,2,3,3,-44,-44,-44,-44,-44,-44,-44,-44,-44,-44,-44,-44,4,4,4,3,4,2,1,4,4,4,4,4,2,2,1,2,2,2,2,2,2,2,3,-44,-44,2,-44,-44,-44,-44,-44,-44,-44,-44,4,3,4,4,2,1,4,4,4,4,4,2,2,-44,-44,-44,-44,-44,-44,"-44",-44,-44,-44,-44,-44,-44,"-44",2,2,-44,-44,2,2,-44,-44,-44,-44,"-44",-44,-44,-44,-44,"-44",-44,-44,-44,-44,"-44",-44,-44,-44,-44,"-44",-44,-44,-44,-44,"-44",-44,-44,-44,-44,"-44",-44,"-44",-44,"-44",-44,-44,-44,-44,2,2,-44,-44,-44,-44,-44,"-44",-44,-44,-44,-44,-44,"-44",-44,-44,-44,-44,-44,-44,-44,-44,-44,-44,-44,-44,-44,-44,-44,-44,-44,-44,-44,-44,-44,-44,2,2,-44,-44,3,3,3,3,3,2,-44,-44,-44,-44,-44,2,2,2,2,2,3,3,2,3,1,3,3,1,1,2,3,3,3,3,1,"-44",2,1,2,2,2,2,2,1,0,0,0,0,1,4,3,2,2,0,1,0,1,1,1,0,2,1,4,50,8500000,3600000,23000000,4,50,8500000,3200000,24000000,0,2,2,4,2,"MOMBASA",9,"-44","-44",50,113,999,1,-44,1,-44,6,11.851900100708,"Kenya"
99172,1,2,"M1 through M5",-44,-44,"M6",-44,-44,"-44",2,-44,2003,3,"-44",2,8,16,8,8,5,2,3,1,2,2,2,0,0,0,2,-44,-44,-44,-44,-44,-44,1,2,2,2,50,0,0,1,3,3,3,100,0,1,6,6,6,66.6666666666667,0,1,2,2,2,0,0,2,-44,-44,-44,-44,-44,2,-44,-44,-44,-44,-44,1,3,2,3,33.3333333333333,0,1,3,3,3,66.6666666666667,0,2,-44,-44,-44,-44,-44,-44,-44,"-44",2,-44,-44,-44,-44,-44,-44,-44,"-44",2,-44,-44,-44,-44,-44,-44,-44,"-44",2,-44,-44,-44,-44,-44,-44,-44,"-44",1,1,2,2,2,2,2,2,"-44",2,-44,-44,-44,-44,-44,-44,-44,"-44",2,-44,-44,-44,-44,-44,-44,-44,"-44",2,-44,-44,-44,-44,-44,-44,-44,"-44",1,1,2,2,2,2,2,2,"-44",2,-44,-44,-44,-44,-44,-44,-44,"-44",1,2,1,3,"Technicians and associate professionals",1,1,1,2,2,1,1,10,"Elementary occupations","Technicians and associate professionals","Elementary occupations",2,2,2,2,2,2,1,2,2,2,2,2,2,2,2,2,2,2,2,2,-44,-44,-44,-44,-44,-44,6,3,1,2,40000,10000,2,2,1,1,5,-44,-44,-44,-44,-44,-44,-44,5,-44,-44,-44,-44,-44,-44,-44,2,2,2,1,2,1,1,1,2,2,2,2,2,1,4,1,3,3,50000,13000,2,2,0,6,6,3,1,2,1,2,35,40,2,2,2,2,3,2,2,2,2,2,2,2,2,2,-44,-44,-44,-44,-44,-44,-44,-44,-44,-44,-44,-44,4,4,4,4,3,2,1,4,4,4,4,4,1,1,3,1,1,2,2,2,1,3,3,2,2,-44,1,1,-44,-44,-44,1,-44,-44,3,1,4,4,4,2,4,4,4,4,4,2,2,-44,-44,-44,-44,-44,-44,"-44",-44,-44,-44,-44,-44,-44,"-44",2,2,-44,-44,2,2,-44,-44,-44,-44,"-44",-44,-44,-44,-44,"-44",-44,-44,-44,-44,"-44",-44,-44,-44,-44,"-44",-44,-44,-44,-44,"-44",-44,-44,-44,-44,"-44",-44,"-44",-44,"-44",-44,-44,-44,-44,2,2,-44,-44,-44,-44,-44,"-44",-44,-44,-44,-44,-44,"-44",-44,-44,-44,-44,-44,-44,-44,-44,-44,-44,-44,-44,-44,-44,-44,-44,-44,-44,-44,-44,-44,-44,2,2,-44,-44,2,2,2,2,4,2,-44,-44,-44,-44,-44,1,1,1,1,1,3,3,3,3,3,3,3,3,3,3,3,3,4,4,1,"-44",1,1,1,1,2,2,1,2,0,0,1,2,1,2,2,1,2,0,2,1,2,1,1,0,2,1,6,18,3300000,1800000,21000000,6,21,3400000,1650000,24000000,60,1,1,1,4,"MOMBASA",8,"-44","-44",21,113,202,1,-44,1,-44,6,11.851900100708,"Kenya"
99173,1,3,"M1 through M5",-44,-44,"M6",-44,-44,"-44",2,-44,1995,1,"-44",1,7,29,19,10,0,0,0,1,1,1,1,0,0,0,1,3,3,3,0,0,0,1,9,9,9,22.2222222222222,0,0,1,5,5,5,60,0,2,-44,-44,-44,-44,-44,1,7,6,8,71.4285714285714,0,2,-44,-44,-44,-44,-44,2,-44,-44,-44,-44,-44,2,-44,-44,-44,-44,-44,1,4,3,4,0,0,1,1,1,1,2,2,1,2,"-44",1,2,1,2,2,1,1,2,"-44",2,-44,-44,-44,-44,-44,-44,-44,"-44",2,-44,-44,-44,-44,-44,-44,-44,"-44",2,-44,-44,-44,-44,-44,-44,-44,"-44",1,2,2,2,1,2,1,2,"-44",2,-44,-44,-44,-44,-44,-44,-44,"-44",2,-44,-44,-44,-44,-44,-44,-44,"-44",2,-44,-44,-44,-44,-44,-44,-44,"-44",1,2,2,2,2,2,2,2,"-44",1,1,1,2,"Professionals",1,2,1,2,2,2,1,6,"Sales workers","Professionals","Sales workers",2,2,1,2,2,1,1,2,2,1,2,2,2,2,1,1,1,2,1,1,100,0,100,0,45,10,6,4,1,2,44500,19500,2,2,1,1,2,3,5,-44,-44,-44,1,2,1,3,5,2,1,2,-44,-44,1,1,2,1,2,2,1,1,1,1,2,1,2,1,2,2,1,3,35700,23400,2,2,5,1,5,6,1,2,1,2,26,32,1,2,2,2,2,3,2,1,2,2,2,2,1,1,-44,-44,-44,-44,-44,2,-44,-44,-44,-44,3,3,1,4,4,2,4,4,4,3,4,4,4,4,2,2,2,2,3,2,3,2,2,1,3,-44,-44,-44,-44,-44,-44,-44,-44,-44,2,-44,2,4,4,4,4,1,4,4,3,4,4,2,1,-44,-44,-44,-44,-44,-44,"-44",2,2,1,1,2,2,"-44",2,2,-44,-44,2,2,-44,-44,-44,-44,"-44",-44,-44,-44,-44,"-44",-44,-44,-44,-44,"-44",-44,-44,-44,-44,"-44",-44,-44,-44,-44,"-44",-44,-44,-44,-44,"-44",-44,"-44",-44,"-44",-44,-44,-44,-44,2,2,-44,-44,-44,-44,-44,"-44",-44,-44,-44,-44,-44,"-44",-44,-44,-44,-44,-44,-44,-44,-44,-44,-44,-44,-44,-44,-44,-44,-44,-44,-44,-44,-44,-44,-44,2,2,-44,-44,5,2,5,4,4,2,-44,-44,-44,-44,-44,5,5,5,4,5,3,3,3,1,2,3,3,1,2,1,3,1,2,4,4,"-44",2,1,2,1,1,2,1,4,0,4,0,1,0,3,0,4,1,0,4,0,1,1,4,0,4,2,12,31,4740700,10919000,33145200,12,30,6464000,13855600,35873500,40,1,1,1,4,"MOMBASA",7,"-44","-44",29,113,202,1,-44,1,-44,6,11.851900100708,"Kenya"
21227,2,3,"M1 through M5",-44,-44,"M6",-44,-44,"-44",2,-44,2005,1,"-44",1,8,55,33,22,8,4,4,1,3,2,3,33.3333333333333,33.3333333333333,0,1,12,11,12,75,8.33333333333333,1,1,10,8,10,50,20,0,1,9,9,9,55.5555555555556,0,1,8,6,8,12.5,0,1,5,3,5,60,0,1,6,5,6,0,0,1,4,3,4,0,0,1,3,3,3,33.3333333333333,0,1,3,1,3,33.3333333333333,0,1,1,2,2,2,2,2,2,"-44",1,1,2,2,2,2,2,2,"-44",1,1,2,2,2,2,2,2,"-44",1,1,2,2,2,2,2,2,"-44",1,1,2,2,2,2,2,2,"-44",1,1,2,2,2,2,2,2,"-44",1,1,1,1,2,2,2,2,"-44",1,1,1,2,1,2,1,2,"-44",1,2,1,1,2,2,2,2,"-44",1,1,1,1,1,2,1,2,"-44",1,1,1,3,"Technicians and associate professionals",1,1,1,1,1,1,1,6,"Sales workers","Technicians and associate professionals","Sales workers",1,2,2,1,2,2,2,2,2,2,2,2,2,2,2,1,1,2,1,1,40,20,80,20,30,30,4,5,2,1,36000,19000,2,2,2,2,2,3,5,-44,-44,-44,1,2,2,3,1,2,1,2,1,2,1,2,1,2,2,2,1,2,2,2,1,2,2,2,5,1,2,1,40000,18000,2,2,5,7,6,4,1,1,1,1,32,29,1,1,2,2,1,2,2,2,1,2,2,2,1,2,-44,-44,2,-44,-44,-44,1,-44,-44,-44,1,-44,4,4,4,4,4,4,4,2,1,4,3,4,2,2,1,1,2,1,2,2,2,2,2,-44,-44,2,2,-44,1,-44,-44,-44,-44,-44,4,4,4,4,1,3,4,4,2,4,4,2,2,-44,-44,-44,-44,-44,-44,"-44",-44,-44,-44,-44,-44,-44,"-44",2,2,-44,-44,2,2,-44,-44,-44,-44,"-44",-44,-44,-44,-44,"-44",-44,-44,-44,-44,"-44",-44,-44,-44,-44,"-44",-44,-44,-44,-44,"-44",-44,-44,-44,-44,"-44",-44,"-44",-44,"-44",-44,-44,-44,-44,2,2,-44,-44,-44,-44,-44,"-44",-44,-44,-44,-44,-44,"-44",-44,-44,-44,-44,-44,-44,-44,-44,-44,-44,-44,-44,-44,-44,-44,-44,-44,-44,-44,-44,-44,-44,2,2,-44,-44,3,4,2,4,4,2,-44,-44,-44,-44,-44,1,2,1,1,1,1,3,3,1,1,1,3,2,1,1,1,2,4,4,4,"-44",2,1,1,2,1,2,3,0,3,3,0,1,0,3,3,2,1,0,4,0,0,3,0,1,0,1,12,59,23676000,19190000,395600000,12,63,19679000,18593000,414200000,50,1,1,1,3,"MOMBASA",8,"-44","-44",63,114,999,1,-44,1,-44,6,11.851900100708,"Kenya"
98397,1,3,"M1 through M5",-44,-44,"M6",-44,-44,"-44",2,-44,2003,7,"-44",1,9,16,6,10,16,9,7,1,3,3,3,33.3333333333333,0,0,2,-44,-44,-44,-44,-44,-44,1,4,6,4,0,50,0,1,6,6,6,100,0,1,10,11,10,80,0,2,-44,-44,-44,-44,-44,2,-44,-44,-44,-44,-44,2,-44,-44,-44,-44,-44,1,4,4,4,0,0,1,5,4,5,40,0,2,-44,-44,-44,-44,-44,-44,-44,"-44",2,-44,-44,-44,-44,-44,-44,-44,"-44",1,1,1,2,2,1,2,2,"-44",2,-44,-44,-44,-44,-44,-44,-44,"-44",1,1,2,2,2,2,2,2,"-44",2,-44,-44,-44,-44,-44,-44,-44,"-44",2,-44,-44,-44,-44,-44,-44,-44,"-44",2,-44,-44,-44,-44,-44,-44,-44,"-44",1,1,2,2,2,2,2,2,"-44",1,1,2,2,2,2,2,2,"-44",1,2,1,3,"Technicians and associate professionals",1,1,2,2,2,1,1,5,"Service workers","Technicians and associate professionals","Service workers",2,2,2,2,2,2,1,1,2,2,2,2,2,2,2,2,1,2,1,1,80,60,40,60,15,10,6,5,1,2,35000,20000,2,2,1,2,5,-44,-44,-44,-44,-44,-44,-44,5,-44,-44,-44,-44,-44,-44,-44,2,2,2,1,2,2,1,2,1,2,2,2,2,1,2,1,3,3,35000,20000,2,2,5,0,6,4,1,1,1,1,30,30,1,2,2,2,3,2,2,2,2,2,1,2,3,2,-44,-44,-44,-44,-44,-44,-44,-44,1,-44,-44,-44,4,4,4,4,2,1,3,4,4,4,4,4,2,2,3,2,2,2,3,3,2,3,3,-44,-44,-44,-44,-44,-44,-44,-44,-44,-44,-44,4,3,4,4,1,2,4,4,4,4,4,2,2,-44,-44,-44,-44,-44,-44,"-44",-44,-44,-44,-44,-44,-44,"-44",2,1,-44,50,2,2,-44,-44,-44,-44,"-44",-44,-44,-44,-44,"-44",-44,-44,-44,-44,"-44",-44,-44,-44,-44,"-44",-44,-44,-44,-44,"-44",-44,-44,-44,-44,"-44",-44,"-44",-44,"-44",-44,-44,-44,-44,2,2,-44,-44,-44,-44,-44,"-44",-44,-44,-44,-44,-44,"-44",-44,-44,-44,-44,-44,-44,-44,-44,-44,-44,-44,-44,-44,-44,-44,-44,-44,-44,-44,-44,-44,-44,2,1,-44,3,2,2,1,2,2,2,-44,-44,-44,-44,-44,1,1,1,1,1,3,3,3,3,3,3,3,3,3,3,3,3,4,3,1,"-44",2,1,1,2,2,2,3,0,0,2,0,1,1,4,2,1,3,0,1,1,2,1,1,0,2,1,6,40,12000000,3600000,56000000,6,32,11400000,3600000,580000000,30,1,1,3,2,"MOMBASA",9,"-44","-44",32,113,999,1,-44,1,-44,7,3.35669994354248,"Kenya"
98321,1,3,"M1 through M5",-44,-44,"M6",-44,-44,"-44",2,-44,1975,3,"-44",1,3,78,47,31,62,45,17,1,1,1,1,0,100,0,1,79,79,79,43.0379746835443,100,0,1,31,31,31,38.7096774193548,100,0,1,4,4,4,50,0,2,-44,-44,-44,-44,-44,2,-44,-44,-44,-44,-44,2,-44,-44,-44,-44,-44,2,-44,-44,-44,-44,-44,1,5,5,5,0,0,1,20,20,20,0,0,2,-44,-44,-44,-44,-44,-44,-44,"-44",1,1,2,2,2,2,2,2,"-44",2,-44,-44,-44,-44,-44,-44,-44,"-44",2,-44,-44,-44,-44,-44,-44,-44,"-44",2,-44,-44,-44,-44,-44,-44,-44,"-44",2,-44,-44,-44,-44,-44,-44,-44,"-44",2,-44,-44,-44,-44,-44,-44,-44,"-44",2,-44,-44,-44,-44,-44,-44,-44,"-44",2,-44,-44,-44,-44,-44,-44,-44,"-44",1,2,2,2,2,2,2,2,"-44",1,1,1,3,"Technicians and associate professionals",1,2,2,2,2,1,1,9,"Plant and machine operators, and assembl","Technicians and associate professionals","Plant and machine operators, and assembl",1,2,2,2,2,1,1,2,2,1,2,2,2,2,2,1,2,2,2,2,-44,-44,-44,-44,-44,-44,5,5,1,1,25000,20000,2,2,2,2,5,-44,-44,-44,-44,-44,-44,-44,5,-44,-44,-44,-44,-44,-44,-44,2,2,2,2,2,2,1,2,2,2,2,2,2,1,1,1,2,2,26000,20000,2,2,20,20,5,5,1,1,1,1,27,25,1,1,1,1,3,2,2,2,2,2,2,2,1,2,1,2,-44,-44,-44,-44,-44,-44,-44,-44,1,-44,4,4,4,4,4,2,3,1,4,4,4,4,1,1,3,2,2,2,2,2,2,2,2,2,2,-44,-44,-44,-44,-44,-44,-44,-44,-44,4,4,4,4,2,3,1,4,4,4,4,1,1,2,1,2,2,2,2,"-44",2,1,2,2,2,2,"-44",2,2,-44,-44,2,2,-44,-44,-44,-44,"-44",-44,-44,-44,-44,"-44",-44,-44,-44,-44,"-44",-44,-44,-44,-44,"-44",-44,-44,-44,-44,"-44",-44,-44,-44,-44,"-44",-44,"-44",-44,"-44",-44,-44,-44,-44,2,2,-44,-44,-44,-44,-44,"-44",-44,-44,-44,-44,-44,"-44",-44,-44,-44,-44,-44,-44,-44,-44,-44,-44,-44,-44,-44,-44,-44,-44,-44,-44,-44,-44,-44,-44,2,2,-44,-44,3,3,3,3,3,2,-44,-44,-44,-44,-44,2,2,2,2,2,3,3,3,3,3,3,3,3,3,3,3,3,5,5,2,"-44",1,1,1,1,1,2,0,0,0,0,0,0,0,0,0,0,0,0,0,0,0,0,0,0,0,1,6,140,1500000,500000,20000000,6,140,1600000,500000,23000000,0,2,2,2,2,"MOMBASA",3,"-44","-44",140,110,999,1,-44,1,-44,7,3.35669994354248,"Kenya"
98357,2,2,"M1 through M5",-44,-44,"M6",-44,-44,"-44",1,2014,2014,1,"-44",1,7,150,120,30,0,0,0,1,17,13,18,29.4117647058824,23.5294117647059,0,2,-44,-44,-44,-44,-44,-44,2,-44,-44,-44,-44,-44,-44,1,60,40,63,16.6666666666667,0,1,15,10,15,20,0,1,33,30,33,30.3030303030303,0,2,-44,-44,-44,-44,-44,2,-44,-44,-44,-44,-44,1,25,20,25,8,0,2,-44,-44,-44,-44,-44,1,1,2,1,1,2,1,2,"-44",2,-44,-44,-44,-44,-44,-44,-44,"-44",2,-44,-44,-44,-44,-44,-44,-44,"-44",1,1,2,2,1,2,1,2,"-44",1,1,2,1,1,2,1,2,"-44",1,1,2,1,1,1,1,2,"-44",2,-44,-44,-44,-44,-44,-44,-44,"-44",2,-44,-44,-44,-44,-44,-44,-44,"-44",1,1,2,1,1,1,1,2,"-44",2,-44,-44,-44,-44,-44,-44,-44,"-44",1,2,2,1,"Managers",1,1,1,2,2,1,2,6,"Sales workers","Managers","Sales workers",2,2,1,1,2,1,2,1,2,2,2,1,1,2,2,2,1,2,1,1,60,50,50,50,10,14,6,4,1,2,80000,30000,2,2,1,1,5,-44,-44,-44,-44,-44,-44,-44,5,-44,-44,-44,-44,-44,-44,-44,1,1,1,1,1,1,1,1,1,1,2,2,1,1,2,2,1,1,100000,50000,2,2,0,0,6,4,1,1,1,1,35,30,1,1,2,2,2,2,2,2,2,2,2,2,2,2,-44,-44,-44,-44,-44,-44,-44,-44,-44,-44,-44,-44,4,4,4,4,1,2,3,4,4,4,4,4,1,1,1,2,1,2,2,2,2,2,2,1,1,3,-44,2,-44,-44,-44,-44,-44,-44,1,4,4,2,4,3,4,4,4,4,4,2,2,-44,-44,-44,-44,-44,-44,"-44",-44,-44,-44,-44,-44,-44,"-44",1,1,100,100,2,2,-44,-44,-44,-44,"-44",-44,-44,-44,-44,"-44",-44,-44,-44,-44,"-44",-44,-44,-44,-44,"-44",-44,-44,-44,-44,"-44",-44,-44,-44,-44,"-44",-44,"-44",-44,"-44",-44,-44,-44,-44,2,2,-44,-44,-44,-44,-44,"-44",-44,-44,-44,-44,-44,"-44",-44,-44,-44,-44,-44,-44,-44,-44,-44,-44,-44,-44,-44,-44,-44,-44,-44,-44,-44,-44,-44,-44,1,1,3,3,4,4,4,5,5,2,-44,-44,-44,-44,-44,1,1,1,1,1,3,3,3,3,3,3,3,3,3,3,3,3,4,3,1,"-44",2,1,2,1,1,1,3,3,0,1,1,1,1,2,1,1,1,1,1,1,1,3,1,1,3,1,6,130,200000000,500000,1000000000,6,145,22000000,1000000,20000000,100,1,1,1,2,"MOMBASA",7,"-44","-44",150,104,999,1,-44,1,-44,7,3.35669994354248,"Kenya"
98379,1,1,"M1 through M5",-44,-44,"M6",-44,-44,"-44",1,2003,2003,1,"-44",1,8,166,145,21,0,0,0,1,3,3,3,0,100,0,1,54,54,54,11.1111111111111,100,0,2,-44,-44,-44,-44,-44,-44,1,7,7,7,71.4285714285714,0,1,15,15,15,66.6666666666667,0,2,-44,-44,-44,-44,-44,2,-44,-44,-44,-44,-44,2,-44,-44,-44,-44,-44,1,87,87,87,0,0,2,-44,-44,-44,-44,-44,2,-44,-44,-44,-44,-44,-44,-44,"-44",2,-44,-44,-44,-44,-44,-44,-44,"-44",2,-44,-44,-44,-44,-44,-44,-44,"-44",1,1,2,2,2,2,2,2,"-44",2,-44,-44,-44,-44,-44,-44,-44,"-44",2,-44,-44,-44,-44,-44,-44,-44,"-44",2,-44,-44,-44,-44,-44,-44,-44,"-44",2,-44,-44,-44,-44,-44,-44,-44,"-44",1,1,1,1,2,2,2,2,"-44",2,-44,-44,-44,-44,-44,-44,-44,"-44",1,1,2,2,"Professionals",1,1,2,2,2,1,2,9,"Plant and machine operators, and assembl","Professionals","Plant and machine operators, and assembl",1,2,2,2,2,1,1,2,2,1,2,2,2,2,2,1,2,2,2,1,-44,10,90,10,-44,14,5,5,1,1,40000,30000,2,2,2,2,1,2,5,2,1,2,1,2,1,2,5,2,1,2,1,2,2,2,2,2,2,2,1,2,2,2,2,2,1,1,1,1,1,1,45000,30000,2,2,0,0,5,5,1,1,1,1,30,30,1,1,2,2,3,2,2,2,2,2,2,2,1,2,-44,-44,-44,-44,-44,-44,-44,-44,-44,-44,2,-44,1,4,4,2,4,4,3,4,4,4,4,4,2,2,3,2,2,2,2,2,2,2,2,-44,-44,-44,-44,-44,-44,-44,-44,-44,-44,-44,4,4,4,1,4,2,4,3,4,4,4,2,2,-44,-44,-44,-44,-44,-44,"-44",-44,-44,-44,-44,-44,-44,"-44",2,2,-44,-44,2,2,-44,-44,-44,-44,"-44",-44,-44,-44,-44,"-44",-44,-44,-44,-44,"-44",-44,-44,-44,-44,"-44",-44,-44,-44,-44,"-44",-44,-44,-44,-44,"-44",-44,"-44",-44,"-44",-44,-44,-44,-44,2,2,-44,-44,-44,-44,-44,"-44",-44,-44,-44,-44,-44,"-44",-44,-44,-44,-44,-44,-44,-44,-44,-44,-44,-44,-44,-44,-44,-44,-44,-44,-44,-44,-44,-44,-44,2,2,-44,-44,5,5,5,5,5,2,-44,-44,-44,-44,-44,2,2,2,2,2,1,1,1,1,1,1,1,1,1,1,1,1,3,4,2,"-44",1,1,1,1,1,2,1,1,1,1,1,1,1,1,1,1,1,1,1,1,1,1,1,1,0,1,1,164,2600000,850000,52000000,1,166,2610000,9500000,54500000,0,2,2,2,2,"MOMBASA",8,"-44","-44",166,110,999,2,-44,1,-44,7,3.35669994354248,"Kenya"
99181,2,2,"M1 through M5",-44,-44,"M6",-44,-44,"-44",2,-44,1954,2,"-44",1,3,120,98,22,22,22,0,1,3,3,3,0,0,0,2,-44,-44,-44,-44,-44,-44,1,22,22,2,13.6363636363636,0,0,1,10,10,10,40,0,1,88,69,88,11.3636363636364,0,1,4,4,4,0,0,2,-44,-44,-44,-44,-44,1,5,5,5,0,0,1,5,5,5,40,0,1,5,5,5,60,0,2,-44,-44,-44,-44,-44,-44,-44,"-44",2,-44,-44,-44,-44,-44,-44,-44,"-44",2,-44,-44,-44,-44,-44,-44,-44,"-44",2,-44,-44,-44,-44,-44,-44,-44,"-44",1,1,1,1,2,2,1,2,"-44",2,-44,-44,-44,-44,-44,-44,-44,"-44",2,-44,-44,-44,-44,-44,-44,-44,"-44",2,-44,-44,-44,-44,-44,-44,-44,"-44",2,-44,-44,-44,-44,-44,-44,-44,"-44",2,-44,-44,-44,-44,-44,-44,-44,"-44",1,2,1,3,"Technicians and associate professionals",1,1,1,2,1,1,1,4,"Clerical and support workers","Technicians and associate professionals","Clerical and support workers",2,2,2,2,2,2,1,2,2,2,2,2,2,2,2,1,2,2,2,2,-44,-44,-44,-44,-44,-44,6,5,1,2,35000,20000,2,2,1,1,5,-44,-44,-44,-44,-44,-44,-44,5,-44,-44,-44,-44,-44,-44,-44,2,2,2,1,2,1,1,1,1,2,2,2,2,1,2,2,3,3,42000,20000,2,2,4,6,6,5,1,1,1,1,40,25,1,2,2,2,3,2,2,2,2,2,2,2,2,2,-44,-44,-44,-44,-44,-44,-44,-44,-44,-44,-44,-44,4,4,4,4,4,1,3,2,4,4,4,4,2,2,3,2,2,2,2,2,2,2,2,-44,-44,-44,-44,-44,-44,-44,-44,-44,-44,-44,4,4,4,4,1,2,4,3,4,4,4,2,2,-44,-44,-44,-44,-44,-44,"-44",-44,-44,-44,-44,-44,-44,"-44",1,2,100,-44,2,2,-44,-44,-44,-44,"-44",-44,-44,-44,-44,"-44",-44,-44,-44,-44,"-44",-44,-44,-44,-44,"-44",-44,-44,-44,-44,"-44",-44,-44,-44,-44,"-44",-44,"-44",-44,"-44",-44,-44,-44,-44,2,2,-44,-44,-44,-44,-44,"-44",-44,-44,-44,-44,-44,"-44",-44,-44,-44,-44,-44,-44,-44,-44,-44,-44,-44,-44,-44,-44,-44,-44,-44,-44,-44,-44,-44,-44,1,2,3,-44,2,4,2,2,4,2,-44,-44,-44,-44,-44,3,2,4,2,2,3,3,3,3,1,1,3,3,3,3,3,1,4,4,1,"-44",1,1,1,1,1,2,3,2,1,0,1,1,1,2,2,1,1,1,2,1,2,2,0,0,2,1,6,140,25200000,5000000,440000000,6,145,25400000,6000000,450000000,60,1,1,1,4,"MOMBASA",3,"-44","-44",142,113,202,1,-44,1,-44,7,3.35669994354248,"Kenya"
98349,1,2,"M1 through M5",-44,-44,"M6",-44,-44,"-44",1,1996,1996,3,"-44",1,8,125,110,15,0,0,0,1,1,1,1,0,100,0,1,115,115,115,13.0434782608696,100,0,2,-44,-44,-44,-44,-44,-44,2,-44,-44,-44,-44,-44,2,-44,-44,-44,-44,-44,2,-44,-44,-44,-44,-44,2,-44,-44,-44,-44,-44,2,-44,-44,-44,-44,-44,1,9,9,9,0,0,2,-44,-44,-44,-44,-44,2,-44,-44,-44,-44,-44,-44,-44,"-44",2,-44,-44,-44,-44,-44,-44,-44,"-44",2,-44,-44,-44,-44,-44,-44,-44,"-44",2,-44,-44,-44,-44,-44,-44,-44,"-44",2,-44,-44,-44,-44,-44,-44,-44,"-44",2,-44,-44,-44,-44,-44,-44,-44,"-44",2,-44,-44,-44,-44,-44,-44,-44,"-44",2,-44,-44,-44,-44,-44,-44,-44,"-44",2,-44,-44,-44,-44,-44,-44,-44,"-44",2,-44,-44,-44,-44,-44,-44,-44,"-44",1,1,2,1,"Managers",2,2,2,2,2,1,2,9,"Plant and machine operators, and assembl","Managers","Plant and machine operators, and assembl",1,2,2,1,2,2,2,2,2,1,2,2,2,2,2,2,1,2,2,2,-44,-44,-44,-44,-44,-44,6,5,1,1,90000,20000,2,2,2,2,1,4,5,2,1,2,-44,-44,5,-44,-44,-44,-44,-44,-44,-44,1,1,2,1,1,1,1,2,2,2,2,2,2,1,3,1,1,1,95000,23000,2,2,0,0,6,5,1,1,1,1,32,33,1,1,2,2,3,2,2,2,2,2,2,2,2,2,-44,-44,-44,-44,-44,-44,-44,-44,-44,-44,-44,-44,1,4,4,4,4,2,3,4,4,4,4,4,1,1,3,2,2,2,2,2,2,3,2,1,1,-44,-44,-44,-44,-44,-44,-44,-44,-44,4,4,4,4,1,2,3,4,4,4,4,2,2,-44,-44,-44,-44,-44,-44,"-44",-44,-44,-44,-44,-44,-44,"-44",1,2,100,-44,2,2,-44,-44,-44,-44,"-44",-44,-44,-44,-44,"-44",-44,-44,-44,-44,"-44",-44,-44,-44,-44,"-44",-44,-44,-44,-44,"-44",-44,-44,-44,-44,"-44",-44,"-44",-44,"-44",-44,-44,-44,-44,2,2,-44,-44,-44,-44,-44,"-44",-44,-44,-44,-44,-44,"-44",-44,-44,-44,-44,-44,-44,-44,-44,-44,-44,-44,-44,-44,-44,-44,-44,-44,-44,-44,-44,-44,-44,1,2,3,-44,4,4,4,4,4,2,-44,-44,-44,-44,-44,2,2,2,2,4,1,1,3,1,1,1,1,1,1,1,3,1,3,5,1,"-44",2,1,1,1,1,2,1,1,1,1,1,1,1,1,1,1,1,1,1,2,2,1,0,1,1,1,1,125,12000000,900000,15000000,1,125,12000000,950000,17000000,0,2,2,2,3,"MOMBASA",8,"-44","-44",125,110,999,1,-44,1,-44,7,3.35669994354248,"Kenya"
98254,1,3,"M1 through M5",-44,-44,"M6",-44,-44,"-44",2,-44,1972,4,"-44",1,3,180,80,100,670,300,370,1,10,10,10,30,0,3,1,50,50,50,30,0,5,1,52,52,60,19.2307692307692,0,3,1,50,50,50,40,0,1,15,15,15,20,0,1,3,3,3,0,0,2,-44,-44,-44,-44,-44,2,-44,-44,-44,-44,-44,1,300,300,300,40,0,1,370,370,370,80.8108108108108,140,2,-44,-44,-44,-44,-44,-44,-44,"-44",1,1,2,2,2,2,2,2,"-44",2,-44,-44,-44,-44,-44,-44,-44,"-44",2,-44,-44,-44,-44,-44,-44,-44,"-44",2,-44,-44,-44,-44,-44,-44,-44,"-44",1,1,2,2,2,2,2,2,"-44",2,-44,-44,-44,-44,-44,-44,-44,"-44",2,-44,-44,-44,-44,-44,-44,-44,"-44",2,-44,-44,-44,-44,-44,-44,-44,"-44",2,-44,-44,-44,-44,-44,-44,-44,"-44",1,1,1,2,"Professionals",1,1,1,2,2,1,1,10,"Elementary occupations","Professionals","Elementary occupations",2,2,2,2,1,1,2,2,2,2,2,2,2,2,1,2,1,2,1,2,55,-44,-44,-44,7,-44,6,5,2,1,50000,15000,2,2,1,2,1,5,-44,2,1,2,-44,-44,5,-44,-44,-44,-44,-44,-44,-44,2,2,2,1,2,2,2,2,2,2,1,2,2,2,4,1,3,3,300000,45000,2,2,12,24,6,5,1,1,1,1,30,35,2,1,2,2,2,2,2,2,2,2,2,2,2,2,-44,-44,-44,-44,-44,-44,-44,-44,-44,-44,-44,-44,1,4,4,4,2,4,4,3,4,4,4,4,2,2,2,2,2,2,2,2,2,2,2,-44,-44,-44,-44,-44,-44,-44,-44,-44,-44,-44,4,4,4,3,4,2,1,4,4,4,4,2,2,-44,-44,-44,-44,-44,-44,"-44",-44,-44,-44,-44,-44,-44,"-44",2,2,-44,-44,2,2,-44,-44,-44,-44,"-44",-44,-44,-44,-44,"-44",-44,-44,-44,-44,"-44",-44,-44,-44,-44,"-44",-44,-44,-44,-44,"-44",-44,-44,-44,-44,"-44",-44,"-44",-44,"-44",-44,-44,-44,-44,2,2,-44,-44,-44,-44,-44,"-44",-44,-44,-44,-44,-44,"-44",-44,-44,-44,-44,-44,-44,-44,-44,-44,-44,-44,-44,-44,-44,-44,-44,-44,-44,-44,-44,-44,-44,2,2,-44,-44,5,5,5,5,5,2,-44,-44,-44,-44,-44,1,1,1,1,1,3,3,3,3,3,3,3,3,3,3,3,3,3,4,2,"-44",1,1,1,1,1,2,3,1,1,1,1,1,1,1,1,1,1,1,0,0,1,0,1,0,1,1,12,850,120000000,475000000,580000000,12,850,125000000,480000000,594000000,100,1,1,1,4,"NAKURU",3,"-44","-44",850,114,999,1,-44,1,-44,7,3.35669994354248,"Kenya"
99183,1,2,"M1 through M5",-44,-44,"M6",-44,-44,"-44",2,-44,2005,4,"-44",1,7,5,4,1,0,0,0,1,1,1,1,0,0,0,2,-44,-44,-44,-44,-44,-44,2,-44,-44,-44,-44,-44,-44,2,-44,-44,-44,-44,-44,1,1,1,5,0,0,1,2,2,10,50,0,2,-44,-44,-44,-44,-44,2,-44,-44,-44,-44,-44,2,-44,-44,-44,-44,-44,1,1,1,10,0,0,2,-44,-44,-44,-44,-44,-44,-44,"-44",2,-44,-44,-44,-44,-44,-44,-44,"-44",2,-44,-44,-44,-44,-44,-44,-44,"-44",2,-44,-44,-44,-44,-44,-44,-44,"-44",2,-44,-44,-44,-44,-44,-44,-44,"-44",1,1,2,2,1,2,1,2,"-44",2,-44,-44,-44,-44,-44,-44,-44,"-44",2,-44,-44,-44,-44,-44,-44,-44,"-44",2,-44,-44,-44,-44,-44,-44,-44,"-44",2,-44,-44,-44,-44,-44,-44,-44,"-44",1,2,2,1,"Managers",2,1,1,2,2,2,1,6,"Sales workers","Managers","Sales workers",2,2,2,2,2,2,2,2,2,2,2,2,2,2,2,2,2,2,2,1,-44,50,50,50,-44,15,6,5,1,2,50000,15000,2,2,1,1,1,2,5,2,1,2,1,2,1,2,4,1,2,2,2,1,2,2,2,1,2,2,2,1,1,2,1,2,2,1,4,2,3,3,20000,13000,2,2,12,48,6,5,1,1,1,1,35,25,1,2,2,2,2,2,2,2,2,2,2,2,2,2,-44,-44,-44,-44,-44,-44,-44,-44,-44,-44,-44,-44,4,3,4,4,1,4,4,4,4,4,2,4,2,1,1,1,1,3,1,1,3,1,2,-44,3,2,3,2,-44,2,2,-44,2,-44,4,1,4,4,3,4,2,4,4,4,4,2,2,-44,-44,-44,-44,-44,-44,"-44",-44,-44,-44,-44,-44,-44,"-44",2,2,-44,-44,2,2,-44,-44,-44,-44,"-44",-44,-44,-44,-44,"-44",-44,-44,-44,-44,"-44",-44,-44,-44,-44,"-44",-44,-44,-44,-44,"-44",-44,-44,-44,-44,"-44",-44,"-44",-44,"-44",-44,-44,-44,-44,2,2,-44,-44,-44,-44,-44,"-44",-44,-44,-44,-44,-44,"-44",-44,-44,-44,-44,-44,-44,-44,-44,-44,-44,-44,-44,-44,-44,-44,-44,-44,-44,-44,-44,-44,-44,2,2,-44,-44,3,3,3,3,3,2,-44,-44,-44,-44,-44,3,3,3,3,3,1,2,3,1,1,1,1,1,1,1,1,3,5,4,1,"-44",2,1,1,2,1,1,3,3,1,1,2,1,3,2,1,3,2,1,3,2,3,2,0,2,3,2,6,3,200000,100000,1500000,6,5,300000,100000,2000000,100,1,1,1,4,"NAKURU",7,"-44","-44",5,114,202,1,-44,1,-44,7,3.35669994354248,"Kenya"
98312,1,3,"M1 through M5",-44,-44,"M6",-44,-44,"-44",1,1993,1993,3,"-44",1,8,550,550,0,0,0,0,1,3,3,3,0,100,0,2,-44,-44,-44,-44,-44,-44,2,-44,-44,-44,-44,-44,-44,1,5,5,5,0,0,1,7,7,7,0,0,2,-44,-44,-44,-44,-44,2,-44,-44,-44,-44,-44,2,-44,-44,-44,-44,-44,1,520,520,520,0,0,1,15,15,15,0,0,2,-44,-44,-44,-44,-44,-44,-44,"-44",2,-44,-44,-44,-44,-44,-44,-44,"-44",2,-44,-44,-44,-44,-44,-44,-44,"-44",2,-44,-44,-44,-44,-44,-44,-44,"-44",2,-44,-44,-44,-44,-44,-44,-44,"-44",2,-44,-44,-44,-44,-44,-44,-44,"-44",2,-44,-44,-44,-44,-44,-44,-44,"-44",2,-44,-44,-44,-44,-44,-44,-44,"-44",1,2,2,2,2,2,2,2,"-44",2,-44,-44,-44,-44,-44,-44,-44,"-44",1,2,2,1,"Managers",1,1,2,2,2,1,1,5,"Service workers","Managers","Service workers",1,2,2,2,2,1,2,2,2,1,2,2,2,2,1,2,2,2,2,2,-44,-44,-44,-44,-44,-44,5,5,1,1,60000,35000,1,2,2,2,1,2,3,2,1,2,1,2,2,5,-44,-44,-44,-44,1,2,2,2,2,2,2,2,1,2,2,2,2,2,2,1,1,1,1,1,65000,35000,1,2,0,0,5,5,1,1,1,1,45,30,1,1,1,1,3,2,2,2,2,2,2,2,2,2,2,1,-44,-44,-44,-44,-44,-44,-44,-44,-44,-44,4,4,4,2,4,3,1,4,4,4,4,4,1,2,3,2,2,2,2,2,2,2,2,1,-44,-44,-44,-44,-44,-44,-44,-44,-44,-44,4,4,4,2,3,1,4,4,4,4,4,2,2,-44,-44,-44,-44,-44,-44,"-44",-44,-44,-44,-44,-44,-44,"-44",2,2,-44,-44,2,2,-44,-44,-44,-44,"-44",-44,-44,-44,-44,"-44",-44,-44,-44,-44,"-44",-44,-44,-44,-44,"-44",-44,-44,-44,-44,"-44",-44,-44,-44,-44,"-44",-44,"-44",-44,"-44",-44,-44,-44,-44,2,2,-44,-44,-44,-44,-44,"-44",-44,-44,-44,-44,-44,"-44",-44,-44,-44,-44,-44,-44,-44,-44,-44,-44,-44,-44,-44,-44,-44,-44,-44,-44,-44,-44,-44,-44,2,2,-44,-44,4,4,4,4,4,2,-44,-44,-44,-44,-44,3,2,4,4,4,1,1,3,1,1,1,1,1,1,1,1,1,3,3,1,"-44",1,1,1,1,1,2,1,2,2,2,1,2,1,1,1,1,1,1,1,1,1,1,1,1,1,2,1,545,1300000,780000,4000000,1,550,1450000,1000000,6000000,0,2,2,2,2,"MOMBASA",8,"-44","-44",550,110,999,1,-44,1,-44,7,3.35669994354248,"Kenya"
98274,1,2,"M1 through M5",-44,-44,"M6",-44,-44,"-44",2,-44,1986,3,"-44",2,3,277,242,35,285,260,25,1,4,4,4,25,0,1,1,11,11,11,18.1818181818182,0,0,1,42,35,42,0,9.52380952380952,0,1,18,18,18,88.8888888888889,0,1,275,275,275,7.27272727272727,0,1,12,10,12,50,0,2,-44,-44,-44,-44,-44,1,33,33,40,36.3636363636364,0,1,150,150,160,0,0,1,17,17,17,17.6470588235294,0,2,-44,-44,-44,-44,-44,-44,-44,"-44",2,-44,-44,-44,-44,-44,-44,-44,"-44",1,1,1,1,2,2,1,2,"-44",1,1,1,1,2,2,2,2,"-44",2,-44,-44,-44,-44,-44,-44,-44,"-44",1,1,2,2,2,2,2,2,"-44",2,-44,-44,-44,-44,-44,-44,-44,"-44",2,-44,-44,-44,-44,-44,-44,-44,"-44",1,1,2,2,2,2,2,2,"-44",2,-44,-44,-44,-44,-44,-44,-44,"-44",1,1,1,3,"Technicians and associate professionals",1,1,1,2,1,1,1,4,"Clerical and support workers","Technicians and associate professionals","Clerical and support workers",2,2,2,2,2,2,1,1,2,2,2,2,2,2,2,1,1,2,1,1,90,60,40,60,30,15,5,5,1,2,38000,30000,2,2,1,1,2,5,-44,-44,-44,-44,1,2,5,-44,-44,-44,-44,-44,-44,-44,2,2,2,1,2,2,1,2,1,2,2,2,2,1,2,3,3,3,43000,34000,2,2,0,6,6,5,1,1,1,1,35,30,1,2,2,2,3,2,2,2,2,2,2,2,1,2,-44,-44,-44,-44,-44,-44,-44,-44,-44,-44,1,-44,4,4,4,4,4,3,2,4,4,4,4,1,2,2,2,2,2,2,2,2,2,2,1,-44,-44,-44,-44,-44,-44,-44,-44,-44,-44,1,4,4,4,4,3,1,4,4,4,2,4,2,2,-44,-44,-44,-44,-44,-44,"-44",-44,-44,-44,-44,-44,-44,"-44",1,2,100,-44,2,2,-44,-44,-44,-44,"-44",-44,-44,-44,-44,"-44",-44,-44,-44,-44,"-44",-44,-44,-44,-44,"-44",-44,-44,-44,-44,"-44",-44,-44,-44,-44,"-44",-44,"-44",-44,"-44",-44,-44,-44,-44,2,2,-44,-44,-44,-44,-44,"-44",-44,-44,-44,-44,-44,"-44",-44,-44,-44,-44,-44,-44,-44,-44,-44,-44,-44,-44,-44,-44,-44,-44,-44,-44,-44,-44,-44,-44,1,2,3,-44,2,2,2,4,5,2,-44,-44,-44,-44,-44,1,1,4,4,4,3,3,3,3,1,3,3,1,3,3,3,3,5,4,2,"-44",1,1,1,1,2,1,3,3,1,2,1,0,0,2,2,0,2,0,2,2,2,1,1,0,2,1,6,550,102000000,13000000,1800000000,6,560,103000000,21000000,2000000000,40,1,1,2,4,"MOMBASA",3,"-44","-44",562,113,999,1,-44,1,-44,7,3.35669994354248,"Kenya"
99182,1,2,"M1 through M5",-44,-44,"M6",-44,-44,"-44",2,-44,1991,4,"-44",1,7,120,60,60,0,0,0,1,4,4,4,25,0,0,2,-44,-44,-44,-44,-44,-44,1,18,18,18,66.6666666666667,0,0,1,36,36,36,58.3333333333333,0,2,-44,-44,-44,-44,-44,2,-44,-44,-44,-44,-44,2,-44,-44,-44,-44,-44,1,30,30,30,36.6666666666667,0,1,24,24,24,37.5,0,1,8,8,8,75,0,1,1,2,1,1,1,1,2,"-44",2,-44,-44,-44,-44,-44,-44,-44,"-44",2,-44,-44,-44,-44,-44,-44,-44,"-44",2,-44,-44,-44,-44,-44,-44,-44,"-44",2,-44,-44,-44,-44,-44,-44,-44,"-44",2,-44,-44,-44,-44,-44,-44,-44,"-44",2,-44,-44,-44,-44,-44,-44,-44,"-44",2,-44,-44,-44,-44,-44,-44,-44,"-44",2,-44,-44,-44,-44,-44,-44,-44,"-44",1,1,1,1,1,2,2,2,"-44",1,2,1,3,"Technicians and associate professionals",1,2,2,2,1,1,1,10,"Elementary occupations","Technicians and associate professionals","Elementary occupations",2,2,1,2,1,2,2,1,2,2,1,2,2,2,2,2,2,2,2,1,-44,20,80,20,-44,6,5,4,1,2,48100,16100,2,2,2,1,3,5,-44,-44,-44,-44,-44,-44,1,2,3,1,2,2,1,2,2,2,1,1,2,1,2,1,2,2,1,2,2,1,3,3,2,1,79100,20600,2,2,1,5,4,4,2,2,2,1,32,22,2,1,2,2,3,2,2,2,3,3,2,2,2,2,-44,-44,-44,-44,-44,-44,-44,-44,-44,-44,-44,-44,2,4,4,4,4,4,4,4,4,3,4,1,2,2,1,2,3,3,2,2,2,2,3,-44,-44,2,-44,-44,-44,-44,-44,-44,-44,-44,4,4,4,2,4,4,1,4,3,4,4,1,2,1,2,1,1,2,2,"-44",-44,-44,-44,-44,-44,-44,"-44",2,2,-44,-44,2,2,-44,-44,-44,-44,"-44",-44,-44,-44,-44,"-44",-44,-44,-44,-44,"-44",-44,-44,-44,-44,"-44",-44,-44,-44,-44,"-44",-44,-44,-44,-44,"-44",-44,"-44",-44,"-44",-44,-44,-44,-44,2,2,-44,-44,-44,-44,-44,"-44",-44,-44,-44,-44,-44,"-44",-44,-44,-44,-44,-44,-44,-44,-44,-44,-44,-44,-44,-44,-44,-44,-44,-44,-44,-44,-44,-44,-44,2,2,-44,-44,3,2,4,1,4,1,2,2,3,3,2,4,4,1,1,1,3,3,1,1,3,3,2,3,1,1,2,2,2,3,3,"-44",2,2,2,2,1,2,1,2,1,2,2,0,4,3,2,0,1,1,1,4,1,0,2,0,0,1,11,120,12001900,5895700,62731700,11,120,1473791600,8494300,98803400,90,1,1,1,4,"MOMBASA",7,"-44","-44",120,113,202,1,-44,1,-44,7,3.35669994354248,"Kenya"
98361,1,2,"M1 through M5",-44,-44,"M6",-44,-44,"-44",1,1987,2001,2,"-44",1,20,144,135,9,0,0,0,1,3,3,3,0,0,0,1,3,3,3,0,0,0,2,-44,-44,-44,-44,-44,-44,1,25,15,30,8,0,1,30,20,35,6.66666666666667,0,1,20,20,30,0,0,2,-44,-44,-44,-44,-44,1,13,10,15,7.69230769230769,0,1,20,15,25,5,0,1,30,21,35,10,0,2,-44,-44,-44,-44,-44,-44,-44,"-44",1,1,2,1,1,2,1,2,"-44",2,-44,-44,-44,-44,-44,-44,-44,"-44",1,1,2,1,1,2,1,2,"-44",1,1,2,1,1,2,1,2,"-44",1,1,2,1,1,2,1,2,"-44",2,-44,-44,-44,-44,-44,-44,-44,"-44",1,2,1,1,1,2,1,2,"-44",1,2,1,2,1,2,2,2,"-44",1,1,2,2,1,2,2,2,"-44",1,1,2,2,"Professionals",1,1,1,2,1,1,1,6,"Sales workers","Professionals","Sales workers",2,2,2,2,2,1,1,2,2,2,2,1,1,2,1,2,2,2,1,1,60,30,70,30,30,15,6,6,1,1,70000,45000,2,2,1,1,1,2,5,2,1,2,1,2,1,5,-44,2,1,2,-44,-44,2,1,1,1,2,1,2,1,2,1,2,2,2,1,2,2,1,1,100000,60000,2,2,5,3,6,6,1,2,1,1,35,27,1,1,2,2,1,2,2,2,2,2,2,2,2,2,-44,-44,3,-44,-44,-44,-44,-44,-44,-44,-44,-44,4,4,4,4,1,2,3,4,4,4,4,4,2,2,1,2,2,2,2,2,2,2,2,-44,-44,3,-44,-44,-44,-44,-44,-44,-44,-44,4,4,4,4,4,3,4,4,4,1,2,2,2,-44,-44,-44,-44,-44,-44,"-44",-44,-44,-44,-44,-44,-44,"-44",1,1,100,100,2,2,-44,-44,-44,-44,"-44",-44,-44,-44,-44,"-44",-44,-44,-44,-44,"-44",-44,-44,-44,-44,"-44",-44,-44,-44,-44,"-44",-44,-44,-44,-44,"-44",-44,"-44",-44,"-44",-44,-44,-44,-44,2,2,-44,-44,-44,-44,-44,"-44",-44,-44,-44,-44,-44,"-44",-44,-44,-44,-44,-44,-44,-44,-44,-44,-44,-44,-44,-44,-44,-44,-44,-44,-44,-44,-44,-44,-44,1,1,3,3,4,5,5,5,5,2,-44,-44,-44,-44,-44,1,1,1,4,5,3,3,3,3,1,1,3,3,1,3,3,3,5,5,1,"-44",1,1,2,1,1,1,3,3,0,3,2,1,1,1,1,1,1,2,0,0,3,2,3,2,2,2,2,90,10000000,300000,30000000000,2,120,100000000,5000000,5000000000,100,1,1,2,4,"MOMBASA",20,"-44","-44",144,104,999,2,-44,1,-44,7,3.35669994354248,"Kenya"
98247,1,3,"M1 through M5",-44,-44,"M6",-44,-44,"-44",2,-44,2000,3,"-44",1,19,20,16,4,90,70,20,1,2,2,2,0,0,0,2,-44,-44,-44,-44,-44,-44,1,4,4,4,25,0,0,1,6,5,6,83.3333333333333,0,1,74,74,74,16.2162162162162,0,1,6,6,6,0,0,2,-44,-44,-44,-44,-44,2,-44,-44,-44,-44,-44,1,12,12,12,16.6666666666667,0,1,6,5,6,66.6666666666667,0,2,-44,-44,-44,-44,-44,-44,-44,"-44",2,-44,-44,-44,-44,-44,-44,-44,"-44",2,-44,-44,-44,-44,-44,-44,-44,"-44",1,1,2,2,2,2,2,2,"-44",1,1,2,2,2,2,2,2,"-44",2,-44,-44,-44,-44,-44,-44,-44,"-44",2,-44,-44,-44,-44,-44,-44,-44,"-44",2,-44,-44,-44,-44,-44,-44,-44,"-44",2,-44,-44,-44,-44,-44,-44,-44,"-44",1,1,2,2,2,2,2,2,"-44",1,2,1,3,"Technicians and associate professionals",1,1,1,2,2,1,1,5,"Service workers","Technicians and associate professionals","Service workers",2,2,2,2,2,2,1,1,2,2,2,2,2,2,2,2,1,2,2,1,-44,40,60,40,-44,15,6,5,2,1,40000,18000,2,2,1,1,5,-44,-44,-44,-44,-44,-44,-44,5,-44,-44,-44,-44,-44,-44,-44,2,2,2,1,2,1,1,2,2,2,2,2,1,1,2,2,3,3,40000,18000,2,1,0,6,6,5,1,1,1,1,45,30,2,1,2,2,3,2,2,2,2,2,2,2,3,2,-44,-44,-44,-44,-44,-44,-44,-44,-44,-44,-44,-44,4,4,4,4,4,2,1,3,4,4,4,4,2,2,3,2,2,2,2,2,2,2,3,-44,-44,-44,-44,-44,-44,-44,-44,-44,-44,-44,4,4,4,3,2,1,4,4,4,4,4,2,2,-44,-44,-44,-44,-44,-44,"-44",-44,-44,-44,-44,-44,-44,"-44",2,2,-44,-44,2,2,-44,-44,-44,-44,"-44",-44,-44,-44,-44,"-44",-44,-44,-44,-44,"-44",-44,-44,-44,-44,"-44",-44,-44,-44,-44,"-44",-44,-44,-44,-44,"-44",-44,"-44",-44,"-44",-44,-44,-44,-44,2,2,-44,-44,-44,-44,-44,"-44",-44,-44,-44,-44,-44,"-44",-44,-44,-44,-44,-44,-44,-44,-44,-44,-44,-44,-44,-44,-44,-44,-44,-44,-44,-44,-44,-44,-44,2,2,-44,-44,2,2,2,4,3,2,-44,-44,-44,-44,-44,1,1,1,1,1,3,3,3,3,3,3,3,3,3,3,3,3,4,4,1,"-44",2,2,1,2,2,2,2,1,0,0,0,1,1,2,2,0,1,0,1,1,1,1,0,0,2,1,4,100,22200000,6000000,70000000,4,110,22500000,6000000,80000000,10,2,2,3,3,"MOMBASA",19,"-44","-44",110,113,999,1,-44,1,-44,7,3.35669994354248,"Kenya"
99189,1,2,"M1 through M5",-44,-44,"M6",-44,-44,"-44",2,-44,1994,2,"-44",1,19,38,25,13,112,92,20,1,2,2,2,0,0,0,2,-44,-44,-44,-44,-44,-44,1,12,10,12,33.3333333333333,16.6666666666667,0,1,12,12,12,58.3333333333333,0,1,90,60,90,13.3333333333333,0,1,2,2,2,0,0,2,-44,-44,-44,-44,-44,1,6,6,6,0,0,1,16,16,16,12.5,0,1,10,8,10,80,0,2,-44,-44,-44,-44,-44,-44,-44,"-44",2,-44,-44,-44,-44,-44,-44,-44,"-44",1,1,1,1,2,2,1,2,"-44",2,-44,-44,-44,-44,-44,-44,-44,"-44",1,1,2,2,2,2,2,2,"-44",2,-44,-44,-44,-44,-44,-44,-44,"-44",2,-44,-44,-44,-44,-44,-44,-44,"-44",2,-44,-44,-44,-44,-44,-44,-44,"-44",2,-44,-44,-44,-44,-44,-44,-44,"-44",1,1,2,2,2,2,2,2,"-44",1,2,1,3,"Technicians and associate professionals",1,1,1,2,1,1,1,6,"Sales workers","Technicians and associate professionals","Sales workers",2,2,2,2,2,2,1,2,2,2,2,2,2,2,2,2,2,2,1,2,80,-44,-44,-44,20,-44,5,5,1,1,35000,16000,2,2,1,1,1,2,5,1,2,2,1,2,5,-44,-44,-44,-44,-44,-44,-44,2,2,2,1,2,2,1,2,2,2,2,2,1,1,2,2,3,3,38000,15000,2,2,11,0,5,4,1,1,1,1,35,30,1,1,2,2,3,2,2,2,2,2,2,2,3,2,-44,-44,-44,-44,-44,-44,-44,-44,-44,-44,-44,-44,4,4,4,4,3,2,1,4,4,4,4,4,2,2,2,2,2,2,2,2,2,2,3,-44,-44,-44,-44,-44,-44,-44,-44,-44,-44,-44,4,4,4,3,1,2,4,4,4,4,4,2,2,-44,-44,-44,-44,-44,-44,"-44",-44,-44,-44,-44,-44,-44,"-44",2,2,-44,-44,2,2,-44,-44,-44,-44,"-44",-44,-44,-44,-44,"-44",-44,-44,-44,-44,"-44",-44,-44,-44,-44,"-44",-44,-44,-44,-44,"-44",-44,-44,-44,-44,"-44",-44,"-44",-44,"-44",-44,-44,-44,-44,2,2,-44,-44,-44,-44,-44,"-44",-44,-44,-44,-44,-44,"-44",-44,-44,-44,-44,-44,-44,-44,-44,-44,-44,-44,-44,-44,-44,-44,-44,-44,-44,-44,-44,-44,-44,2,2,-44,-44,2,4,2,2,4,2,-44,-44,-44,-44,-44,3,4,4,4,2,1,3,3,1,1,3,2,1,1,3,3,3,3,3,1,"-44",2,1,2,2,2,2,2,1,1,1,0,1,1,2,2,1,2,0,1,1,2,2,1,0,2,1,6,150,12000000,600000,28000000,6,150,12500000,600000,28100000,30,1,2,1,4,"MOMBASA",19,"-44","-44",150,113,202,1,-44,1,-44,7,3.35669994354248,"Kenya"
98281,1,3,"M1 through M5",-44,-44,"M6",-44,-44,"-44",2,-44,2003,2,"-44",1,19,35,29,6,73,54,19,1,3,3,4,0,0,0,1,5,5,5,0,0,0,1,8,11,8,25,0,0,1,4,4,4,100,0,1,74,85,74,18.9189189189189,0,2,-44,-44,-44,-44,-44,2,-44,-44,-44,-44,-44,2,-44,-44,-44,-44,-44,1,6,6,6,0,0,1,8,5,5,62.5,0,1,2,2,2,2,2,2,2,"-44",2,-44,-44,-44,-44,-44,-44,-44,"-44",2,-44,-44,-44,-44,-44,-44,-44,"-44",1,1,2,2,2,2,2,2,"-44",1,1,2,2,2,2,2,2,"-44",2,-44,-44,-44,-44,-44,-44,-44,"-44",2,-44,-44,-44,-44,-44,-44,-44,"-44",2,-44,-44,-44,-44,-44,-44,-44,"-44",2,-44,-44,-44,-44,-44,-44,-44,"-44",1,1,2,2,2,2,2,2,"-44",1,1,1,2,"Professionals",1,1,2,2,2,1,1,5,"Service workers","Professionals","Service workers",2,2,2,2,2,2,1,2,2,2,2,2,2,2,2,1,1,2,2,1,-44,40,60,40,-44,10,6,4,1,2,40000,11000,2,2,1,2,2,5,-44,-44,-44,-44,1,2,5,-44,-44,-44,-44,-44,-44,-44,2,2,2,1,2,1,1,2,2,2,2,2,1,1,2,1,3,3,40000,11000,2,2,6,11,5,4,1,1,1,1,35,25,1,2,2,2,3,2,2,2,2,2,2,2,3,3,-44,-44,-44,-44,-44,-44,-44,-44,-44,-44,-44,-44,4,4,4,4,4,2,1,3,4,4,4,4,2,2,3,2,2,2,2,2,2,3,3,-44,-44,-44,-44,-44,-44,-44,-44,-44,-44,-44,4,4,4,4,3,1,2,4,4,4,4,2,2,-44,-44,-44,-44,-44,-44,"-44",-44,-44,-44,-44,-44,-44,"-44",1,1,100,100,2,2,-44,-44,-44,-44,"-44",-44,-44,-44,-44,"-44",-44,-44,-44,-44,"-44",-44,-44,-44,-44,"-44",-44,-44,-44,-44,"-44",-44,-44,-44,-44,"-44",-44,"-44",-44,"-44",-44,-44,-44,-44,2,2,-44,-44,-44,-44,-44,"-44",-44,-44,-44,-44,-44,"-44",-44,-44,-44,-44,-44,-44,-44,-44,-44,-44,-44,-44,-44,-44,-44,-44,-44,-44,-44,-44,-44,-44,1,1,4,4,1,4,1,2,2,2,-44,-44,-44,-44,-44,3,2,2,2,4,3,3,3,3,3,3,3,3,3,3,3,3,3,3,1,"-44",2,2,2,2,2,2,1,0,0,1,0,1,3,3,2,0,2,0,1,1,2,2,1,1,3,1,12,118,13000000,1200000,19000000,12,105,11000000,1300000,16000000,20,1,1,3,2,"MOMBASA",19,"-44","-44",108,113,999,1,-44,1,-44,7,3.35669994354248,"Kenya"
98367,1,1,"M1 through M5",-44,-44,"M6",-44,-44,"-44",1,1988,1988,3,"-44",1,3,245,220,25,55,55,0,1,2,2,2,0,100,0,1,170,170,170,7.05882352941176,100,0,1,50,50,50,0,100,0,1,5,5,5,40,0,1,30,30,30,23.3333333333333,0,1,18,18,18,22.2222222222222,0,2,-44,-44,-44,-44,-44,2,-44,-44,-44,-44,-44,1,5,5,5,0,0,1,20,20,20,0,0,2,-44,-44,-44,-44,-44,-44,-44,"-44",1,1,1,2,2,2,2,2,"-44",2,-44,-44,-44,-44,-44,-44,-44,"-44",1,1,2,2,2,2,2,2,"-44",2,-44,-44,-44,-44,-44,-44,-44,"-44",2,-44,-44,-44,-44,-44,-44,-44,"-44",2,-44,-44,-44,-44,-44,-44,-44,"-44",2,-44,-44,-44,-44,-44,-44,-44,"-44",2,-44,-44,-44,-44,-44,-44,-44,"-44",1,1,1,2,2,2,2,2,"-44",1,1,1,3,"Technicians and associate professionals",1,1,1,2,2,1,1,5,"Service workers","Technicians and associate professionals","Service workers",1,2,2,2,2,2,1,1,2,1,2,2,1,2,2,2,1,2,2,2,-44,-44,-44,-44,-44,-44,5,5,1,1,32000,20000,1,2,2,1,2,5,-44,-44,-44,-44,1,2,2,3,5,-44,-44,-44,2,1,2,2,2,1,2,2,1,2,2,2,1,2,2,1,1,1,1,1,36000,24000,1,1,0,0,5,5,1,1,1,1,27,25,1,1,1,2,3,2,2,2,2,2,2,2,2,2,2,-44,-44,-44,-44,-44,-44,-44,-44,-44,-44,-44,1,4,4,2,4,3,4,4,4,4,4,4,2,2,3,2,2,2,2,2,2,2,2,-44,-44,-44,-44,-44,-44,-44,-44,-44,-44,-44,1,4,4,4,2,3,4,4,4,4,4,2,2,-44,-44,-44,-44,-44,-44,"-44",-44,-44,-44,-44,-44,-44,"-44",2,2,-44,-44,2,2,-44,-44,-44,-44,"-44",-44,-44,-44,-44,"-44",-44,-44,-44,-44,"-44",-44,-44,-44,-44,"-44",-44,-44,-44,-44,"-44",-44,-44,-44,-44,"-44",-44,"-44",-44,"-44",-44,-44,-44,-44,2,2,-44,-44,-44,-44,-44,"-44",-44,-44,-44,-44,-44,"-44",-44,-44,-44,-44,-44,-44,-44,-44,-44,-44,-44,-44,-44,-44,-44,-44,-44,-44,-44,-44,-44,-44,2,2,-44,-44,4,4,4,4,4,2,-44,-44,-44,-44,-44,2,2,2,2,2,1,1,3,3,3,3,3,3,3,3,3,3,3,4,1,"-44",1,1,1,1,1,2,0,0,0,0,0,0,0,0,1,0,0,0,0,0,0,0,0,0,1,1,1,300,6700000,740000,12000000,1,300,6700000,800000,12500000,0,2,2,2,2,"MOMBASA",3,"-44","-44",300,110,999,1,-44,1,-44,7,3.35669994354248,"Kenya"
10074,1,2,"M1 through M5",-44,-44,"M6",-44,-44,"-44",2,-44,2002,1,"-44",1,7,38,34,4,8,8,0,1,3,2,2,0,66.6666666666667,0,1,2,2,2,0,100,0,1,10,10,14,0,0,0,1,2,1,3,100,0,2,-44,-44,-44,-44,-44,1,2,2,3,100,0,2,-44,-44,-44,-44,-44,2,-44,-44,-44,-44,-44,1,25,23,40,0,0,1,2,2,2,0,0,1,1,2,2,2,2,2,2,"-44",2,-44,-44,-44,-44,-44,-44,-44,"-44",2,-44,-44,-44,-44,-44,-44,-44,"-44",1,1,2,2,2,2,2,2,"-44",2,-44,-44,-44,-44,-44,-44,-44,"-44",1,1,2,2,2,2,2,2,"-44",2,-44,-44,-44,-44,-44,-44,-44,"-44",2,-44,-44,-44,-44,-44,-44,-44,"-44",1,2,2,2,2,2,2,2,"-44",1,1,2,2,2,2,2,2,"-44",1,1,1,2,"Professionals",1,2,1,2,2,1,1,10,"Elementary occupations","Professionals","Elementary occupations",2,2,2,1,2,2,2,1,2,2,2,2,1,2,2,2,1,2,2,1,-44,20,80,20,-44,3,6,3,1,1,60000,15000,2,2,1,2,3,1,5,2,1,2,-44,-44,2,1,5,2,1,2,1,2,1,1,1,1,2,1,1,2,2,2,2,2,2,1,3,1,1,1,60000,15000,2,2,1,1,6,3,1,2,1,1,35,30,1,1,2,2,3,2,2,2,2,2,2,2,2,2,-44,-44,-44,-44,-44,-44,-44,-44,-44,-44,-44,-44,1,4,4,2,4,4,4,4,4,4,3,4,3,2,3,2,2,2,3,3,3,3,3,-44,-44,-44,-44,-44,-44,-44,-44,-44,-44,-44,4,4,4,3,1,2,4,4,4,4,4,2,2,-44,-44,-44,-44,-44,-44,"-44",-44,-44,-44,-44,-44,-44,"-44",1,2,100,-44,2,2,-44,-44,-44,-44,"-44",-44,-44,-44,-44,"-44",-44,-44,-44,-44,"-44",-44,-44,-44,-44,"-44",-44,-44,-44,-44,"-44",-44,-44,-44,-44,"-44",-44,"-44",-44,"-44",-44,-44,-44,-44,2,2,-44,-44,-44,-44,-44,"-44",-44,-44,-44,-44,-44,"-44",-44,-44,-44,-44,-44,-44,-44,-44,-44,-44,-44,-44,-44,-44,-44,-44,-44,-44,-44,-44,-44,-44,1,2,4,-44,2,2,2,2,2,2,-44,-44,-44,-44,-44,1,4,4,4,4,3,3,888997,3,3,3,3,1,3,3,3,3,4,4,1,"-44",2,1,1,1,1,2,3,3,1,3,3,3,3,2,2,2,1,1,1,1,1,1,1,1,1,2,12,32,12000000,10000000,23000000,12,46,14000000,12000000,27000000,100,1,1,1,2,"NAIROBI",7,"-44","-44",46,112,999,1,-44,1,-44,7,3.35669994354248,"Kenya"
98287,1,3,"M1 through M5",-44,-44,"M6",-44,-44,"-44",2,-44,1968,2,"-44",1,15,1600,1000,600,0,0,0,1,100,70,150,50,30,0,2,-44,-44,-44,-44,-44,-44,1,300,200,300,33.3333333333333,33.3333333333333,2,1,500,450,500,40,0,2,-44,-44,-44,-44,-44,1,400,300,410,50,0,2,-44,-44,-44,-44,-44,2,-44,-44,-44,-44,-44,2,-44,-44,-44,-44,-44,1,300,210,300,16.6666666666667,0,1,1,2,2,1,1,2,2,"-44",2,-44,-44,-44,-44,-44,-44,-44,"-44",1,1,2,2,1,1,1,2,"-44",1,1,2,1,1,2,2,2,"-44",2,-44,-44,-44,-44,-44,-44,-44,"-44",1,1,2,2,1,2,1,2,"-44",2,-44,-44,-44,-44,-44,-44,-44,"-44",2,-44,-44,-44,-44,-44,-44,-44,"-44",2,-44,-44,-44,-44,-44,-44,-44,"-44",1,1,2,2,1,2,2,2,"-44",1,2,1,1,"Managers",1,2,1,2,2,2,1,6,"Sales workers","Managers","Sales workers",2,2,1,2,2,2,1,2,2,2,2,1,2,2,1,1,2,2,1,1,50,50,50,50,10,30,6,6,1,2,70000,20000,1,2,1,2,5,-44,-44,-44,-44,-44,-44,-44,5,-44,-44,-44,-44,-44,-44,-44,2,2,1,1,2,1,2,1,1,2,2,2,2,2,2,2,1,2,420000,120000,2,1,0,0,6,5,1,1,1,1,40,30,1,2,2,2,2,2,2,2,2,2,2,2,2,2,-44,-44,-44,-44,-44,-44,-44,-44,-44,-44,-44,-44,4,4,2,4,1,4,4,4,3,4,4,4,2,2,2,2,2,2,2,2,2,2,2,-44,-44,-44,-44,-44,-44,-44,-44,-44,-44,-44,4,4,4,4,4,4,2,4,3,1,4,2,2,-44,-44,-44,-44,-44,-44,"-44",-44,-44,-44,-44,-44,-44,"-44",1,1,100,50,2,2,-44,-44,-44,-44,"-44",-44,-44,-44,-44,"-44",-44,-44,-44,-44,"-44",-44,-44,-44,-44,"-44",-44,-44,-44,-44,"-44",-44,-44,-44,-44,"-44",-44,"-44",-44,"-44",-44,-44,-44,-44,2,2,-44,-44,-44,-44,-44,"-44",-44,-44,-44,-44,-44,"-44",-44,-44,-44,-44,-44,-44,-44,-44,-44,-44,-44,-44,-44,-44,-44,-44,-44,-44,-44,-44,-44,-44,1,1,3,3,5,5,5,5,5,2,-44,-44,-44,-44,-44,1,1,1,1,1,3,3,3,3,3,3,3,3,3,3,3,3,3,3,1,"-44",2,1,2,2,1,2,2,0,0,0,0,1,2,1,0,0,0,0,0,0,0,3,0,0,0,1,5,1000,200000000,100000,1000000000,5,1200,300000000,2000000,2500000000,100,1,1,1,4,"MOMBASA",15,"-44","-44",1600,104,999,1,-44,1,-44,7,3.35669994354248,"Kenya"
99185,2,2,"M1 through M5",-44,-44,"M6",-44,-44,"-44",2,-44,1999,1,"-44",1,8,155,55,100,0,0,0,1,39,39,43,51.2820512820513,0,0,1,47,33,47,74.468085106383,29.7872340425532,0,1,39,39,47,76.9230769230769,0,0,1,8,6,10,62.5,0,1,8,7,8,0,0,2,-44,-44,-44,-44,-44,2,-44,-44,-44,-44,-44,2,-44,-44,-44,-44,-44,2,-44,-44,-44,-44,-44,1,14,14,14,71.4285714285714,0,1,1,2,2,2,2,1,2,"-44",1,1,2,2,2,1,2,2,"-44",1,1,1,1,2,2,2,2,"-44",1,1,2,1,2,2,2,2,"-44",1,1,2,2,1,2,2,2,"-44",2,-44,-44,-44,-44,-44,-44,-44,"-44",2,-44,-44,-44,-44,-44,-44,-44,"-44",2,-44,-44,-44,-44,-44,-44,-44,"-44",2,-44,-44,-44,-44,-44,-44,-44,"-44",2,-44,-44,-44,-44,-44,-44,-44,"-44",1,1,1,2,"Professionals",1,1,2,2,2,2,1,5,"Service workers","Professionals","Service workers",2,2,2,2,2,2,1,2,2,1,2,2,1,2,2,1,1,1,1,1,40,30,70,30,20,10,6,4,2,1,46200,28300,2,2,2,1,2,5,-44,-44,-44,-44,2,1,5,-44,-44,-44,-44,-44,-44,-44,1,1,2,1,2,1,1,1,1,1,2,2,2,1,2,3,1,1,82500,20500,2,2,1,4,4,5,1,1,1,1,45,29,2,1,2,2,2,2,3,2,2,2,1,2,2,2,-44,-44,-44,-44,-44,-44,-44,-44,3,-44,-44,-44,4,4,4,4,4,3,4,2,4,1,4,4,2,2,1,2,2,2,2,2,2,1,2,-44,-44,1,-44,-44,-44,-44,-44,-44,1,-44,1,4,4,4,3,4,4,4,4,2,4,2,2,-44,-44,-44,-44,-44,-44,"-44",-44,-44,-44,-44,-44,-44,"-44",1,1,40,40,2,2,-44,-44,-44,-44,"-44",-44,-44,-44,-44,"-44",-44,-44,-44,-44,"-44",-44,-44,-44,-44,"-44",-44,-44,-44,-44,"-44",-44,-44,-44,-44,"-44",-44,"-44",-44,"-44",-44,-44,-44,-44,2,2,-44,-44,-44,-44,-44,"-44",-44,-44,-44,-44,-44,"-44",-44,-44,-44,-44,-44,-44,-44,-44,-44,-44,-44,-44,-44,-44,-44,-44,-44,-44,-44,-44,-44,-44,1,1,888997,4,5,3,3,4,4,2,-44,-44,-44,-44,-44,4,5,2,4,5,2,2,3,2,2,1,3,3,3,1,3,3,4,2,3,"-44",1,2,1,2,2,2,3,0,2,1,0,0,4,2,0,1,0,4,0,0,1,1,0,2,0,1,3,163,65146800,155232000,224443200,3,160,162720800,254790500,494746600,80,1,1,1,4,"MOMBASA",8,"-44","-44",155,113,202,1,-44,1,-44,7,3.35669994354248,"Kenya"
98324,1,2,"M1 through M5",-44,-44,"M6",-44,-44,"-44",1,1974,1974,3,"-44",1,7,88,78,10,10,10,0,1,6,6,10,33.3333333333333,0,0,1,8,8,10,0,0,0,1,10,10,15,10,0,0,1,10,10,15,40,0,1,20,20,20,15,0,1,25,25,25,0,0,2,-44,-44,-44,-44,-44,2,-44,-44,-44,-44,-44,2,-44,-44,-44,-44,-44,1,19,19,20,0,0,2,-44,-44,-44,-44,-44,-44,-44,"-44",2,-44,-44,-44,-44,-44,-44,-44,"-44",1,1,2,2,2,2,2,2,"-44",2,-44,-44,-44,-44,-44,-44,-44,"-44",1,1,2,2,2,2,2,2,"-44",2,-44,-44,-44,-44,-44,-44,-44,"-44",2,-44,-44,-44,-44,-44,-44,-44,"-44",2,-44,-44,-44,-44,-44,-44,-44,"-44",2,-44,-44,-44,-44,-44,-44,-44,"-44",2,-44,-44,-44,-44,-44,-44,-44,"-44",1,1,1,3,"Technicians and associate professionals",1,1,1,2,2,2,1,6,"Sales workers","Technicians and associate professionals","Sales workers",2,2,2,2,2,1,1,2,2,2,2,2,2,2,1,1,2,2,1,2,90,-44,-44,-44,30,-44,6,5,2,2,70000,45000,2,2,1,2,1,2,3,2,1,2,2,1,1,2,3,2,1,2,1,2,2,2,2,1,2,2,2,1,1,1,2,2,2,2,4,2,3,3,70000,45000,2,2,1,2,6,5,1,1,1,2,35,25,1,2,2,2,2,3,1,1,1,2,1,2,2,2,-44,-44,-44,-44,1,1,2,-44,2,-44,-44,-44,4,4,4,4,1,4,2,4,4,4,3,4,2,2,2,2,2,2,2,2,2,2,2,-44,-44,-44,-44,-44,-44,-44,-44,-44,-44,-44,1,3,2,4,4,4,4,4,4,4,4,2,2,-44,-44,-44,-44,-44,-44,"-44",-44,-44,-44,-44,-44,-44,"-44",2,2,-44,-44,2,2,-44,-44,-44,-44,"-44",-44,-44,-44,-44,"-44",-44,-44,-44,-44,"-44",-44,-44,-44,-44,"-44",-44,-44,-44,-44,"-44",-44,-44,-44,-44,"-44",-44,"-44",-44,"-44",-44,-44,-44,-44,2,2,-44,-44,-44,-44,-44,"-44",-44,-44,-44,-44,-44,"-44",-44,-44,-44,-44,-44,-44,-44,-44,-44,-44,-44,-44,-44,-44,-44,-44,-44,-44,-44,-44,-44,-44,2,2,-44,-44,5,4,4,4,5,2,-44,-44,-44,-44,-44,4,5,3,3,3,3,3,3,3,3,3,3,3,3,3,3,3,5,5,1,"-44",1,1,1,1,1,2,3,3,1,1,3,3,3,3,1,1,3,1,1,1,1,1,1,1,1,1,12,78,10000000,5000000,25000000,12,80,11000000,5000000,30000000,100,1,2,2,4,"NAKURU",7,"-44","-44",98,114,999,2,-44,1,-44,7,3.35669994354248,"Kenya"
98291,1,1,"M1 through M5",-44,-44,"M6",-44,-44,"-44",1,2006,2006,3,"-44",1,8,320,320,0,0,0,0,1,2,2,2,0,100,0,2,-44,-44,-44,-44,-44,-44,2,-44,-44,-44,-44,-44,-44,1,5,5,5,0,0,1,10,10,10,0,0,2,-44,-44,-44,-44,-44,2,-44,-44,-44,-44,-44,1,40,40,40,0,0,1,240,240,240,0,0,1,23,23,23,0,0,2,-44,-44,-44,-44,-44,-44,-44,"-44",2,-44,-44,-44,-44,-44,-44,-44,"-44",2,-44,-44,-44,-44,-44,-44,-44,"-44",1,1,1,1,1,1,1,2,"-44",2,-44,-44,-44,-44,-44,-44,-44,"-44",2,-44,-44,-44,-44,-44,-44,-44,"-44",2,-44,-44,-44,-44,-44,-44,-44,"-44",1,2,1,1,1,1,1,2,"-44",1,2,1,1,1,1,1,2,"-44",1,2,1,1,1,1,1,2,"-44",1,2,2,1,"Managers",1,1,2,2,1,1,1,10,"Elementary occupations","Managers","Elementary occupations",1,2,1,2,1,2,1,2,2,1,2,1,2,2,2,1,2,2,2,2,-44,-44,-44,-44,-44,-44,6,5,1,1,70000,25000,1,1,2,2,2,5,-44,-44,-44,-44,1,2,2,5,-44,-44,-44,-44,1,2,1,2,2,1,2,1,1,2,2,2,2,2,2,1,3,1,1,1,80000,30000,2,2,0,0,5,5,1,1,1,1,35,30,1,1,2,2,1,2,2,2,2,2,2,2,1,2,-44,-44,1,-44,-44,-44,-44,-44,-44,-44,2,-44,4,4,4,1,4,2,4,3,4,4,4,4,1,1,3,2,2,2,2,2,2,2,2,1,1,-44,-44,-44,-44,-44,-44,-44,-44,-44,4,4,4,1,4,2,3,4,4,4,4,2,2,-44,-44,-44,-44,-44,-44,"-44",-44,-44,-44,-44,-44,-44,"-44",1,2,100,-44,1,2,1,2,2,-44,"-44",-44,-44,-44,-44,"-44",100,-44,-44,-44,"-44",5,-44,-44,-44,"-44",-44,-44,-44,-44,"-44",-44,-44,-44,-44,"-44",2,"-44",-44,"-44",5,-44,60000,-44,1,2,2,1,2,2,2,"-44",-44,-44,-44,-44,-44,"-44",-44,100,-44,-44,-44,-44,7,-44,-44,-44,-44,-44,-44,-44,-44,-44,-44,-44,-44,-44,100000,-44,1,2,1,-44,5,5,5,5,5,2,-44,-44,-44,-44,-44,4,3,4,3,4,1,1,3,1,1,1,1,1,1,1,1,1,4,5,2,"-44",1,1,1,1,1,2,0,0,0,2,2,2,2,1,2,2,2,2,2,2,2,2,2,1,1,1,1,315,2000000,1200000,40000000,1,320,2500000,1270000,43000000,0,2,2,2,3,"MOMBASA",8,"-44","-44",320,110,999,1,-44,1,-44,7,3.35669994354248,"Kenya"
98362,1,3,"M1 through M5",-44,-44,"M6",-44,-44,"-44",2,-44,2000,2,"-44",2,1,150,100,50,50,35,15,1,30,20,30,16.6666666666667,16.6666666666667,3,1,10,5,12,50,50,1,1,20,15,20,25,25,0,1,20,10,20,50,0,1,20,20,30,50,0,1,40,30,50,45,0,1,50,20,50,20,0,2,-44,-44,-44,-44,-44,1,10,8,15,20,0,2,-44,-44,-44,-44,-44,1,1,2,1,1,2,1,2,"-44",1,1,2,1,1,1,2,2,"-44",1,1,1,1,1,1,1,2,"-44",1,1,1,1,1,1,1,2,"-44",1,1,1,1,2,2,2,2,"-44",1,1,2,2,2,2,2,2,"-44",1,1,1,1,1,1,1,2,"-44",2,-44,-44,-44,-44,-44,-44,-44,"-44",1,1,1,1,1,2,1,2,"-44",1,1,1,1,2,2,1,2,"-44",1,1,1,3,"Technicians and associate professionals",1,1,1,1,2,1,2,6,"Sales workers","Technicians and associate professionals","Sales workers",2,2,2,1,2,1,2,2,2,2,2,2,1,2,2,2,1,2,1,1,90,50,50,50,0,30,5,5,1,1,32000,25000,2,2,1,1,1,5,-44,2,1,2,-44,-44,1,5,-44,2,1,2,-44,-44,1,1,1,2,2,2,2,1,2,2,2,2,1,1,2,2,1,1,192000,15000,1,1,0,0,5,5,1,1,1,1,25,29,1,2,2,2,2,2,2,2,2,2,2,2,2,2,-44,-44,-44,-44,-44,-44,-44,-44,-44,-44,-44,-44,3,1,4,2,4,4,4,4,4,4,4,4,2,2,2,2,2,2,2,2,2,2,2,-44,-44,-44,-44,-44,-44,-44,-44,-44,-44,-44,1,2,4,4,4,4,3,4,4,4,4,1,2,2,2,2,2,1,2,"-44",-44,-44,-44,-44,-44,-44,"-44",2,2,-44,-44,2,2,-44,-44,-44,-44,"-44",-44,-44,-44,-44,"-44",-44,-44,-44,-44,"-44",-44,-44,-44,-44,"-44",-44,-44,-44,-44,"-44",-44,-44,-44,-44,"-44",-44,"-44",-44,"-44",-44,-44,-44,-44,2,2,-44,-44,-44,-44,-44,"-44",-44,-44,-44,-44,-44,"-44",-44,-44,-44,-44,-44,-44,-44,-44,-44,-44,-44,-44,-44,-44,-44,-44,-44,-44,-44,-44,-44,-44,2,2,-44,-44,5,3,4,3,4,2,-44,-44,-44,-44,-44,1,1,1,1,1,3,3,3,3,3,3,3,3,3,3,3,3,4,4,2,"-44",1,1,1,1,1,1,3,3,3,2,2,2,2,2,3,2,2,2,3,2,2,2,3,3,3,1,11,300,10000000,4000000,500000000,11,250,10000000,45000000,70000000,75,1,2,4,2,"MOMBASA",1,"-44","-44",200,104,999,1,-44,1,-44,7,3.35669994354248,"Kenya"
99184,1,3,"M1 through M5",-44,-44,"M6",-44,-44,"-44",2,-44,1993,2,"-44",1,8,48,32,16,63,52,11,1,2,2,2,0,0,0,2,-44,-44,-44,-44,-44,-44,1,8,8,8,0,0,0,1,12,9,12,83.3333333333333,0,1,48,48,48,22.9166666666667,0,1,4,3,4,0,0,2,-44,-44,-44,-44,-44,1,6,6,6,16.6666666666667,0,1,24,22,24,0,0,1,7,7,7,71.4285714285714,0,2,-44,-44,-44,-44,-44,-44,-44,"-44",2,-44,-44,-44,-44,-44,-44,-44,"-44",2,-44,-44,-44,-44,-44,-44,-44,"-44",1,1,2,2,2,2,2,2,"-44",2,-44,-44,-44,-44,-44,-44,-44,"-44",1,1,2,2,2,2,2,2,"-44",2,-44,-44,-44,-44,-44,-44,-44,"-44",2,-44,-44,-44,-44,-44,-44,-44,"-44",1,1,1,1,2,2,1,2,"-44",1,1,2,2,2,2,2,2,"-44",1,2,1,1,"Managers",1,1,1,2,1,1,1,8,"Construction, craft, and related trade w","Managers","Construction, craft, and related trade w",2,2,2,2,2,2,1,2,2,2,2,2,2,2,2,2,2,2,2,2,-44,-44,-44,-44,-44,-44,5,4,1,2,55000,12000,2,2,1,1,3,5,-44,-44,-44,-44,-44,-44,5,-44,-44,-44,-44,-44,-44,-44,2,2,2,1,2,1,1,2,1,1,2,2,2,1,3,1,3,3,62000,15000,2,2,6,0,5,4,1,1,1,1,45,31,1,2,2,2,3,2,2,2,2,2,2,2,3,3,-44,-44,-44,-44,-44,-44,-44,-44,-44,-44,-44,-44,4,4,4,4,4,2,1,4,3,4,4,4,2,2,3,2,2,2,2,2,2,3,3,-44,-44,-44,-44,-44,-44,-44,-44,-44,-44,-44,1,4,4,4,3,2,4,4,4,4,4,2,2,-44,-44,-44,-44,-44,-44,"-44",-44,-44,-44,-44,-44,-44,"-44",1,2,100,-44,2,2,-44,-44,-44,-44,"-44",-44,-44,-44,-44,"-44",-44,-44,-44,-44,"-44",-44,-44,-44,-44,"-44",-44,-44,-44,-44,"-44",-44,-44,-44,-44,"-44",-44,"-44",-44,"-44",-44,-44,-44,-44,2,2,-44,-44,-44,-44,-44,"-44",-44,-44,-44,-44,-44,"-44",-44,-44,-44,-44,-44,-44,-44,-44,-44,-44,-44,-44,-44,-44,-44,-44,-44,-44,-44,-44,-44,-44,1,2,4,-44,2,1,1,4,4,2,-44,-44,-44,-44,-44,2,4,4,2,4,3,3,3,3,1,1,3,1,1,3,3,3,4,3,1,"-44",2,1,1,2,2,2,0,2,0,1,1,1,1,2,2,1,1,1,2,1,2,2,1,0,3,1,11,115,20700000,12000000,311000000,11,110,20600000,12150000,320000000,30,1,1,1,4,"MOMBASA",8,"-44","-44",111,113,202,1,-44,1,-44,7,3.35669994354248,"Kenya"
98366,1,2,"M1 through M5",-44,-44,"M6",-44,-44,"-44",2,-44,1997,2,"-44",1,15,600,350,250,240,150,90,1,20,7,12,10,15,0,1,5,6,7,60,80,2,2,-44,-44,-44,-44,-44,-44,1,50,15,40,60,0,1,250,20,300,40,0,1,10,6,5,20,0,2,-44,-44,-44,-44,-44,2,-44,-44,-44,-44,-44,1,250,260,320,60,0,1,255,350,200,20.7843137254902,0,1,1,2,1,1,1,1,2,"-44",1,1,2,1,1,2,1,2,"-44",2,-44,-44,-44,-44,-44,-44,-44,"-44",1,1,2,1,1,2,1,2,"-44",1,2,2,1,1,2,1,2,"-44",1,1,2,1,1,1,1,2,"-44",2,-44,-44,-44,-44,-44,-44,-44,"-44",2,-44,-44,-44,-44,-44,-44,-44,"-44",1,1,2,1,1,2,1,2,"-44",1,1,2,1,1,1,1,2,"-44",1,1,2,2,"Professionals",1,1,1,2,2,1,1,9,"Plant and machine operators, and assembl","Professionals","Plant and machine operators, and assembl",2,2,1,2,2,1,1,2,2,2,2,1,2,2,2,1,2,2,1,1,50,40,60,40,15,30,6,5,1,1,40000,15000,2,2,2,2,5,-44,-44,-44,-44,-44,-44,-44,5,-44,-44,-44,-44,-44,-44,-44,1,1,1,2,2,2,2,1,2,2,2,2,2,1,2,1,1,1,240000,90000,2,2,0,20,5,4,1,2,1,1,35,30,1,1,1,1,2,2,1,2,2,2,2,2,2,2,2,1,-44,-44,2,-44,-44,-44,-44,-44,-44,-44,4,1,4,4,4,2,4,3,4,4,4,4,1,1,1,2,2,2,2,2,2,2,2,1,2,3,-44,-44,-44,-44,-44,-44,-44,-44,4,4,4,4,3,4,4,2,4,4,1,2,2,-44,-44,-44,-44,-44,-44,"-44",-44,-44,-44,-44,-44,-44,"-44",2,2,-44,-44,2,2,-44,-44,-44,-44,"-44",-44,-44,-44,-44,"-44",-44,-44,-44,-44,"-44",-44,-44,-44,-44,"-44",-44,-44,-44,-44,"-44",-44,-44,-44,-44,"-44",-44,"-44",-44,"-44",-44,-44,-44,-44,2,2,-44,-44,-44,-44,-44,"-44",-44,-44,-44,-44,-44,"-44",-44,-44,-44,-44,-44,-44,-44,-44,-44,-44,-44,-44,-44,-44,-44,-44,-44,-44,-44,-44,-44,-44,2,2,-44,-44,5,5,4,4,5,2,-44,-44,-44,-44,-44,1,1,1,1,4,1,3,3,3,1,3,1,1,1,3,3,1,5,3,2,"-44",2,2,2,2,2,2,2,1,1,3,1,1,3,1,1,1,1,0,1,1,2,3,1,2,2,1,4,500,7000000,300000,1000000000,4,800,8000000,4000000,200000000,100,1,1,1,4,"MOMBASA",15,"-44","-44",840,104,999,2,-44,1,-44,7,3.35669994354248,"Kenya"
99188,1,2,"M1 through M5",-44,-44,"M6",-44,-44,"-44",2,-44,1987,1,"-44",1,9,159,81,78,0,0,0,1,24,24,26,33.3333333333333,0,0,1,56,48,56,41.0714285714286,14.2857142857143,0,1,40,30,54,77.5,25,0,1,23,18,23,69.5652173913043,0,2,-44,-44,-44,-44,-44,1,8,8,10,0,0,2,-44,-44,-44,-44,-44,2,-44,-44,-44,-44,-44,1,8,8,8,0,0,2,-44,-44,-44,-44,-44,1,1,1,2,1,2,2,2,"-44",1,1,2,2,1,1,1,2,"-44",1,1,2,1,1,2,2,2,"-44",1,1,2,1,2,2,2,2,"-44",2,-44,-44,-44,-44,-44,-44,-44,"-44",1,2,1,2,1,2,2,2,"-44",2,-44,-44,-44,-44,-44,-44,-44,"-44",2,-44,-44,-44,-44,-44,-44,-44,"-44",2,-44,-44,-44,-44,-44,-44,-44,"-44",2,-44,-44,-44,-44,-44,-44,-44,"-44",1,1,1,2,"Professionals",1,2,1,2,2,1,2,6,"Sales workers","Professionals","Sales workers",2,2,1,2,1,1,2,1,2,2,2,2,1,2,2,2,1,2,1,1,40,0,100,0,20,5,4,5,1,1,117200,101500,2,2,2,1,3,5,-44,-44,-44,-44,-44,-44,2,1,3,2,2,1,1,2,1,1,1,1,2,2,1,1,1,1,2,1,1,2,2,2,1,3,140000,109400,2,2,6,6,6,6,2,2,1,1,34,47,2,1,2,2,2,2,2,2,2,2,2,1,2,3,-44,-44,-44,-44,-44,-44,-44,-44,-44,3,-44,-44,2,4,4,4,4,3,4,4,4,1,4,4,3,3,1,2,2,2,2,2,1,1,2,-44,-44,2,-44,-44,-44,-44,-44,1,2,-44,1,4,4,4,2,3,4,4,4,4,4,1,1,1,2,2,1,1,2,"-44",2,2,1,2,2,2,"-44",2,2,-44,-44,2,2,-44,-44,-44,-44,"-44",-44,-44,-44,-44,"-44",-44,-44,-44,-44,"-44",-44,-44,-44,-44,"-44",-44,-44,-44,-44,"-44",-44,-44,-44,-44,"-44",-44,"-44",-44,"-44",-44,-44,-44,-44,2,2,-44,-44,-44,-44,-44,"-44",-44,-44,-44,-44,-44,"-44",-44,-44,-44,-44,-44,-44,-44,-44,-44,-44,-44,-44,-44,-44,-44,-44,-44,-44,-44,-44,-44,-44,2,2,-44,-44,2,2,5,2,5,1,2,5,2,3,3,5,2,1,1,5,3,3,2,2,1,1,3,2,1,2,3,3,5,5,1,"-44",2,2,2,1,2,1,0,0,4,0,1,0,1,1,1,0,1,3,1,1,0,2,0,0,1,1,3,165,54496500,64920200,408576000,3,167,51417600,105211800,735668700,90,1,2,1,4,"MOMBASA",9,"-44","-44",159,113,202,1,-44,1,-44,7,3.35669994354248,"Kenya"
98352,1,2,"M1 through M5",-44,-44,"M6",-44,-44,"-44",1,1980,1980,2,"-44",1,3,200,160,40,19,10,9,1,3,3,3,33.3333333333333,100,0,1,110,110,110,20.9090909090909,100,0,1,20,20,20,25,100,0,1,10,10,10,50,0,1,10,10,10,0,0,1,40,40,40,37.5,0,2,-44,-44,-44,-44,-44,2,-44,-44,-44,-44,-44,1,10,10,10,0,0,1,16,16,16,0,0,2,-44,-44,-44,-44,-44,-44,-44,"-44",1,1,2,2,2,2,2,2,"-44",2,-44,-44,-44,-44,-44,-44,-44,"-44",2,-44,-44,-44,-44,-44,-44,-44,"-44",1,1,1,2,2,2,2,2,"-44",2,-44,-44,-44,-44,-44,-44,-44,"-44",2,-44,-44,-44,-44,-44,-44,-44,"-44",2,-44,-44,-44,-44,-44,-44,-44,"-44",2,-44,-44,-44,-44,-44,-44,-44,"-44",2,-44,-44,-44,-44,-44,-44,-44,"-44",1,1,1,1,"Managers",1,1,1,2,2,1,1,5,"Service workers","Managers","Service workers",1,2,1,2,1,1,2,2,2,1,2,2,2,2,1,2,2,2,2,1,-44,40,60,40,-44,30,6,6,1,1,80000,15000,2,2,2,2,5,-44,-44,-44,-44,-44,-44,-44,5,-44,-44,-44,-44,-44,-44,-44,1,2,2,2,1,1,2,2,2,2,2,2,2,1,3,1,1,2,80000,20000,2,2,0,0,6,5,1,1,1,1,40,25,1,2,2,2,2,2,2,2,2,2,2,2,2,2,-44,-44,-44,-44,-44,-44,-44,-44,-44,-44,-44,-44,1,4,4,2,4,3,4,4,4,4,4,4,1,2,3,2,2,2,2,2,2,2,2,3,-44,-44,-44,-44,-44,-44,-44,-44,-44,-44,1,4,4,2,3,4,4,4,4,4,4,2,1,-44,-44,-44,-44,-44,-44,"-44",2,1,2,2,2,2,"-44",2,2,-44,-44,2,2,-44,-44,-44,-44,"-44",-44,-44,-44,-44,"-44",-44,-44,-44,-44,"-44",-44,-44,-44,-44,"-44",-44,-44,-44,-44,"-44",-44,-44,-44,-44,"-44",-44,"-44",-44,"-44",-44,-44,-44,-44,2,2,-44,-44,-44,-44,-44,"-44",-44,-44,-44,-44,-44,"-44",-44,-44,-44,-44,-44,-44,-44,-44,-44,-44,-44,-44,-44,-44,-44,-44,-44,-44,-44,-44,-44,-44,2,2,-44,-44,5,5,5,5,5,2,-44,-44,-44,-44,-44,2,2,2,2,2,3,3,3,3,3,3,3,3,3,3,3,3,3,4,2,"-44",1,1,1,1,1,2,0,0,0,0,0,0,0,0,0,0,0,0,0,0,0,0,0,0,0,1,1,220,6000000,4000000,12000000,1,219,6500000,4000000,12500000,0,2,2,2,3,"MOMBASA",3,"-44","-44",219,110,999,1,-44,1,-44,7,3.35669994354248,"Kenya"
98391,1,2,"M1 through M5",-44,-44,"M6",-44,-44,"-44",2,-44,2006,3,"-44",1,8,50,35,15,0,0,0,1,4,4,4,75,0,0,1,10,10,7,30,0,0,2,-44,-44,-44,-44,-44,-44,2,-44,-44,-44,-44,-44,1,8,8,10,62.5,0,1,6,6,10,33.3333333333333,0,2,-44,-44,-44,-44,-44,2,-44,-44,-44,-44,-44,1,20,20,20,0,0,1,2,2,2,100,0,2,-44,-44,-44,-44,-44,-44,-44,"-44",2,-44,-44,-44,-44,-44,-44,-44,"-44",2,-44,-44,-44,-44,-44,-44,-44,"-44",2,-44,-44,-44,-44,-44,-44,-44,"-44",2,-44,-44,-44,-44,-44,-44,-44,"-44",1,1,2,2,1,2,2,2,"-44",2,-44,-44,-44,-44,-44,-44,-44,"-44",2,-44,-44,-44,-44,-44,-44,-44,"-44",2,-44,-44,-44,-44,-44,-44,-44,"-44",2,-44,-44,-44,-44,-44,-44,-44,"-44",1,1,2,2,"Professionals",2,1,1,2,2,1,1,5,"Service workers","Professionals","Service workers",2,2,2,2,2,2,2,1,2,2,2,2,2,2,2,2,1,2,2,2,-44,-44,-44,-44,-44,-44,6,5,1,2,35000,25000,2,2,1,1,5,-44,-44,-44,-44,-44,-44,-44,4,1,3,2,1,2,-44,-44,2,2,2,1,2,1,2,2,2,2,1,1,2,2,4,2,1,3,35000,25000,2,2,1,1,6,5,1,1,1,1,30,25,2,1,2,1,2,1,1,2,2,2,2,2,2,2,-44,2,-44,2,1,-44,-44,-44,-44,-44,-44,-44,1,4,4,4,4,4,2,3,4,4,4,4,2,1,1,2,2,2,1,1,2,2,2,-44,2,1,-44,-44,-44,2,2,-44,-44,-44,4,1,4,4,3,4,4,2,4,4,4,2,2,-44,-44,-44,-44,-44,-44,"-44",-44,-44,-44,-44,-44,-44,"-44",2,2,-44,-44,2,2,-44,-44,-44,-44,"-44",-44,-44,-44,-44,"-44",-44,-44,-44,-44,"-44",-44,-44,-44,-44,"-44",-44,-44,-44,-44,"-44",-44,-44,-44,-44,"-44",-44,"-44",-44,"-44",-44,-44,-44,-44,2,2,-44,-44,-44,-44,-44,"-44",-44,-44,-44,-44,-44,"-44",-44,-44,-44,-44,-44,-44,-44,-44,-44,-44,-44,-44,-44,-44,-44,-44,-44,-44,-44,-44,-44,-44,2,2,-44,-44,5,5,5,5,5,2,-44,-44,-44,-44,-44,5,5,5,2,1,3,3,3,3,3,3,3,3,3,3,3,3,3,5,2,"-44",2,1,2,2,2,2,1,3,1,1,0,3,2,0,3,0,1,1,1,1,0,3,2,3,1,2,2,40,22000000,9500000,38000000,2,60,33500000,11000000,49000000,100,2,2,2,3,"NAIROBI",8,"-44","-44",50,114,999,1,-44,1,-44,7,3.35669994354248,"Kenya"
98288,1,3,"M1 through M5",-44,-44,"M6",-44,-44,"-44",2,-44,2001,2,"-44",1,19,14,10,4,84,64,20,1,3,3,3,0,0,0,1,5,5,5,40,0,0,1,8,5,8,37.5,37.5,0,1,4,4,4,100,0,1,65,65,65,18.4615384615385,0,2,-44,-44,-44,-44,-44,2,-44,-44,-44,-44,-44,1,8,8,8,0,0,1,2,1,2,50,0,1,3,3,3,66.6666666666667,0,2,-44,-44,-44,-44,-44,-44,-44,"-44",2,-44,-44,-44,-44,-44,-44,-44,"-44",1,1,2,2,2,2,2,2,"-44",2,-44,-44,-44,-44,-44,-44,-44,"-44",1,1,2,2,2,2,2,2,"-44",2,-44,-44,-44,-44,-44,-44,-44,"-44",2,-44,-44,-44,-44,-44,-44,-44,"-44",2,-44,-44,-44,-44,-44,-44,-44,"-44",1,1,2,2,2,2,2,2,"-44",2,-44,-44,-44,-44,-44,-44,-44,"-44",1,1,1,1,"Managers",1,1,2,2,1,1,1,10,"Elementary occupations","Managers","Elementary occupations",2,2,2,2,2,2,1,1,2,2,2,2,2,2,2,2,1,2,2,2,-44,-44,-44,-44,-44,-44,6,4,1,2,45000,12000,2,2,1,1,2,5,-44,-44,-44,-44,1,2,5,-44,-44,-44,-44,-44,-44,-44,2,2,2,1,2,1,1,2,2,2,2,2,2,1,2,1,3,3,50000,12000,2,2,0,0,6,4,1,1,1,1,40,40,1,2,2,2,3,2,2,2,2,2,2,2,3,3,-44,-44,-44,-44,-44,-44,-44,-44,-44,-44,-44,-44,4,4,4,4,4,2,1,4,3,4,4,4,2,2,3,3,1,2,3,3,3,3,3,-44,-44,-44,-44,1,-44,-44,-44,-44,-44,-44,4,3,4,4,2,1,4,4,4,4,4,2,2,-44,-44,-44,-44,-44,-44,"-44",-44,-44,-44,-44,-44,-44,"-44",2,2,-44,-44,2,2,-44,-44,-44,-44,"-44",-44,-44,-44,-44,"-44",-44,-44,-44,-44,"-44",-44,-44,-44,-44,"-44",-44,-44,-44,-44,"-44",-44,-44,-44,-44,"-44",-44,"-44",-44,"-44",-44,-44,-44,-44,2,2,-44,-44,-44,-44,-44,"-44",-44,-44,-44,-44,-44,"-44",-44,-44,-44,-44,-44,-44,-44,-44,-44,-44,-44,-44,-44,-44,-44,-44,-44,-44,-44,-44,-44,-44,2,2,-44,-44,1,2,1,2,2,2,-44,-44,-44,-44,-44,1,1,1,1,1,3,3,3,3,3,3,3,3,3,3,3,3,3,3,1,"-44",2,2,2,2,2,2,2,3,0,0,0,1,2,3,2,0,3,0,2,1,2,1,0,0,3,1,11,90,13600000,1000000,22000000,11,90,13800000,1200000,21200000,25,2,1,2,4,"MOMBASA",19,"-44","-44",98,113,999,1,-44,1,-44,7,3.35669994354248,"Kenya"
98317,1,2,"M1 through M5",-44,-44,"M6",-44,-44,"-44",1,1991,1991,2,"-44",2,20,500,350,150,0,0,0,1,50,55,50,20,10,10,1,20,15,25,25,25,3,2,-44,-44,-44,-44,-44,-44,1,100,100,110,50,5,1,20,22,20,50,0,1,180,140,180,27.7777777777778,0,2,-44,-44,-44,-44,-44,2,-44,-44,-44,-44,-44,1,100,60,100,15,10,1,30,25,30,33.3333333333333,0,1,1,2,1,1,1,1,2,"-44",1,1,2,2,1,2,2,2,"-44",2,-44,-44,-44,-44,-44,-44,-44,"-44",1,1,1,1,1,2,1,2,"-44",1,1,1,1,1,1,1,2,"-44",1,1,2,2,2,1,1,2,"-44",2,-44,-44,-44,-44,-44,-44,-44,"-44",2,-44,-44,-44,-44,-44,-44,-44,"-44",1,1,2,2,2,2,2,2,"-44",1,1,2,2,2,2,2,2,"-44",1,1,2,2,"Professionals",1,1,1,2,2,1,1,6,"Sales workers","Professionals","Sales workers",2,2,1,2,1,1,2,2,2,2,2,1,2,1,1,2,2,2,1,1,50,50,50,50,60,30,6,6,1,1,50000,25000,1,2,2,2,5,-44,-44,-44,-44,-44,-44,-44,5,-44,-44,-44,-44,-44,-44,-44,1,2,1,2,2,2,1,1,1,1,2,2,2,2,3,2,1,1,300000,150000,2,2,0,0,6,5,1,1,1,1,30,33,2,1,2,2,2,2,2,2,2,2,2,2,2,2,-44,-44,-44,-44,-44,-44,-44,-44,-44,-44,-44,-44,4,3,4,4,1,4,2,4,4,4,4,4,2,2,2,2,2,2,2,2,2,2,2,-44,-44,-44,-44,-44,-44,-44,-44,-44,-44,-44,4,4,4,3,4,4,2,4,4,1,4,1,1,1,2,2,2,2,2,"-44",1,2,2,2,2,2,"-44",1,2,20,-44,2,2,-44,-44,-44,-44,"-44",-44,-44,-44,-44,"-44",-44,-44,-44,-44,"-44",-44,-44,-44,-44,"-44",-44,-44,-44,-44,"-44",-44,-44,-44,-44,"-44",-44,"-44",-44,"-44",-44,-44,-44,-44,2,2,-44,-44,-44,-44,-44,"-44",-44,-44,-44,-44,-44,"-44",-44,-44,-44,-44,-44,-44,-44,-44,-44,-44,-44,-44,-44,-44,-44,-44,-44,-44,-44,-44,-44,-44,1,2,3,-44,5,5,5,4,4,1,4,5,3,4,5,4,1,1,1,1,3,3,3,3,3,3,3,3,3,3,3,3,5,5,1,"-44",1,1,1,1,1,1,4,4,0,2,1,1,1,2,2,2,0,0,0,0,0,4,1,1,1,1,6,400,300000000,200000000,50000000000,6,420,400000000,30000000,700000000,50,1,1,1,4,"MOMBASA",20,"-44","-44",500,104,999,2,-44,1,-44,7,3.35669994354248,"Kenya"
98347,2,2,"M1 through M5",-44,-44,"M6",-44,-44,"-44",2,-44,1992,4,"-44",1,3,52,27,25,0,0,0,1,2,2,2,50,0,0,1,4,4,5,50,25,0,1,2,2,2,0,0,0,1,36,5,30,52.7777777777778,0,1,5,3,10,60,0,2,-44,-44,-44,-44,-44,2,-44,-44,-44,-44,-44,2,-44,-44,-44,-44,-44,2,-44,-44,-44,-44,-44,1,3,3,3,0,0,2,-44,-44,-44,-44,-44,-44,-44,"-44",1,1,2,2,2,2,2,2,"-44",2,-44,-44,-44,-44,-44,-44,-44,"-44",1,1,2,2,2,2,2,2,"-44",1,1,2,2,2,2,2,2,"-44",2,-44,-44,-44,-44,-44,-44,-44,"-44",2,-44,-44,-44,-44,-44,-44,-44,"-44",2,-44,-44,-44,-44,-44,-44,-44,"-44",2,-44,-44,-44,-44,-44,-44,-44,"-44",2,-44,-44,-44,-44,-44,-44,-44,"-44",1,1,1,2,"Professionals",1,1,2,2,2,2,1,5,"Service workers","Professionals","Service workers",2,2,2,2,2,1,2,1,2,2,2,2,2,2,2,2,1,2,1,1,50,60,40,60,14,7,6,4,2,2,45000,20000,2,2,1,2,1,5,-44,2,1,2,-44,-44,5,-44,-44,-44,-44,-44,-44,-44,2,2,2,1,2,1,2,1,1,1,2,2,2,2,4,3,3,3,25000,11000,2,2,6,12,6,4,1,2,1,1,30,25,2,2,2,2,2,2,2,2,2,2,2,2,2,2,-44,-44,-44,-44,-44,-44,-44,-44,-44,-44,-44,-44,4,4,4,4,1,4,4,3,4,4,2,4,1,1,1,1,1,1,1,1,1,1,1,1,1,1,2,1,1,2,2,1,1,1,4,1,4,4,4,2,3,4,4,4,4,2,2,-44,-44,-44,-44,-44,-44,"-44",-44,-44,-44,-44,-44,-44,"-44",2,2,-44,-44,2,2,-44,-44,-44,-44,"-44",-44,-44,-44,-44,"-44",-44,-44,-44,-44,"-44",-44,-44,-44,-44,"-44",-44,-44,-44,-44,"-44",-44,-44,-44,-44,"-44",-44,"-44",-44,"-44",-44,-44,-44,-44,2,2,-44,-44,-44,-44,-44,"-44",-44,-44,-44,-44,-44,"-44",-44,-44,-44,-44,-44,-44,-44,-44,-44,-44,-44,-44,-44,-44,-44,-44,-44,-44,-44,-44,-44,-44,2,2,-44,-44,5,5,5,5,5,2,-44,-44,-44,-44,-44,1,1,1,1,1,3,3,3,3,3,3,3,3,3,3,3,3,3,5,1,"-44",2,1,1,1,1,2,3,1,1,1,1,1,3,3,3,1,1,1,1,0,0,0,0,0,0,1,12,45,2430000,2000000,5000000,12,48,3000000,1500000,7000000,100,1,2,1,4,"NAKURU",3,"-44","-44",52,114,999,1,-44,1,-44,7,3.35669994354248,"Kenya"
98364,1,3,"M1 through M5",-44,-44,"M6",-44,-44,"-44",2,-44,2010,4,"-44",1,3,70,67,3,72,72,0,1,5,5,10,0,0,0,1,2,2,5,50,0,2,1,7,7,15,0,0,0,1,4,4,10,25,0,1,1,1,5,0,0,1,1,1,5,0,0,2,-44,-44,-44,-44,-44,2,-44,-44,-44,-44,-44,1,122,122,140,0.819672131147541,0,2,-44,-44,-44,-44,-44,2,-44,-44,-44,-44,-44,-44,-44,"-44",1,1,2,2,2,2,2,2,"-44",2,-44,-44,-44,-44,-44,-44,-44,"-44",1,1,2,2,2,2,2,2,"-44",2,-44,-44,-44,-44,-44,-44,-44,"-44",2,-44,-44,-44,-44,-44,-44,-44,"-44",2,-44,-44,-44,-44,-44,-44,-44,"-44",2,-44,-44,-44,-44,-44,-44,-44,"-44",2,-44,-44,-44,-44,-44,-44,-44,"-44",2,-44,-44,-44,-44,-44,-44,-44,"-44",1,1,1,2,"Professionals",1,1,1,2,2,1,2,5,"Service workers","Professionals","Service workers",2,2,2,2,2,1,2,2,2,2,2,2,2,2,1,2,1,2,1,2,0,-44,-44,-44,14,-44,5,4,2,2,45000,9000,2,2,1,2,2,1,5,2,1,2,2,1,5,-44,-44,-44,-44,-44,-44,-44,2,2,1,1,2,2,2,2,1,2,2,2,2,1,4,2,3,3,45000,9000,2,2,12,12,5,4,1,1,1,1,35,25,2,2,2,2,2,2,2,2,2,2,2,2,2,2,-44,-44,-44,-44,-44,-44,-44,-44,-44,-44,-44,-44,4,2,4,4,1,3,4,4,4,4,4,4,2,2,2,2,2,2,2,2,2,2,2,-44,-44,-44,-44,-44,-44,-44,-44,-44,-44,-44,4,2,3,4,4,4,4,4,4,1,4,2,2,-44,-44,-44,-44,-44,-44,"-44",-44,-44,-44,-44,-44,-44,"-44",2,2,-44,-44,2,2,-44,-44,-44,-44,"-44",-44,-44,-44,-44,"-44",-44,-44,-44,-44,"-44",-44,-44,-44,-44,"-44",-44,-44,-44,-44,"-44",-44,-44,-44,-44,"-44",-44,"-44",-44,"-44",-44,-44,-44,-44,2,2,-44,-44,-44,-44,-44,"-44",-44,-44,-44,-44,-44,"-44",-44,-44,-44,-44,-44,-44,-44,-44,-44,-44,-44,-44,-44,-44,-44,-44,-44,-44,-44,-44,-44,-44,2,2,-44,-44,5,5,5,4,5,2,-44,-44,-44,-44,-44,1,1,1,2,1,3,3,3,3,3,3,3,3,3,3,3,3,5,5,2,"-44",2,1,1,1,1,1,2,2,2,2,2,2,2,2,2,2,2,2,2,2,2,2,2,2,2,1,12,135,15000000,5000000,150000000,12,140,16000000,6000000,100000000,100,1,1,4,2,"NAKURU",3,"-44","-44",142,114,999,1,-44,1,-44,7,3.35669994354248,"Kenya"
98294,1,1,"M1 through M5",-44,-44,"M6",-44,-44,"-44",1,1960,1966,1,"-44",1,8,40,40,0,0,0,0,1,1,1,1,0,100,0,1,30,30,30,0,100,0,2,-44,-44,-44,-44,-44,-44,2,-44,-44,-44,-44,-44,1,5,5,5,0,0,2,-44,-44,-44,-44,-44,2,-44,-44,-44,-44,-44,2,-44,-44,-44,-44,-44,1,4,4,4,0,0,2,-44,-44,-44,-44,-44,2,-44,-44,-44,-44,-44,-44,-44,"-44",1,2,1,1,2,1,2,2,"-44",2,-44,-44,-44,-44,-44,-44,-44,"-44",2,-44,-44,-44,-44,-44,-44,-44,"-44",2,-44,-44,-44,-44,-44,-44,-44,"-44",2,-44,-44,-44,-44,-44,-44,-44,"-44",2,-44,-44,-44,-44,-44,-44,-44,"-44",2,-44,-44,-44,-44,-44,-44,-44,"-44",2,-44,-44,-44,-44,-44,-44,-44,"-44",2,-44,-44,-44,-44,-44,-44,-44,"-44",1,1,2,2,"Professionals",2,1,2,2,2,1,2,5,"Service workers","Professionals","Service workers",1,2,1,2,2,2,2,1,2,1,2,2,2,2,2,2,1,2,2,2,-44,-44,-44,-44,-44,-44,6,5,1,1,45000,23000,2,2,2,2,2,5,-44,-44,-44,-44,1,2,2,5,-44,-44,-44,-44,1,2,2,2,2,1,2,2,1,2,2,2,2,2,2,1,3,2,2,1,45000,23000,2,2,0,0,6,6,1,1,1,1,30,30,1,1,1,2,3,2,2,2,2,2,2,2,2,2,1,-44,-44,-44,-44,-44,-44,-44,-44,-44,-44,-44,1,4,4,3,2,4,4,4,4,4,4,4,2,2,3,2,2,2,2,2,2,2,2,-44,-44,-44,-44,-44,-44,-44,-44,-44,-44,-44,1,4,4,4,2,3,4,4,4,4,4,2,2,-44,-44,-44,-44,-44,-44,"-44",-44,-44,-44,-44,-44,-44,"-44",2,2,-44,-44,2,2,-44,-44,-44,-44,"-44",-44,-44,-44,-44,"-44",-44,-44,-44,-44,"-44",-44,-44,-44,-44,"-44",-44,-44,-44,-44,"-44",-44,-44,-44,-44,"-44",-44,"-44",-44,"-44",-44,-44,-44,-44,2,2,-44,-44,-44,-44,-44,"-44",-44,-44,-44,-44,-44,"-44",-44,-44,-44,-44,-44,-44,-44,-44,-44,-44,-44,-44,-44,-44,-44,-44,-44,-44,-44,-44,-44,-44,2,2,-44,-44,4,4,4,4,4,2,-44,-44,-44,-44,-44,1,1,1,1,2,1,1,3,1,1,1,1,1,1,1,1,1,3,4,1,"-44",1,1,1,1,1,2,0,0,0,0,0,0,0,0,2,0,0,0,0,0,0,0,0,0,0,1,1,40,340000,170000,5600000,1,40,340000,180000,6700000,0,2,2,3,2,"MOMBASA",8,"-44","-44",40,110,999,1,-44,1,-44,7,3.35669994354248,"Kenya"
99187,2,3,"M1 through M5",-44,-44,"M6",-44,-44,"-44",2,-44,2011,1,"-44",1,9,127,90,37,0,0,0,1,19,19,19,10.5263157894737,0,0,2,-44,-44,-44,-44,-44,-44,2,-44,-44,-44,-44,-44,-44,2,-44,-44,-44,-44,-44,2,-44,-44,-44,-44,-44,1,108,81,130,32.4074074074074,0,2,-44,-44,-44,-44,-44,2,-44,-44,-44,-44,-44,2,-44,-44,-44,-44,-44,2,-44,-44,-44,-44,-44,2,-44,-44,-44,-44,-44,-44,-44,"-44",2,-44,-44,-44,-44,-44,-44,-44,"-44",2,-44,-44,-44,-44,-44,-44,-44,"-44",2,-44,-44,-44,-44,-44,-44,-44,"-44",2,-44,-44,-44,-44,-44,-44,-44,"-44",1,1,1,2,1,1,2,2,"-44",2,-44,-44,-44,-44,-44,-44,-44,"-44",2,-44,-44,-44,-44,-44,-44,-44,"-44",2,-44,-44,-44,-44,-44,-44,-44,"-44",2,-44,-44,-44,-44,-44,-44,-44,"-44",1,2,2,1,"Managers",2,2,1,2,2,2,2,6,"Sales workers","Managers","Sales workers",2,1,2,2,2,1,1,1,2,2,2,1,1,2,2,2,2,2,2,1,-44,40,60,40,-44,5,6,5,2,2,24500,9500,2,2,2,2,3,5,-44,-44,-44,-44,-44,-44,1,5,-44,2,1,2,-44,-44,1,1,1,1,2,1,2,1,2,1,2,1,1,1,3,3,2,1,23800,11900,2,2,0,2,6,6,2,2,1,1,32,38,2,1,2,2,1,3,2,2,2,2,3,1,2,3,-44,-44,1,-44,-44,-44,-44,-44,-44,1,-44,-44,4,4,4,4,4,2,4,3,4,1,4,4,3,2,1,3,2,2,3,3,2,2,2,-44,-44,3,-44,-44,-44,-44,-44,-44,-44,-44,2,4,4,4,4,3,4,4,1,4,4,2,2,-44,-44,-44,-44,-44,-44,"-44",-44,-44,-44,-44,-44,-44,"-44",2,1,-44,90,2,1,-44,-44,-44,-44,"-44",1,1,2,-44,"-44",-44,-44,-44,-44,"-44",-44,-44,-44,-44,"-44",30,30,-44,-44,"-44",1,5,-44,-44,"-44",-44,"-44",2,"-44",-44,5,-44,-44,2,2,-44,-44,-44,-44,-44,"-44",-44,-44,-44,-44,-44,"-44",-44,-44,-44,-44,-44,-44,-44,-44,-44,-44,-44,-44,-44,-44,-44,-44,-44,-44,-44,-44,-44,-44,2,1,-44,3,5,4,4,2,2,2,-44,-44,-44,-44,-44,3,3,1,2,4,2,2,2,3,3,1,3,1,3,1,3,3,2,5,2,"-44",1,1,2,2,1,2,0,0,1,1,0,1,3,3,4,0,0,1,4,0,1,4,1,0,4,1,12,135,10822400,3950100,21620000,12,132,11932800,3962400,18265500,70,1,1,1,4,"MOMBASA",9,"-44","-44",127,113,202,1,-44,1,-44,7,3.35669994354248,"Kenya"
98249,2,2,"M1 through M5",-44,-44,"M6",-44,-44,"-44",2,-44,2003,4,"-44",1,7,14,8,6,0,0,0,1,1,1,1,0,0,0,1,1,1,4,100,0,0,2,-44,-44,-44,-44,-44,-44,1,12,3,8,41.6666666666667,0,2,-44,-44,-44,-44,-44,2,-44,-44,-44,-44,-44,2,-44,-44,-44,-44,-44,2,-44,-44,-44,-44,-44,2,-44,-44,-44,-44,-44,2,-44,-44,-44,-44,-44,2,-44,-44,-44,-44,-44,-44,-44,"-44",1,1,2,2,1,2,1,2,"-44",2,-44,-44,-44,-44,-44,-44,-44,"-44",1,1,2,2,1,1,1,2,"-44",2,-44,-44,-44,-44,-44,-44,-44,"-44",2,-44,-44,-44,-44,-44,-44,-44,"-44",2,-44,-44,-44,-44,-44,-44,-44,"-44",2,-44,-44,-44,-44,-44,-44,-44,"-44",2,-44,-44,-44,-44,-44,-44,-44,"-44",2,-44,-44,-44,-44,-44,-44,-44,"-44",1,1,2,2,"Professionals",1,2,2,2,2,2,2,4,"Clerical and support workers","Professionals","Clerical and support workers",2,2,2,2,2,2,2,1,2,2,2,2,2,2,2,2,1,2,2,1,-44,50,50,50,-44,7,5,4,2,2,35000,15000,2,2,1,2,5,-44,-44,-44,-44,-44,-44,-44,1,2,5,2,1,2,2,1,2,2,1,1,2,1,2,1,2,2,2,2,2,1,3,2,3,3,35000,15000,2,2,6,12,5,4,1,2,1,1,30,27,2,2,2,1,2,2,2,2,2,2,2,2,2,2,-44,1,-44,-44,-44,-44,-44,-44,-44,-44,-44,-44,4,4,4,4,1,3,4,4,4,4,2,4,1,1,3,2,2,2,2,2,2,3,2,2,2,-44,-44,-44,-44,-44,-44,-44,-44,-44,4,4,4,4,2,4,3,1,4,4,4,2,2,-44,-44,-44,-44,-44,-44,"-44",-44,-44,-44,-44,-44,-44,"-44",2,2,-44,-44,2,2,-44,-44,-44,-44,"-44",-44,-44,-44,-44,"-44",-44,-44,-44,-44,"-44",-44,-44,-44,-44,"-44",-44,-44,-44,-44,"-44",-44,-44,-44,-44,"-44",-44,"-44",-44,"-44",-44,-44,-44,-44,2,2,-44,-44,-44,-44,-44,"-44",-44,-44,-44,-44,-44,"-44",-44,-44,-44,-44,-44,-44,-44,-44,-44,-44,-44,-44,-44,-44,-44,-44,-44,-44,-44,-44,-44,-44,2,2,-44,-44,5,5,5,5,5,2,-44,-44,-44,-44,-44,1,1,1,1,1,3,3,3,3,3,3,3,3,3,3,3,3,4,4,2,"-44",2,1,1,2,1,2,0,0,0,0,0,0,0,0,0,0,0,0,0,0,0,0,0,0,0,2,12,10,1000000,1500000,5000000,12,14,1200000,1000000,5000000,100,1,2,1,3,"NAKURU",7,"-44","-44",14,114,999,1,-44,1,-44,7,3.35669994354248,"Kenya"
98365,2,2,"M1 through M5",-44,-44,"M6",-44,-44,"-44",2,-44,1928,2,"-44",1,6,100,80,20,20,20,0,1,10,6,10,30,40,2,1,7,3,10,28.5714285714286,57.1428571428571,0,2,-44,-44,-44,-44,-44,-44,1,10,7,10,50,0,1,25,20,20,12,0,1,4,3,10,25,0,2,-44,-44,-44,-44,-44,1,50,30,50,6,0,1,10,12,10,20,0,1,4,2,4,25,0,1,1,1,2,1,2,1,2,"-44",1,1,1,1,1,1,1,2,"-44",2,-44,-44,-44,-44,-44,-44,-44,"-44",1,1,1,1,2,2,1,2,"-44",1,1,2,2,1,2,1,2,"-44",1,1,2,2,2,2,2,2,"-44",2,-44,-44,-44,-44,-44,-44,-44,"-44",1,1,1,1,1,1,1,2,"-44",1,1,2,2,2,1,1,2,"-44",1,1,2,2,2,2,2,2,"-44",1,1,2,2,"Professionals",1,1,1,2,1,1,1,6,"Sales workers","Professionals","Sales workers",2,1,1,2,1,1,1,2,2,2,1,1,2,1,1,2,2,2,1,1,70,50,50,50,10,30,6,6,1,2,500000,30000,2,2,2,2,2,5,-44,-44,-44,-44,1,2,5,-44,-44,-44,-44,-44,-44,-44,1,2,1,2,2,2,2,1,1,2,2,2,2,2,2,2,1,1,300000,90000,2,1,0,0,6,6,1,1,1,1,30,30,1,2,2,2,2,2,2,2,2,2,2,2,2,2,-44,-44,-44,-44,-44,-44,-44,-44,-44,-44,-44,-44,1,2,3,4,4,4,4,4,4,4,4,4,2,2,1,2,2,2,2,2,2,2,2,-44,-44,2,-44,-44,-44,-44,-44,-44,-44,-44,4,1,4,2,4,4,4,3,4,4,4,1,1,1,2,2,2,2,2,"-44",1,2,2,2,2,2,"-44",2,2,-44,-44,2,2,-44,-44,-44,-44,"-44",-44,-44,-44,-44,"-44",-44,-44,-44,-44,"-44",-44,-44,-44,-44,"-44",-44,-44,-44,-44,"-44",-44,-44,-44,-44,"-44",-44,"-44",-44,"-44",-44,-44,-44,-44,2,2,-44,-44,-44,-44,-44,"-44",-44,-44,-44,-44,-44,"-44",-44,-44,-44,-44,-44,-44,-44,-44,-44,-44,-44,-44,-44,-44,-44,-44,-44,-44,-44,-44,-44,-44,2,2,-44,-44,4,4,5,5,5,1,5,5,5,5,4,1,1,1,1,1,3,3,3,3,3,3,3,3,3,3,3,3,5,5,3,"-44",1,1,2,1,1,2,3,3,0,2,0,2,2,1,2,2,0,0,0,0,3,3,0,0,3,1,5,125,1500000,5000000,300000000,5,120,1500000,550000,5000000000,100,1,1,1,3,"MOMBASA",6,"-44","-44",120,104,999,1,-44,1,-44,7,3.35669994354248,"Kenya"
99186,1,3,"M1 through M5",-44,-44,"M6",-44,-44,"-44",2,-44,2010,1,"-44",1,8,113,66,47,53,10,43,1,33,33,33,54.5454545454545,0,0,2,-44,-44,-44,-44,-44,-44,1,91,91,91,59.3406593406593,0,0,2,-44,-44,-44,-44,-44,1,42,42,42,42.8571428571429,0,2,-44,-44,-44,-44,-44,2,-44,-44,-44,-44,-44,2,-44,-44,-44,-44,-44,2,-44,-44,-44,-44,-44,2,-44,-44,-44,-44,-44,1,1,1,2,2,2,1,2,"-44",2,-44,-44,-44,-44,-44,-44,-44,"-44",2,-44,-44,-44,-44,-44,-44,-44,"-44",2,-44,-44,-44,-44,-44,-44,-44,"-44",2,-44,-44,-44,-44,-44,-44,-44,"-44",2,-44,-44,-44,-44,-44,-44,-44,"-44",2,-44,-44,-44,-44,-44,-44,-44,"-44",2,-44,-44,-44,-44,-44,-44,-44,"-44",2,-44,-44,-44,-44,-44,-44,-44,"-44",2,-44,-44,-44,-44,-44,-44,-44,"-44",1,2,1,3,"Technicians and associate professionals",2,1,2,2,2,2,2,5,"Service workers","Technicians and associate professionals","Service workers",2,2,1,2,2,2,1,2,2,2,2,2,2,1,2,2,2,2,2,2,-44,-44,-44,-44,-44,-44,5,6,1,2,33600,19300,2,2,2,2,1,3,2,2,2,1,1,2,3,2,5,-44,-44,-44,2,1,1,2,1,1,2,1,1,1,2,2,2,2,2,1,2,3,1,2,33300,18100,2,2,0,0,6,6,2,2,2,1,55,28,1,2,2,2,2,2,2,3,2,2,3,2,2,3,-44,-44,-44,-44,-44,-44,-44,-44,-44,-44,-44,-44,3,4,4,4,4,1,4,4,4,2,4,4,2,2,2,2,3,2,2,2,2,2,2,-44,-44,-44,-44,-44,-44,-44,-44,-44,-44,-44,4,4,4,4,4,1,4,4,2,3,4,1,1,2,2,2,1,2,2,"-44",1,2,2,1,1,2,"-44",2,2,-44,-44,2,2,-44,-44,-44,-44,"-44",-44,-44,-44,-44,"-44",-44,-44,-44,-44,"-44",-44,-44,-44,-44,"-44",-44,-44,-44,-44,"-44",-44,-44,-44,-44,"-44",-44,"-44",-44,"-44",-44,-44,-44,-44,2,2,-44,-44,-44,-44,-44,"-44",-44,-44,-44,-44,-44,"-44",-44,-44,-44,-44,-44,-44,-44,-44,-44,-44,-44,-44,-44,-44,-44,-44,-44,-44,-44,-44,-44,-44,2,2,-44,-44,3,2,5,4,4,1,5,5,3,2,1,1,5,1,2,2,1,2,3,1,1,3,3,3,3,1,1,1,3,3,4,"-44",2,2,2,1,2,2,4,1,0,4,0,4,4,3,1,0,0,0,1,4,4,0,1,0,4,1,12,166,47983100,74640400,863116800,12,166,67843000,113610900,1677507600,80,1,1,1,4,"MOMBASA",8,"-44","-44",166,113,202,1,-44,1,-44,7,3.35669994354248,"Kenya"
98369,2,2,"M1 through M5",-44,-44,"M6",-44,-44,"-44",2,-44,2000,2,"-44",1,8,130,100,30,20,15,5,1,10,8,12,50,20,0,1,5,3,5,40,40,0,2,-44,-44,-44,-44,-44,-44,1,15,13,15,33.3333333333333,0,1,20,5,10,25,0,1,45,35,45,22.2222222222222,0,2,-44,-44,-44,-44,-44,2,-44,-44,-44,-44,-44,1,50,35,45,10,0,1,5,3,6,60,0,1,1,2,1,1,1,1,2,"-44",1,1,2,1,1,1,1,2,"-44",2,-44,-44,-44,-44,-44,-44,-44,"-44",1,1,2,1,1,2,2,2,"-44",1,1,1,1,1,1,1,2,"-44",1,1,1,1,1,1,1,2,"-44",2,-44,-44,-44,-44,-44,-44,-44,"-44",2,-44,-44,-44,-44,-44,-44,-44,"-44",1,1,2,1,1,1,1,2,"-44",1,1,1,2,2,2,1,2,"-44",1,1,2,1,"Managers",1,1,1,2,2,1,1,4,"Clerical and support workers","Managers","Clerical and support workers",1,2,2,2,2,2,1,1,2,1,2,1,2,2,2,2,1,2,1,1,50,50,50,50,10,5,6,5,2,1,80000,10000,1,1,1,1,5,-44,-44,-44,-44,-44,-44,-44,5,-44,-44,-44,-44,-44,-44,-44,1,1,1,1,2,1,1,1,2,2,2,2,2,1,2,1,1,1,480000,60000,1,1,0,0,6,4,1,2,1,1,35,25,1,2,2,2,3,2,2,2,2,2,2,2,2,2,-44,-44,-44,-44,-44,-44,-44,-44,-44,-44,-44,-44,1,4,3,4,2,4,4,4,4,4,4,4,2,2,3,2,2,2,2,2,2,2,2,-44,-44,-44,-44,-44,-44,-44,-44,-44,-44,-44,2,3,4,4,4,4,4,4,4,1,4,1,1,1,2,2,2,2,2,"-44",1,2,2,2,2,2,"-44",2,2,-44,-44,2,2,-44,-44,-44,-44,"-44",-44,-44,-44,-44,"-44",-44,-44,-44,-44,"-44",-44,-44,-44,-44,"-44",-44,-44,-44,-44,"-44",-44,-44,-44,-44,"-44",-44,"-44",-44,"-44",-44,-44,-44,-44,2,2,-44,-44,-44,-44,-44,"-44",-44,-44,-44,-44,-44,"-44",-44,-44,-44,-44,-44,-44,-44,-44,-44,-44,-44,-44,-44,-44,-44,-44,-44,-44,-44,-44,-44,-44,2,2,-44,-44,5,5,4,5,4,1,5,5,5,4,4,1,1,1,1,1,3,3,3,3,3,3,3,3,3,3,3,3,3,3,2,"-44",2,1,2,1,1,2,2,3,1,3,1,2,2,2,3,2,2,2,1,1,3,2,2,2,2,1,8,30,500000,40000,2000000,8,40,900000,500000,3000000,100,1,2,1,4,"MOMBASA",8,"-44","-44",150,104,999,2,-44,1,-44,7,3.35669994354248,"Kenya"
98328,1,2,"M1 through M5",-44,-44,"M6",-44,-44,"-44",1,1999,2004,2,"-44",1,8,300,267,33,0,0,0,1,20,10,20,25,50,0,1,10,7,10,50,30,0,2,-44,-44,-44,-44,-44,-44,1,50,40,40,20,0,1,25,10,20,20,0,1,20,20,20,25,0,2,-44,-44,-44,-44,-44,2,-44,-44,-44,-44,-44,1,150,120,100,0,0,1,25,10,20,12,0,1,1,1,1,1,1,1,2,"-44",1,1,1,1,1,2,2,2,"-44",2,-44,-44,-44,-44,-44,-44,-44,"-44",1,1,1,1,1,2,1,2,"-44",1,1,1,1,1,2,2,2,"-44",1,1,1,2,2,2,2,2,"-44",2,-44,-44,-44,-44,-44,-44,-44,"-44",2,-44,-44,-44,-44,-44,-44,-44,"-44",1,1,2,1,1,1,1,2,"-44",1,1,1,1,1,1,1,2,"-44",1,1,2,2,"Professionals",1,1,1,2,2,1,1,4,"Clerical and support workers","Professionals","Clerical and support workers",1,1,1,1,1,2,2,1,2,1,1,1,1,1,2,2,1,2,1,1,70,50,50,50,30,10,6,5,1,2,35000,15000,1,2,2,2,1,5,-44,2,1,2,-44,-44,1,5,-44,2,1,2,-44,-44,1,2,1,2,2,2,1,1,2,2,2,2,2,2,2,1,1,1,210000,90000,2,2,0,0,6,5,1,1,1,1,35,30,1,2,2,2,3,2,2,2,2,2,2,2,2,2,-44,-44,-44,-44,-44,-44,-44,-44,-44,-44,-44,-44,4,1,4,4,4,2,3,4,4,4,4,4,2,2,3,2,2,2,2,2,2,2,2,-44,-44,-44,-44,-44,-44,-44,-44,-44,-44,-44,4,4,4,1,4,3,2,4,4,4,4,1,1,1,2,2,2,1,2,"-44",1,2,2,2,2,2,"-44",2,2,-44,-44,2,2,-44,-44,-44,-44,"-44",-44,-44,-44,-44,"-44",-44,-44,-44,-44,"-44",-44,-44,-44,-44,"-44",-44,-44,-44,-44,"-44",-44,-44,-44,-44,"-44",-44,"-44",-44,"-44",-44,-44,-44,-44,2,2,-44,-44,-44,-44,-44,"-44",-44,-44,-44,-44,-44,"-44",-44,-44,-44,-44,-44,-44,-44,-44,-44,-44,-44,-44,-44,-44,-44,-44,-44,-44,-44,-44,-44,-44,2,2,-44,-44,4,4,4,4,4,1,4,3,3,4,3,4,4,4,1,1,3,3,3,3,3,3,3,3,3,3,3,3,4,3,2,"-44",1,1,2,1,1,2,2,3,1,1,2,2,2,3,3,2,3,2,3,3,2,2,1,3,3,1,12,270,4000000,1000000,15000000,12,260,4000000,90000000,200000000,100,2,2,2,4,"MOMBASA",8,"-44","-44",300,104,999,1,-44,1,-44,7,3.35669994354248,"Kenya"
98387,1,2,"M1 through M5",-44,-44,"M6",-44,-44,"-44",1,1929,1963,2,"-44",1,3,300,200,100,150,130,20,1,50,30,50,20,40,0,1,50,40,60,30,20,0,1,30,20,40,33.3333333333333,33.3333333333333,0,1,30,15,40,66.6666666666667,0,1,40,30,30,50,0,1,100,70,100,20,0,2,-44,-44,-44,-44,-44,1,50,40,50,20,0,1,50,35,50,10,0,1,50,40,50,20,0,1,1,1,1,1,2,2,2,"-44",1,1,1,1,1,1,1,2,"-44",1,1,1,1,1,1,1,2,"-44",1,1,2,1,2,2,1,2,"-44",1,1,1,1,1,1,1,2,"-44",1,1,1,1,1,1,1,2,"-44",2,-44,-44,-44,-44,-44,-44,-44,"-44",1,1,1,2,2,2,2,2,"-44",1,1,1,1,1,1,1,2,"-44",1,1,1,1,1,2,2,2,"-44",1,1,1,3,"Technicians and associate professionals",1,1,1,2,1,1,1,8,"Construction, craft, and related trade w","Technicians and associate professionals","Construction, craft, and related trade w",1,2,1,2,2,1,1,1,2,1,1,1,2,2,1,1,1,2,1,1,70,50,50,50,10,20,6,5,1,1,60000,30000,2,2,2,2,2,1,5,2,1,2,1,2,1,5,-44,2,1,2,-44,-44,2,1,1,2,2,2,1,1,1,2,2,2,2,2,2,2,1,1,360000,180000,2,2,30,0,6,5,1,1,1,1,30,35,1,1,2,2,3,2,2,2,2,2,2,2,2,2,-44,-44,-44,-44,-44,-44,-44,-44,-44,-44,-44,-44,4,1,4,3,2,4,4,4,4,4,4,4,2,2,3,2,2,2,2,2,2,2,2,-44,-44,-44,-44,-44,-44,-44,-44,-44,-44,-44,4,1,4,4,4,3,4,4,4,2,4,1,1,1,2,2,2,1,2,"-44",1,2,2,2,1,2,"-44",2,2,-44,-44,2,2,-44,-44,-44,-44,"-44",-44,-44,-44,-44,"-44",-44,-44,-44,-44,"-44",-44,-44,-44,-44,"-44",-44,-44,-44,-44,"-44",-44,-44,-44,-44,"-44",-44,"-44",-44,"-44",-44,-44,-44,-44,2,2,-44,-44,-44,-44,-44,"-44",-44,-44,-44,-44,-44,"-44",-44,-44,-44,-44,-44,-44,-44,-44,-44,-44,-44,-44,-44,-44,-44,-44,-44,-44,-44,-44,-44,-44,2,2,-44,-44,4,4,4,4,4,1,5,5,5,5,5,1,1,1,1,3,3,3,3,3,3,3,3,3,3,3,3,3,5,4,2,"-44",1,1,1,1,1,2,4,3,1,3,3,2,1,1,3,3,2,2,2,2,3,3,1,3,3,1,11,300,3000000,5000000,300000000,11,400,5000000,6000000,40000000,100,2,2,2,4,"MOMBASA",3,"-44","-44",450,104,999,1,-44,1,-44,7,3.35669994354248,"Kenya"
99180,1,2,"M1 through M5",-44,-44,"M6",-44,-44,"-44",2,-44,1974,3,"-44",1,3,80,55,25,36,21,15,1,3,3,3,33.3333333333333,0,0,2,-44,-44,-44,-44,-44,-44,1,15,11,15,40,0,0,1,12,10,12,66.6666666666667,0,1,68,60,68,26.4705882352941,0,1,3,3,3,0,0,2,-44,-44,-44,-44,-44,1,8,8,8,50,0,1,4,4,4,25,0,1,3,3,3,66.6666666666667,0,2,-44,-44,-44,-44,-44,-44,-44,"-44",2,-44,-44,-44,-44,-44,-44,-44,"-44",1,1,2,2,2,2,2,2,"-44",1,1,2,2,2,2,2,2,"-44",1,1,1,1,2,2,2,2,"-44",2,-44,-44,-44,-44,-44,-44,-44,"-44",2,-44,-44,-44,-44,-44,-44,-44,"-44",2,-44,-44,-44,-44,-44,-44,-44,"-44",2,-44,-44,-44,-44,-44,-44,-44,"-44",1,1,2,2,2,2,2,2,"-44",1,2,1,3,"Technicians and associate professionals",1,1,1,2,1,1,1,6,"Sales workers","Technicians and associate professionals","Sales workers",2,2,2,2,2,2,1,2,2,2,2,2,2,2,2,1,2,2,1,2,80,-44,-44,-44,10,-44,5,5,1,1,30000,18000,2,2,1,1,5,-44,-44,-44,-44,-44,-44,-44,5,-44,-44,-44,-44,-44,-44,-44,2,2,2,1,2,1,1,2,2,2,2,2,1,1,2,2,3,3,40000,22000,2,2,0,8,5,5,1,1,1,1,40,30,1,1,2,2,2,2,2,2,2,2,2,2,2,2,-44,-44,-44,-44,-44,-44,-44,-44,-44,-44,-44,-44,4,4,4,4,4,2,1,3,4,4,4,4,2,2,2,2,2,2,2,2,2,2,2,-44,-44,-44,-44,-44,-44,-44,-44,-44,-44,-44,4,4,4,4,2,1,4,3,4,4,4,2,2,-44,-44,-44,-44,-44,-44,"-44",-44,-44,-44,-44,-44,-44,"-44",1,2,100,-44,2,2,-44,-44,-44,-44,"-44",-44,-44,-44,-44,"-44",-44,-44,-44,-44,"-44",-44,-44,-44,-44,"-44",-44,-44,-44,-44,"-44",-44,-44,-44,-44,"-44",-44,"-44",-44,"-44",-44,-44,-44,-44,2,2,-44,-44,-44,-44,-44,"-44",-44,-44,-44,-44,-44,"-44",-44,-44,-44,-44,-44,-44,-44,-44,-44,-44,-44,-44,-44,-44,-44,-44,-44,-44,-44,-44,-44,-44,1,2,3,-44,2,4,1,2,4,2,-44,-44,-44,-44,-44,2,4,3,3,3,3,3,3,3,1,3,3,1,1,3,3,3,3,3,1,"-44",2,1,1,1,2,2,2,2,2,0,1,1,1,2,2,0,1,0,1,1,2,1,0,0,2,1,11,110,19800000,6000000,70000000,11,110,19800000,6000000,75000000,40,1,2,1,4,"MOMBASA",3,"-44","-44",116,113,202,1,-44,1,-44,7,3.35669994354248,"Kenya"
99179,1,2,"M1 through M5",-44,-44,"M6",-44,-44,"-44",2,-44,2000,4,"-44",1,3,16,10,6,0,0,0,1,1,1,2,0,0,0,1,2,2,5,0,0,0,2,-44,-44,-44,-44,-44,-44,2,-44,-44,-44,-44,-44,1,3,3,10,33.3333333333333,0,1,9,9,15,55.5555555555556,0,1,1,1,5,0,0,2,-44,-44,-44,-44,-44,2,-44,-44,-44,-44,-44,2,-44,-44,-44,-44,-44,2,-44,-44,-44,-44,-44,-44,-44,"-44",1,1,2,2,2,2,2,2,"-44",2,-44,-44,-44,-44,-44,-44,-44,"-44",2,-44,-44,-44,-44,-44,-44,-44,"-44",1,1,2,2,2,2,2,2,"-44",2,-44,-44,-44,-44,-44,-44,-44,"-44",2,-44,-44,-44,-44,-44,-44,-44,"-44",2,-44,-44,-44,-44,-44,-44,-44,"-44",2,-44,-44,-44,-44,-44,-44,-44,"-44",2,-44,-44,-44,-44,-44,-44,-44,"-44",1,1,2,2,"Professionals",2,1,1,1,2,2,2,5,"Service workers","Professionals","Service workers",2,1,2,2,2,2,2,2,2,2,2,2,2,2,2,2,2,2,2,1,-44,20,80,20,-44,30,6,5,1,2,45000,23000,2,2,1,2,1,2,5,2,1,2,1,2,1,2,5,1,2,2,2,1,1,1,2,1,2,1,1,1,1,1,2,2,1,2,3,3,3,3,45000,10000,2,2,12,48,6,5,1,1,1,1,35,26,1,2,2,2,2,2,2,2,2,2,2,2,2,2,-44,-44,-44,-44,-44,-44,-44,-44,-44,-44,-44,-44,3,4,4,4,2,4,1,4,4,4,4,4,2,2,1,2,1,1,1,2,2,2,2,-44,-44,2,-44,2,2,2,-44,-44,-44,-44,3,4,4,4,4,1,4,2,4,4,4,2,2,-44,-44,-44,-44,-44,-44,"-44",-44,-44,-44,-44,-44,-44,"-44",2,2,-44,-44,2,2,-44,-44,-44,-44,"-44",-44,-44,-44,-44,"-44",-44,-44,-44,-44,"-44",-44,-44,-44,-44,"-44",-44,-44,-44,-44,"-44",-44,-44,-44,-44,"-44",-44,"-44",-44,"-44",-44,-44,-44,-44,2,2,-44,-44,-44,-44,-44,"-44",-44,-44,-44,-44,-44,"-44",-44,-44,-44,-44,-44,-44,-44,-44,-44,-44,-44,-44,-44,-44,-44,-44,-44,-44,-44,-44,-44,-44,2,2,-44,-44,4,4,4,4,4,2,-44,-44,-44,-44,-44,5,5,5,5,5,3,3,2,3,1,3,2,2,1,1,2,3,4,4,1,"-44",1,2,2,2,2,2,4,1,1,2,1,1,1,2,1,2,1,2,1,2,1,2,1,2,3,2,12,15,2000000,100000,7000000,12,14,3000000,200000,8000000,100,1,2,1,4,"NAKURU",3,"-44","-44",16,114,202,1,-44,1,-44,7,3.35669994354248,"Kenya"
98245,1,2,"M1 through M5",-44,-44,"M6",-44,-44,"-44",1,1969,1969,3,"-44",1,3,110,60,50,90,60,30,1,1,1,1,0,100,0,1,149,149,149,33.5570469798658,100,0,2,-44,-44,-44,-44,-44,-44,2,-44,-44,-44,-44,-44,1,50,50,50,60,0,2,-44,-44,-44,-44,-44,2,-44,-44,-44,-44,-44,2,-44,-44,-44,-44,-44,2,-44,-44,-44,-44,-44,2,-44,-44,-44,-44,-44,1,1,2,2,2,2,2,2,"-44",1,1,2,2,2,2,2,2,"-44",2,-44,-44,-44,-44,-44,-44,-44,"-44",2,-44,-44,-44,-44,-44,-44,-44,"-44",1,1,2,2,2,2,2,2,"-44",2,-44,-44,-44,-44,-44,-44,-44,"-44",2,-44,-44,-44,-44,-44,-44,-44,"-44",2,-44,-44,-44,-44,-44,-44,-44,"-44",2,-44,-44,-44,-44,-44,-44,-44,"-44",2,-44,-44,-44,-44,-44,-44,-44,"-44",1,1,2,2,"Professionals",2,1,2,2,2,2,2,5,"Service workers","Professionals","Service workers",1,2,2,2,2,2,2,2,2,1,2,1,2,2,2,1,2,2,1,1,50,50,50,50,14,14,6,6,1,1,20000,20000,1,1,2,2,2,5,-44,-44,-44,-44,1,2,2,5,-44,-44,-44,-44,1,2,2,2,2,2,2,2,1,2,2,2,2,2,2,1,1,1,1,1,20000,22000,1,1,0,0,5,5,1,1,1,1,24,26,1,1,2,2,3,2,2,2,2,2,2,2,3,2,-44,-44,-44,-44,-44,-44,-44,-44,-44,-44,-44,-44,1,4,4,4,4,2,4,3,4,4,4,4,2,2,3,2,2,2,2,2,2,2,2,-44,-44,-44,-44,-44,-44,-44,-44,-44,-44,-44,1,4,4,4,2,4,3,4,4,4,4,1,1,2,1,2,2,2,2,"-44",2,1,2,2,2,2,"-44",2,2,-44,-44,2,2,-44,-44,-44,-44,"-44",-44,-44,-44,-44,"-44",-44,-44,-44,-44,"-44",-44,-44,-44,-44,"-44",-44,-44,-44,-44,"-44",-44,-44,-44,-44,"-44",-44,"-44",-44,"-44",-44,-44,-44,-44,2,2,-44,-44,-44,-44,-44,"-44",-44,-44,-44,-44,-44,"-44",-44,-44,-44,-44,-44,-44,-44,-44,-44,-44,-44,-44,-44,-44,-44,-44,-44,-44,-44,-44,-44,-44,2,2,-44,-44,4,4,4,4,4,2,-44,-44,-44,-44,-44,2,2,2,2,2,2,2,1,3,3,3,3,3,3,3,3,3,3,3,1,"-44",2,1,1,1,1,2,0,0,0,0,0,0,0,0,0,0,0,0,0,0,0,0,0,0,0,2,1,200,400000,300000,800000,1,200,450000,300000,900000,0,2,2,3,2,"MOMBASA",3,"-44","-44",200,110,999,1,-44,1,-44,7,3.35669994354248,"Kenya"
98326,2,2,"M1 through M5",-44,-44,"M6",-44,-44,"-44",2,-44,1999,2,"-44",1,3,150,100,50,50,30,20,1,10,7,15,30,30,0,1,5,3,7,40,40,0,2,-44,-44,-44,-44,-44,-44,1,20,15,30,50,0,1,20,30,50,100,0,1,50,40,70,46,0,2,-44,-44,-44,-44,-44,2,-44,-44,-44,-44,-44,1,45,30,50,4.44444444444444,0,1,50,30,50,20,0,1,1,2,1,1,2,2,2,"-44",1,1,2,2,2,2,2,2,"-44",2,-44,-44,-44,-44,-44,-44,-44,"-44",1,1,2,1,1,2,1,2,"-44",1,1,1,1,2,2,2,2,"-44",1,1,2,1,2,1,2,2,"-44",2,-44,-44,-44,-44,-44,-44,-44,"-44",2,-44,-44,-44,-44,-44,-44,-44,"-44",1,1,1,1,2,1,1,2,"-44",1,1,1,1,2,2,1,2,"-44",1,1,2,2,"Professionals",1,1,1,2,2,1,1,6,"Sales workers","Professionals","Sales workers",2,2,1,2,2,1,1,2,2,2,2,1,2,2,1,1,1,2,1,1,50,30,70,30,20,30,6,6,2,2,40000,28000,2,2,1,1,5,-44,-44,-44,-44,-44,-44,-44,5,-44,-44,-44,-44,-44,-44,-44,1,2,1,1,2,2,2,1,1,2,2,2,1,1,3,2,1,1,240000,168000,1,1,0,0,6,6,1,1,1,1,40,35,2,2,2,2,2,2,2,2,2,2,2,2,2,2,-44,-44,-44,-44,-44,-44,-44,-44,-44,-44,-44,-44,1,2,4,3,4,4,4,4,4,4,4,4,2,2,3,2,2,2,2,2,2,2,2,-44,-44,-44,-44,-44,-44,-44,-44,-44,-44,-44,2,4,4,3,4,4,4,4,4,1,4,2,2,-44,-44,-44,-44,-44,-44,"-44",-44,-44,-44,-44,-44,-44,"-44",2,2,-44,-44,2,2,-44,-44,-44,-44,"-44",-44,-44,-44,-44,"-44",-44,-44,-44,-44,"-44",-44,-44,-44,-44,"-44",-44,-44,-44,-44,"-44",-44,-44,-44,-44,"-44",-44,"-44",-44,"-44",-44,-44,-44,-44,2,2,-44,-44,-44,-44,-44,"-44",-44,-44,-44,-44,-44,"-44",-44,-44,-44,-44,-44,-44,-44,-44,-44,-44,-44,-44,-44,-44,-44,-44,-44,-44,-44,-44,-44,-44,2,2,-44,-44,4,5,5,4,4,2,-44,-44,-44,-44,-44,1,1,1,1,1,3,3,3,3,3,3,3,3,3,3,3,3,3,3,1,"-44",1,1,1,1,1,1,4,4,0,3,3,2,4,4,4,4,2,2,1,1,3,4,1,4,2,1,3,150,5000000,3000000,10000000,3,200,7000000,4000000,20000000,80,2,2,3,2,"MOMBASA",3,"-44","-44",200,104,999,1,-44,1,-44,7,3.35669994354248,"Kenya"
98382,1,3,"M1 through M5",-44,-44,"M6",-44,-44,"-44",2,-44,1981,3,"-44",1,3,50,22,28,104,45,59,1,3,3,3,33.3333333333333,0,0,2,-44,-44,-44,-44,-44,-44,1,14,14,14,78.5714285714286,21.4285714285714,0,1,4,4,4,75,0,1,40,35,40,80,0,1,6,4,6,100,0,2,-44,-44,-44,-44,-44,1,34,34,34,70.5882352941177,0,1,48,48,48,20.8333333333333,0,1,5,5,5,0,0,2,-44,-44,-44,-44,-44,-44,-44,"-44",2,-44,-44,-44,-44,-44,-44,-44,"-44",1,1,2,2,2,2,2,2,"-44",2,-44,-44,-44,-44,-44,-44,-44,"-44",1,1,2,2,2,2,2,2,"-44",1,1,2,2,2,2,2,2,"-44",2,-44,-44,-44,-44,-44,-44,-44,"-44",1,1,2,2,2,2,2,2,"-44",1,1,1,1,2,2,1,2,"-44",2,-44,-44,-44,-44,-44,-44,-44,"-44",1,2,1,1,"Managers",1,1,1,2,1,1,1,8,"Construction, craft, and related trade w","Managers","Construction, craft, and related trade w",2,2,2,2,2,2,1,1,2,2,2,2,2,2,2,2,1,2,2,1,-44,60,40,60,-44,10,6,5,1,2,70000,19000,2,1,1,2,5,-44,-44,-44,-44,-44,-44,-44,5,-44,-44,-44,-44,-44,-44,-44,2,2,2,1,2,1,1,2,2,2,2,2,2,1,2,1,3,3,70000,21000,2,1,4,1,6,5,1,1,1,1,40,35,1,2,2,2,3,2,2,2,2,2,2,2,3,3,-44,-44,-44,-44,-44,-44,-44,-44,-44,-44,-44,-44,4,4,4,4,2,3,1,4,4,4,4,4,2,2,3,2,2,2,2,2,2,3,2,-44,-44,-44,-44,-44,-44,-44,-44,-44,-44,-44,4,4,4,4,2,1,4,3,4,4,4,2,2,-44,-44,-44,-44,-44,-44,"-44",-44,-44,-44,-44,-44,-44,"-44",2,1,-44,17,2,2,-44,-44,-44,-44,"-44",-44,-44,-44,-44,"-44",-44,-44,-44,-44,"-44",-44,-44,-44,-44,"-44",-44,-44,-44,-44,"-44",-44,-44,-44,-44,"-44",-44,"-44",-44,"-44",-44,-44,-44,-44,2,2,-44,-44,-44,-44,-44,"-44",-44,-44,-44,-44,-44,"-44",-44,-44,-44,-44,-44,-44,-44,-44,-44,-44,-44,-44,-44,-44,-44,-44,-44,-44,-44,-44,-44,-44,2,1,-44,3,2,4,2,2,3,2,-44,-44,-44,-44,-44,2,2,2,2,2,3,3,3,3,3,3,3,3,3,3,3,3,4,3,1,"-44",2,1,1,1,2,2,3,1,0,0,0,1,1,3,2,1,1,0,2,1,2,1,0,0,2,1,12,150,26000000,14000000,930000000,12,150,27000000,14000000,100000000,35,2,1,1,3,"MOMBASA",3,"-44","-44",154,113,999,1,-44,1,-44,7,3.35669994354248,"Kenya"
98327,1,2,"M1 through M5",-44,-44,"M6",-44,-44,"-44",2,-44,2002,2,"-44",1,8,15,12,3,0,0,0,1,2,2,3,0,0,0,1,1,1,1,0,0,0,2,-44,-44,-44,-44,-44,-44,1,2,2,3,50,0,1,4,2,3,0,0,1,3,2,4,66.6666666666667,0,2,-44,-44,-44,-44,-44,2,-44,-44,-44,-44,-44,1,3,2,6,0,0,2,-44,-44,-44,-44,-44,2,-44,-44,-44,-44,-44,-44,-44,"-44",2,-44,-44,-44,-44,-44,-44,-44,"-44",2,-44,-44,-44,-44,-44,-44,-44,"-44",1,1,2,1,1,1,2,2,"-44",1,1,2,1,2,1,1,2,"-44",1,1,2,2,2,2,2,2,"-44",2,-44,-44,-44,-44,-44,-44,-44,"-44",2,-44,-44,-44,-44,-44,-44,-44,"-44",1,2,1,1,1,2,1,2,"-44",2,-44,-44,-44,-44,-44,-44,-44,"-44",1,1,2,2,"Professionals",1,1,1,2,2,1,2,4,"Clerical and support workers","Professionals","Clerical and support workers",2,1,1,2,1,2,2,2,2,2,1,1,2,1,2,2,2,2,2,1,-44,50,50,50,-44,5,6,4,1,2,50000,20000,2,2,1,1,1,2,4,2,1,2,1,2,2,4,5,-44,-44,-44,2,1,1,1,1,2,2,2,2,1,1,2,2,1,1,2,2,2,1,1,300000,120000,2,2,0,0,6,4,1,1,1,1,26,28,1,2,2,2,1,1,2,2,2,2,2,2,2,2,-44,-44,2,1,-44,-44,-44,-44,-44,-44,-44,-44,1,2,3,4,4,4,4,4,4,4,4,4,2,2,1,2,2,2,2,2,2,2,2,-44,-44,2,-44,-44,-44,-44,-44,-44,-44,-44,4,1,2,4,3,4,4,4,4,4,4,1,1,1,2,2,2,2,2,"-44",1,2,2,2,2,2,"-44",2,2,-44,-44,2,2,-44,-44,-44,-44,"-44",-44,-44,-44,-44,"-44",-44,-44,-44,-44,"-44",-44,-44,-44,-44,"-44",-44,-44,-44,-44,"-44",-44,-44,-44,-44,"-44",-44,"-44",-44,"-44",-44,-44,-44,-44,2,2,-44,-44,-44,-44,-44,"-44",-44,-44,-44,-44,-44,"-44",-44,-44,-44,-44,-44,-44,-44,-44,-44,-44,-44,-44,-44,-44,-44,-44,-44,-44,-44,-44,-44,-44,2,2,-44,-44,2,5,5,4,5,1,4,4,5,5,4,1,1,1,2,2,3,3,3,3,1,3,1,1,3,3,3,1,4,5,4,"-44",1,1,2,1,1,2,1,4,1,3,2,1,1,1,3,2,1,1,1,1,3,3,1,2,1,2,1,8,5000000,2400000,500000000,1,8,6000000,240000,10000000,100,1,2,1,4,"MOMBASA",8,"-44","-44",15,104,999,1,-44,1,-44,7,3.35669994354248,"Kenya"
98378,1,2,"M1 through M5",-44,-44,"M6",-44,-44,"-44",1,1987,1987,4,"-44",1,3,200,178,22,70,50,20,1,3,3,3,0,100,0,1,152,152,152,14.4736842105263,100,0,1,32,32,32,37.5,100,0,1,10,10,10,80,0,1,17,17,17,0,0,1,26,26,26,0,0,2,-44,-44,-44,-44,-44,2,-44,-44,-44,-44,-44,1,10,10,10,0,0,1,20,20,20,0,0,2,-44,-44,-44,-44,-44,-44,-44,"-44",1,1,2,1,1,2,2,2,"-44",1,1,2,2,2,2,2,2,"-44",2,-44,-44,-44,-44,-44,-44,-44,"-44",2,-44,-44,-44,-44,-44,-44,-44,"-44",1,1,2,2,2,2,2,2,"-44",2,-44,-44,-44,-44,-44,-44,-44,"-44",2,-44,-44,-44,-44,-44,-44,-44,"-44",1,1,2,2,2,2,2,2,"-44",1,1,2,2,2,2,2,2,"-44",1,1,1,2,"Professionals",1,1,1,2,2,1,1,10,"Elementary occupations","Professionals","Elementary occupations",1,2,1,1,2,2,1,2,2,1,1,2,2,2,2,2,1,2,2,2,-44,-44,-44,-44,-44,-44,5,5,1,1,35000,17000,2,2,2,2,2,5,-44,-44,-44,-44,1,2,2,5,-44,-44,-44,-44,1,2,2,2,2,2,2,2,1,2,2,2,2,2,2,1,3,1,2,2,35000,20000,2,2,0,0,5,5,1,1,1,1,30,30,1,1,2,2,3,2,2,2,2,2,2,2,1,2,-44,-44,-44,-44,-44,-44,-44,-44,-44,-44,2,-44,1,4,4,4,4,2,3,4,4,4,4,4,1,2,3,2,2,2,2,2,2,1,2,2,-44,-44,-44,-44,-44,-44,-44,-44,2,-44,4,4,4,1,2,4,3,4,4,4,4,1,1,2,1,2,2,2,2,"-44",2,1,2,2,2,2,"-44",1,1,100,100,2,2,-44,-44,-44,-44,"-44",-44,-44,-44,-44,"-44",-44,-44,-44,-44,"-44",-44,-44,-44,-44,"-44",-44,-44,-44,-44,"-44",-44,-44,-44,-44,"-44",-44,"-44",-44,"-44",-44,-44,-44,-44,2,2,-44,-44,-44,-44,-44,"-44",-44,-44,-44,-44,-44,"-44",-44,-44,-44,-44,-44,-44,-44,-44,-44,-44,-44,-44,-44,-44,-44,-44,-44,-44,-44,-44,-44,-44,1,1,3,1,4,4,4,4,4,2,-44,-44,-44,-44,-44,2,2,2,2,2,3,3,3,3,3,3,1,1,1,1,3,1,3,3,2,"-44",1,1,1,1,1,1,0,0,0,0,1,1,1,1,2,0,0,0,0,0,0,0,0,0,0,1,1,215,3000000,2500000,15000000,1,270,4600000,9500000,17500000,0,2,2,2,3,"MOMBASA",3,"-44","-44",270,110,999,1,-44,1,-44,7,3.35669994354248,"Kenya"
98399,1,2,"M1 through M5",-44,-44,"M6",-44,-44,"-44",1,2004,2004,1,"-44",1,15,89,60,29,0,0,0,1,2,2,2,0,100,0,1,65,65,65,23.0769230769231,100,0,2,-44,-44,-44,-44,-44,-44,1,2,2,2,100,0,1,5,5,5,100,0,2,-44,-44,-44,-44,-44,2,-44,-44,-44,-44,-44,2,-44,-44,-44,-44,-44,1,5,5,5,0,0,1,10,10,15,70,0,1,1,2,2,2,1,2,2,"-44",1,1,1,2,2,2,2,2,"-44",2,-44,-44,-44,-44,-44,-44,-44,"-44",2,-44,-44,-44,-44,-44,-44,-44,"-44",2,-44,-44,-44,-44,-44,-44,-44,"-44",2,-44,-44,-44,-44,-44,-44,-44,"-44",2,-44,-44,-44,-44,-44,-44,-44,"-44",2,-44,-44,-44,-44,-44,-44,-44,"-44",2,-44,-44,-44,-44,-44,-44,-44,"-44",1,1,2,2,2,2,2,2,"-44",1,1,2,2,"Professionals",1,1,2,2,2,1,1,4,"Clerical and support workers","Professionals","Clerical and support workers",1,2,2,2,2,2,2,1,2,1,2,2,2,2,2,2,1,2,2,2,-44,-44,-44,-44,-44,-44,5,5,2,1,32000,15000,2,2,2,2,5,-44,-44,-44,-44,-44,-44,-44,1,2,5,2,1,2,1,2,2,2,2,2,2,2,1,2,2,2,2,2,1,1,2,1,1,1,35000,15000,1,1,0,0,5,5,1,1,1,1,29,25,1,1,1,2,3,2,2,2,2,2,2,2,1,2,1,-44,-44,-44,-44,-44,-44,-44,-44,-44,2,-44,4,4,4,4,4,1,2,3,4,4,4,4,1,2,3,2,2,2,2,2,2,3,2,2,-44,-44,-44,-44,-44,-44,-44,-44,-44,-44,4,4,4,4,1,2,4,3,4,4,4,2,2,-44,-44,-44,-44,-44,-44,"-44",-44,-44,-44,-44,-44,-44,"-44",1,1,100,100,2,2,-44,-44,-44,-44,"-44",-44,-44,-44,-44,"-44",-44,-44,-44,-44,"-44",-44,-44,-44,-44,"-44",-44,-44,-44,-44,"-44",-44,-44,-44,-44,"-44",-44,"-44",-44,"-44",-44,-44,-44,-44,2,2,-44,-44,-44,-44,-44,"-44",-44,-44,-44,-44,-44,"-44",-44,-44,-44,-44,-44,-44,-44,-44,-44,-44,-44,-44,-44,-44,-44,-44,-44,-44,-44,-44,-44,-44,1,1,3,3,4,4,4,4,4,2,-44,-44,-44,-44,-44,2,2,2,2,2,3,3,3,3,3,3,3,3,3,3,3,3,4,5,1,"-44",2,1,1,1,1,2,0,0,0,1,1,1,1,1,1,1,1,0,0,0,0,0,2,0,0,1,1,89,1500000,600000,3400000,1,89,1500000,650000,3400000,0,2,2,3,2,"MOMBASA",15,"-44","-44",89,110,999,1,-44,1,-44,7,3.35669994354248,"Kenya"
98337,2,2,"M1 through M5",-44,-44,"M6",-44,-44,"-44",1,1950,2001,2,"-44",1,3,400,350,50,90,90,0,1,50,30,70,20,40,0,1,20,15,20,25,25,0,1,100,70,70,10,30,0,1,100,30,60,5,0,1,70,50,70,14.2857142857143,0,1,20,15,20,10,0,2,-44,-44,-44,-44,-44,2,-44,-44,-44,-44,-44,1,70,60,70,7.14285714285714,0,1,60,40,60,5,0,1,1,2,1,1,1,2,2,"-44",1,1,1,1,2,2,2,2,"-44",1,1,2,1,2,2,2,2,"-44",1,1,2,1,2,2,2,2,"-44",1,1,1,2,2,2,2,2,"-44",1,1,2,1,2,2,2,2,"-44",2,-44,-44,-44,-44,-44,-44,-44,"-44",2,-44,-44,-44,-44,-44,-44,-44,"-44",1,1,2,1,2,2,2,2,"-44",1,1,2,2,1,2,2,2,"-44",1,1,1,2,"Professionals",1,1,1,2,2,1,1,5,"Service workers","Professionals","Service workers",2,2,1,2,2,1,2,2,2,2,2,1,2,2,2,2,1,2,1,1,70,40,60,40,10,5,6,4,2,1,40000,10000,2,2,1,2,5,-44,-44,-44,-44,-44,-44,-44,1,5,-44,2,1,2,-44,-44,1,2,1,2,2,2,1,2,1,2,2,2,2,1,3,1,1,3,240000,60000,2,2,0,0,6,4,1,2,1,1,33,27,2,1,2,2,1,1,2,2,2,2,2,2,2,2,-44,-44,3,2,-44,-44,-44,-44,-44,-44,-44,-44,1,4,4,2,4,3,4,4,4,4,4,4,2,2,1,2,2,2,1,2,1,2,2,-44,-44,3,-44,-44,-44,1,-44,1,-44,-44,4,3,4,4,4,4,2,4,1,4,4,2,2,-44,-44,-44,-44,-44,-44,"-44",-44,-44,-44,-44,-44,-44,"-44",2,2,-44,-44,2,2,-44,-44,-44,-44,"-44",-44,-44,-44,-44,"-44",-44,-44,-44,-44,"-44",-44,-44,-44,-44,"-44",-44,-44,-44,-44,"-44",-44,-44,-44,-44,"-44",-44,"-44",-44,"-44",-44,-44,-44,-44,2,2,-44,-44,-44,-44,-44,"-44",-44,-44,-44,-44,-44,"-44",-44,-44,-44,-44,-44,-44,-44,-44,-44,-44,-44,-44,-44,-44,-44,-44,-44,-44,-44,-44,-44,-44,2,2,-44,-44,5,3,3,4,3,2,-44,-44,-44,-44,-44,2,1,1,1,1,3,3,3,3,3,3,3,3,3,3,3,3,4,4,2,"-44",1,1,1,1,1,1,3,3,1,1,2,2,2,2,2,2,2,2,1,1,4,2,3,2,2,1,6,200,3000000,1000000,200000000,6,370,50000000,20000000,2500000000,70,1,2,3,4,"MOMBASA",3,"-44","-44",490,104,999,1,-44,1,-44,7,3.35669994354248,"Kenya"
27048,2,2,"M1 through M5",-44,-44,"M6",-44,-44,"-44",2,-44,1989,1,"-44",1,13,8,7,1,2,1,1,1,1,1,1,0,0,0,2,-44,-44,-44,-44,-44,-44,2,-44,-44,-44,-44,-44,-44,2,-44,-44,-44,-44,-44,2,-44,-44,-44,-44,-44,2,-44,-44,-44,-44,-44,2,-44,-44,-44,-44,-44,1,9,5,9,22.2222222222222,0,2,-44,-44,-44,-44,-44,2,-44,-44,-44,-44,-44,1,1,1,1,1,1,2,2,"-44",2,-44,-44,-44,-44,-44,-44,-44,"-44",2,-44,-44,-44,-44,-44,-44,-44,"-44",2,-44,-44,-44,-44,-44,-44,-44,"-44",2,-44,-44,-44,-44,-44,-44,-44,"-44",2,-44,-44,-44,-44,-44,-44,-44,"-44",2,-44,-44,-44,-44,-44,-44,-44,"-44",1,1,2,1,2,1,1,2,"-44",2,-44,-44,-44,-44,-44,-44,-44,"-44",2,-44,-44,-44,-44,-44,-44,-44,"-44",1,2,2,1,"Managers",2,2,2,2,1,2,2,8,"Construction, craft, and related trade w","Managers","Construction, craft, and related trade w",2,2,2,1,2,2,1,1,1,2,2,1,1,2,2,2,1,2,1,1,90,70,30,70,20,30,5,4,1,2,21000,10000,2,2,1,2,3,1,2,2,2,1,1,2,3,2,1,2,1,2,2,1,1,1,1,1,1,2,1,2,2,2,2,2,2,1,3,1,1,3,21000,11000,2,2,7,4,5,3,1,2,1,1,48,36,1,2,2,2,3,2,2,2,2,1,1,2,2,1,-44,-44,-44,-44,-44,-44,-44,1,1,-44,-44,1,1,2,4,4,4,3,4,4,4,4,4,4,1,2,3,2,1,2,2,2,2,3,3,1,-44,-44,-44,1,-44,-44,-44,-44,-44,-44,4,4,4,1,4,4,4,3,4,4,2,2,1,-44,-44,-44,-44,-44,-44,"-44",2,2,2,1,2,2,"-44",2,1,-44,20,2,2,-44,-44,-44,-44,"-44",-44,-44,-44,-44,"-44",-44,-44,-44,-44,"-44",-44,-44,-44,-44,"-44",-44,-44,-44,-44,"-44",-44,-44,-44,-44,"-44",-44,"-44",-44,"-44",-44,-44,-44,-44,2,2,-44,-44,-44,-44,-44,"-44",-44,-44,-44,-44,-44,"-44",-44,-44,-44,-44,-44,-44,-44,-44,-44,-44,-44,-44,-44,-44,-44,-44,-44,-44,-44,-44,-44,-44,2,1,-44,888997,4,3,4,5,4,2,-44,-44,-44,-44,-44,2,4,1,2,4,3,3,3,1,3,1,2,3,3,1,2,3,2,3,2,"-44",2,2,2,2,1,2,0,3,2,1,0,0,3,3,3,0,1,2,2,1,1,0,3,1,3,1,11,12,567000,1365000,2418000,11,10,437000,1620000,2496000,100,1,2,1,4,"MOMBASA",13,"-44","-44",10,112,999,1,-44,1,-44,8,13.5625,"Kenya"
27074,1,2,"M1 through M5",-44,-44,"M6",-44,-44,"-44",2,-44,1997,1,"-44",1,14,10,4,6,0,0,0,1,1,1,1,0,0,0,1,2,1,2,100,50,0,1,1,1,1,100,0,0,1,1,0,2,100,0,2,-44,-44,-44,-44,-44,1,2,2,2,100,0,2,-44,-44,-44,-44,-44,2,-44,-44,-44,-44,-44,1,2,1,7,0,0,1,1,0,1,0,0,1,1,2,2,2,2,2,2,"-44",1,1,1,2,2,1,1,2,"-44",1,1,2,1,1,1,2,2,"-44",1,1,2,2,2,2,2,2,"-44",2,-44,-44,-44,-44,-44,-44,-44,"-44",1,1,2,2,2,2,2,2,"-44",2,-44,-44,-44,-44,-44,-44,-44,"-44",2,-44,-44,-44,-44,-44,-44,-44,"-44",1,2,2,2,2,2,2,2,"-44",1,1,2,2,2,2,2,2,"-44",1,1,1,2,"Professionals",1,2,1,2,2,1,1,10,"Elementary occupations","Professionals","Elementary occupations",2,1,2,2,2,2,2,1,2,2,2,2,2,2,2,2,1,2,1,1,60,20,80,20,45,3,6,3,1,1,67000,16000,2,2,1,1,3,1,5,2,2,1,-44,-44,2,1,3,2,1,2,1,2,1,1,1,1,2,2,1,2,2,2,2,2,2,1,2,1,1,1,56000,16000,2,2,18,6,6,3,1,2,1,1,59,34,1,1,2,1,2,1,2,2,2,2,2,3,1,1,-44,1,-44,1,-44,-44,-44,-44,-44,-44,3,1,1,4,4,2,4,4,4,4,4,3,4,4,3,2,3,1,1,2,3,2,2,3,2,-44,-44,-44,2,2,-44,-44,-44,-44,-44,-44,4,4,4,3,1,4,4,2,4,4,4,2,2,-44,-44,-44,-44,-44,-44,"-44",-44,-44,-44,-44,-44,-44,"-44",1,2,35,-44,2,2,-44,-44,-44,-44,"-44",-44,-44,-44,-44,"-44",-44,-44,-44,-44,"-44",-44,-44,-44,-44,"-44",-44,-44,-44,-44,"-44",-44,-44,-44,-44,"-44",-44,"-44",-44,"-44",-44,-44,-44,-44,2,2,-44,-44,-44,-44,-44,"-44",-44,-44,-44,-44,-44,"-44",-44,-44,-44,-44,-44,-44,-44,-44,-44,-44,-44,-44,-44,-44,-44,-44,-44,-44,-44,-44,-44,-44,1,2,4,-44,3,2,2,4,5,2,-44,-44,-44,-44,-44,5,1,2,4,4,3,2,3,3,1,3,3,3,1,3,3,3,3,4,1,"-44",2,1,1,2,1,1,0,0,0,0,0,0,2,1,1,2,4,1,3,0,1,1,1,3,0,2,6,12,12480000,10800000,21620000,6,10,13580000,13080000,29160000,50,2,1,2,4,"NAKURU",14,"-44","-44",10,113,999,1,-44,1,-44,8,13.5625,"Kenya"
98297,1,3,"M1 through M5",-44,-44,"M6",-44,-44,"-44",2,-44,1959,4,"-44",1,19,5,3,2,0,0,0,1,1,1,1,0,0,0,1,1,1,1,100,0,0,2,-44,-44,-44,-44,-44,-44,1,2,2,2,50,0,2,-44,-44,-44,-44,-44,2,-44,-44,-44,-44,-44,2,-44,-44,-44,-44,-44,2,-44,-44,-44,-44,-44,2,-44,-44,-44,-44,-44,1,1,1,1,0,0,2,-44,-44,-44,-44,-44,-44,-44,"-44",2,-44,-44,-44,-44,-44,-44,-44,"-44",2,-44,-44,-44,-44,-44,-44,-44,"-44",1,1,2,2,2,2,2,2,"-44",2,-44,-44,-44,-44,-44,-44,-44,"-44",2,-44,-44,-44,-44,-44,-44,-44,"-44",2,-44,-44,-44,-44,-44,-44,-44,"-44",2,-44,-44,-44,-44,-44,-44,-44,"-44",2,-44,-44,-44,-44,-44,-44,-44,"-44",2,-44,-44,-44,-44,-44,-44,-44,"-44",1,1,2,2,"Professionals",1,2,2,2,2,2,1,10,"Elementary occupations","Professionals","Elementary occupations",2,2,2,2,2,1,2,1,2,2,2,2,2,2,2,2,1,2,2,2,-44,-44,-44,-44,-44,-44,6,4,2,1,200000,15000,2,2,1,2,1,2,5,2,2,1,2,1,1,2,3,2,1,2,1,2,2,2,2,1,2,1,2,1,1,2,2,2,2,2,4,1,3,3,100000,10000,2,2,24,0,6,4,1,2,1,1,45,35,2,1,2,2,2,2,2,2,2,2,2,2,2,2,-44,-44,-44,-44,-44,-44,-44,-44,-44,-44,-44,-44,1,4,4,3,4,4,4,2,4,4,4,4,3,1,3,3,1,2,2,2,2,3,2,-44,2,-44,-44,2,-44,-44,-44,-44,-44,-44,4,1,4,2,4,4,4,4,4,3,4,2,2,-44,-44,-44,-44,-44,-44,"-44",-44,-44,-44,-44,-44,-44,"-44",2,2,-44,-44,2,2,-44,-44,-44,-44,"-44",-44,-44,-44,-44,"-44",-44,-44,-44,-44,"-44",-44,-44,-44,-44,"-44",-44,-44,-44,-44,"-44",-44,-44,-44,-44,"-44",-44,"-44",-44,"-44",-44,-44,-44,-44,2,2,-44,-44,-44,-44,-44,"-44",-44,-44,-44,-44,-44,"-44",-44,-44,-44,-44,-44,-44,-44,-44,-44,-44,-44,-44,-44,-44,-44,-44,-44,-44,-44,-44,-44,-44,2,2,-44,-44,5,5,5,5,5,2,-44,-44,-44,-44,-44,2,2,2,2,2,3,3,3,2,3,3,3,3,3,3,3,3,3,5,2,"-44",2,1,1,1,1,2,3,1,1,0,0,1,1,1,1,1,1,2,2,0,0,0,0,0,0,2,12,5,1500000,2300000,4700000,12,5,1700000,2800000,5000000,100,2,2,2,3,"NAKURU",19,"-44","-44",5,114,999,1,-44,1,-44,8,13.5625,"Kenya"
39576,2,2,"M1 through M5",-44,-44,"M6",-44,-44,"-44",2,-44,1994,3,"-44",1,7,7,3,4,0,0,0,1,1,1,1,100,0,0,2,-44,-44,-44,-44,-44,-44,2,-44,-44,-44,-44,-44,-44,2,-44,-44,-44,-44,-44,2,-44,-44,-44,-44,-44,1,3,2,4,33.3333333333333,0,2,-44,-44,-44,-44,-44,1,2,1,4,50,0,2,-44,-44,-44,-44,-44,1,1,1,1,100,0,1,1,2,1,1,1,1,2,"-44",2,-44,-44,-44,-44,-44,-44,-44,"-44",2,-44,-44,-44,-44,-44,-44,-44,"-44",2,-44,-44,-44,-44,-44,-44,-44,"-44",2,-44,-44,-44,-44,-44,-44,-44,"-44",1,1,2,1,1,1,1,2,"-44",2,-44,-44,-44,-44,-44,-44,-44,"-44",1,1,2,2,2,1,1,2,"-44",2,-44,-44,-44,-44,-44,-44,-44,"-44",1,1,1,2,1,1,2,2,"-44",1,2,2,1,"Managers",2,2,1,2,1,2,1,6,"Sales workers","Managers","Sales workers",2,1,1,2,1,2,2,2,2,2,2,2,2,2,1,2,2,2,1,1,80,20,80,20,30,10,6,4,2,2,112700,15100,2,2,1,1,5,-44,-44,-44,-44,-44,-44,-44,5,-44,-44,-44,-44,-44,-44,-44,1,1,1,1,2,1,1,2,1,1,1,2,2,1,3,3,2,1,112700,14400,2,2,1,7,6,5,2,1,1,2,36,35,2,2,2,1,2,2,1,2,2,1,2,2,3,2,-44,2,-44,-44,1,-44,-44,1,-44,-44,-44,-44,3,4,4,4,4,1,4,4,4,2,4,4,2,3,2,1,3,2,2,2,2,1,2,-44,-44,-44,1,-44,-44,-44,-44,-44,2,-44,4,4,4,4,3,2,4,4,1,4,4,1,1,1,1,1,1,2,2,"-44",2,2,1,2,2,2,"-44",2,2,-44,-44,2,2,-44,-44,-44,-44,"-44",-44,-44,-44,-44,"-44",-44,-44,-44,-44,"-44",-44,-44,-44,-44,"-44",-44,-44,-44,-44,"-44",-44,-44,-44,-44,"-44",-44,"-44",-44,"-44",-44,-44,-44,-44,2,2,-44,-44,-44,-44,-44,"-44",-44,-44,-44,-44,-44,"-44",-44,-44,-44,-44,-44,-44,-44,-44,-44,-44,-44,-44,-44,-44,-44,-44,-44,-44,-44,-44,-44,-44,2,2,-44,-44,4,2,3,2,3,1,4,4,5,5,5,5,1,5,2,2,2,3,1,3,3,2,2,1,3,1,3,3,4,4,1,"-44",1,2,1,2,2,2,1,3,4,2,1,4,4,3,1,1,4,4,4,0,0,0,2,0,4,2,6,7,2511600,2415000,5685600,6,7,2898000,3041900,6048000,20,1,2,1,4,"NAKURU",7,"-44","-44",7,123,202,1,-44,1,-44,8,13.5625,"Kenya"
98296,1,3,"M1 through M5",-44,-44,"M6",-44,-44,"-44",2,-44,1996,1,"-44",1,19,3,2,1,2,2,0,1,1,1,1,0,0,0,2,-44,-44,-44,-44,-44,-44,1,1,2,1,0,0,0,1,1,2,1,100,0,2,-44,-44,-44,-44,-44,1,1,1,1,0,0,2,-44,-44,-44,-44,-44,2,-44,-44,-44,-44,-44,1,1,2,1,0,0,2,-44,-44,-44,-44,-44,2,-44,-44,-44,-44,-44,-44,-44,"-44",2,-44,-44,-44,-44,-44,-44,-44,"-44",2,-44,-44,-44,-44,-44,-44,-44,"-44",1,1,2,2,1,2,2,2,"-44",2,-44,-44,-44,-44,-44,-44,-44,"-44",2,-44,-44,-44,-44,-44,-44,-44,"-44",2,-44,-44,-44,-44,-44,-44,-44,"-44",2,-44,-44,-44,-44,-44,-44,-44,"-44",2,-44,-44,-44,-44,-44,-44,-44,"-44",2,-44,-44,-44,-44,-44,-44,-44,"-44",1,2,1,3,"Technicians and associate professionals",1,2,1,2,2,1,2,6,"Sales workers","Technicians and associate professionals","Sales workers",2,2,2,2,2,2,2,1,2,2,2,2,2,2,2,2,1,2,2,2,-44,-44,-44,-44,-44,-44,5,5,1,1,38000,30000,2,2,1,1,5,-44,-44,-44,-44,-44,-44,-44,5,-44,-44,-44,-44,-44,-44,-44,2,2,2,2,1,2,1,2,2,2,2,1,1,1,2,2,3,3,38000,30000,2,2,0,2,5,5,1,1,1,1,40,35,1,1,2,2,2,2,2,2,2,2,2,2,2,2,-44,-44,-44,-44,-44,-44,-44,-44,-44,-44,-44,-44,4,2,1,4,4,4,4,3,4,4,4,4,2,2,2,2,2,2,2,2,2,2,3,-44,-44,-44,-44,-44,-44,-44,-44,-44,-44,-44,4,1,3,4,4,2,4,4,4,4,4,2,2,-44,-44,-44,-44,-44,-44,"-44",-44,-44,-44,-44,-44,-44,"-44",2,2,-44,-44,2,2,-44,-44,-44,-44,"-44",-44,-44,-44,-44,"-44",-44,-44,-44,-44,"-44",-44,-44,-44,-44,"-44",-44,-44,-44,-44,"-44",-44,-44,-44,-44,"-44",-44,"-44",-44,"-44",-44,-44,-44,-44,2,2,-44,-44,-44,-44,-44,"-44",-44,-44,-44,-44,-44,"-44",-44,-44,-44,-44,-44,-44,-44,-44,-44,-44,-44,-44,-44,-44,-44,-44,-44,-44,-44,-44,-44,-44,2,2,-44,-44,2,2,1,1,4,2,-44,-44,-44,-44,-44,3,3,3,3,4,3,3,3,3,3,3,3,3,3,3,3,3,2,2,1,"-44",2,2,2,2,2,2,1,1,0,1,0,0,3,4,2,3,3,1,2,1,2,2,2,0,3,2,12,6,900000,280000,6000000,12,5,900000,300000,4500000,0,1,1,2,3,"MOMBASA",19,"-44","-44",5,113,999,1,-44,1,-44,8,13.5625,"Kenya"
54659,1,3,"M1 through M5",-44,-44,"M6",-44,-44,"-44",2,-44,2011,6,"-44",2,7,243,202,41,0,0,0,1,22,22,22,0,0,0,1,36,36,36,0,0,0,1,24,24,24,0,0,0,1,44,44,44,0,0,1,73,73,73,56.1643835616438,0,2,-44,-44,-44,-44,-44,2,-44,-44,-44,-44,-44,2,-44,-44,-44,-44,-44,2,-44,-44,-44,-44,-44,1,44,44,44,0,0,1,1,2,1,2,1,2,2,"-44",1,2,2,2,1,2,1,2,"-44",2,-44,-44,-44,-44,-44,-44,-44,"-44",1,2,2,2,2,2,2,2,"-44",1,1,2,2,1,2,1,2,"-44",2,-44,-44,-44,-44,-44,-44,-44,"-44",2,-44,-44,-44,-44,-44,-44,-44,"-44",2,-44,-44,-44,-44,-44,-44,-44,"-44",2,-44,-44,-44,-44,-44,-44,-44,"-44",1,2,2,1,2,2,1,2,"-44",1,1,1,2,"Professionals",1,1,2,2,2,2,1,5,"Service workers","Professionals","Service workers",2,1,2,2,2,1,2,1,2,2,2,2,2,1,2,2,1,2,1,1,100,30,70,30,15,10,5,6,1,2,206100,35200,2,2,2,1,3,2,1,2,2,1,1,2,2,1,3,2,2,1,2,1,1,2,1,1,2,1,1,1,1,1,2,2,1,1,3,3,3,3,206100,35200,2,2,7,4,4,4,1,1,1,2,56,51,1,2,2,3,2,3,2,2,3,2,2,3,1,2,-44,-44,-44,-44,-44,-44,-44,-44,-44,-44,3,-44,2,4,4,4,4,4,3,1,4,4,4,4,2,2,1,2,2,2,2,2,2,2,2,-44,-44,1,-44,-44,-44,-44,-44,-44,-44,-44,3,4,4,4,4,4,1,4,2,4,4,2,1,-44,-44,-44,-44,-44,-44,"-44",1,1,2,1,2,2,"-44",1,2,100,-44,2,2,-44,-44,-44,-44,"-44",-44,-44,-44,-44,"-44",-44,-44,-44,-44,"-44",-44,-44,-44,-44,"-44",-44,-44,-44,-44,"-44",-44,-44,-44,-44,"-44",-44,"-44",-44,"-44",-44,-44,-44,-44,2,2,-44,-44,-44,-44,-44,"-44",-44,-44,-44,-44,-44,"-44",-44,-44,-44,-44,-44,-44,-44,-44,-44,-44,-44,-44,-44,-44,-44,-44,-44,-44,-44,-44,-44,-44,1,2,4,-44,5,3,3,3,5,1,4,5,4,4,5,3,5,5,2,3,1,2,2,3,1,3,3,2,3,3,2,1,5,5,1,"-44",1,2,1,1,2,2,4,4,1,3,0,4,1,2,2,0,2,1,0,0,4,1,1,2,4,2,6,243,2033000,3399000,4646400,6,243,1994100,2707200,6034800,30,1,1,1,4,"NAKURU",7,"-44","-44",243,123,202,2,-44,1,-44,8,13.5625,"Kenya"
60527,1,2,"M1 through M5",-44,-44,"M6",-44,-44,"-44",2,-44,2002,2,"-44",1,7,24,21,3,0,0,0,1,1,1,1,0,0,0,1,1,1,2,0,0,0,1,19,18,2,10.5263157894737,5.26315789473684,1,2,-44,-44,-44,-44,-44,1,2,2,3,50,0,1,1,1,1,0,1,2,-44,-44,-44,-44,-44,2,-44,-44,-44,-44,-44,2,-44,-44,-44,-44,-44,2,-44,-44,-44,-44,-44,2,-44,-44,-44,-44,-44,-44,-44,"-44",1,2,2,2,1,2,2,2,"-44",1,1,2,2,2,2,2,2,"-44",2,-44,-44,-44,-44,-44,-44,-44,"-44",1,1,2,2,2,2,2,2,"-44",1,2,2,2,1,1,2,2,"-44",2,-44,-44,-44,-44,-44,-44,-44,"-44",2,-44,-44,-44,-44,-44,-44,-44,"-44",2,-44,-44,-44,-44,-44,-44,-44,"-44",2,-44,-44,-44,-44,-44,-44,-44,"-44",1,1,1,2,"Professionals",2,1,1,2,2,2,2,5,"Service workers","Professionals","Service workers",1,1,2,2,2,1,2,1,2,2,2,2,2,2,1,1,1,2,1,1,100,10,90,10,30,7,6,4,1,1,26500,16500,2,2,2,2,1,5,-44,2,2,1,-44,-44,3,5,-44,-44,-44,-44,-44,-44,2,1,1,1,2,1,1,2,1,1,1,1,2,1,2,3,1,1,26500,19800,2,2,12,4,6,4,2,2,2,1,46,45,1,2,2,1,2,2,2,2,2,2,2,3,1,2,-44,1,-44,-44,-44,-44,-44,-44,-44,-44,1,-44,4,4,4,1,4,4,3,2,4,4,4,4,3,2,1,2,2,2,1,2,2,2,2,-44,-44,3,-44,-44,-44,1,-44,-44,-44,-44,4,4,4,4,3,4,4,2,1,4,4,2,2,-44,-44,-44,-44,-44,-44,"-44",-44,-44,-44,-44,-44,-44,"-44",2,1,-44,60,2,1,-44,-44,-44,-44,"-44",1,1,1,-44,"-44",-44,-44,-44,-44,"-44",-44,-44,-44,-44,"-44",60,40,40,-44,"-44",5,4,2,-44,"-44",-44,"-44",5,"-44",-44,5,-44,17000,2,1,-44,-44,-44,-44,-44,"-44",2,1,2,2,2,"-44",-44,-44,-44,-44,-44,-44,-44,-44,-44,-44,-44,40,-44,-44,-44,-44,2,-44,-44,-44,-44,9000,2,1,-44,1,5,2,3,5,4,2,-44,-44,-44,-44,-44,1,1,1,1,3,1,2,3,1,1,3,2,2,3,2,2,1,3,4,1,"-44",2,2,2,2,2,2,0,0,1,2,0,1,1,1,1,1,3,0,0,0,1,4,1,4,3,2,6,25,15409900,92916300,134906200,6,26,15589600,87014400,110124000,70,1,1,2,4,"NAKURU",7,"-44","-44",24,122,202,1,-44,1,-44,8,13.5625,"Kenya"
27093,1,3,"M1 through M5",-44,-44,"M6",-44,-44,"-44",2,-44,2002,6,"-44",2,19,3,2,1,4,2,2,1,1,1,1,0,0,0,1,2,1,2,50,50,1,2,-44,-44,-44,-44,-44,-44,1,2,0,2,50,0,1,1,1,3,100,0,2,-44,-44,-44,-44,-44,2,-44,-44,-44,-44,-44,2,-44,-44,-44,-44,-44,1,1,0,3,0,0,2,-44,-44,-44,-44,-44,2,-44,-44,-44,-44,-44,-44,-44,"-44",1,1,2,1,2,2,2,2,"-44",2,-44,-44,-44,-44,-44,-44,-44,"-44",1,1,2,1,2,1,2,2,"-44",2,-44,-44,-44,-44,-44,-44,-44,"-44",2,-44,-44,-44,-44,-44,-44,-44,"-44",2,-44,-44,-44,-44,-44,-44,-44,"-44",2,-44,-44,-44,-44,-44,-44,-44,"-44",1,1,1,1,2,1,2,2,"-44",2,-44,-44,-44,-44,-44,-44,-44,"-44",1,1,2,2,"Professionals",1,1,2,2,2,1,2,9,"Plant and machine operators, and assembl","Professionals","Plant and machine operators, and assembl",2,1,2,1,2,2,1,1,2,1,2,1,1,2,2,1,1,2,1,1,70,30,70,30,20,5,5,4,2,1,39000,16000,2,2,1,2,5,-44,-44,-44,-44,-44,-44,-44,1,5,-44,2,1,2,-44,-44,1,1,1,2,2,1,2,1,1,1,2,2,2,1,2,1,3,3,32000,16000,2,2,6,2,5,4,1,2,1,1,44,35,2,1,1,2,2,1,3,2,2,2,1,2,2,1,1,-44,-44,1,-44,-44,-44,-44,3,-44,-44,3,2,4,4,3,1,4,4,4,4,4,4,4,3,2,3,2,1,2,2,2,1,1,2,-44,-44,-44,-44,1,-44,-44,-44,1,1,-44,1,4,4,4,3,4,4,2,4,4,4,1,2,2,1,1,1,1,2,"-44",-44,-44,-44,-44,-44,-44,"-44",2,2,-44,-44,2,2,-44,-44,-44,-44,"-44",-44,-44,-44,-44,"-44",-44,-44,-44,-44,"-44",-44,-44,-44,-44,"-44",-44,-44,-44,-44,"-44",-44,-44,-44,-44,"-44",-44,"-44",-44,"-44",-44,-44,-44,-44,2,2,-44,-44,-44,-44,-44,"-44",-44,-44,-44,-44,-44,"-44",-44,-44,-44,-44,-44,-44,-44,-44,-44,-44,-44,-44,-44,-44,-44,-44,-44,-44,-44,-44,-44,-44,2,2,-44,-44,3,3,5,2,3,2,-44,-44,-44,-44,-44,1,2,3,1,4,3,3,3,1,1,3,2,2,1,1,2,3,1,3,2,"-44",2,1,2,2,2,2,2,4,0,3,0,3,1,1,3,0,1,1,3,0,1,0,0,3,1,1,11,5,7430000,7770000,8730000,11,7,7972000,6360000,11550000,0,1,1,1,4,"NAKURU",19,"-44","-44",7,114,999,1,-44,1,-44,8,13.5625,"Kenya"
27049,1,2,"M1 through M5",-44,-44,"M6",-44,-44,"-44",2,-44,1997,1,"-44",1,13,8,6,2,0,0,0,1,1,1,3,0,0,0,1,3,3,4,33.3333333333333,0,1,2,-44,-44,-44,-44,-44,-44,2,-44,-44,-44,-44,-44,2,-44,-44,-44,-44,-44,2,-44,-44,-44,-44,-44,2,-44,-44,-44,-44,-44,2,-44,-44,-44,-44,-44,2,-44,-44,-44,-44,-44,1,4,2,5,25,0,2,-44,-44,-44,-44,-44,-44,-44,"-44",1,1,2,2,1,1,2,2,"-44",2,-44,-44,-44,-44,-44,-44,-44,"-44",2,-44,-44,-44,-44,-44,-44,-44,"-44",2,-44,-44,-44,-44,-44,-44,-44,"-44",2,-44,-44,-44,-44,-44,-44,-44,"-44",2,-44,-44,-44,-44,-44,-44,-44,"-44",2,-44,-44,-44,-44,-44,-44,-44,"-44",2,-44,-44,-44,-44,-44,-44,-44,"-44",1,1,2,2,1,1,1,2,"-44",1,1,2,2,"Professionals",2,2,2,2,2,2,1,10,"Elementary occupations","Professionals","Elementary occupations",2,2,2,2,2,2,1,1,1,2,2,2,2,2,2,2,1,2,1,1,40,80,20,80,3,1,5,2,1,2,37000,12000,2,2,1,1,2,1,3,2,2,1,1,2,5,-44,-44,-44,-44,-44,-44,-44,1,2,1,1,2,1,1,2,2,2,2,1,2,1,2,1,3,3,33000,11000,2,2,0,7,6,3,1,2,1,1,60,32,1,1,1,2,3,2,2,2,2,2,1,2,3,1,1,-44,-44,-44,-44,-44,-44,-44,3,-44,-44,3,1,4,4,2,4,4,3,4,4,4,4,4,2,2,1,2,3,2,2,2,1,2,2,-44,-44,1,-44,-44,-44,-44,-44,1,-44,-44,4,4,4,3,2,4,4,1,4,4,4,1,2,2,1,2,2,1,2,"-44",-44,-44,-44,-44,-44,-44,"-44",1,2,100,-44,2,2,-44,-44,-44,-44,"-44",-44,-44,-44,-44,"-44",-44,-44,-44,-44,"-44",-44,-44,-44,-44,"-44",-44,-44,-44,-44,"-44",-44,-44,-44,-44,"-44",-44,"-44",-44,"-44",-44,-44,-44,-44,2,2,-44,-44,-44,-44,-44,"-44",-44,-44,-44,-44,-44,"-44",-44,-44,-44,-44,-44,-44,-44,-44,-44,-44,-44,-44,-44,-44,-44,-44,-44,-44,-44,-44,-44,-44,1,2,3,-44,2,4,5,5,4,2,-44,-44,-44,-44,-44,5,1,1,2,4,3,2,3,2,1,3,3,3,2,1,2,1,4,4,1,"-44",2,2,2,1,1,2,1,1,0,3,0,0,1,3,1,0,1,2,1,0,0,0,0,1,0,1,11,8,3245000,940000,5280000,11,8,2839000,930000,5915000,100,1,1,1,3,"NAKURU",13,"-44","-44",8,114,999,1,-44,1,-44,8,13.5625,"Kenya"
60576,2,3,"M1 through M5",-44,-44,"M6",-44,-44,"-44",2,-44,1986,1,"-44",1,13,12,8,4,0,0,0,1,1,1,1,100,0,0,2,-44,-44,-44,-44,-44,-44,2,-44,-44,-44,-44,-44,-44,2,-44,-44,-44,-44,-44,2,-44,-44,-44,-44,-44,1,1,0,2,100,1,2,-44,-44,-44,-44,-44,1,9,8,3,11.1111111111111,0,2,-44,-44,-44,-44,-44,1,1,1,1,100,0,2,-44,-44,-44,-44,-44,-44,-44,"-44",2,-44,-44,-44,-44,-44,-44,-44,"-44",2,-44,-44,-44,-44,-44,-44,-44,"-44",2,-44,-44,-44,-44,-44,-44,-44,"-44",2,-44,-44,-44,-44,-44,-44,-44,"-44",1,1,2,2,2,2,1,2,"-44",2,-44,-44,-44,-44,-44,-44,-44,"-44",1,1,2,2,2,1,2,2,"-44",2,-44,-44,-44,-44,-44,-44,-44,"-44",1,1,2,2,1,2,2,2,"-44",1,2,2,1,"Managers",2,2,1,2,1,2,1,6,"Sales workers","Managers","Sales workers",1,2,2,2,1,1,1,2,1,2,1,2,1,2,2,1,1,2,2,1,-44,20,80,20,-44,20,5,4,2,2,120500,18400,2,2,2,1,1,3,5,2,2,1,-44,-44,1,2,3,1,2,2,2,1,1,1,1,2,2,1,2,1,2,1,2,2,2,1,3,3,2,1,120500,18400,2,2,7,8,6,4,2,2,1,2,46,21,2,2,2,2,1,2,2,2,2,2,3,1,3,2,-44,-44,1,-44,-44,-44,-44,-44,-44,1,-44,-44,4,4,4,1,4,2,3,4,4,4,4,4,3,2,2,3,2,2,2,3,2,2,2,-44,-44,-44,-44,-44,-44,-44,-44,-44,-44,-44,4,4,4,4,3,1,4,4,2,4,4,1,2,1,2,2,2,1,2,"-44",-44,-44,-44,-44,-44,-44,"-44",1,1,100,70,2,2,-44,-44,-44,-44,"-44",-44,-44,-44,-44,"-44",-44,-44,-44,-44,"-44",-44,-44,-44,-44,"-44",-44,-44,-44,-44,"-44",-44,-44,-44,-44,"-44",-44,"-44",-44,"-44",-44,-44,-44,-44,2,2,-44,-44,-44,-44,-44,"-44",-44,-44,-44,-44,-44,"-44",-44,-44,-44,-44,-44,-44,-44,-44,-44,-44,-44,-44,-44,-44,-44,-44,-44,-44,-44,-44,-44,-44,1,1,4,4,1,3,5,2,2,1,2,4,2,2,3,4,3,1,2,4,2,3,1,1,2,3,2,3,1,1,2,1,3,5,4,"-44",1,2,2,1,2,2,4,2,4,4,4,4,1,2,0,2,4,4,4,1,4,4,0,3,0,2,3,12,3091200,2441300,6072000,3,12,2833600,2987600,6993000,40,1,1,1,4,"NAKURU",13,"-44","-44",12,122,202,1,-44,1,-44,8,13.5625,"Kenya"
21206,1,3,"M1 through M5",-44,-44,"M6",-44,-44,"-44",2,-44,1987,3,"-44",1,3,7,1,6,1,1,0,1,1,1,1,100,0,0,2,-44,-44,-44,-44,-44,-44,2,-44,-44,-44,-44,-44,-44,1,2,2,2,100,0,2,-44,-44,-44,-44,-44,1,3,2,2,33.3333333333333,0,2,-44,-44,-44,-44,-44,2,-44,-44,-44,-44,-44,1,1,1,1,100,0,1,1,1,1,100,0,2,-44,-44,-44,-44,-44,-44,-44,"-44",2,-44,-44,-44,-44,-44,-44,-44,"-44",2,-44,-44,-44,-44,-44,-44,-44,"-44",2,-44,-44,-44,-44,-44,-44,-44,"-44",2,-44,-44,-44,-44,-44,-44,-44,"-44",1,1,2,1,2,2,2,2,"-44",2,-44,-44,-44,-44,-44,-44,-44,"-44",2,-44,-44,-44,-44,-44,-44,-44,"-44",2,-44,-44,-44,-44,-44,-44,-44,"-44",1,1,2,2,2,2,2,2,"-44",1,2,2,1,"Managers",1,2,1,2,2,1,1,10,"Elementary occupations","Managers","Elementary occupations",2,2,2,1,2,2,2,1,1,2,2,2,2,2,2,2,1,2,2,1,-44,25,75,25,-44,10,5,4,2,2,49000,16000,2,2,2,1,3,5,-44,-44,-44,-44,-44,-44,3,2,1,2,1,2,2,1,2,1,1,2,2,1,1,2,2,2,2,2,2,1,5,1,2,3,49000,16000,2,2,6,5,5,4,1,2,1,1,50,28,2,2,2,2,3,2,2,1,2,3,2,2,2,2,-44,-44,-44,-44,-44,1,-44,-44,-44,-44,-44,-44,4,4,4,3,4,1,4,2,4,4,4,4,2,2,1,2,3,2,2,2,3,3,3,-44,-44,2,-44,-44,-44,-44,-44,-44,-44,-44,4,4,4,4,2,1,4,4,3,4,4,2,2,-44,-44,-44,-44,-44,-44,"-44",-44,-44,-44,-44,-44,-44,"-44",2,2,-44,-44,2,2,-44,-44,-44,-44,"-44",-44,-44,-44,-44,"-44",-44,-44,-44,-44,"-44",-44,-44,-44,-44,"-44",-44,-44,-44,-44,"-44",-44,-44,-44,-44,"-44",-44,"-44",-44,"-44",-44,-44,-44,-44,2,2,-44,-44,-44,-44,-44,"-44",-44,-44,-44,-44,-44,"-44",-44,-44,-44,-44,-44,-44,-44,-44,-44,-44,-44,-44,-44,-44,-44,-44,-44,-44,-44,-44,-44,-44,2,2,-44,-44,2,5,5,3,2,2,-44,-44,-44,-44,-44,5,1,3,1,5,3,3,2,3,1,3,3,1,3,3,2,1,3,4,1,"-44",2,2,2,2,1,1,0,0,0,0,1,4,1,2,0,2,1,1,1,4,0,0,1,1,1,2,6,8,278000,79000,1344000,6,8,3120000,1030000,1349000,30,2,2,2,3,"MOMBASA",3,"-44","-44",8,114,999,1,-44,1,-44,8,13.5625,"Kenya"
21013,1,3,"M1 through M5",-44,-44,"M6",-44,-44,"-44",2,-44,2001,3,"-44",1,12,5,1,4,0,0,0,1,1,1,1,100,0,1,2,-44,-44,-44,-44,-44,-44,2,-44,-44,-44,-44,-44,-44,1,2,2,2,100,1,2,-44,-44,-44,-44,-44,1,1,1,2,0,0,2,-44,-44,-44,-44,-44,2,-44,-44,-44,-44,-44,2,-44,-44,-44,-44,-44,1,1,1,2,100,1,2,-44,-44,-44,-44,-44,-44,-44,"-44",2,-44,-44,-44,-44,-44,-44,-44,"-44",2,-44,-44,-44,-44,-44,-44,-44,"-44",2,-44,-44,-44,-44,-44,-44,-44,"-44",2,-44,-44,-44,-44,-44,-44,-44,"-44",2,-44,-44,-44,-44,-44,-44,-44,"-44",2,-44,-44,-44,-44,-44,-44,-44,"-44",2,-44,-44,-44,-44,-44,-44,-44,"-44",2,-44,-44,-44,-44,-44,-44,-44,"-44",2,-44,-44,-44,-44,-44,-44,-44,"-44",1,2,2,1,"Managers",1,2,1,2,2,2,1,6,"Sales workers","Managers","Sales workers",2,2,2,2,1,1,2,1,2,2,2,2,2,2,2,2,1,2,2,2,-44,-44,-44,-44,-44,-44,5,5,1,1,104000,23000,2,2,1,2,5,-44,-44,-44,-44,-44,-44,-44,3,1,2,1,2,2,1,2,1,1,1,1,2,1,1,1,1,1,1,2,2,1,4,2,2,3,104000,23000,2,2,6,4,5,5,1,1,1,1,35,22,1,1,1,2,2,2,1,2,2,1,2,2,2,2,2,-44,-44,-44,2,-44,-44,1,-44,-44,-44,-44,1,4,4,4,4,4,4,2,3,4,4,4,3,1,1,1,2,1,2,2,2,2,2,-44,2,1,2,-44,1,-44,-44,-44,-44,-44,4,4,4,2,4,4,1,4,4,4,4,1,2,1,2,2,1,2,2,"-44",-44,-44,-44,-44,-44,-44,"-44",2,2,-44,-44,2,2,-44,-44,-44,-44,"-44",-44,-44,-44,-44,"-44",-44,-44,-44,-44,"-44",-44,-44,-44,-44,"-44",-44,-44,-44,-44,"-44",-44,-44,-44,-44,"-44",-44,"-44",-44,"-44",-44,-44,-44,-44,2,2,-44,-44,-44,-44,-44,"-44",-44,-44,-44,-44,-44,"-44",-44,-44,-44,-44,-44,-44,-44,-44,-44,-44,-44,-44,-44,-44,-44,-44,-44,-44,-44,-44,-44,-44,2,2,-44,-44,2,4,3,2,4,1,4,5,3,5,5,1,1,5,1,1,3,2,3,3,3,1,1,1,3,1,2,3,4,4,1,"-44",2,1,1,2,2,2,1,2,3,0,3,4,1,3,3,1,0,2,0,0,1,2,1,0,1,2,6,8,4691000,2064000,28800000,6,6,4687000,2750000,30800000,80,2,1,2,4,"MOMBASA",12,"-44","-44",5,111,999,1,-44,1,-44,8,13.5625,"Kenya"
98351,1,2,"M1 through M5",-44,-44,"M6",-44,-44,"-44",1,1983,1983,1,"-44",1,20,67,45,22,0,0,0,1,1,1,1,0,100,0,1,30,30,30,40,100,0,1,5,5,5,40,100,0,1,4,4,4,75,0,1,5,5,5,0,0,1,19,19,19,26.3157894736842,0,2,-44,-44,-44,-44,-44,2,-44,-44,-44,-44,-44,1,3,3,3,0,0,2,-44,-44,-44,-44,-44,2,-44,-44,-44,-44,-44,-44,-44,"-44",1,1,2,2,2,2,2,2,"-44",2,-44,-44,-44,-44,-44,-44,-44,"-44",1,1,2,2,2,2,2,2,"-44",2,-44,-44,-44,-44,-44,-44,-44,"-44",1,1,2,2,2,2,2,2,"-44",2,-44,-44,-44,-44,-44,-44,-44,"-44",2,-44,-44,-44,-44,-44,-44,-44,"-44",2,-44,-44,-44,-44,-44,-44,-44,"-44",2,-44,-44,-44,-44,-44,-44,-44,"-44",1,1,1,2,"Professionals",1,1,1,2,2,1,2,6,"Sales workers","Professionals","Sales workers",1,2,1,2,2,1,1,2,2,1,1,2,2,2,1,2,1,2,1,1,40,40,60,40,30,30,5,5,1,2,55000,30000,1,1,2,2,5,-44,-44,-44,-44,-44,-44,-44,5,-44,-44,-44,-44,-44,-44,-44,1,2,1,2,1,1,1,2,2,2,2,1,1,1,2,3,1,1,60000,35000,2,2,0,0,5,5,1,1,1,1,30,30,1,2,2,2,3,2,2,2,2,2,2,2,2,2,-44,-44,-44,-44,-44,-44,-44,-44,-44,-44,-44,-44,1,4,4,2,4,4,3,4,4,4,4,4,2,2,1,2,2,2,2,2,2,2,2,-44,-44,1,-44,-44,-44,-44,-44,-44,-44,-44,1,4,4,2,4,4,4,4,3,4,4,1,1,2,1,2,2,1,2,"-44",1,2,2,2,2,2,"-44",1,1,100,100,2,2,-44,-44,-44,-44,"-44",-44,-44,-44,-44,"-44",-44,-44,-44,-44,"-44",-44,-44,-44,-44,"-44",-44,-44,-44,-44,"-44",-44,-44,-44,-44,"-44",-44,"-44",-44,"-44",-44,-44,-44,-44,2,2,-44,-44,-44,-44,-44,"-44",-44,-44,-44,-44,-44,"-44",-44,-44,-44,-44,-44,-44,-44,-44,-44,-44,-44,-44,-44,-44,-44,-44,-44,-44,-44,-44,-44,-44,1,1,3,3,4,4,4,4,4,1,4,4,4,4,4,4,2,2,2,2,3,3,3,3,3,3,3,3,3,3,3,3,3,5,1,"-44",1,1,1,1,1,1,0,0,0,2,2,0,0,0,2,0,0,0,0,0,0,0,0,0,0,1,1,65,2500000,1200000,4000000,1,67,2550000,1250000,5200000,0,2,2,2,4,"MOMBASA",20,"-44","-44",67,110,999,1,-44,1,-44,8,13.5625,"Kenya"
27050,1,3,"M1 through M5",-44,-44,"M6",-44,-44,"-44",2,-44,1987,1,"-44",1,7,7,6,1,1,1,0,1,1,1,1,0,0,0,2,-44,-44,-44,-44,-44,-44,1,4,2,4,0,50,0,1,3,2,3,33.3333333333333,0,2,-44,-44,-44,-44,-44,2,-44,-44,-44,-44,-44,2,-44,-44,-44,-44,-44,2,-44,-44,-44,-44,-44,2,-44,-44,-44,-44,-44,2,-44,-44,-44,-44,-44,2,-44,-44,-44,-44,-44,-44,-44,"-44",2,-44,-44,-44,-44,-44,-44,-44,"-44",1,2,2,2,1,2,2,2,"-44",1,1,2,2,1,1,1,2,"-44",2,-44,-44,-44,-44,-44,-44,-44,"-44",2,-44,-44,-44,-44,-44,-44,-44,"-44",2,-44,-44,-44,-44,-44,-44,-44,"-44",2,-44,-44,-44,-44,-44,-44,-44,"-44",2,-44,-44,-44,-44,-44,-44,-44,"-44",2,-44,-44,-44,-44,-44,-44,-44,"-44",1,2,1,1,"Managers",1,2,2,2,2,2,2,4,"Clerical and support workers","Managers","Clerical and support workers",2,2,2,2,2,1,2,1,1,2,1,2,2,2,2,1,1,2,2,1,-44,20,80,20,-44,10,5,6,1,1,50000,9000,2,2,1,1,1,5,-44,2,1,2,-44,-44,3,2,5,-44,-44,-44,1,2,1,1,2,2,2,1,1,1,1,1,2,2,1,2,4,2,1,1,50000,10000,2,2,7,6,5,4,1,2,1,1,38,32,1,1,2,2,2,2,2,2,2,1,3,1,2,2,-44,-44,-44,-44,-44,-44,-44,2,-44,1,-44,-44,1,4,4,4,4,3,4,2,4,4,4,4,1,2,3,2,3,3,2,1,1,2,2,2,-44,-44,-44,-44,-44,-44,2,1,-44,-44,4,3,4,4,4,2,4,4,1,4,4,1,2,2,2,2,1,2,2,"-44",-44,-44,-44,-44,-44,-44,"-44",2,2,-44,-44,2,2,-44,-44,-44,-44,"-44",-44,-44,-44,-44,"-44",-44,-44,-44,-44,"-44",-44,-44,-44,-44,"-44",-44,-44,-44,-44,"-44",-44,-44,-44,-44,"-44",-44,"-44",-44,"-44",-44,-44,-44,-44,2,2,-44,-44,-44,-44,-44,"-44",-44,-44,-44,-44,-44,"-44",-44,-44,-44,-44,-44,-44,-44,-44,-44,-44,-44,-44,-44,-44,-44,-44,-44,-44,-44,-44,-44,-44,2,2,-44,-44,4,5,4,2,2,2,-44,-44,-44,-44,-44,1,1,1,4,1,3,2,3,1,1,3,2,2,1,1,1,3,5,4,3,"-44",2,2,1,2,2,2,0,3,2,1,0,2,2,3,3,0,1,1,1,0,0,4,1,0,4,2,6,5,1325000,3395000,51520000,6,8,1498000,3710000,52965000,0,1,1,1,4,"MOMBASA",7,"-44","-44",8,114,999,1,-44,1,-44,8,13.5625,"Kenya"
98301,2,2,"M1 through M5",-44,-44,"M6",-44,-44,"-44",2,-44,1961,2,"-44",1,8,60,50,10,0,0,0,1,5,3,5,40,40,0,1,2,1,2,0,50,0,2,-44,-44,-44,-44,-44,-44,1,15,10,15,13.3333333333333,0,1,10,7,10,20,0,1,10,7,10,40,0,2,-44,-44,-44,-44,-44,2,-44,-44,-44,-44,-44,1,5,3,5,0,0,1,13,10,15,0,0,1,1,2,1,1,1,1,2,"-44",1,1,2,2,1,1,2,2,"-44",1,1,2,2,1,2,1,2,"-44",1,1,1,1,2,2,1,2,"-44",1,1,2,2,2,2,1,2,"-44",1,1,2,1,2,2,1,2,"-44",2,-44,-44,-44,-44,-44,-44,-44,"-44",2,-44,-44,-44,-44,-44,-44,-44,"-44",1,2,1,1,1,2,2,2,"-44",1,1,2,2,2,2,2,2,"-44",1,1,2,2,"Professionals",1,1,1,2,2,1,1,6,"Sales workers","Professionals","Sales workers",2,2,1,2,2,1,2,1,2,2,2,1,2,2,2,2,1,2,1,1,50,50,50,50,30,10,5,5,1,1,25000,15000,2,2,1,1,2,1,5,2,1,2,1,2,1,5,-44,2,1,2,-44,-44,1,1,1,2,2,2,1,1,1,1,2,2,1,1,2,2,1,1,150000,90000,2,2,0,0,5,5,1,2,1,1,25,30,1,1,2,2,3,2,2,2,2,2,2,2,2,2,-44,-44,-44,-44,-44,-44,-44,-44,-44,-44,-44,-44,3,2,4,4,1,4,4,4,4,4,4,4,2,2,3,2,2,2,2,2,2,2,2,-44,-44,-44,-44,-44,-44,-44,-44,-44,-44,-44,4,2,4,3,4,4,4,4,4,1,4,2,2,-44,-44,-44,-44,-44,-44,"-44",-44,-44,-44,-44,-44,-44,"-44",2,2,-44,-44,2,2,-44,-44,-44,-44,"-44",-44,-44,-44,-44,"-44",-44,-44,-44,-44,"-44",-44,-44,-44,-44,"-44",-44,-44,-44,-44,"-44",-44,-44,-44,-44,"-44",-44,"-44",-44,"-44",-44,-44,-44,-44,2,2,-44,-44,-44,-44,-44,"-44",-44,-44,-44,-44,-44,"-44",-44,-44,-44,-44,-44,-44,-44,-44,-44,-44,-44,-44,-44,-44,-44,-44,-44,-44,-44,-44,-44,-44,2,2,-44,-44,5,4,5,4,4,2,-44,-44,-44,-44,-44,1,1,1,1,1,3,3,3,3,3,3,3,3,3,3,3,3,4,3,1,"-44",1,1,2,1,2,2,2,3,0,3,3,3,3,2,2,3,2,1,1,1,2,1,1,2,1,1,4,40,10000000,500000,120000000,4,50,15000000,600000,15000000,70,3,2,3,4,"MOMBASA",8,"-44","-44",60,104,999,1,-44,1,-44,8,13.5625,"Kenya"
60517,2,2,"M1 through M5",-44,-44,"M6",-44,-44,"-44",2,-44,1998,1,"-44",1,14,5,4,1,0,0,0,1,1,1,1,100,0,0,2,-44,-44,-44,-44,-44,-44,2,-44,-44,-44,-44,-44,-44,2,-44,-44,-44,-44,-44,2,-44,-44,-44,-44,-44,1,4,4,5,0,1,2,-44,-44,-44,-44,-44,2,-44,-44,-44,-44,-44,2,-44,-44,-44,-44,-44,2,-44,-44,-44,-44,-44,1,1,1,2,1,2,2,2,"-44",2,-44,-44,-44,-44,-44,-44,-44,"-44",2,-44,-44,-44,-44,-44,-44,-44,"-44",2,-44,-44,-44,-44,-44,-44,-44,"-44",2,-44,-44,-44,-44,-44,-44,-44,"-44",1,1,2,2,1,1,1,2,"-44",2,-44,-44,-44,-44,-44,-44,-44,"-44",2,-44,-44,-44,-44,-44,-44,-44,"-44",2,-44,-44,-44,-44,-44,-44,-44,"-44",2,-44,-44,-44,-44,-44,-44,-44,"-44",1,2,2,1,"Managers",2,2,1,2,2,2,2,6,"Sales workers","Managers","Sales workers",2,1,2,2,2,1,2,1,2,2,1,2,2,2,1,2,2,2,1,1,70,10,90,10,50,20,6,6,2,1,21100,10300,2,2,1,1,5,-44,-44,-44,-44,-44,-44,-44,2,3,5,-44,-44,-44,1,2,2,1,1,1,2,2,2,2,1,1,2,2,2,1,3,3,3,2,21100,11100,2,2,12,12,6,6,2,2,2,1,41,35,2,1,2,2,2,2,2,2,2,2,2,2,2,3,-44,-44,-44,-44,-44,-44,-44,-44,-44,-44,-44,-44,1,4,4,3,4,4,4,2,4,4,4,4,2,2,2,2,2,1,2,3,3,1,2,-44,-44,-44,-44,-44,3,-44,-44,-44,1,-44,4,4,4,2,4,1,4,4,3,4,4,1,2,1,2,1,2,2,2,"-44",-44,-44,-44,-44,-44,-44,"-44",1,2,100,-44,2,2,-44,-44,-44,-44,"-44",-44,-44,-44,-44,"-44",-44,-44,-44,-44,"-44",-44,-44,-44,-44,"-44",-44,-44,-44,-44,"-44",-44,-44,-44,-44,"-44",-44,"-44",-44,"-44",-44,-44,-44,-44,2,2,-44,-44,-44,-44,-44,"-44",-44,-44,-44,-44,-44,"-44",-44,-44,-44,-44,-44,-44,-44,-44,-44,-44,-44,-44,-44,-44,-44,-44,-44,-44,-44,-44,-44,-44,1,2,4,-44,4,5,5,5,4,1,2,5,5,4,2,2,2,2,1,5,2,2,3,3,1,3,2,3,1,3,3,3,4,3,2,"-44",2,2,1,1,2,2,4,0,1,3,1,0,0,3,0,0,0,4,1,4,4,2,0,2,0,2,11,5,486400,146300,779100,11,5,428600,131400,699800,20,1,1,1,4,"NAKURU",14,"-44","-44",5,123,202,1,-44,1,-44,8,13.5625,"Kenya"
98368,1,2,"M1 through M5",-44,-44,"M6",-44,-44,"-44",1,2006,2006,1,"-44",1,9,6,5,1,0,0,0,1,1,1,1,0,0,0,2,-44,-44,-44,-44,-44,-44,2,-44,-44,-44,-44,-44,-44,2,-44,-44,-44,-44,-44,1,5,5,5,20,0,2,-44,-44,-44,-44,-44,2,-44,-44,-44,-44,-44,2,-44,-44,-44,-44,-44,2,-44,-44,-44,-44,-44,2,-44,-44,-44,-44,-44,2,-44,-44,-44,-44,-44,-44,-44,"-44",2,-44,-44,-44,-44,-44,-44,-44,"-44",2,-44,-44,-44,-44,-44,-44,-44,"-44",2,-44,-44,-44,-44,-44,-44,-44,"-44",1,1,2,1,1,2,1,2,"-44",2,-44,-44,-44,-44,-44,-44,-44,"-44",2,-44,-44,-44,-44,-44,-44,-44,"-44",2,-44,-44,-44,-44,-44,-44,-44,"-44",2,-44,-44,-44,-44,-44,-44,-44,"-44",2,-44,-44,-44,-44,-44,-44,-44,"-44",1,2,2,1,"Managers",2,1,2,2,2,2,2,5,"Service workers","Managers","Service workers",2,2,2,2,2,2,2,2,1,2,2,2,2,2,2,2,1,2,2,1,-44,50,50,50,-44,1,5,5,1,1,15000,12000,2,2,1,1,3,1,2,2,1,2,1,2,1,2,5,2,1,2,1,2,1,2,1,2,2,2,1,1,2,2,1,2,2,1,3,1,1,2,15000,7500,2,2,6,24,6,3,1,2,1,1,28,25,1,1,2,2,3,2,2,2,2,2,2,2,3,3,-44,-44,-44,-44,-44,-44,-44,-44,-44,-44,-44,-44,1,2,4,4,4,4,4,3,4,4,4,4,3,3,3,3,1,1,1,1,2,3,3,-44,-44,-44,-44,1,1,2,1,-44,-44,-44,4,4,4,4,1,2,3,4,4,4,4,2,2,-44,-44,-44,-44,-44,-44,"-44",-44,-44,-44,-44,-44,-44,"-44",2,2,-44,-44,2,2,-44,-44,-44,-44,"-44",-44,-44,-44,-44,"-44",-44,-44,-44,-44,"-44",-44,-44,-44,-44,"-44",-44,-44,-44,-44,"-44",-44,-44,-44,-44,"-44",-44,"-44",-44,"-44",-44,-44,-44,-44,2,2,-44,-44,-44,-44,-44,"-44",-44,-44,-44,-44,-44,"-44",-44,-44,-44,-44,-44,-44,-44,-44,-44,-44,-44,-44,-44,-44,-44,-44,-44,-44,-44,-44,-44,-44,2,2,-44,-44,4,4,3,2,3,2,-44,-44,-44,-44,-44,2,2,2,1,3,1,3,2,3,3,3,2,3,3,1,3,2,4,4,1,"-44",2,2,2,2,2,2,0,0,0,2,0,0,1,2,0,0,0,0,0,0,0,0,0,0,1,2,12,6,825000,2700000,4000000,12,6,918000,3154000,4700000,100,1,1,1,4,"KISUMU",9,"-44","-44",6,106,999,1,-44,1,-44,9,66.8786010742188,"Kenya"
21116,1,2,"M1 through M5",-44,-44,"M6",-44,-44,"-44",2,-44,1999,1,"-44",1,7,10,4,6,0,0,0,1,1,1,1,0,0,1,1,3,2,3,66.6666666666667,33.3333333333333,1,1,3,3,3,66.6666666666667,0,0,1,1,1,2,100,0,2,-44,-44,-44,-44,-44,1,1,1,1,0,0,2,-44,-44,-44,-44,-44,2,-44,-44,-44,-44,-44,2,-44,-44,-44,-44,-44,1,1,1,2,100,0,2,-44,-44,-44,-44,-44,-44,-44,"-44",1,1,1,2,2,1,2,2,"-44",1,1,2,2,1,1,2,2,"-44",2,-44,-44,-44,-44,-44,-44,-44,"-44",2,-44,-44,-44,-44,-44,-44,-44,"-44",2,-44,-44,-44,-44,-44,-44,-44,"-44",2,-44,-44,-44,-44,-44,-44,-44,"-44",2,-44,-44,-44,-44,-44,-44,-44,"-44",2,-44,-44,-44,-44,-44,-44,-44,"-44",2,-44,-44,-44,-44,-44,-44,-44,"-44",1,1,1,2,"Professionals",1,2,1,2,2,2,1,6,"Sales workers","Professionals","Sales workers",2,1,2,2,2,1,1,1,2,2,2,2,1,2,1,2,2,2,1,2,70,-44,-44,-44,20,-44,6,4,2,1,55000,23000,2,2,1,2,2,1,3,2,1,2,2,1,5,-44,-44,-44,-44,-44,-44,-44,2,2,2,1,2,2,1,1,1,2,1,1,2,2,2,3,1,3,50000,23000,2,2,0,5,5,4,1,2,2,1,30,42,2,1,2,2,2,2,2,2,2,2,2,2,3,1,-44,-44,-44,-44,-44,-44,-44,-44,-44,-44,-44,1,4,2,4,4,4,1,4,4,4,3,4,4,2,2,3,1,2,2,2,2,2,2,2,-44,-44,-44,1,-44,-44,-44,-44,-44,-44,-44,4,2,4,4,3,4,4,1,4,4,4,1,2,2,2,1,2,2,2,"-44",-44,-44,-44,-44,-44,-44,"-44",2,2,-44,-44,2,2,-44,-44,-44,-44,"-44",-44,-44,-44,-44,"-44",-44,-44,-44,-44,"-44",-44,-44,-44,-44,"-44",-44,-44,-44,-44,"-44",-44,-44,-44,-44,"-44",-44,"-44",-44,"-44",-44,-44,-44,-44,2,2,-44,-44,-44,-44,-44,"-44",-44,-44,-44,-44,-44,"-44",-44,-44,-44,-44,-44,-44,-44,-44,-44,-44,-44,-44,-44,-44,-44,-44,-44,-44,-44,-44,-44,-44,2,2,-44,-44,4,3,3,5,4,2,-44,-44,-44,-44,-44,1,2,3,5,3,3,3,3,3,3,1,2,1,3,3,3,3,5,3,1,"-44",1,1,2,2,1,1,3,1,1,2,0,0,1,3,4,3,1,1,2,2,3,2,2,4,2,2,12,7,2572000,5640000,16740000,12,10,2917000,5400000,19620000,100,1,2,1,4,"KISUMU",7,"-44","-44",10,104,999,1,-44,1,-44,9,66.8786010742188,"Kenya"
10050,1,2,"M1 through M5",-44,-44,"M6",-44,-44,"-44",2,-44,2001,1,"-44",1,7,5,4,1,0,0,0,1,1,1,1,0,0,0,2,-44,-44,-44,-44,-44,-44,1,3,3,3,0,0,0,1,1,1,1,100,0,2,-44,-44,-44,-44,-44,2,-44,-44,-44,-44,-44,2,-44,-44,-44,-44,-44,2,-44,-44,-44,-44,-44,2,-44,-44,-44,-44,-44,2,-44,-44,-44,-44,-44,2,-44,-44,-44,-44,-44,-44,-44,"-44",2,-44,-44,-44,-44,-44,-44,-44,"-44",1,2,2,2,1,2,2,2,"-44",2,-44,-44,-44,-44,-44,-44,-44,"-44",2,-44,-44,-44,-44,-44,-44,-44,"-44",2,-44,-44,-44,-44,-44,-44,-44,"-44",2,-44,-44,-44,-44,-44,-44,-44,"-44",2,-44,-44,-44,-44,-44,-44,-44,"-44",2,-44,-44,-44,-44,-44,-44,-44,"-44",2,-44,-44,-44,-44,-44,-44,-44,"-44",1,2,1,1,"Managers",1,2,2,2,2,2,2,4,"Clerical and support workers","Managers","Clerical and support workers",2,2,2,2,2,2,2,1,2,2,2,2,2,2,2,2,1,2,2,2,-44,-44,-44,-44,-44,-44,5,5,1,2,45000,8000,2,2,1,2,2,1,3,2,1,2,1,2,2,1,4,2,1,2,2,1,1,2,1,2,2,2,1,1,1,1,2,2,2,1,2,2,3,3,45000,8000,2,2,18,24,5,4,1,2,1,1,38,28,1,2,2,2,2,2,3,3,2,2,2,2,2,2,-44,-44,-44,-44,-44,-44,-44,-44,-44,-44,-44,-44,1,2,4,4,4,3,4,4,4,4,4,4,2,2,3,3,3,2,2,2,3,2,3,-44,-44,-44,-44,-44,-44,-44,-44,-44,-44,-44,1,2,4,4,4,3,4,4,4,4,4,2,2,-44,-44,-44,-44,-44,-44,"-44",-44,-44,-44,-44,-44,-44,"-44",2,2,-44,-44,2,2,-44,-44,-44,-44,"-44",-44,-44,-44,-44,"-44",-44,-44,-44,-44,"-44",-44,-44,-44,-44,"-44",-44,-44,-44,-44,"-44",-44,-44,-44,-44,"-44",-44,"-44",-44,"-44",-44,-44,-44,-44,2,2,-44,-44,-44,-44,-44,"-44",-44,-44,-44,-44,-44,"-44",-44,-44,-44,-44,-44,-44,-44,-44,-44,-44,-44,-44,-44,-44,-44,-44,-44,-44,-44,-44,-44,-44,2,2,-44,-44,4,4,4,3,3,2,-44,-44,-44,-44,-44,3,3,4,4,2,1,3,888997,1,1,1,3,1,1,1,3,1,3,3,1,"-44",1,1,1,2,2,2,0,0,0,2,3,0,0,3,1,1,0,0,0,0,0,0,0,0,0,2,8,4,1440000,3500000,46000000,8,4,1440000,3500000,49500000,100,1,1,2,3,"KISUMU",7,"-44","-44",5,106,999,1,-44,1,-44,9,66.8786010742188,"Kenya"
98240,2,2,"M1 through M5",-44,-44,"M6",-44,-44,"-44",2,-44,1996,1,"-44",1,11,7,3,4,0,0,0,1,1,1,1,0,0,0,1,1,1,1,100,0,0,2,-44,-44,-44,-44,-44,-44,1,1,1,1,100,0,2,-44,-44,-44,-44,-44,1,4,4,4,50,0,2,-44,-44,-44,-44,-44,2,-44,-44,-44,-44,-44,2,-44,-44,-44,-44,-44,2,-44,-44,-44,-44,-44,2,-44,-44,-44,-44,-44,-44,-44,"-44",2,-44,-44,-44,-44,-44,-44,-44,"-44",2,-44,-44,-44,-44,-44,-44,-44,"-44",2,-44,-44,-44,-44,-44,-44,-44,"-44",2,-44,-44,-44,-44,-44,-44,-44,"-44",1,1,2,1,1,2,1,2,"-44",2,-44,-44,-44,-44,-44,-44,-44,"-44",2,-44,-44,-44,-44,-44,-44,-44,"-44",2,-44,-44,-44,-44,-44,-44,-44,"-44",2,-44,-44,-44,-44,-44,-44,-44,"-44",1,1,2,2,"Professionals",1,2,1,2,2,2,2,6,"Sales workers","Professionals","Sales workers",2,2,2,2,2,2,1,1,2,2,2,2,1,2,2,1,1,2,2,1,-44,40,60,40,-44,30,6,6,2,2,39000,35000,2,2,1,2,5,-44,-44,-44,-44,-44,-44,-44,5,-44,-44,-44,-44,-44,-44,-44,1,1,1,2,2,2,1,1,1,1,2,1,1,1,3,2,3,3,39000,35000,2,2,36,15,6,6,2,2,1,1,36,35,2,1,2,2,2,2,2,2,2,2,2,2,2,2,-44,-44,-44,-44,-44,-44,-44,-44,-44,-44,-44,-44,1,2,4,4,4,4,4,4,4,4,3,4,2,2,2,2,2,2,2,2,2,2,2,-44,-44,-44,-44,-44,-44,-44,-44,-44,-44,-44,1,2,4,4,4,4,4,3,4,4,4,2,2,-44,-44,-44,-44,-44,-44,"-44",-44,-44,-44,-44,-44,-44,"-44",2,2,-44,-44,2,2,-44,-44,-44,-44,"-44",-44,-44,-44,-44,"-44",-44,-44,-44,-44,"-44",-44,-44,-44,-44,"-44",-44,-44,-44,-44,"-44",-44,-44,-44,-44,"-44",-44,"-44",-44,"-44",-44,-44,-44,-44,2,2,-44,-44,-44,-44,-44,"-44",-44,-44,-44,-44,-44,"-44",-44,-44,-44,-44,-44,-44,-44,-44,-44,-44,-44,-44,-44,-44,-44,-44,-44,-44,-44,-44,-44,-44,2,2,-44,-44,4,5,5,2,3,2,-44,-44,-44,-44,-44,4,1,1,2,4,3,3,3,3,3,3,3,3,3,3,3,3,3,3,1,"-44",2,1,2,2,2,2,0,0,0,2,0,0,0,3,4,4,3,1,0,0,0,3,1,0,3,2,6,7,2628000,34380000,45000000,6,7,2628000,35970000,46500000,100,1,1,2,3,"KISUMU",11,"-44","-44",7,106,999,1,-44,1,-44,9,66.8786010742188,"Kenya"
60587,1,3,"M1 through M5",-44,-44,"M6",-44,-44,"-44",2,-44,1998,1,"-44",1,7,12,10,2,1,1,0,1,1,1,1,0,0,0,1,1,1,1,0,0,0,1,9,9,1,11.1111111111111,0,0,1,2,2,2,50,0,2,-44,-44,-44,-44,-44,2,-44,-44,-44,-44,-44,2,-44,-44,-44,-44,-44,2,-44,-44,-44,-44,-44,2,-44,-44,-44,-44,-44,2,-44,-44,-44,-44,-44,2,-44,-44,-44,-44,-44,-44,-44,"-44",1,2,2,1,1,1,1,2,"-44",1,1,2,2,1,2,2,2,"-44",1,1,2,1,2,1,1,2,"-44",2,-44,-44,-44,-44,-44,-44,-44,"-44",2,-44,-44,-44,-44,-44,-44,-44,"-44",2,-44,-44,-44,-44,-44,-44,-44,"-44",2,-44,-44,-44,-44,-44,-44,-44,"-44",2,-44,-44,-44,-44,-44,-44,-44,"-44",2,-44,-44,-44,-44,-44,-44,-44,"-44",1,1,1,2,"Professionals",1,2,2,2,2,2,2,4,"Clerical and support workers","Professionals","Clerical and support workers",2,2,2,1,2,1,2,2,2,2,2,2,2,2,2,2,1,2,1,1,100,20,80,20,20,40,5,4,1,2,105900,33900,2,2,2,2,1,5,-44,2,2,1,-44,-44,1,2,5,2,1,2,2,1,1,1,1,1,2,1,1,1,1,2,1,1,2,1,2,2,3,2,105900,25800,2,2,6,1,6,5,2,1,1,1,53,40,1,2,3,1,2,2,3,1,2,2,2,2,2,1,-44,1,-44,-44,-44,1,-44,-44,-44,-44,-44,2,4,4,4,4,4,3,4,2,4,1,4,4,2,2,2,2,1,2,2,2,2,2,3,-44,-44,-44,-44,1,-44,-44,-44,-44,-44,-44,4,4,4,4,1,2,4,4,3,4,4,1,1,2,2,2,2,1,2,"-44",2,1,2,2,2,2,"-44",2,2,-44,-44,2,2,-44,-44,-44,-44,"-44",-44,-44,-44,-44,"-44",-44,-44,-44,-44,"-44",-44,-44,-44,-44,"-44",-44,-44,-44,-44,"-44",-44,-44,-44,-44,"-44",-44,"-44",-44,"-44",-44,-44,-44,-44,2,2,-44,-44,-44,-44,-44,"-44",-44,-44,-44,-44,-44,"-44",-44,-44,-44,-44,-44,-44,-44,-44,-44,-44,-44,-44,-44,-44,-44,-44,-44,-44,-44,-44,-44,-44,2,2,-44,-44,3,4,2,4,4,2,-44,-44,-44,-44,-44,2,2,5,1,4,3,2,3,3,3,3,3,3,1,1,3,1,3,5,4,"-44",2,2,2,2,2,2,2,0,0,3,1,2,1,4,2,0,1,4,1,0,2,0,1,0,1,2,11,13,15566400,9476000,67760000,11,13,4999700,5667200,24168000,30,1,2,1,3,"KISUMU",7,"-44","-44",13,118,201,1,-44,1,-44,9,66.8786010742188,"Kenya"
38032,2,2,"M1 through M5",-44,-44,"M6",-44,-44,"-44",2,-44,2004,1,"-44",1,7,8,6,2,1,0,1,1,1,1,1,0,0,0,1,2,2,2,50,0,0,1,3,2,3,66.6666666666667,33.3333333333333,0,2,-44,-44,-44,-44,-44,2,-44,-44,-44,-44,-44,2,-44,-44,-44,-44,-44,2,-44,-44,-44,-44,-44,1,3,2,3,0,1,2,-44,-44,-44,-44,-44,2,-44,-44,-44,-44,-44,2,-44,-44,-44,-44,-44,-44,-44,"-44",2,-44,-44,-44,-44,-44,-44,-44,"-44",1,1,2,2,1,1,2,2,"-44",2,-44,-44,-44,-44,-44,-44,-44,"-44",2,-44,-44,-44,-44,-44,-44,-44,"-44",2,-44,-44,-44,-44,-44,-44,-44,"-44",2,-44,-44,-44,-44,-44,-44,-44,"-44",1,1,1,2,2,2,2,2,"-44",2,-44,-44,-44,-44,-44,-44,-44,"-44",2,-44,-44,-44,-44,-44,-44,-44,"-44",1,1,1,3,"Technicians and associate professionals",2,2,2,2,1,2,2,8,"Construction, craft, and related trade w","Technicians and associate professionals","Construction, craft, and related trade w",2,2,2,1,2,2,1,1,2,2,2,2,1,2,2,2,1,2,1,1,70,10,90,10,20,20,5,4,2,1,446000,38000,2,2,1,1,2,1,5,2,1,2,2,1,1,5,-44,2,1,2,-44,-44,1,2,1,1,2,1,1,1,2,1,2,2,2,1,4,1,3,2,379000,41000,2,2,18,0,4,3,2,2,1,1,32,27,2,1,2,1,1,2,2,2,2,2,2,2,3,2,-44,1,2,-44,-44,-44,-44,-44,-44,-44,-44,-44,4,4,4,1,2,4,4,4,3,4,4,4,2,2,3,2,2,2,2,2,2,2,2,-44,-44,-44,-44,-44,-44,-44,-44,-44,-44,-44,4,4,4,4,2,4,4,3,1,4,4,2,2,-44,-44,-44,-44,-44,-44,"-44",-44,-44,-44,-44,-44,-44,"-44",2,2,-44,-44,2,2,-44,-44,-44,-44,"-44",-44,-44,-44,-44,"-44",-44,-44,-44,-44,"-44",-44,-44,-44,-44,"-44",-44,-44,-44,-44,"-44",-44,-44,-44,-44,"-44",-44,"-44",-44,"-44",-44,-44,-44,-44,2,2,-44,-44,-44,-44,-44,"-44",-44,-44,-44,-44,-44,"-44",-44,-44,-44,-44,-44,-44,-44,-44,-44,-44,-44,-44,-44,-44,-44,-44,-44,-44,-44,-44,-44,-44,2,2,-44,-44,4,4,5,5,5,2,-44,-44,-44,-44,-44,1,2,2,4,4,3,3,3,1,1,3,3,1,2,1,3,3,3,5,1,"-44",2,2,2,2,2,2,1,2,0,3,0,1,3,1,0,0,0,0,1,0,1,3,0,1,0,2,6,5,3150000,90000,46500000,6,10,2728000,545000,77000000,50,1,2,1,4,"KISUMU",7,"-44","-44",9,101,999,1,-44,1,-44,9,66.8786010742188,"Kenya"
98339,1,2,"M1 through M5",-44,-44,"M6",-44,-44,"-44",2,-44,2001,1,"-44",1,9,6,2,4,0,0,0,1,1,1,1,0,0,0,2,-44,-44,-44,-44,-44,-44,2,-44,-44,-44,-44,-44,-44,1,2,2,2,100,0,2,-44,-44,-44,-44,-44,2,-44,-44,-44,-44,-44,2,-44,-44,-44,-44,-44,2,-44,-44,-44,-44,-44,2,-44,-44,-44,-44,-44,1,3,3,3,66.6666666666667,0,2,-44,-44,-44,-44,-44,-44,-44,"-44",2,-44,-44,-44,-44,-44,-44,-44,"-44",2,-44,-44,-44,-44,-44,-44,-44,"-44",2,-44,-44,-44,-44,-44,-44,-44,"-44",2,-44,-44,-44,-44,-44,-44,-44,"-44",2,-44,-44,-44,-44,-44,-44,-44,"-44",2,-44,-44,-44,-44,-44,-44,-44,"-44",2,-44,-44,-44,-44,-44,-44,-44,"-44",2,-44,-44,-44,-44,-44,-44,-44,"-44",1,1,2,2,1,2,1,2,"-44",1,2,2,1,"Managers",1,2,2,2,2,2,1,10,"Elementary occupations","Managers","Elementary occupations",2,2,2,2,2,2,2,1,2,2,2,2,2,2,2,2,1,2,2,1,-44,50,50,50,-44,4,5,3,1,2,25000,12000,2,2,2,1,5,-44,-44,-44,-44,-44,-44,-44,5,-44,-44,-44,-44,-44,-44,-44,1,1,1,1,2,2,1,2,2,2,2,2,2,1,1,1,3,2,25000,12000,2,2,48,10,5,4,1,2,1,1,43,34,1,2,2,2,3,2,2,2,2,2,2,2,3,2,-44,-44,-44,-44,-44,-44,-44,-44,-44,-44,-44,-44,1,2,4,4,4,4,3,4,4,4,4,4,3,2,3,2,2,2,2,2,2,3,3,-44,-44,-44,-44,-44,-44,-44,-44,-44,-44,-44,4,4,4,4,4,3,2,4,1,4,4,2,2,-44,-44,-44,-44,-44,-44,"-44",-44,-44,-44,-44,-44,-44,"-44",2,2,-44,-44,2,2,-44,-44,-44,-44,"-44",-44,-44,-44,-44,"-44",-44,-44,-44,-44,"-44",-44,-44,-44,-44,"-44",-44,-44,-44,-44,"-44",-44,-44,-44,-44,"-44",-44,"-44",-44,"-44",-44,-44,-44,-44,2,2,-44,-44,-44,-44,-44,"-44",-44,-44,-44,-44,-44,"-44",-44,-44,-44,-44,-44,-44,-44,-44,-44,-44,-44,-44,-44,-44,-44,-44,-44,-44,-44,-44,-44,-44,2,2,-44,-44,5,5,5,4,5,2,-44,-44,-44,-44,-44,4,1,3,4,4,1,3,1,3,1,1,3,1,1,1,1,3,4,4,1,"-44",2,2,2,2,2,2,1,0,3,0,0,0,2,3,3,4,0,0,0,0,0,0,0,0,3,2,12,5,1164000,1020000,7200000,12,6,1308000,1080000,7560000,100,1,2,1,4,"KISUMU",9,"-44","-44",6,106,999,1,-44,1,-44,9,66.8786010742188,"Kenya"
27058,2,2,"M1 through M5",-44,-44,"M6",-44,-44,"-44",2,-44,2000,1,"-44",1,7,6,2,4,0,0,0,1,1,1,1,0,0,0,1,2,1,2,50,50,0,2,-44,-44,-44,-44,-44,-44,1,2,2,5,100,2,2,-44,-44,-44,-44,-44,1,1,0,6,100,0,2,-44,-44,-44,-44,-44,2,-44,-44,-44,-44,-44,2,-44,-44,-44,-44,-44,2,-44,-44,-44,-44,-44,2,-44,-44,-44,-44,-44,-44,-44,"-44",1,1,2,1,1,2,1,2,"-44",2,-44,-44,-44,-44,-44,-44,-44,"-44",1,1,2,1,2,2,1,2,"-44",2,-44,-44,-44,-44,-44,-44,-44,"-44",1,1,2,1,2,1,2,2,"-44",2,-44,-44,-44,-44,-44,-44,-44,"-44",2,-44,-44,-44,-44,-44,-44,-44,"-44",2,-44,-44,-44,-44,-44,-44,-44,"-44",2,-44,-44,-44,-44,-44,-44,-44,"-44",1,1,2,2,"Professionals",1,2,1,2,2,2,2,4,"Clerical and support workers","Professionals","Clerical and support workers",2,2,2,2,2,2,1,1,2,2,1,2,2,2,1,2,2,2,1,1,70,30,70,30,45,10,5,6,1,1,56000,33000,2,2,1,2,5,-44,-44,-44,-44,-44,-44,-44,3,2,1,2,1,2,1,2,1,1,2,2,2,1,1,1,1,1,2,2,2,2,2,3,1,1,64000,38000,2,2,12,0,5,4,1,2,1,1,24,39,1,1,2,2,2,2,1,1,2,2,2,1,2,2,-44,-44,-44,-44,1,1,-44,-44,-44,3,-44,-44,4,4,4,1,4,4,4,2,3,4,4,4,1,2,3,2,1,2,2,1,2,1,2,2,-44,-44,-44,1,-44,-44,1,-44,1,-44,4,3,4,2,4,4,1,4,4,4,4,2,2,-44,-44,-44,-44,-44,-44,"-44",-44,-44,-44,-44,-44,-44,"-44",2,2,-44,-44,2,2,-44,-44,-44,-44,"-44",-44,-44,-44,-44,"-44",-44,-44,-44,-44,"-44",-44,-44,-44,-44,"-44",-44,-44,-44,-44,"-44",-44,-44,-44,-44,"-44",-44,"-44",-44,"-44",-44,-44,-44,-44,2,2,-44,-44,-44,-44,-44,"-44",-44,-44,-44,-44,-44,"-44",-44,-44,-44,-44,-44,-44,-44,-44,-44,-44,-44,-44,-44,-44,-44,-44,-44,-44,-44,-44,-44,-44,2,2,-44,-44,4,5,4,4,3,2,-44,-44,-44,-44,-44,2,3,1,4,1,3,1,3,1,1,3,3,1,3,3,3,1,3,3,2,"-44",2,2,2,2,2,2,0,3,0,2,3,0,4,4,1,0,0,1,0,0,1,0,3,0,2,2,12,6,900000,1332000,18200000,12,7,960000,1284000,2730000,100,1,1,1,4,"KISUMU",7,"-44","-44",6,101,999,2,-44,1,-44,9,66.8786010742188,"Kenya"
98243,1,2,"M1 through M5",-44,-44,"M6",-44,-44,"-44",2,-44,2008,1,"-44",1,16,10,3,7,0,0,0,1,1,1,1,0,0,0,1,6,6,6,66.6666666666667,0,0,2,-44,-44,-44,-44,-44,-44,2,-44,-44,-44,-44,-44,1,1,1,1,100,0,2,-44,-44,-44,-44,-44,2,-44,-44,-44,-44,-44,2,-44,-44,-44,-44,-44,2,-44,-44,-44,-44,-44,1,2,2,2,100,0,2,-44,-44,-44,-44,-44,-44,-44,"-44",1,1,2,2,1,2,2,2,"-44",2,-44,-44,-44,-44,-44,-44,-44,"-44",2,-44,-44,-44,-44,-44,-44,-44,"-44",2,-44,-44,-44,-44,-44,-44,-44,"-44",2,-44,-44,-44,-44,-44,-44,-44,"-44",2,-44,-44,-44,-44,-44,-44,-44,"-44",2,-44,-44,-44,-44,-44,-44,-44,"-44",2,-44,-44,-44,-44,-44,-44,-44,"-44",2,-44,-44,-44,-44,-44,-44,-44,"-44",1,1,2,2,"Professionals",2,1,2,2,2,2,1,5,"Service workers","Professionals","Service workers",2,2,2,2,2,2,1,1,2,2,2,2,2,2,2,2,1,2,1,2,50,-44,-44,-44,21,-44,6,4,2,2,15000,10000,2,2,2,2,5,-44,-44,-44,-44,-44,-44,-44,5,-44,-44,-44,-44,-44,-44,-44,1,1,1,2,2,2,1,2,2,2,2,2,2,1,1,1,3,3,17000,10000,2,2,24,36,6,4,2,1,1,1,35,40,2,2,2,2,3,2,2,2,2,2,2,2,3,2,-44,-44,-44,-44,-44,-44,-44,-44,-44,-44,-44,-44,4,3,4,4,4,1,4,2,4,4,4,4,2,2,3,1,2,2,2,2,2,3,2,-44,-44,-44,1,-44,-44,-44,-44,-44,-44,-44,4,4,4,4,4,1,2,4,3,4,4,1,2,2,2,2,2,1,2,"-44",-44,-44,-44,-44,-44,-44,"-44",2,2,-44,-44,2,2,-44,-44,-44,-44,"-44",-44,-44,-44,-44,"-44",-44,-44,-44,-44,"-44",-44,-44,-44,-44,"-44",-44,-44,-44,-44,"-44",-44,-44,-44,-44,"-44",-44,"-44",-44,"-44",-44,-44,-44,-44,2,2,-44,-44,-44,-44,-44,"-44",-44,-44,-44,-44,-44,"-44",-44,-44,-44,-44,-44,-44,-44,-44,-44,-44,-44,-44,-44,-44,-44,-44,-44,-44,-44,-44,-44,-44,2,2,-44,-44,5,5,5,2,5,2,-44,-44,-44,-44,-44,3,3,3,4,4,3,3,3,3,3,3,3,3,3,3,3,3,4,4,1,"-44",2,2,2,2,2,2,0,0,3,0,0,0,2,3,0,4,0,0,0,0,0,0,0,0,2,2,12,10,1764000,869540,5200000,12,10,1764000,912000,5800000,100,1,1,1,4,"KISUMU",16,"-44","-44",10,106,999,1,-44,1,-44,9,66.8786010742188,"Kenya"
98375,1,2,"M1 through M5",-44,-44,"M6",-44,-44,"-44",2,-44,2005,3,"-44",1,10,18,4,14,0,0,0,1,2,2,2,50,0,0,1,2,2,2,50,0,0,2,-44,-44,-44,-44,-44,-44,1,1,1,1,100,0,2,-44,-44,-44,-44,-44,1,10,10,10,100,0,2,-44,-44,-44,-44,-44,2,-44,-44,-44,-44,-44,1,1,1,1,0,0,1,2,2,2,50,0,2,-44,-44,-44,-44,-44,-44,-44,"-44",2,-44,-44,-44,-44,-44,-44,-44,"-44",2,-44,-44,-44,-44,-44,-44,-44,"-44",2,-44,-44,-44,-44,-44,-44,-44,"-44",2,-44,-44,-44,-44,-44,-44,-44,"-44",1,1,2,2,2,2,2,2,"-44",2,-44,-44,-44,-44,-44,-44,-44,"-44",2,-44,-44,-44,-44,-44,-44,-44,"-44",2,-44,-44,-44,-44,-44,-44,-44,"-44",2,-44,-44,-44,-44,-44,-44,-44,"-44",1,1,2,1,"Managers",1,2,1,2,2,1,1,6,"Sales workers","Managers","Sales workers",2,2,2,2,2,2,1,1,2,2,2,2,2,2,2,1,1,2,2,1,-44,40,60,40,-44,14,6,5,2,2,65000,18000,2,2,2,2,3,5,-44,-44,-44,-44,-44,-44,5,-44,-44,-44,-44,-44,-44,-44,1,1,1,2,2,2,2,1,1,1,2,2,2,1,3,2,3,3,65000,18000,2,2,24,8,6,5,1,1,1,1,42,27,1,2,2,2,3,3,2,2,2,2,2,2,2,2,-44,-44,-44,-44,-44,-44,-44,-44,-44,-44,-44,-44,1,4,4,4,4,4,4,4,4,4,2,3,2,2,3,2,2,2,2,2,2,2,2,-44,-44,-44,-44,-44,-44,-44,-44,-44,-44,-44,1,2,4,4,4,3,4,4,4,4,4,2,2,-44,-44,-44,-44,-44,-44,"-44",-44,-44,-44,-44,-44,-44,"-44",2,2,-44,-44,2,2,-44,-44,-44,-44,"-44",-44,-44,-44,-44,"-44",-44,-44,-44,-44,"-44",-44,-44,-44,-44,"-44",-44,-44,-44,-44,"-44",-44,-44,-44,-44,"-44",-44,"-44",-44,"-44",-44,-44,-44,-44,2,2,-44,-44,-44,-44,-44,"-44",-44,-44,-44,-44,-44,"-44",-44,-44,-44,-44,-44,-44,-44,-44,-44,-44,-44,-44,-44,-44,-44,-44,-44,-44,-44,-44,-44,-44,2,2,-44,-44,2,4,3,1,4,2,-44,-44,-44,-44,-44,2,1,1,1,1,3,3,2,3,3,3,3,3,3,3,1,3,3,3,1,"-44",2,2,2,2,1,2,0,0,0,3,0,0,0,3,2,4,1,0,0,0,0,0,0,0,3,2,6,18,5376000,140000000,168000000,6,18,5376000,146500000,174460000,100,2,2,2,4,"KISUMU",10,"-44","-44",18,106,999,2,-44,1,-44,9,66.8786010742188,"Kenya"
21084,1,2,"M1 through M5",-44,-44,"M6",-44,-44,"-44",2,-44,1989,1,"-44",1,7,4,3,1,1,1,0,1,1,1,1,100,0,0,2,-44,-44,-44,-44,-44,-44,2,-44,-44,-44,-44,-44,-44,2,-44,-44,-44,-44,-44,2,-44,-44,-44,-44,-44,2,-44,-44,-44,-44,-44,2,-44,-44,-44,-44,-44,1,4,2,4,0,0,2,-44,-44,-44,-44,-44,2,-44,-44,-44,-44,-44,2,-44,-44,-44,-44,-44,-44,-44,"-44",2,-44,-44,-44,-44,-44,-44,-44,"-44",2,-44,-44,-44,-44,-44,-44,-44,"-44",2,-44,-44,-44,-44,-44,-44,-44,"-44",2,-44,-44,-44,-44,-44,-44,-44,"-44",2,-44,-44,-44,-44,-44,-44,-44,"-44",2,-44,-44,-44,-44,-44,-44,-44,"-44",1,1,2,2,1,2,2,2,"-44",2,-44,-44,-44,-44,-44,-44,-44,"-44",2,-44,-44,-44,-44,-44,-44,-44,"-44",1,2,2,1,"Managers",2,2,2,2,1,2,2,8,"Construction, craft, and related trade w","Managers","Construction, craft, and related trade w",2,2,2,2,2,1,2,2,2,2,2,2,2,2,1,2,1,2,2,1,-44,30,70,30,-44,5,5,3,1,1,22000,7000,2,2,1,1,2,5,-44,-44,-44,-44,2,1,2,1,3,2,1,2,1,2,1,1,2,1,1,1,2,1,1,1,2,2,2,2,3,1,3,3,22000,6000,2,2,5,5,5,3,1,2,1,1,46,31,1,1,2,3,3,2,1,2,2,2,1,2,2,1,-44,-44,-44,-44,1,-44,-44,-44,3,-44,-44,2,1,4,4,4,4,3,4,4,2,4,4,4,1,2,3,2,2,2,2,2,1,3,3,1,-44,-44,-44,-44,-44,-44,-44,1,-44,-44,1,4,4,4,4,4,3,4,4,4,2,2,2,-44,-44,-44,-44,-44,-44,"-44",-44,-44,-44,-44,-44,-44,"-44",2,2,-44,-44,2,2,-44,-44,-44,-44,"-44",-44,-44,-44,-44,"-44",-44,-44,-44,-44,"-44",-44,-44,-44,-44,"-44",-44,-44,-44,-44,"-44",-44,-44,-44,-44,"-44",-44,"-44",-44,"-44",-44,-44,-44,-44,2,2,-44,-44,-44,-44,-44,"-44",-44,-44,-44,-44,-44,"-44",-44,-44,-44,-44,-44,-44,-44,-44,-44,-44,-44,-44,-44,-44,-44,-44,-44,-44,-44,-44,-44,-44,2,2,-44,-44,5,5,4,4,3,2,-44,-44,-44,-44,-44,4,2,3,5,1,2,2,3,1,1,3,3,3,1,3,3,3,5,4,2,"-44",2,2,2,2,2,2,1,0,2,3,3,1,3,1,1,0,0,0,3,0,0,1,0,1,0,2,6,10,605000,1365000,2860000,6,5,432000,1365000,2184000,0,2,1,1,4,"KISUMU",7,"-44","-44",5,105,999,1,-44,1,-44,9,66.8786010742188,"Kenya"
21220,1,3,"M1 through M5",-44,-44,"M6",-44,-44,"-44",2,-44,1996,1,"-44",1,3,6,2,4,3,1,2,1,1,1,1,0,0,0,2,-44,-44,-44,-44,-44,-44,2,-44,-44,-44,-44,-44,-44,2,-44,-44,-44,-44,-44,2,-44,-44,-44,-44,-44,1,8,7,8,75,0,2,-44,-44,-44,-44,-44,2,-44,-44,-44,-44,-44,2,-44,-44,-44,-44,-44,2,-44,-44,-44,-44,-44,2,-44,-44,-44,-44,-44,-44,-44,"-44",2,-44,-44,-44,-44,-44,-44,-44,"-44",2,-44,-44,-44,-44,-44,-44,-44,"-44",2,-44,-44,-44,-44,-44,-44,-44,"-44",2,-44,-44,-44,-44,-44,-44,-44,"-44",1,1,2,2,2,1,2,2,"-44",2,-44,-44,-44,-44,-44,-44,-44,"-44",2,-44,-44,-44,-44,-44,-44,-44,"-44",2,-44,-44,-44,-44,-44,-44,-44,"-44",2,-44,-44,-44,-44,-44,-44,-44,"-44",1,2,2,1,"Managers",2,2,1,2,2,2,2,6,"Sales workers","Managers","Sales workers",2,2,2,2,2,1,1,1,2,1,1,2,2,2,2,1,2,2,2,1,-44,75,25,75,-44,10,5,5,1,2,36000,7000,2,2,1,1,3,5,-44,-44,-44,-44,-44,-44,3,2,5,-44,-44,-44,1,2,2,1,1,2,1,1,1,1,1,1,2,2,1,1,3,2,3,3,36000,7000,2,2,5,18,5,4,1,1,1,1,34,30,1,1,2,1,2,2,1,2,2,2,2,1,1,2,-44,2,-44,-44,2,-44,-44,-44,-44,1,1,-44,4,4,4,4,4,3,2,1,4,4,4,4,1,2,1,1,1,2,1,2,1,3,2,2,-44,2,2,2,-44,2,-44,3,-44,-44,2,4,4,4,1,3,4,4,4,4,4,2,2,-44,-44,-44,-44,-44,-44,"-44",-44,-44,-44,-44,-44,-44,"-44",1,2,100,-44,1,2,1,1,2,-44,"-44",-44,-44,-44,-44,"-44",100,100,-44,-44,"-44",8,5,-44,-44,"-44",-44,-44,-44,-44,"-44",-44,-44,-44,-44,"-44",1,"-44",-44,"-44",8,-44,-44,-44,1,2,2,1,1,2,2,"-44",-44,-44,-44,-44,-44,"-44",-44,100,100,-44,-44,-44,5,1,-44,-44,-44,-44,-44,-44,-44,-44,-44,-44,-44,-44,7000,-44,1,2,4,-44,2,4,2,3,3,2,-44,-44,-44,-44,-44,1,1,1,5,3,3,3,3,1,3,3,2,2,2,1,3,3,3,4,2,"-44",2,2,1,1,1,2,0,0,0,2,0,1,3,3,1,0,0,2,0,0,3,1,0,4,0,2,12,9,2472000,126000,2660000,12,9,2185000,141000,2934000,0,1,1,1,4,"KISUMU",3,"-44","-44",9,105,999,1,-44,1,-44,9,66.8786010742188,"Kenya"
98330,1,2,"M1 through M5",-44,-44,"M6",-44,-44,"-44",2,-44,2002,1,"-44",1,9,16,7,9,0,0,0,1,1,1,1,0,0,0,2,-44,-44,-44,-44,-44,-44,2,-44,-44,-44,-44,-44,-44,1,2,2,2,50,0,1,11,11,11,54.5454545454545,0,2,-44,-44,-44,-44,-44,2,-44,-44,-44,-44,-44,2,-44,-44,-44,-44,-44,2,-44,-44,-44,-44,-44,1,2,2,2,100,0,2,-44,-44,-44,-44,-44,-44,-44,"-44",2,-44,-44,-44,-44,-44,-44,-44,"-44",2,-44,-44,-44,-44,-44,-44,-44,"-44",2,-44,-44,-44,-44,-44,-44,-44,"-44",1,1,2,1,1,1,1,2,"-44",2,-44,-44,-44,-44,-44,-44,-44,"-44",2,-44,-44,-44,-44,-44,-44,-44,"-44",2,-44,-44,-44,-44,-44,-44,-44,"-44",2,-44,-44,-44,-44,-44,-44,-44,"-44",2,-44,-44,-44,-44,-44,-44,-44,"-44",1,2,2,1,"Managers",1,1,2,2,2,2,1,10,"Elementary occupations","Managers","Elementary occupations",2,2,2,2,2,2,2,1,2,2,2,2,2,2,2,2,1,2,2,2,-44,-44,-44,-44,-44,-44,5,4,1,2,28000,9000,2,2,1,2,3,2,4,-44,-44,-44,1,2,5,-44,-44,-44,-44,-44,-44,-44,1,2,1,2,1,2,1,2,2,2,2,2,2,1,2,1,3,2,28000,9000,2,2,4,12,5,4,1,2,1,1,37,32,1,2,2,2,3,1,2,2,2,2,2,2,3,3,-44,-44,-44,1,-44,-44,-44,-44,-44,-44,-44,-44,1,4,4,2,4,3,4,4,4,4,4,4,3,2,3,3,2,2,2,2,2,3,3,-44,-44,-44,-44,-44,-44,-44,-44,-44,-44,-44,4,4,4,4,2,1,3,4,4,4,4,2,2,-44,-44,-44,-44,-44,-44,"-44",-44,-44,-44,-44,-44,-44,"-44",2,2,-44,-44,2,2,-44,-44,-44,-44,"-44",-44,-44,-44,-44,"-44",-44,-44,-44,-44,"-44",-44,-44,-44,-44,"-44",-44,-44,-44,-44,"-44",-44,-44,-44,-44,"-44",-44,"-44",-44,"-44",-44,-44,-44,-44,2,2,-44,-44,-44,-44,-44,"-44",-44,-44,-44,-44,-44,"-44",-44,-44,-44,-44,-44,-44,-44,-44,-44,-44,-44,-44,-44,-44,-44,-44,-44,-44,-44,-44,-44,-44,2,2,-44,-44,5,5,5,5,3,2,-44,-44,-44,-44,-44,3,4,2,2,3,1,3,3,1,1,1,3,1,3,1,1,3,3,3,1,"-44",2,1,2,2,2,2,1,0,1,3,0,0,2,3,4,4,0,0,0,0,0,0,2,0,2,2,12,16,1920000,10800000,16000000,12,16,1920000,12600000,18300000,100,2,1,1,4,"KISUMU",9,"-44","-44",16,106,999,1,-44,1,-44,9,66.8786010742188,"Kenya"
27036,1,4,"M1 through M5",2,2,"M6",-44,-44,"-44",2,-44,2011,1,"-44",1,7,5,2,3,0,0,0,1,1,1,1,100,0,0,2,-44,-44,-44,-44,-44,-44,2,-44,-44,-44,-44,-44,-44,1,1,1,1,0,0,1,2,1,2,50,0,2,-44,-44,-44,-44,-44,2,-44,-44,-44,-44,-44,2,-44,-44,-44,-44,-44,2,-44,-44,-44,-44,-44,1,1,1,1,100,0,2,-44,-44,-44,-44,-44,-44,-44,"-44",2,-44,-44,-44,-44,-44,-44,-44,"-44",2,-44,-44,-44,-44,-44,-44,-44,"-44",2,-44,-44,-44,-44,-44,-44,-44,"-44",1,1,1,2,2,2,1,2,"-44",2,-44,-44,-44,-44,-44,-44,-44,"-44",2,-44,-44,-44,-44,-44,-44,-44,"-44",2,-44,-44,-44,-44,-44,-44,-44,"-44",2,-44,-44,-44,-44,-44,-44,-44,"-44",1,2,2,2,2,2,2,2,"-44",1,2,2,1,"Managers",1,1,2,2,2,2,1,5,"Service workers","Managers","Service workers",2,1,2,2,2,2,1,2,2,2,2,2,2,2,2,2,1,2,2,1,-44,60,40,60,-44,5,6,5,1,1,218000,42000,2,2,2,1,3,2,5,-44,-44,-44,2,1,2,1,5,2,2,1,2,1,1,1,1,1,2,2,1,1,2,2,1,2,2,1,2,1,2,1,218000,47000,2,2,5,2,6,4,1,1,2,1,49,32,1,2,2,3,3,1,2,1,2,2,1,2,1,2,-44,-44,-44,2,-44,1,-44,-44,2,-44,3,-44,4,4,4,4,2,3,1,4,4,4,4,4,3,2,1,2,2,1,2,1,1,1,2,-44,-44,1,-44,-44,1,-44,2,2,1,-44,4,4,4,4,3,4,1,2,4,4,4,2,2,-44,-44,-44,-44,-44,-44,"-44",-44,-44,-44,-44,-44,-44,"-44",2,2,-44,-44,2,2,-44,-44,-44,-44,"-44",-44,-44,-44,-44,"-44",-44,-44,-44,-44,"-44",-44,-44,-44,-44,"-44",-44,-44,-44,-44,"-44",-44,-44,-44,-44,"-44",-44,"-44",-44,"-44",-44,-44,-44,-44,2,2,-44,-44,-44,-44,-44,"-44",-44,-44,-44,-44,-44,"-44",-44,-44,-44,-44,-44,-44,-44,-44,-44,-44,-44,-44,-44,-44,-44,-44,-44,-44,-44,-44,-44,-44,2,2,-44,-44,5,4,3,5,3,2,-44,-44,-44,-44,-44,3,2,1,5,5,1,3,3,1,3,3,2,1,3,2,1,3,2,4,1,"-44",1,2,2,2,1,2,3,3,1,2,0,2,3,3,2,3,1,2,0,0,0,3,0,3,0,2,11,6,13104000,17460000,174600000,11,5,16500000,21560000,188940000,80,2,1,1,3,"KISUMU",7,"-44","-44",5,108,999,2,-44,1,-44,9,66.8786010742188,"Kenya"
98257,1,3,"M1 through M5",-44,-44,"M6",-44,-44,"-44",1,2004,2004,1,"-44",1,7,21,17,4,0,0,0,1,1,1,1,0,0,0,2,-44,-44,-44,-44,-44,-44,2,-44,-44,-44,-44,-44,-44,2,-44,-44,-44,-44,-44,2,-44,-44,-44,-44,-44,1,18,18,18,16.6666666666667,0,2,-44,-44,-44,-44,-44,2,-44,-44,-44,-44,-44,2,-44,-44,-44,-44,-44,1,2,2,2,50,0,2,-44,-44,-44,-44,-44,-44,-44,"-44",2,-44,-44,-44,-44,-44,-44,-44,"-44",2,-44,-44,-44,-44,-44,-44,-44,"-44",2,-44,-44,-44,-44,-44,-44,-44,"-44",2,-44,-44,-44,-44,-44,-44,-44,"-44",1,1,2,1,1,1,1,2,"-44",2,-44,-44,-44,-44,-44,-44,-44,"-44",2,-44,-44,-44,-44,-44,-44,-44,"-44",2,-44,-44,-44,-44,-44,-44,-44,"-44",1,1,2,2,1,2,2,2,"-44",1,2,2,1,"Managers",2,2,1,2,2,2,1,10,"Elementary occupations","Managers","Elementary occupations",2,2,2,2,2,2,2,1,2,2,1,2,2,2,2,2,1,1,2,1,-44,70,30,70,-44,1,6,5,1,1,50000,7500,2,1,1,2,1,2,5,2,2,1,1,2,1,2,3,2,1,2,2,1,1,1,1,2,2,2,1,2,2,2,2,1,2,1,3,1,1,2,50000,7500,2,1,6,24,6,3,1,2,1,1,45,28,1,2,2,2,3,2,2,2,2,2,2,2,1,2,-44,-44,-44,-44,-44,-44,-44,-44,-44,-44,1,-44,1,2,4,4,4,4,4,3,4,4,4,4,3,3,3,2,2,2,3,3,3,3,3,-44,-44,-44,-44,-44,-44,-44,-44,-44,-44,-44,4,4,4,4,2,1,4,4,3,4,4,2,2,-44,-44,-44,-44,-44,-44,"-44",-44,-44,-44,-44,-44,-44,"-44",2,2,-44,-44,2,2,-44,-44,-44,-44,"-44",-44,-44,-44,-44,"-44",-44,-44,-44,-44,"-44",-44,-44,-44,-44,"-44",-44,-44,-44,-44,"-44",-44,-44,-44,-44,"-44",-44,"-44",-44,"-44",-44,-44,-44,-44,2,2,-44,-44,-44,-44,-44,"-44",-44,-44,-44,-44,-44,"-44",-44,-44,-44,-44,-44,-44,-44,-44,-44,-44,-44,-44,-44,-44,-44,-44,-44,-44,-44,-44,-44,-44,2,2,-44,-44,2,4,2,2,3,2,-44,-44,-44,-44,-44,3,3,3,3,4,3,3,1,3,1,3,3,3,1,1,1,1,3,3,1,"-44",1,1,2,2,2,2,0,2,0,3,2,0,0,2,0,4,0,0,0,0,0,0,0,0,1,2,1,16,3600000,720000000,746000000,1,19,4272000,752000000,784200000,100,1,1,1,3,"KISUMU",7,"-44","-44",21,106,999,1,-44,1,-44,9,66.8786010742188,"Kenya"
54550,1,2,"M1 through M5",-44,-44,"M6",-44,-44,"-44",2,-44,2007,6,"-44",2,9,15,12,3,0,0,0,1,1,1,1,0,0,0,2,-44,-44,-44,-44,-44,-44,1,12,12,5,8.33333333333333,0,1,2,-44,-44,-44,-44,-44,2,-44,-44,-44,-44,-44,1,2,2,2,100,0,2,-44,-44,-44,-44,-44,2,-44,-44,-44,-44,-44,2,-44,-44,-44,-44,-44,2,-44,-44,-44,-44,-44,2,-44,-44,-44,-44,-44,-44,-44,"-44",2,-44,-44,-44,-44,-44,-44,-44,"-44",2,-44,-44,-44,-44,-44,-44,-44,"-44",2,-44,-44,-44,-44,-44,-44,-44,"-44",2,-44,-44,-44,-44,-44,-44,-44,"-44",1,1,2,1,2,1,2,2,"-44",2,-44,-44,-44,-44,-44,-44,-44,"-44",2,-44,-44,-44,-44,-44,-44,-44,"-44",2,-44,-44,-44,-44,-44,-44,-44,"-44",2,-44,-44,-44,-44,-44,-44,-44,"-44",1,2,1,3,"Technicians and associate professionals",2,2,1,2,2,2,2,6,"Sales workers","Technicians and associate professionals","Sales workers",2,2,2,2,2,2,1,1,2,2,2,2,2,2,2,1,1,2,2,1,-44,60,40,60,-44,30,5,4,1,2,25500,14800,2,2,2,2,2,3,1,2,2,1,2,1,2,5,-44,-44,-44,-44,1,2,1,1,2,2,1,1,1,1,1,2,2,2,2,1,5,3,2,2,22600,17000,2,2,1,12,6,5,2,1,1,1,47,22,2,1,3,2,2,2,1,2,2,2,2,3,1,2,-44,-44,-44,-44,1,-44,-44,-44,-44,-44,3,-44,3,4,4,4,4,4,4,2,4,1,4,4,2,2,2,3,3,2,2,2,2,2,3,-44,-44,-44,-44,-44,-44,-44,-44,-44,-44,-44,3,4,4,4,2,4,4,4,1,4,4,2,2,-44,-44,-44,-44,-44,-44,"-44",-44,-44,-44,-44,-44,-44,"-44",2,2,-44,-44,2,2,-44,-44,-44,-44,"-44",-44,-44,-44,-44,"-44",-44,-44,-44,-44,"-44",-44,-44,-44,-44,"-44",-44,-44,-44,-44,"-44",-44,-44,-44,-44,"-44",-44,"-44",-44,"-44",-44,-44,-44,-44,2,2,-44,-44,-44,-44,-44,"-44",-44,-44,-44,-44,-44,"-44",-44,-44,-44,-44,-44,-44,-44,-44,-44,-44,-44,-44,-44,-44,-44,-44,-44,-44,-44,-44,-44,-44,2,2,-44,-44,3,5,5,5,4,2,-44,-44,-44,-44,-44,3,2,1,1,5,3,3,1,3,2,3,2,3,2,1,2,1,2,5,2,"-44",1,2,2,1,2,2,2,4,0,0,0,4,2,1,4,0,2,4,1,0,4,0,0,3,1,2,12,15,1656300,1146300,57904000,12,15,2266000,1416800,89623000,10,2,1,1,3,"KISUMU",9,"-44","-44",15,117,201,1,-44,1,-44,9,66.8786010742188,"Kenya"
27056,1,2,"M1 through M5",-44,-44,"M6",-44,-44,"-44",2,-44,1993,1,"-44",1,7,9,6,3,0,0,0,1,1,1,1,0,0,1,1,1,1,1,100,0,0,1,2,2,2,0,0,1,1,2,2,2,50,0,2,-44,-44,-44,-44,-44,1,2,2,2,0,0,2,-44,-44,-44,-44,-44,2,-44,-44,-44,-44,-44,2,-44,-44,-44,-44,-44,1,1,1,1,100,0,1,1,2,1,1,2,2,2,"-44",2,-44,-44,-44,-44,-44,-44,-44,"-44",1,1,2,2,1,1,2,2,"-44",2,-44,-44,-44,-44,-44,-44,-44,"-44",2,-44,-44,-44,-44,-44,-44,-44,"-44",1,1,2,1,2,1,2,2,"-44",2,-44,-44,-44,-44,-44,-44,-44,"-44",2,-44,-44,-44,-44,-44,-44,-44,"-44",2,-44,-44,-44,-44,-44,-44,-44,"-44",2,-44,-44,-44,-44,-44,-44,-44,"-44",1,1,1,2,"Professionals",1,2,1,2,2,2,1,6,"Sales workers","Professionals","Sales workers",2,1,2,2,2,2,2,1,2,2,2,2,2,2,2,1,1,1,2,1,-44,50,50,50,-44,30,6,5,2,1,58000,19000,2,2,1,2,3,5,-44,-44,-44,-44,-44,-44,5,-44,-44,-44,-44,-44,-44,-44,2,1,1,2,2,1,1,1,2,2,2,2,1,1,4,2,3,2,58000,21000,2,2,5,7,6,6,1,2,1,2,36,32,2,1,2,2,2,2,2,2,2,1,3,2,1,2,-44,-44,-44,-44,-44,-44,-44,1,-44,-44,3,-44,4,3,4,4,4,4,4,4,4,2,4,1,3,2,3,2,1,3,2,2,2,3,2,-44,-44,-44,-44,1,-44,-44,-44,-44,-44,-44,4,2,4,4,3,4,4,4,4,4,1,2,2,-44,-44,-44,-44,-44,-44,"-44",-44,-44,-44,-44,-44,-44,"-44",2,2,-44,-44,2,2,-44,-44,-44,-44,"-44",-44,-44,-44,-44,"-44",-44,-44,-44,-44,"-44",-44,-44,-44,-44,"-44",-44,-44,-44,-44,"-44",-44,-44,-44,-44,"-44",-44,"-44",-44,"-44",-44,-44,-44,-44,2,2,-44,-44,-44,-44,-44,"-44",-44,-44,-44,-44,-44,"-44",-44,-44,-44,-44,-44,-44,-44,-44,-44,-44,-44,-44,-44,-44,-44,-44,-44,-44,-44,-44,-44,-44,2,2,-44,-44,3,2,4,2,4,2,-44,-44,-44,-44,-44,4,1,1,1,4,3,3,3,1,2,3,3,3,2,1,3,3,2,5,2,"-44",2,1,1,1,2,2,0,2,2,2,1,0,4,3,0,1,1,1,1,0,2,4,0,0,1,2,12,7,2360000,6720000,19980000,12,9,2546000,6600000,19980000,50,1,2,1,4,"KISUMU",7,"-44","-44",9,108,999,1,-44,1,-44,9,66.8786010742188,"Kenya"
38202,1,3,"M1 through M5",-44,-44,"M6",-44,-44,"-44",2,-44,1995,4,"-44",1,7,15,7,8,0,0,0,1,1,1,1,100,0,0,1,10,8,12,40,20,0,2,-44,-44,-44,-44,-44,-44,1,4,2,9,75,0,2,-44,-44,-44,-44,-44,2,-44,-44,-44,-44,-44,2,-44,-44,-44,-44,-44,2,-44,-44,-44,-44,-44,2,-44,-44,-44,-44,-44,2,-44,-44,-44,-44,-44,2,-44,-44,-44,-44,-44,-44,-44,"-44",1,1,2,1,1,2,1,2,"-44",2,-44,-44,-44,-44,-44,-44,-44,"-44",1,1,1,2,2,2,2,2,"-44",2,-44,-44,-44,-44,-44,-44,-44,"-44",2,-44,-44,-44,-44,-44,-44,-44,"-44",2,-44,-44,-44,-44,-44,-44,-44,"-44",2,-44,-44,-44,-44,-44,-44,-44,"-44",2,-44,-44,-44,-44,-44,-44,-44,"-44",2,-44,-44,-44,-44,-44,-44,-44,"-44",1,1,2,2,"Professionals",1,2,2,2,2,2,2,4,"Clerical and support workers","Professionals","Clerical and support workers",2,1,2,2,2,1,1,1,2,2,2,2,2,2,2,2,2,1,1,1,70,20,80,20,30,30,6,6,2,1,62000,28000,2,2,1,2,1,2,5,1,2,2,1,2,5,-44,-44,-44,-44,-44,-44,-44,1,1,1,1,2,1,1,2,1,1,1,2,1,1,3,2,2,2,74000,30000,2,2,12,5,5,4,1,2,1,1,18,39,1,1,2,2,3,2,2,2,2,2,2,2,1,2,-44,-44,-44,-44,-44,-44,-44,-44,-44,-44,1,-44,4,4,4,4,1,2,4,3,4,4,4,4,2,1,1,2,2,3,2,2,2,1,3,-44,1,1,-44,-44,-44,-44,-44,-44,2,-44,4,1,4,4,2,4,3,4,4,4,4,1,2,2,1,1,2,2,2,"-44",-44,-44,-44,-44,-44,-44,"-44",2,2,-44,-44,2,2,-44,-44,-44,-44,"-44",-44,-44,-44,-44,"-44",-44,-44,-44,-44,"-44",-44,-44,-44,-44,"-44",-44,-44,-44,-44,"-44",-44,-44,-44,-44,"-44",-44,"-44",-44,"-44",-44,-44,-44,-44,2,2,-44,-44,-44,-44,-44,"-44",-44,-44,-44,-44,-44,"-44",-44,-44,-44,-44,-44,-44,-44,-44,-44,-44,-44,-44,-44,-44,-44,-44,-44,-44,-44,-44,-44,-44,2,2,-44,-44,5,2,4,2,4,2,-44,-44,-44,-44,-44,2,2,1,2,3,3,2,3,3,1,2,3,1,1,1,3,3,3,4,1,"-44",2,1,2,1,2,1,2,2,0,3,0,0,1,1,0,0,1,3,1,0,1,0,1,0,2,2,12,15,1140000,618000,2220000,12,18,1568000,770000,2047000,80,1,2,1,4,"KISUMU",7,"-44","-44",15,101,999,2,-44,1,-44,9,66.8786010742188,"Kenya"
27031,1,3,"M1 through M5",-44,-44,"M6",-44,-44,"-44",2,-44,2006,1,"-44",1,7,10,8,2,0,0,0,1,1,1,1,0,0,0,1,2,2,2,50,0,0,1,4,4,4,0,0,0,1,2,2,2,0,0,2,-44,-44,-44,-44,-44,1,1,0,1,100,0,2,-44,-44,-44,-44,-44,2,-44,-44,-44,-44,-44,2,-44,-44,-44,-44,-44,2,-44,-44,-44,-44,-44,2,-44,-44,-44,-44,-44,-44,-44,"-44",1,1,2,2,2,2,2,2,"-44",1,1,2,2,2,2,2,2,"-44",2,-44,-44,-44,-44,-44,-44,-44,"-44",2,-44,-44,-44,-44,-44,-44,-44,"-44",1,1,2,2,2,2,1,2,"-44",2,-44,-44,-44,-44,-44,-44,-44,"-44",2,-44,-44,-44,-44,-44,-44,-44,"-44",2,-44,-44,-44,-44,-44,-44,-44,"-44",2,-44,-44,-44,-44,-44,-44,-44,"-44",1,1,1,2,"Professionals",1,2,1,2,2,2,2,6,"Sales workers","Professionals","Sales workers",2,2,2,2,2,2,1,1,2,2,2,2,2,2,2,1,2,2,1,1,40,10,90,10,45,20,5,6,1,2,26000,11000,2,2,1,2,5,-44,-44,-44,-44,-44,-44,-44,3,5,-44,-44,-44,-44,-44,-44,1,2,1,1,1,2,2,1,2,2,2,2,2,1,4,1,1,1,21000,11000,2,2,7,4,6,6,1,2,1,1,34,41,1,2,1,2,2,2,1,2,2,2,1,2,2,2,1,-44,-44,-44,3,-44,-44,-44,2,-44,-44,-44,1,4,4,4,4,2,4,4,4,4,4,3,2,2,3,2,2,2,2,2,2,3,1,-44,-44,-44,-44,-44,-44,-44,-44,-44,-44,2,4,4,4,4,1,3,4,2,4,4,4,2,2,-44,-44,-44,-44,-44,-44,"-44",-44,-44,-44,-44,-44,-44,"-44",2,2,-44,-44,2,2,-44,-44,-44,-44,"-44",-44,-44,-44,-44,"-44",-44,-44,-44,-44,"-44",-44,-44,-44,-44,"-44",-44,-44,-44,-44,"-44",-44,-44,-44,-44,"-44",-44,"-44",-44,"-44",-44,-44,-44,-44,2,2,-44,-44,-44,-44,-44,"-44",-44,-44,-44,-44,-44,"-44",-44,-44,-44,-44,-44,-44,-44,-44,-44,-44,-44,-44,-44,-44,-44,-44,-44,-44,-44,-44,-44,-44,2,2,-44,-44,3,5,5,4,5,2,-44,-44,-44,-44,-44,5,1,4,2,5,3,3,3,3,2,3,2,2,2,1,1,3,4,5,1,"-44",2,2,1,1,1,2,3,0,3,3,0,1,3,3,1,1,1,1,0,0,1,1,0,0,4,2,11,10,218000,33000,4160000,11,10,3850000,46000,6540000,100,1,1,1,3,"KISUMU",7,"-44","-44",10,107,999,1,-44,1,-44,9,66.8786010742188,"Kenya"
98263,1,3,"M1 through M5",-44,-44,"M6",-44,-44,"-44",2,-44,2007,4,"-44",1,7,7,5,2,0,0,0,1,1,1,1,0,100,0,2,-44,-44,-44,-44,-44,-44,1,3,3,3,0,0,0,1,3,3,3,66.6666666666667,0,2,-44,-44,-44,-44,-44,2,-44,-44,-44,-44,-44,2,-44,-44,-44,-44,-44,2,-44,-44,-44,-44,-44,2,-44,-44,-44,-44,-44,2,-44,-44,-44,-44,-44,2,-44,-44,-44,-44,-44,-44,-44,"-44",2,-44,-44,-44,-44,-44,-44,-44,"-44",1,1,2,2,2,2,2,2,"-44",1,1,2,2,2,2,2,2,"-44",2,-44,-44,-44,-44,-44,-44,-44,"-44",2,-44,-44,-44,-44,-44,-44,-44,"-44",2,-44,-44,-44,-44,-44,-44,-44,"-44",2,-44,-44,-44,-44,-44,-44,-44,"-44",2,-44,-44,-44,-44,-44,-44,-44,"-44",2,-44,-44,-44,-44,-44,-44,-44,"-44",1,2,1,1,"Managers",1,2,2,2,2,2,2,4,"Clerical and support workers","Managers","Clerical and support workers",2,2,2,2,2,2,2,2,2,2,2,2,1,2,2,2,1,2,2,1,-44,55,45,55,-44,14,6,5,1,2,45000,18000,2,2,2,2,5,-44,-44,-44,-44,-44,-44,-44,1,2,5,2,1,2,1,2,2,2,2,2,2,2,2,1,1,1,2,2,2,1,1,2,3,3,45000,18000,2,2,12,12,6,4,1,1,1,1,45,26,1,2,2,2,2,2,2,2,2,2,2,2,2,2,-44,-44,-44,-44,-44,-44,-44,-44,-44,-44,-44,-44,3,4,4,4,4,1,2,4,4,4,4,4,2,2,2,2,2,2,2,2,2,2,2,-44,-44,-44,-44,-44,-44,-44,-44,-44,-44,-44,3,4,4,4,1,2,4,4,4,4,4,2,2,-44,-44,-44,-44,-44,-44,"-44",-44,-44,-44,-44,-44,-44,"-44",2,2,-44,-44,2,2,-44,-44,-44,-44,"-44",-44,-44,-44,-44,"-44",-44,-44,-44,-44,"-44",-44,-44,-44,-44,"-44",-44,-44,-44,-44,"-44",-44,-44,-44,-44,"-44",-44,"-44",-44,"-44",-44,-44,-44,-44,2,2,-44,-44,-44,-44,-44,"-44",-44,-44,-44,-44,-44,"-44",-44,-44,-44,-44,-44,-44,-44,-44,-44,-44,-44,-44,-44,-44,-44,-44,-44,-44,-44,-44,-44,-44,2,2,-44,-44,4,4,3,2,3,2,-44,-44,-44,-44,-44,1,1,1,4,5,3,2,2,1,3,2,3,3,3,3,3,1,4,4,1,"-44",1,1,1,1,1,2,1,0,0,1,0,2,1,0,0,0,0,0,0,0,0,0,0,0,0,2,12,6,1080000,2160000,4700000,12,6,1296000,2360000,5000000,100,1,1,2,3,"KISUMU",7,"-44","-44",7,102,102,1,-44,1,-44,9,66.8786010742188,"Kenya"
39501,1,3,"M1 through M5",-44,-44,"M6",-44,-44,"-44",2,-44,2005,6,"-44",2,7,16,12,4,4,1,3,1,1,1,2,0,0,0,2,-44,-44,-44,-44,-44,-44,2,-44,-44,-44,-44,-44,-44,1,9,7,3,11.1111111111111,0,2,-44,-44,-44,-44,-44,1,6,4,6,50,0,2,-44,-44,-44,-44,-44,2,-44,-44,-44,-44,-44,1,3,3,4,66.6666666666667,0,1,1,1,2,100,0,1,2,2,2,1,1,1,2,"-44",2,-44,-44,-44,-44,-44,-44,-44,"-44",2,-44,-44,-44,-44,-44,-44,-44,"-44",1,1,2,2,2,2,2,2,"-44",2,-44,-44,-44,-44,-44,-44,-44,"-44",1,1,2,2,2,2,2,2,"-44",2,-44,-44,-44,-44,-44,-44,-44,"-44",2,-44,-44,-44,-44,-44,-44,-44,"-44",1,1,2,1,2,2,2,2,"-44",2,-44,-44,-44,-44,-44,-44,-44,"-44",1,2,2,1,"Managers",1,2,1,2,2,1,1,10,"Elementary occupations","Managers","Elementary occupations",2,2,2,2,2,1,2,2,1,2,2,2,2,2,2,1,1,1,1,2,100,-44,-44,-44,30,-44,6,3,1,2,38200,15400,2,2,1,2,3,1,5,2,2,1,-44,-44,5,-44,-44,-44,-44,-44,-44,-44,2,1,1,2,2,2,1,1,2,2,2,2,2,1,4,1,3,2,38200,15400,2,2,0,12,4,3,2,2,1,1,57,28,1,2,3,2,1,3,3,2,2,2,2,2,1,2,-44,-44,2,-44,-44,-44,-44,-44,-44,-44,1,-44,4,4,4,4,4,1,3,4,4,2,4,4,2,2,1,2,2,2,2,3,2,1,2,-44,-44,3,-44,-44,-44,-44,-44,-44,1,-44,4,4,4,4,1,2,4,4,3,4,4,2,2,-44,-44,-44,-44,-44,-44,"-44",-44,-44,-44,-44,-44,-44,"-44",1,1,100,40,2,2,-44,-44,-44,-44,"-44",-44,-44,-44,-44,"-44",-44,-44,-44,-44,"-44",-44,-44,-44,-44,"-44",-44,-44,-44,-44,"-44",-44,-44,-44,-44,"-44",-44,"-44",-44,"-44",-44,-44,-44,-44,2,2,-44,-44,-44,-44,-44,"-44",-44,-44,-44,-44,-44,"-44",-44,-44,-44,-44,-44,-44,-44,-44,-44,-44,-44,-44,-44,-44,-44,-44,-44,-44,-44,-44,-44,-44,1,1,4,4,3,4,5,1,4,2,-44,-44,-44,-44,-44,3,1,1,5,1,3,3,3,1,1,3,3,3,1,1,2,3,3,1,2,"-44",1,2,1,2,1,2,1,4,4,1,0,1,4,1,3,0,4,0,1,1,0,1,0,4,4,2,11,21,528400,1749600,2392300,11,21,6182400,2092800,2508000,20,1,2,1,3,"KISUMU",7,"-44","-44",20,118,201,1,-44,1,-44,9,66.8786010742188,"Kenya"
50541,1,3,"M1 through M5",-44,-44,"M6",-44,-44,"-44",2,-44,1987,1,"-44",1,9,14,12,2,0,0,0,1,1,1,1,0,0,0,1,5,5,1,0,0,0,1,1,1,1,0,0,0,1,1,1,1,0,0,1,2,2,2,50,0,1,1,1,1,100,0,2,-44,-44,-44,-44,-44,1,1,1,1,0,0,1,1,1,1,0,0,1,1,1,1,0,0,1,2,2,2,1,2,1,2,"-44",1,1,2,2,1,2,2,2,"-44",2,-44,-44,-44,-44,-44,-44,-44,"-44",2,-44,-44,-44,-44,-44,-44,-44,"-44",1,1,2,2,1,2,2,2,"-44",1,1,2,2,1,2,1,2,"-44",2,-44,-44,-44,-44,-44,-44,-44,"-44",2,-44,-44,-44,-44,-44,-44,-44,"-44",1,1,1,2,2,2,2,2,"-44",2,-44,-44,-44,-44,-44,-44,-44,"-44",1,1,1,3,"Technicians and associate professionals",1,1,1,2,1,1,1,8,"Construction, craft, and related trade w","Technicians and associate professionals","Construction, craft, and related trade w",2,1,2,2,1,2,2,1,2,2,1,1,1,2,2,1,1,2,2,2,-44,-44,-44,-44,-44,-44,5,4,1,1,79200,26300,2,2,2,1,3,1,2,2,2,1,1,2,1,5,-44,1,2,2,-44,-44,2,2,1,1,2,1,1,1,2,2,2,2,2,1,4,3,3,3,79200,26300,2,2,8,4,4,4,1,2,2,1,52,20,1,1,1,2,2,3,2,2,2,1,2,2,3,3,1,-44,-44,-44,-44,-44,-44,1,-44,-44,-44,-44,4,3,4,2,4,4,4,4,4,1,4,4,2,2,2,2,1,2,2,2,2,2,2,-44,-44,-44,-44,3,-44,-44,-44,-44,-44,-44,4,3,4,4,4,2,4,4,1,4,4,1,2,1,2,2,1,1,2,"-44",-44,-44,-44,-44,-44,-44,"-44",1,2,100,-44,2,2,-44,-44,-44,-44,"-44",-44,-44,-44,-44,"-44",-44,-44,-44,-44,"-44",-44,-44,-44,-44,"-44",-44,-44,-44,-44,"-44",-44,-44,-44,-44,"-44",-44,"-44",-44,"-44",-44,-44,-44,-44,2,2,-44,-44,-44,-44,-44,"-44",-44,-44,-44,-44,-44,"-44",-44,-44,-44,-44,-44,-44,-44,-44,-44,-44,-44,-44,-44,-44,-44,-44,-44,-44,-44,-44,-44,-44,1,2,4,-44,4,2,1,3,2,1,1,5,5,5,4,5,1,1,2,2,3,3,3,3,2,3,3,2,1,2,3,1,3,3,1,"-44",2,2,2,1,2,2,0,2,4,4,1,2,1,3,4,3,0,0,4,0,4,4,4,1,0,1,11,14,14677500,58315000,92352000,11,14,2464000,8988800,10920000,40,1,1,2,4,"KISUMU",9,"-44","-44",14,118,201,1,-44,1,-44,9,66.8786010742188,"Kenya"
60541,2,3,"M1 through M5",-44,-44,"M6",-44,-44,"-44",2,-44,1992,2,"-44",1,10,9,8,1,0,0,0,1,1,1,1,100,0,0,2,-44,-44,-44,-44,-44,-44,2,-44,-44,-44,-44,-44,-44,2,-44,-44,-44,-44,-44,2,-44,-44,-44,-44,-44,1,8,8,5,0,0,2,-44,-44,-44,-44,-44,2,-44,-44,-44,-44,-44,2,-44,-44,-44,-44,-44,2,-44,-44,-44,-44,-44,2,-44,-44,-44,-44,-44,-44,-44,"-44",2,-44,-44,-44,-44,-44,-44,-44,"-44",2,-44,-44,-44,-44,-44,-44,-44,"-44",2,-44,-44,-44,-44,-44,-44,-44,"-44",2,-44,-44,-44,-44,-44,-44,-44,"-44",2,-44,-44,-44,-44,-44,-44,-44,"-44",2,-44,-44,-44,-44,-44,-44,-44,"-44",2,-44,-44,-44,-44,-44,-44,-44,"-44",2,-44,-44,-44,-44,-44,-44,-44,"-44",2,-44,-44,-44,-44,-44,-44,-44,"-44",1,2,2,1,"Managers",2,2,1,2,2,2,2,6,"Sales workers","Managers","Sales workers",2,1,2,2,2,1,2,1,1,2,1,2,2,1,1,2,2,2,2,2,-44,-44,-44,-44,-44,-44,6,5,2,1,49000,9000,2,2,1,1,2,3,5,-44,-44,-44,2,1,1,2,5,2,2,1,1,2,1,1,1,1,2,1,2,1,1,1,2,1,2,1,3,3,3,1,49000,10100,2,2,2,7,6,4,2,1,1,1,37,51,2,1,2,2,2,2,2,1,3,2,2,3,1,3,-44,-44,-44,-44,-44,1,-44,-44,-44,-44,1,-44,4,4,4,4,4,2,4,1,3,4,4,4,2,3,2,3,2,2,3,1,2,1,1,-44,-44,-44,-44,-44,-44,-44,1,-44,3,1,4,4,4,4,3,2,4,4,1,4,4,2,1,-44,-44,-44,-44,-44,-44,"-44",1,1,2,2,2,2,"-44",2,2,-44,-44,2,2,-44,-44,-44,-44,"-44",-44,-44,-44,-44,"-44",-44,-44,-44,-44,"-44",-44,-44,-44,-44,"-44",-44,-44,-44,-44,"-44",-44,-44,-44,-44,"-44",-44,"-44",-44,"-44",-44,-44,-44,-44,2,2,-44,-44,-44,-44,-44,"-44",-44,-44,-44,-44,-44,"-44",-44,-44,-44,-44,-44,-44,-44,-44,-44,-44,-44,-44,-44,-44,-44,-44,-44,-44,-44,-44,-44,-44,2,2,-44,-44,1,5,5,2,3,1,5,3,2,3,2,1,2,1,4,3,3,3,3,1,2,3,3,1,2,3,1,1,2,4,1,"-44",2,2,2,2,2,1,1,4,4,0,4,4,0,2,2,4,2,0,0,0,1,0,2,1,0,2,3,9,2228100,108300,2890400,3,9,2409500,167900,2537100,70,1,2,2,4,"KISUMU",10,"-44","-44",9,118,201,1,-44,1,-44,9,66.8786010742188,"Kenya"
50533,1,2,"M1 through M5",-44,-44,"M6",-44,-44,"-44",2,-44,1991,1,"-44",1,7,14,12,2,1,0,1,1,1,1,1,0,0,0,2,-44,-44,-44,-44,-44,-44,2,-44,-44,-44,-44,-44,-44,1,2,2,2,100,0,1,9,9,2,11.1111111111111,0,1,2,2,3,0,0,2,-44,-44,-44,-44,-44,2,-44,-44,-44,-44,-44,2,-44,-44,-44,-44,-44,1,1,1,1,0,0,2,-44,-44,-44,-44,-44,-44,-44,"-44",2,-44,-44,-44,-44,-44,-44,-44,"-44",2,-44,-44,-44,-44,-44,-44,-44,"-44",2,-44,-44,-44,-44,-44,-44,-44,"-44",1,1,2,2,1,2,2,2,"-44",1,2,2,2,2,1,1,2,"-44",2,-44,-44,-44,-44,-44,-44,-44,"-44",2,-44,-44,-44,-44,-44,-44,-44,"-44",2,-44,-44,-44,-44,-44,-44,-44,"-44",2,-44,-44,-44,-44,-44,-44,-44,"-44",1,2,2,1,"Managers",1,1,1,2,2,2,1,6,"Sales workers","Managers","Sales workers",2,1,2,2,2,2,1,2,2,1,1,2,1,1,2,1,2,2,2,1,-44,0,100,0,-44,20,6,4,1,1,46500,35600,2,2,2,2,1,3,5,2,1,2,-44,-44,2,5,-44,-44,-44,-44,1,2,1,2,2,2,2,1,1,1,2,1,1,2,1,1,4,2,2,1,46500,30800,2,2,12,12,6,6,2,2,1,1,32,21,1,1,2,3,3,3,2,2,2,1,2,3,3,3,-44,-44,-44,-44,-44,-44,-44,2,-44,-44,-44,-44,3,4,4,4,4,4,2,1,4,4,4,4,2,2,2,2,2,2,2,2,2,1,2,-44,-44,-44,-44,-44,-44,-44,-44,-44,2,-44,3,4,4,4,4,2,4,4,1,4,4,2,1,-44,-44,-44,-44,-44,-44,"-44",1,2,2,1,2,2,"-44",2,2,-44,-44,2,2,-44,-44,-44,-44,"-44",-44,-44,-44,-44,"-44",-44,-44,-44,-44,"-44",-44,-44,-44,-44,"-44",-44,-44,-44,-44,"-44",-44,-44,-44,-44,"-44",-44,"-44",-44,"-44",-44,-44,-44,-44,2,2,-44,-44,-44,-44,-44,"-44",-44,-44,-44,-44,-44,"-44",-44,-44,-44,-44,-44,-44,-44,-44,-44,-44,-44,-44,-44,-44,-44,-44,-44,-44,-44,-44,-44,-44,2,2,-44,-44,5,3,5,4,2,1,4,2,5,4,3,5,3,1,1,3,3,2,3,3,3,3,2,3,3,2,3,3,3,5,4,"-44",2,2,2,1,2,2,0,0,2,1,0,0,1,3,2,3,1,4,0,1,0,4,1,4,4,2,1,15,2886000,64000,9951000,1,15,3494400,102700,12408000,50,1,1,1,4,"KISUMU",7,"-44","-44",15,117,201,1,-44,1,-44,9,66.8786010742188,"Kenya"
98319,1,2,"M1 through M5",-44,-44,"M6",-44,-44,"-44",2,-44,2007,1,"-44",1,7,7,6,1,0,0,0,1,1,1,1,0,0,0,2,-44,-44,-44,-44,-44,-44,2,-44,-44,-44,-44,-44,-44,1,1,1,1,0,0,1,5,5,5,20,0,2,-44,-44,-44,-44,-44,2,-44,-44,-44,-44,-44,2,-44,-44,-44,-44,-44,2,-44,-44,-44,-44,-44,2,-44,-44,-44,-44,-44,2,-44,-44,-44,-44,-44,-44,-44,"-44",2,-44,-44,-44,-44,-44,-44,-44,"-44",2,-44,-44,-44,-44,-44,-44,-44,"-44",1,1,2,2,2,2,2,2,"-44",1,1,2,2,2,2,2,2,"-44",2,-44,-44,-44,-44,-44,-44,-44,"-44",2,-44,-44,-44,-44,-44,-44,-44,"-44",2,-44,-44,-44,-44,-44,-44,-44,"-44",2,-44,-44,-44,-44,-44,-44,-44,"-44",2,-44,-44,-44,-44,-44,-44,-44,"-44",1,2,2,1,"Managers",1,1,2,2,2,2,2,4,"Clerical and support workers","Managers","Clerical and support workers",2,2,1,1,2,1,1,1,2,2,2,1,1,2,2,1,1,2,2,1,-44,40,60,40,-44,90,6,5,1,1,22000,12000,2,2,1,1,1,2,4,2,1,2,1,2,2,1,4,2,1,2,1,2,1,1,1,1,2,1,1,1,1,2,1,2,2,1,3,2,1,2,22000,12000,2,2,12,10,6,5,1,1,1,1,37,26,1,1,2,2,2,2,2,2,2,2,2,2,2,2,-44,-44,-44,-44,-44,-44,-44,-44,-44,-44,-44,-44,4,4,4,4,4,4,3,2,4,1,4,4,2,2,1,2,2,2,2,2,2,2,2,-44,-44,3,-44,-44,-44,-44,-44,-44,-44,-44,1,4,4,3,4,2,4,4,4,4,4,2,2,-44,-44,-44,-44,-44,-44,"-44",-44,-44,-44,-44,-44,-44,"-44",2,2,-44,-44,2,2,-44,-44,-44,-44,"-44",-44,-44,-44,-44,"-44",-44,-44,-44,-44,"-44",-44,-44,-44,-44,"-44",-44,-44,-44,-44,"-44",-44,-44,-44,-44,"-44",-44,"-44",-44,"-44",-44,-44,-44,-44,2,2,-44,-44,-44,-44,-44,"-44",-44,-44,-44,-44,-44,"-44",-44,-44,-44,-44,-44,-44,-44,-44,-44,-44,-44,-44,-44,-44,-44,-44,-44,-44,-44,-44,-44,-44,2,2,-44,-44,4,4,4,4,4,2,-44,-44,-44,-44,-44,1,1,1,4,4,1,2,2,1,1,1,1,1,1,1,2,1,3,3,1,"-44",2,1,1,1,2,2,2,3,3,3,3,3,3,1,2,2,2,3,2,3,2,3,2,2,3,2,12,7,1128000,1000000,3000000,12,7,1128000,1100000,3200000,50,1,2,1,2,"KISUMU",7,"-44","-44",7,102,102,1,-44,1,-44,9,66.8786010742188,"Kenya"
60501,1,3,"M1 through M5",-44,-44,"M6",-44,-44,"-44",2,-44,1992,1,"-44",1,7,11,9,2,0,0,0,1,1,1,1,0,0,0,2,-44,-44,-44,-44,-44,-44,2,-44,-44,-44,-44,-44,-44,1,1,1,1,100,0,2,-44,-44,-44,-44,-44,1,7,6,2,14.2857142857143,0,2,-44,-44,-44,-44,-44,2,-44,-44,-44,-44,-44,1,1,1,1,0,0,1,1,1,1,0,0,1,2,1,2,1,2,2,2,"-44",2,-44,-44,-44,-44,-44,-44,-44,"-44",2,-44,-44,-44,-44,-44,-44,-44,"-44",1,1,1,1,1,2,1,2,"-44",2,-44,-44,-44,-44,-44,-44,-44,"-44",1,1,2,2,1,2,2,2,"-44",2,-44,-44,-44,-44,-44,-44,-44,"-44",2,-44,-44,-44,-44,-44,-44,-44,"-44",1,2,1,2,2,2,2,2,"-44",2,-44,-44,-44,-44,-44,-44,-44,"-44",1,2,2,1,"Managers",1,2,1,2,2,1,1,10,"Elementary occupations","Managers","Elementary occupations",2,2,2,2,2,1,2,1,2,2,2,2,1,2,1,1,1,2,1,2,100,-44,-44,-44,30,-44,6,4,1,1,35700,14200,2,2,1,2,2,1,3,2,2,1,1,2,2,5,-44,-44,-44,-44,1,2,1,1,1,1,1,1,1,1,2,1,2,2,2,1,3,3,3,1,35700,14200,2,2,7,2,6,2,2,2,1,1,55,26,1,1,3,2,1,3,2,2,2,1,2,2,2,2,-44,-44,3,-44,-44,-44,-44,3,-44,-44,-44,-44,4,4,4,1,2,3,4,4,4,4,4,4,3,2,2,2,1,2,2,2,3,2,1,-44,-44,-44,-44,2,-44,-44,-44,-44,-44,1,1,4,4,4,2,3,4,4,4,4,4,1,2,2,1,2,1,2,2,"-44",-44,-44,-44,-44,-44,-44,"-44",1,1,100,70,2,2,-44,-44,-44,-44,"-44",-44,-44,-44,-44,"-44",-44,-44,-44,-44,"-44",-44,-44,-44,-44,"-44",-44,-44,-44,-44,"-44",-44,-44,-44,-44,"-44",-44,"-44",-44,"-44",-44,-44,-44,-44,2,2,-44,-44,-44,-44,-44,"-44",-44,-44,-44,-44,-44,"-44",-44,-44,-44,-44,-44,-44,-44,-44,-44,-44,-44,-44,-44,-44,-44,-44,-44,-44,-44,-44,-44,-44,1,1,4,4,3,5,5,2,3,2,-44,-44,-44,-44,-44,2,3,5,1,3,2,2,3,2,2,3,3,2,2,1,2,3,3,4,1,"-44",2,2,2,2,2,2,1,0,0,4,0,4,4,2,1,4,2,1,2,0,0,1,0,0,0,2,12,11,259400,865100,1320800,12,11,3729600,921600,1267200,70,1,1,1,4,"KISUMU",7,"-44","-44",11,118,201,1,-44,1,-44,9,66.8786010742188,"Kenya"
98277,2,2,"M1 through M5",-44,-44,"M6",-44,-44,"-44",2,-44,1975,1,"-44",1,11,14,7,7,0,0,0,1,12,12,12,41.6666666666667,0,0,1,2,2,2,100,0,0,2,-44,-44,-44,-44,-44,-44,2,-44,-44,-44,-44,-44,2,-44,-44,-44,-44,-44,2,-44,-44,-44,-44,-44,2,-44,-44,-44,-44,-44,2,-44,-44,-44,-44,-44,2,-44,-44,-44,-44,-44,2,-44,-44,-44,-44,-44,2,-44,-44,-44,-44,-44,-44,-44,"-44",2,-44,-44,-44,-44,-44,-44,-44,"-44",2,-44,-44,-44,-44,-44,-44,-44,"-44",2,-44,-44,-44,-44,-44,-44,-44,"-44",2,-44,-44,-44,-44,-44,-44,-44,"-44",2,-44,-44,-44,-44,-44,-44,-44,"-44",2,-44,-44,-44,-44,-44,-44,-44,"-44",2,-44,-44,-44,-44,-44,-44,-44,"-44",2,-44,-44,-44,-44,-44,-44,-44,"-44",2,-44,-44,-44,-44,-44,-44,-44,"-44",1,1,2,2,"Professionals",2,2,2,2,2,2,2,888996,"None","Professionals","None",2,2,2,2,2,1,1,2,2,-44,-44,-44,-44,-44,-44,-44,-44,-44,2,-44,-44,-44,-44,-44,-44,-44,6,-44,2,-44,30000,-44,2,-44,2,-44,5,-44,-44,-44,-44,-44,-44,-44,-44,-44,-44,-44,-44,-44,-44,-44,1,1,1,1,2,1,1,-44,-44,-44,-44,-44,-44,-44,5,-44,3,-44,30000,-44,2,-44,48,-44,6,-44,1,-44,1,-44,35,-44,2,-44,1,1,2,1,1,1,1,1,1,1,1,1,1,1,-44,1,1,1,1,2,1,2,1,1,2,4,4,1,4,3,4,4,4,4,4,4,-44,-44,-44,-44,-44,-44,-44,-44,-44,-44,-44,-44,-44,-44,-44,-44,-44,-44,-44,-44,-44,-44,-44,-44,-44,-44,-44,-44,-44,-44,-44,-44,-44,1,-44,1,1,1,1,1,2,"-44",-44,-44,-44,-44,-44,-44,"-44",2,-44,-44,-44,2,-44,-44,-44,-44,-44,"-44",-44,-44,-44,-44,"-44",-44,-44,-44,-44,"-44",-44,-44,-44,-44,"-44",-44,-44,-44,-44,"-44",-44,-44,-44,-44,"-44",-44,"-44",-44,"-44",-44,-44,-44,-44,2,-44,-44,-44,-44,-44,-44,"-44",-44,-44,-44,-44,-44,"-44",-44,-44,-44,-44,-44,-44,-44,-44,-44,-44,-44,-44,-44,-44,-44,-44,-44,-44,-44,-44,-44,-44,2,-44,-44,-44,3,3,3,3,1,1,1,1,1,1,1,1,1,1,1,1,3,3,3,3,3,3,3,3,3,3,3,3,4,5,1,"-44",2,1,2,1,1,1,1,0,0,0,0,0,1,2,0,2,0,0,0,0,0,0,0,0,0,2,12,14,720000,216000,1200000,12,14,720000,216000,1300000,14,2,2,1,1,"KISUMU",11,"-44","-44",14,102,102,1,-44,1,-44,9,66.8786010742188,"Kenya"
98269,1,3,"M1 through M5",-44,-44,"M6",-44,-44,"-44",2,-44,2009,1,"-44",1,3,14,11,3,0,0,0,1,2,2,2,0,0,0,2,-44,-44,-44,-44,-44,-44,1,1,1,1,0,0,0,2,-44,-44,-44,-44,-44,2,-44,-44,-44,-44,-44,1,3,3,3,33.3333333333333,0,2,-44,-44,-44,-44,-44,2,-44,-44,-44,-44,-44,1,6,6,6,0,0,1,2,2,2,100,0,2,-44,-44,-44,-44,-44,-44,-44,"-44",2,-44,-44,-44,-44,-44,-44,-44,"-44",2,-44,-44,-44,-44,-44,-44,-44,"-44",2,-44,-44,-44,-44,-44,-44,-44,"-44",2,-44,-44,-44,-44,-44,-44,-44,"-44",2,-44,-44,-44,-44,-44,-44,-44,"-44",2,-44,-44,-44,-44,-44,-44,-44,"-44",2,-44,-44,-44,-44,-44,-44,-44,"-44",1,2,2,1,1,2,1,2,"-44",2,-44,-44,-44,-44,-44,-44,-44,"-44",1,2,1,3,"Technicians and associate professionals",2,2,1,2,2,1,1,6,"Sales workers","Technicians and associate professionals","Sales workers",2,2,2,2,2,2,1,1,2,2,2,2,2,2,2,2,1,2,2,2,-44,-44,-44,-44,-44,-44,5,5,1,1,30000,28000,2,2,1,1,5,-44,-44,-44,-44,-44,-44,-44,5,-44,-44,-44,-44,-44,-44,-44,2,2,1,1,2,2,2,1,1,1,2,1,1,1,2,2,3,3,30000,28000,2,2,15,4,5,5,1,1,1,1,40,28,1,1,2,2,3,2,2,2,2,2,2,2,3,2,-44,-44,-44,-44,-44,-44,-44,-44,-44,-44,-44,-44,4,4,4,4,2,3,4,4,4,4,4,1,2,2,3,2,2,2,2,2,2,2,2,-44,-44,-44,-44,-44,-44,-44,-44,-44,-44,-44,4,4,4,3,2,1,4,4,4,4,4,2,2,-44,-44,-44,-44,-44,-44,"-44",-44,-44,-44,-44,-44,-44,"-44",2,2,-44,-44,2,2,-44,-44,-44,-44,"-44",-44,-44,-44,-44,"-44",-44,-44,-44,-44,"-44",-44,-44,-44,-44,"-44",-44,-44,-44,-44,"-44",-44,-44,-44,-44,"-44",-44,"-44",-44,"-44",-44,-44,-44,-44,2,2,-44,-44,-44,-44,-44,"-44",-44,-44,-44,-44,-44,"-44",-44,-44,-44,-44,-44,-44,-44,-44,-44,-44,-44,-44,-44,-44,-44,-44,-44,-44,-44,-44,-44,-44,2,2,-44,-44,5,5,5,3,4,2,-44,-44,-44,-44,-44,2,1,1,3,3,3,3,2,1,1,1,3,3,1,3,3,3,5,4,1,"-44",2,1,1,1,2,2,3,0,0,2,0,0,3,3,2,4,0,0,0,0,0,1,0,0,3,2,6,14,1848000,54000000,74500000,6,14,1848000,61500000,86400000,100,1,1,2,3,"KISUMU",3,"-44","-44",14,106,999,1,-44,1,-44,9,66.8786010742188,"Kenya"
98341,1,2,"M1 through M5",-44,-44,"M6",-44,-44,"-44",2,-44,2009,1,"-44",1,7,5,5,0,0,0,0,1,1,1,1,0,0,0,2,-44,-44,-44,-44,-44,-44,2,-44,-44,-44,-44,-44,-44,2,-44,-44,-44,-44,-44,1,4,4,4,0,0,2,-44,-44,-44,-44,-44,2,-44,-44,-44,-44,-44,2,-44,-44,-44,-44,-44,2,-44,-44,-44,-44,-44,2,-44,-44,-44,-44,-44,1,1,2,2,2,2,2,2,"-44",2,-44,-44,-44,-44,-44,-44,-44,"-44",2,-44,-44,-44,-44,-44,-44,-44,"-44",2,-44,-44,-44,-44,-44,-44,-44,"-44",1,1,1,2,2,2,2,2,"-44",2,-44,-44,-44,-44,-44,-44,-44,"-44",2,-44,-44,-44,-44,-44,-44,-44,"-44",2,-44,-44,-44,-44,-44,-44,-44,"-44",2,-44,-44,-44,-44,-44,-44,-44,"-44",2,-44,-44,-44,-44,-44,-44,-44,"-44",1,2,2,1,"Managers",2,1,2,2,2,2,2,5,"Service workers","Managers","Service workers",2,2,1,1,2,1,1,1,2,2,2,1,2,2,1,1,1,2,1,1,80,40,60,40,20,20,6,5,1,1,20000,9000,2,2,1,1,1,4,2,2,1,2,1,2,1,2,4,2,1,2,1,2,1,1,1,1,2,1,1,1,1,1,1,2,2,2,3,2,1,1,20000,9000,2,2,10,9,6,5,1,2,1,1,30,27,1,1,2,2,1,2,2,2,2,2,2,2,2,2,-44,-44,2,-44,-44,-44,-44,-44,-44,-44,-44,-44,1,2,4,4,4,4,4,3,4,4,4,4,2,2,1,2,2,2,2,2,2,2,2,-44,-44,2,-44,-44,-44,-44,-44,-44,-44,-44,1,2,4,3,4,4,4,4,4,4,4,2,2,-44,-44,-44,-44,-44,-44,"-44",-44,-44,-44,-44,-44,-44,"-44",2,2,-44,-44,2,2,-44,-44,-44,-44,"-44",-44,-44,-44,-44,"-44",-44,-44,-44,-44,"-44",-44,-44,-44,-44,"-44",-44,-44,-44,-44,"-44",-44,-44,-44,-44,"-44",-44,"-44",-44,"-44",-44,-44,-44,-44,2,2,-44,-44,-44,-44,-44,"-44",-44,-44,-44,-44,-44,"-44",-44,-44,-44,-44,-44,-44,-44,-44,-44,-44,-44,-44,-44,-44,-44,-44,-44,-44,-44,-44,-44,-44,2,2,-44,-44,4,4,4,4,4,2,-44,-44,-44,-44,-44,4,2,2,5,5,1,2,2,1,1,2,2,1,1,2,1,1,3,3,1,"-44",2,1,1,1,1,2,1,3,1,3,3,3,2,1,1,1,2,2,2,2,2,2,2,2,2,2,12,5,672000,500000,2000000,12,5,672000,400000,1900000,100,1,2,1,2,"KISUMU",7,"-44","-44",5,102,102,2,-44,1,-44,9,66.8786010742188,"Kenya"
10051,1,3,"M1 through M5",-44,-44,"M6",-44,-44,"-44",2,-44,1996,1,"-44",1,9,5,4,1,0,0,0,1,1,1,1,0,0,0,2,-44,-44,-44,-44,-44,-44,2,-44,-44,-44,-44,-44,-44,2,-44,-44,-44,-44,-44,1,3,3,3,0,0,2,-44,-44,-44,-44,-44,2,-44,-44,-44,-44,-44,2,-44,-44,-44,-44,-44,2,-44,-44,-44,-44,-44,1,1,1,1,100,0,2,-44,-44,-44,-44,-44,-44,-44,"-44",2,-44,-44,-44,-44,-44,-44,-44,"-44",2,-44,-44,-44,-44,-44,-44,-44,"-44",2,-44,-44,-44,-44,-44,-44,-44,"-44",1,1,2,2,1,2,1,2,"-44",2,-44,-44,-44,-44,-44,-44,-44,"-44",2,-44,-44,-44,-44,-44,-44,-44,"-44",2,-44,-44,-44,-44,-44,-44,-44,"-44",2,-44,-44,-44,-44,-44,-44,-44,"-44",2,-44,-44,-44,-44,-44,-44,-44,"-44",1,2,2,1,"Managers",2,1,2,2,2,2,1,5,"Service workers","Managers","Service workers",2,2,2,2,2,2,2,1,2,2,2,2,2,2,2,2,1,2,2,2,-44,-44,-44,-44,-44,-44,5,5,1,1,50000,11000,2,2,2,1,5,-44,-44,-44,-44,-44,-44,-44,1,5,-44,2,1,2,-44,-44,1,1,1,2,1,2,2,2,2,2,2,2,2,1,2,1,3,3,50000,15000,2,2,24,10,5,5,1,1,1,2,42,27,1,1,2,2,3,3,2,2,2,2,2,2,3,2,-44,-44,-44,-44,-44,-44,-44,-44,-44,-44,-44,-44,1,2,4,4,4,3,4,4,4,4,4,4,2,2,3,3,1,1,1,1,1,3,1,-44,-44,-44,-44,2,1,1,3,3,-44,1,4,1,4,4,2,4,3,4,4,4,4,2,2,-44,-44,-44,-44,-44,-44,"-44",-44,-44,-44,-44,-44,-44,"-44",2,2,-44,-44,2,2,-44,-44,-44,-44,"-44",-44,-44,-44,-44,"-44",-44,-44,-44,-44,"-44",-44,-44,-44,-44,"-44",-44,-44,-44,-44,"-44",-44,-44,-44,-44,"-44",-44,"-44",-44,"-44",-44,-44,-44,-44,2,2,-44,-44,-44,-44,-44,"-44",-44,-44,-44,-44,-44,"-44",-44,-44,-44,-44,-44,-44,-44,-44,-44,-44,-44,-44,-44,-44,-44,-44,-44,-44,-44,-44,-44,-44,2,2,-44,-44,4,3,5,2,3,2,-44,-44,-44,-44,-44,1,2,2,2,2,3,3,888997,1,1,3,3,3,1,3,1,1,3,3,1,"-44",2,1,1,1,2,2,0,0,0,1,0,0,1,3,1,2,0,0,0,0,0,0,0,0,1,2,12,4,1272000,6000000,9000000,12,4,1272000,6000000,9000000,100,1,1,1,3,"KISUMU",9,"-44","-44",5,106,999,1,-44,1,-44,9,66.8786010742188,"Kenya"
27001,2,2,"M1 through M5",-44,-44,"M6",-44,-44,"-44",2,-44,1986,2,"-44",1,13,9,6,3,0,0,0,1,1,1,1,100,0,0,2,-44,-44,-44,-44,-44,-44,2,-44,-44,-44,-44,-44,-44,1,2,1,3,50,0,2,-44,-44,-44,-44,-44,1,2,1,2,50,0,2,-44,-44,-44,-44,-44,2,-44,-44,-44,-44,-44,1,3,1,2,0,0,1,1,1,1,0,0,2,-44,-44,-44,-44,-44,-44,-44,"-44",2,-44,-44,-44,-44,-44,-44,-44,"-44",2,-44,-44,-44,-44,-44,-44,-44,"-44",1,1,2,2,1,2,1,2,"-44",2,-44,-44,-44,-44,-44,-44,-44,"-44",1,1,2,1,2,2,2,2,"-44",2,-44,-44,-44,-44,-44,-44,-44,"-44",2,-44,-44,-44,-44,-44,-44,-44,"-44",1,1,1,2,2,1,2,2,"-44",1,1,2,2,2,2,2,2,"-44",1,2,2,1,"Managers",1,2,1,2,2,1,1,10,"Elementary occupations","Managers","Elementary occupations",2,2,2,2,2,1,1,2,1,2,2,2,2,2,2,1,1,1,2,1,-44,25,75,25,-44,10,5,3,2,1,42000,16000,2,2,1,1,5,-44,-44,-44,-44,-44,-44,-44,3,2,1,2,1,2,1,2,1,1,2,1,1,1,2,2,2,2,1,2,2,1,3,1,1,1,42000,16000,2,2,12,6,5,3,1,2,1,1,41,30,2,1,2,2,3,2,1,2,2,2,2,1,2,2,-44,-44,-44,-44,1,-44,-44,-44,-44,1,-44,-44,4,4,4,3,4,4,4,4,2,4,4,1,3,2,3,2,3,2,2,2,3,2,3,-44,-44,-44,-44,-44,-44,-44,-44,-44,-44,-44,4,4,4,4,1,2,4,4,3,4,4,2,2,-44,-44,-44,-44,-44,-44,"-44",-44,-44,-44,-44,-44,-44,"-44",1,2,100,-44,2,2,-44,-44,-44,-44,"-44",-44,-44,-44,-44,"-44",-44,-44,-44,-44,"-44",-44,-44,-44,-44,"-44",-44,-44,-44,-44,"-44",-44,-44,-44,-44,"-44",-44,"-44",-44,"-44",-44,-44,-44,-44,2,2,-44,-44,-44,-44,-44,"-44",-44,-44,-44,-44,-44,"-44",-44,-44,-44,-44,-44,-44,-44,-44,-44,-44,-44,-44,-44,-44,-44,-44,-44,-44,-44,-44,-44,-44,1,2,4,-44,2,4,5,2,3,2,-44,-44,-44,-44,-44,1,2,1,4,4,1,3,3,1,1,3,3,3,1,3,3,1,4,3,2,"-44",1,2,2,2,2,2,2,0,0,3,1,0,1,3,2,3,1,0,3,1,1,0,0,2,0,2,6,7,238000,972000,1246000,6,7,3360000,960000,1320000,80,1,1,2,4,"KISUMU",13,"-44","-44",9,103,999,1,-44,1,-44,9,66.8786010742188,"Kenya"
98333,1,2,"M1 through M5",-44,-44,"M6",-44,-44,"-44",2,-44,1996,2,"-44",1,7,14,13,1,0,0,0,1,1,1,1,0,0,0,2,-44,-44,-44,-44,-44,-44,1,1,1,1,100,0,0,2,-44,-44,-44,-44,-44,2,-44,-44,-44,-44,-44,1,3,3,3,0,0,2,-44,-44,-44,-44,-44,2,-44,-44,-44,-44,-44,2,-44,-44,-44,-44,-44,1,9,9,9,0,0,2,-44,-44,-44,-44,-44,-44,-44,"-44",2,-44,-44,-44,-44,-44,-44,-44,"-44",2,-44,-44,-44,-44,-44,-44,-44,"-44",2,-44,-44,-44,-44,-44,-44,-44,"-44",2,-44,-44,-44,-44,-44,-44,-44,"-44",2,-44,-44,-44,-44,-44,-44,-44,"-44",2,-44,-44,-44,-44,-44,-44,-44,"-44",2,-44,-44,-44,-44,-44,-44,-44,"-44",2,-44,-44,-44,-44,-44,-44,-44,"-44",1,2,2,2,2,2,2,2,"-44",1,2,1,1,"Managers",2,2,1,2,2,2,1,10,"Elementary occupations","Managers","Elementary occupations",2,2,2,2,2,2,2,1,2,2,2,2,2,2,2,2,1,2,2,1,-44,0,100,0,-44,1,6,3,1,1,45000,9000,2,2,1,2,3,1,5,2,1,2,-44,-44,5,-44,-44,-44,-44,-44,-44,-44,1,1,1,2,2,2,2,2,2,2,2,2,2,1,3,1,3,2,45000,11000,2,2,10,36,6,3,2,2,1,1,40,30,1,1,2,2,3,2,2,2,2,2,2,2,2,2,-44,-44,-44,-44,-44,-44,-44,-44,-44,-44,-44,-44,1,3,4,4,2,4,4,4,4,4,4,4,3,3,3,2,2,2,2,2,2,3,3,-44,-44,-44,-44,-44,-44,-44,-44,-44,-44,-44,4,4,4,4,4,3,2,4,1,4,4,2,2,-44,-44,-44,-44,-44,-44,"-44",-44,-44,-44,-44,-44,-44,"-44",2,2,-44,-44,2,2,-44,-44,-44,-44,"-44",-44,-44,-44,-44,"-44",-44,-44,-44,-44,"-44",-44,-44,-44,-44,"-44",-44,-44,-44,-44,"-44",-44,-44,-44,-44,"-44",-44,"-44",-44,"-44",-44,-44,-44,-44,2,2,-44,-44,-44,-44,-44,"-44",-44,-44,-44,-44,-44,"-44",-44,-44,-44,-44,-44,-44,-44,-44,-44,-44,-44,-44,-44,-44,-44,-44,-44,-44,-44,-44,-44,-44,2,2,-44,-44,5,5,5,4,5,2,-44,-44,-44,-44,-44,2,2,1,3,4,3,3,3,3,3,3,3,3,3,3,1,1,4,4,1,"-44",2,1,2,2,2,2,0,0,0,2,0,0,0,3,3,4,0,0,0,0,0,0,0,1,3,2,6,14,3108000,168000000,182400000,6,14,3108000,177600000,200400000,100,1,1,2,4,"KISUMU",7,"-44","-44",14,106,999,2,-44,1,-44,9,66.8786010742188,"Kenya"
21044,1,3,"M1 through M5",-44,-44,"M6",-44,-44,"-44",2,-44,1992,3,"-44",1,7,6,5,1,0,0,0,1,1,1,1,0,0,0,1,1,1,1,0,0,0,2,-44,-44,-44,-44,-44,-44,1,2,1,2,50,0,2,-44,-44,-44,-44,-44,1,2,2,2,0,0,2,-44,-44,-44,-44,-44,2,-44,-44,-44,-44,-44,2,-44,-44,-44,-44,-44,2,-44,-44,-44,-44,-44,2,-44,-44,-44,-44,-44,-44,-44,"-44",2,-44,-44,-44,-44,-44,-44,-44,"-44",2,-44,-44,-44,-44,-44,-44,-44,"-44",1,1,2,1,2,2,1,2,"-44",2,-44,-44,-44,-44,-44,-44,-44,"-44",1,1,2,1,2,1,2,2,"-44",2,-44,-44,-44,-44,-44,-44,-44,"-44",2,-44,-44,-44,-44,-44,-44,-44,"-44",2,-44,-44,-44,-44,-44,-44,-44,"-44",2,-44,-44,-44,-44,-44,-44,-44,"-44",1,1,2,2,"Professionals",1,2,1,2,2,2,2,4,"Clerical and support workers","Professionals","Clerical and support workers",2,2,2,2,2,1,1,1,2,2,1,2,2,2,1,1,1,2,2,1,-44,30,70,30,-44,15,6,5,1,1,43000,33000,2,2,1,2,3,2,1,2,1,2,1,2,1,2,5,2,1,2,1,2,1,1,1,1,2,1,1,1,1,1,1,2,2,1,4,2,3,1,43000,35000,2,2,5,4,6,5,1,1,1,1,27,26,1,1,2,2,1,2,1,2,2,2,3,2,2,2,-44,-44,1,-44,1,-44,-44,-44,-44,-44,-44,-44,4,4,4,4,4,4,4,2,3,4,4,1,3,1,1,1,2,2,2,2,2,3,2,-44,1,1,2,-44,-44,-44,-44,-44,-44,-44,4,2,4,4,4,4,3,4,4,4,1,2,1,-44,-44,-44,-44,-44,-44,"-44",2,2,2,1,2,2,"-44",2,2,-44,-44,2,2,-44,-44,-44,-44,"-44",-44,-44,-44,-44,"-44",-44,-44,-44,-44,"-44",-44,-44,-44,-44,"-44",-44,-44,-44,-44,"-44",-44,-44,-44,-44,"-44",-44,"-44",-44,"-44",-44,-44,-44,-44,2,2,-44,-44,-44,-44,-44,"-44",-44,-44,-44,-44,-44,"-44",-44,-44,-44,-44,-44,-44,-44,-44,-44,-44,-44,-44,-44,-44,-44,-44,-44,-44,-44,-44,-44,-44,2,2,-44,-44,5,3,3,2,3,2,-44,-44,-44,-44,-44,5,3,2,1,1,3,3,3,3,3,3,3,3,1,3,2,3,2,1,2,"-44",2,2,2,2,1,2,4,0,3,1,1,1,3,3,2,1,2,1,1,2,0,1,2,1,2,1,12,6,960000,1296000,18800000,12,6,900000,1092000,2850000,30,1,2,1,4,"KISUMU",7,"-44","-44",6,107,999,1,-44,1,-44,9,66.8786010742188,"Kenya"
98256,1,3,"M1 through M5",-44,-44,"M6",-44,-44,"-44",1,1993,1994,2,"-44",1,15,6,4,2,0,0,0,1,1,1,1,0,0,0,1,3,3,5,0,33.3333333333333,0,2,-44,-44,-44,-44,-44,-44,1,2,2,2,100,0,2,-44,-44,-44,-44,-44,2,-44,-44,-44,-44,-44,2,-44,-44,-44,-44,-44,2,-44,-44,-44,-44,-44,2,-44,-44,-44,-44,-44,2,-44,-44,-44,-44,-44,2,-44,-44,-44,-44,-44,-44,-44,"-44",1,1,1,2,1,1,2,1,"competition from othjer law firms .Poaching of emp",2,-44,-44,-44,-44,-44,-44,-44,"-44",2,-44,-44,-44,-44,-44,-44,-44,"-44",2,-44,-44,-44,-44,-44,-44,-44,"-44",2,-44,-44,-44,-44,-44,-44,-44,"-44",2,-44,-44,-44,-44,-44,-44,-44,"-44",2,-44,-44,-44,-44,-44,-44,-44,"-44",2,-44,-44,-44,-44,-44,-44,-44,"-44",2,-44,-44,-44,-44,-44,-44,-44,"-44",1,1,2,2,"Professionals",1,2,2,2,2,2,2,4,"Clerical and support workers","Professionals","Clerical and support workers",2,2,2,2,1,2,2,1,2,2,2,2,1,1,2,2,1,2,1,2,80,-44,-44,-44,60,-44,6,6,1,2,45000,25000,2,2,1,1,5,-44,-44,-44,-44,-44,-44,-44,5,-44,-44,-44,-44,-44,-44,-44,1,1,2,1,2,1,1,1,1,2,1,2,2,1,2,2,3,3,45000,25000,2,2,4,4,6,6,2,2,1,1,35,30,1,2,2,2,3,2,2,2,2,2,2,2,3,2,-44,-44,-44,-44,-44,-44,-44,-44,-44,-44,-44,-44,4,4,4,4,3,4,4,4,1,2,4,4,2,2,3,1,2,2,2,2,2,2,2,-44,-44,-44,1,-44,-44,-44,-44,-44,-44,-44,4,2,4,4,4,1,4,4,4,4,3,1,2,2,2,2,2,1,2,"-44",-44,-44,-44,-44,-44,-44,"-44",2,2,-44,-44,2,2,-44,-44,-44,-44,"-44",-44,-44,-44,-44,"-44",-44,-44,-44,-44,"-44",-44,-44,-44,-44,"-44",-44,-44,-44,-44,"-44",-44,-44,-44,-44,"-44",-44,"-44",-44,"-44",-44,-44,-44,-44,2,2,-44,-44,-44,-44,-44,"-44",-44,-44,-44,-44,-44,"-44",-44,-44,-44,-44,-44,-44,-44,-44,-44,-44,-44,-44,-44,-44,-44,-44,-44,-44,-44,-44,-44,-44,2,2,-44,-44,5,5,5,3,2,2,-44,-44,-44,-44,-44,3,1,1,4,4,3,3,2,1,1,3,3,1,3,3,3,3,4,5,1,"-44",2,2,2,1,1,2,0,0,0,1,0,0,0,3,4,4,4,3,4,0,0,4,4,0,4,2,6,6,6000000,2200000,17500000,6,6,6000000,2400000,21300000,100,1,1,2,3,"KISUMU",15,"-44","-44",6,106,999,1,-44,1,-44,9,66.8786010742188,"Kenya"
98268,1,3,"M1 through M5",-44,-44,"M6",-44,-44,"-44",2,-44,2007,1,"-44",1,9,5,3,2,0,0,0,1,1,1,1,0,0,0,2,-44,-44,-44,-44,-44,-44,2,-44,-44,-44,-44,-44,-44,2,-44,-44,-44,-44,-44,1,3,4,2,66.6666666666667,0,2,-44,-44,-44,-44,-44,2,-44,-44,-44,-44,-44,2,-44,-44,-44,-44,-44,2,-44,-44,-44,-44,-44,1,1,1,1,0,0,2,-44,-44,-44,-44,-44,-44,-44,"-44",2,-44,-44,-44,-44,-44,-44,-44,"-44",2,-44,-44,-44,-44,-44,-44,-44,"-44",2,-44,-44,-44,-44,-44,-44,-44,"-44",1,1,2,2,1,2,1,2,"-44",2,-44,-44,-44,-44,-44,-44,-44,"-44",2,-44,-44,-44,-44,-44,-44,-44,"-44",2,-44,-44,-44,-44,-44,-44,-44,"-44",2,-44,-44,-44,-44,-44,-44,-44,"-44",2,-44,-44,-44,-44,-44,-44,-44,"-44",1,2,2,1,"Managers",2,1,2,2,2,2,1,10,"Elementary occupations","Managers","Elementary occupations",2,2,2,2,2,2,2,1,2,2,2,2,2,2,2,2,1,2,2,2,-44,-44,-44,-44,-44,-44,5,3,1,1,18000,9000,2,2,2,2,1,2,3,2,1,2,1,2,2,1,5,2,1,2,1,2,1,2,1,2,2,2,1,2,2,2,2,2,2,1,1,1,3,2,18000,9000,2,2,18,6,4,3,2,2,1,1,43,38,1,1,2,2,3,2,2,2,2,2,2,2,3,3,-44,-44,-44,-44,-44,-44,-44,-44,-44,-44,-44,-44,1,3,4,4,4,4,2,4,4,4,4,4,2,2,3,3,2,2,2,1,1,3,3,-44,-44,-44,-44,-44,-44,-44,1,1,-44,-44,4,4,4,4,2,1,3,4,4,4,4,2,2,-44,-44,-44,-44,-44,-44,"-44",-44,-44,-44,-44,-44,-44,"-44",2,2,-44,-44,2,2,-44,-44,-44,-44,"-44",-44,-44,-44,-44,"-44",-44,-44,-44,-44,"-44",-44,-44,-44,-44,"-44",-44,-44,-44,-44,"-44",-44,-44,-44,-44,"-44",-44,"-44",-44,"-44",-44,-44,-44,-44,2,2,-44,-44,-44,-44,-44,"-44",-44,-44,-44,-44,-44,"-44",-44,-44,-44,-44,-44,-44,-44,-44,-44,-44,-44,-44,-44,-44,-44,-44,-44,-44,-44,-44,-44,-44,2,2,-44,-44,5,5,5,4,4,2,-44,-44,-44,-44,-44,3,1,4,3,4,1,1,3,1,1,1,3,1,1,1,3,1,1,2,1,"-44",2,1,2,2,2,2,1,0,0,2,0,0,1,2,2,4,0,0,0,0,0,0,1,0,2,2,7,12,1200000,14000000,18400000,7,6,840000,7500000,10000000,100,2,2,2,3,"KATITO",9,"-44","-44",5,106,999,1,-44,1,-44,9,66.8786010742188,"Kenya"
39518,1,2,"M1 through M5",-44,-44,"M6",-44,-44,"-44",2,-44,1982,1,"-44",1,9,15,10,5,2,2,0,1,1,1,1,0,0,0,1,1,0,1,100,100,0,2,-44,-44,-44,-44,-44,-44,1,3,3,3,33.3333333333333,1,1,9,7,4,22.2222222222222,0,1,1,1,1,100,0,2,-44,-44,-44,-44,-44,2,-44,-44,-44,-44,-44,1,1,0,3,0,0,1,1,1,2,0,0,2,-44,-44,-44,-44,-44,-44,-44,"-44",1,1,2,2,1,2,1,2,"-44",2,-44,-44,-44,-44,-44,-44,-44,"-44",2,-44,-44,-44,-44,-44,-44,-44,"-44",1,1,2,2,2,2,2,2,"-44",2,-44,-44,-44,-44,-44,-44,-44,"-44",2,-44,-44,-44,-44,-44,-44,-44,"-44",2,-44,-44,-44,-44,-44,-44,-44,"-44",1,1,1,2,2,1,2,2,"-44",1,2,2,1,2,1,1,2,"-44",1,1,2,2,"Professionals",1,1,1,2,2,1,1,6,"Sales workers","Professionals","Sales workers",2,2,2,2,2,1,2,1,2,2,2,2,2,2,2,1,1,2,1,2,70,-44,-44,-44,15,-44,5,4,2,2,104000,43700,2,2,2,1,2,5,-44,-44,-44,-44,2,1,1,3,2,2,2,1,2,1,1,1,2,2,1,1,1,1,1,1,2,1,1,1,4,3,3,1,104000,43700,2,2,5,7,4,6,1,2,2,2,44,47,2,2,2,3,1,2,2,3,2,2,1,2,2,2,-44,-44,1,-44,-44,-44,-44,-44,3,-44,-44,-44,4,4,4,4,4,3,1,4,4,2,4,4,1,2,2,2,2,2,3,3,3,3,3,1,-44,-44,-44,-44,-44,-44,-44,-44,-44,-44,4,4,4,4,3,1,4,4,4,2,4,2,2,-44,-44,-44,-44,-44,-44,"-44",-44,-44,-44,-44,-44,-44,"-44",1,2,100,-44,1,2,1,2,2,-44,"-44",-44,-44,-44,-44,"-44",100,-44,-44,-44,"-44",5,-44,-44,-44,"-44",-44,-44,-44,-44,"-44",-44,-44,-44,-44,"-44",1,"-44",-44,"-44",5,-44,-44,-44,1,2,2,1,2,1,2,"-44",-44,-44,-44,-44,-44,"-44",-44,100,-44,100,-44,-44,2,-44,3,-44,-44,-44,-44,-44,-44,-44,-44,-44,-44,-44,18500,-44,1,2,4,-44,4,2,2,2,4,2,-44,-44,-44,-44,-44,5,5,1,1,5,3,1,1,1,2,1,2,1,3,3,3,1,3,2,1,"-44",2,2,1,1,2,2,2,0,0,4,2,3,4,3,1,2,2,0,1,0,1,0,0,0,1,2,11,18,12949500,634400,2076480000,11,18,20945700,666900,2706180000,70,1,2,1,4,"KISUMU",9,"-44","-44",17,118,201,1,-44,1,-44,9,66.8786010742188,"Kenya"
27024,2,4,"M1 through M5",-44,-44,"M6",-44,-44,"-44",2,-44,2001,3,"-44",1,7,10,8,2,0,0,0,1,1,1,1,0,0,0,1,2,2,2,0,0,0,1,3,3,3,0,0,0,1,1,1,1,100,0,1,2,2,2,0,0,1,1,1,1,100,0,2,-44,-44,-44,-44,-44,2,-44,-44,-44,-44,-44,2,-44,-44,-44,-44,-44,2,-44,-44,-44,-44,-44,2,-44,-44,-44,-44,-44,-44,-44,"-44",1,1,1,1,1,2,1,2,"-44",1,1,2,1,1,1,1,2,"-44",2,-44,-44,-44,-44,-44,-44,-44,"-44",2,-44,-44,-44,-44,-44,-44,-44,"-44",1,1,1,1,2,1,2,2,"-44",2,-44,-44,-44,-44,-44,-44,-44,"-44",2,-44,-44,-44,-44,-44,-44,-44,"-44",2,-44,-44,-44,-44,-44,-44,-44,"-44",2,-44,-44,-44,-44,-44,-44,-44,"-44",1,1,1,1,"Managers",1,1,1,2,2,2,2,5,"Service workers","Managers","Service workers",2,1,2,2,2,1,1,1,2,2,2,2,2,2,1,1,2,2,2,2,-44,-44,-44,-44,-44,-44,6,5,1,1,108000,32000,2,2,1,1,1,5,-44,2,1,2,-44,-44,5,-44,-44,-44,-44,-44,-44,-44,1,1,1,2,2,2,1,2,1,2,2,2,2,1,3,3,1,1,108000,28000,2,2,12,12,6,6,1,2,1,1,39,26,1,1,2,2,3,2,2,2,2,1,2,2,1,2,-44,-44,-44,-44,-44,-44,-44,1,-44,-44,1,-44,3,4,4,2,4,1,4,4,4,4,4,4,2,3,3,2,2,2,2,2,2,2,2,-44,-44,-44,-44,-44,-44,-44,-44,-44,-44,-44,4,4,4,2,1,4,4,4,3,4,4,1,1,2,2,2,1,2,2,"-44",2,2,2,1,1,2,"-44",2,2,-44,-44,2,2,-44,-44,-44,-44,"-44",-44,-44,-44,-44,"-44",-44,-44,-44,-44,"-44",-44,-44,-44,-44,"-44",-44,-44,-44,-44,"-44",-44,-44,-44,-44,"-44",-44,"-44",-44,"-44",-44,-44,-44,-44,2,2,-44,-44,-44,-44,-44,"-44",-44,-44,-44,-44,-44,"-44",-44,-44,-44,-44,-44,-44,-44,-44,-44,-44,-44,-44,-44,-44,-44,-44,-44,-44,-44,-44,-44,-44,2,2,-44,-44,1,4,5,4,5,2,-44,-44,-44,-44,-44,4,2,1,4,3,3,2,2,3,1,3,3,1,1,3,3,3,4,5,2,"-44",1,2,2,1,2,2,1,1,1,3,0,0,3,3,2,0,2,1,0,0,1,0,0,1,1,2,6,7,5136000,5096000,16640000,6,11,5450000,6420000,26750000,100,1,2,1,4,"KISUMU",7,"-44","-44",10,114,999,1,-44,1,-44,9,66.8786010742188,"Kenya"
98244,1,2,"M1 through M5",-44,-44,"M6",-44,-44,"-44",1,2003,2003,4,"-44",1,7,20,18,2,0,0,0,1,1,1,1,0,0,0,1,10,10,10,20,0,0,2,-44,-44,-44,-44,-44,-44,1,5,5,5,0,0,2,-44,-44,-44,-44,-44,1,4,4,4,0,0,2,-44,-44,-44,-44,-44,2,-44,-44,-44,-44,-44,2,-44,-44,-44,-44,-44,2,-44,-44,-44,-44,-44,2,-44,-44,-44,-44,-44,-44,-44,"-44",2,-44,-44,-44,-44,-44,-44,-44,"-44",2,-44,-44,-44,-44,-44,-44,-44,"-44",2,-44,-44,-44,-44,-44,-44,-44,"-44",2,-44,-44,-44,-44,-44,-44,-44,"-44",2,-44,-44,-44,-44,-44,-44,-44,"-44",2,-44,-44,-44,-44,-44,-44,-44,"-44",2,-44,-44,-44,-44,-44,-44,-44,"-44",2,-44,-44,-44,-44,-44,-44,-44,"-44",2,-44,-44,-44,-44,-44,-44,-44,"-44",1,1,2,2,"Professionals",1,2,1,2,2,2,2,6,"Sales workers","Professionals","Sales workers",2,2,2,2,2,2,2,1,2,2,2,2,2,2,2,2,1,2,2,2,-44,-44,-44,-44,-44,-44,6,5,1,1,350000,180000,2,2,2,2,1,5,-44,2,1,2,-44,-44,1,5,-44,2,1,2,-44,-44,1,1,1,1,1,1,1,1,1,1,2,2,2,1,2,1,3,3,35000,18000,2,2,36,36,6,5,1,1,1,2,30,27,1,1,2,2,3,2,2,2,2,2,1,2,2,2,-44,-44,-44,-44,-44,-44,-44,-44,1,-44,-44,-44,4,4,4,2,1,4,4,4,4,3,4,4,3,1,3,2,2,2,1,1,2,3,2,-44,2,-44,-44,-44,-44,2,1,-44,-44,-44,4,4,4,3,1,2,4,4,4,4,4,2,2,-44,-44,-44,-44,-44,-44,"-44",-44,-44,-44,-44,-44,-44,"-44",2,2,-44,-44,2,2,-44,-44,-44,-44,"-44",-44,-44,-44,-44,"-44",-44,-44,-44,-44,"-44",-44,-44,-44,-44,"-44",-44,-44,-44,-44,"-44",-44,-44,-44,-44,"-44",-44,"-44",-44,"-44",-44,-44,-44,-44,2,2,-44,-44,-44,-44,-44,"-44",-44,-44,-44,-44,-44,"-44",-44,-44,-44,-44,-44,-44,-44,-44,-44,-44,-44,-44,-44,-44,-44,-44,-44,-44,-44,-44,-44,-44,2,2,-44,-44,1,1,2,1,3,2,-44,-44,-44,-44,-44,1,1,1,1,3,3,3,3,3,3,3,3,3,3,3,3,3,3,3,1,"-44",2,1,1,2,1,2,0,1,2,1,2,0,3,2,2,2,2,3,1,2,3,1,2,1,2,2,12,20,4500000,2300000,9500000,12,20,4800000,2500000,9600000,100,2,2,3,3,"KISUMU",7,"-44","-44",20,102,102,1,-44,1,-44,9,66.8786010742188,"Kenya"
21111,1,3,"M1 through M5",-44,-44,"M6",-44,-44,"-44",2,-44,1985,1,"-44",1,7,5,5,0,0,0,0,1,1,1,1,0,0,0,2,-44,-44,-44,-44,-44,-44,2,-44,-44,-44,-44,-44,-44,2,-44,-44,-44,-44,-44,2,-44,-44,-44,-44,-44,1,3,3,3,0,0,2,-44,-44,-44,-44,-44,2,-44,-44,-44,-44,-44,1,1,1,1,0,0,2,-44,-44,-44,-44,-44,2,-44,-44,-44,-44,-44,-44,-44,"-44",2,-44,-44,-44,-44,-44,-44,-44,"-44",2,-44,-44,-44,-44,-44,-44,-44,"-44",2,-44,-44,-44,-44,-44,-44,-44,"-44",2,-44,-44,-44,-44,-44,-44,-44,"-44",1,1,2,2,1,2,1,2,"-44",2,-44,-44,-44,-44,-44,-44,-44,"-44",2,-44,-44,-44,-44,-44,-44,-44,"-44",2,-44,-44,-44,-44,-44,-44,-44,"-44",2,-44,-44,-44,-44,-44,-44,-44,"-44",1,2,2,1,"Managers",2,2,1,2,2,1,2,6,"Sales workers","Managers","Sales workers",2,2,2,2,2,2,2,1,2,2,2,2,2,2,2,1,1,2,2,2,-44,-44,-44,-44,-44,-44,6,5,1,1,50000,11500,2,2,1,2,5,-44,-44,-44,-44,-44,-44,-44,5,-44,-44,-44,-44,-44,-44,-44,1,1,1,2,2,2,2,1,1,1,2,2,2,2,3,1,3,3,50000,18000,2,2,24,12,6,5,2,2,1,1,62,35,1,1,2,2,3,2,2,2,2,2,2,2,3,2,-44,-44,-44,-44,-44,-44,-44,-44,-44,-44,-44,-44,2,4,4,4,4,1,3,4,4,4,4,4,2,2,3,2,2,2,2,2,3,1,2,-44,-44,-44,-44,-44,-44,-44,-44,-44,2,-44,2,4,4,4,1,3,4,4,4,4,4,2,2,-44,-44,-44,-44,-44,-44,"-44",-44,-44,-44,-44,-44,-44,"-44",2,2,-44,-44,2,2,-44,-44,-44,-44,"-44",-44,-44,-44,-44,"-44",-44,-44,-44,-44,"-44",-44,-44,-44,-44,"-44",-44,-44,-44,-44,"-44",-44,-44,-44,-44,"-44",-44,"-44",-44,"-44",-44,-44,-44,-44,2,2,-44,-44,-44,-44,-44,"-44",-44,-44,-44,-44,-44,"-44",-44,-44,-44,-44,-44,-44,-44,-44,-44,-44,-44,-44,-44,-44,-44,-44,-44,-44,-44,-44,-44,-44,2,2,-44,-44,4,3,5,2,3,2,-44,-44,-44,-44,-44,3,3,2,4,2,3,3,1,1,2,2,3,3,3,3,3,3,4,3,1,"-44",2,1,2,2,2,2,0,0,0,3,3,0,0,3,3,2,0,0,0,0,0,0,0,0,2,2,12,5,1500000,3800000,8500000,12,5,1500000,4500000,11000000,100,1,1,1,4,"KISUMU",7,"-44","-44",5,106,999,1,-44,1,-44,9,66.8786010742188,"Kenya"
98336,1,4,"M1 through M5",-44,-44,"M6",-44,-44,"-44",2,-44,2006,1,"-44",1,9,8,4,4,0,0,0,1,1,1,1,0,0,0,2,-44,-44,-44,-44,-44,-44,2,-44,-44,-44,-44,-44,-44,1,2,2,2,100,0,2,-44,-44,-44,-44,-44,2,-44,-44,-44,-44,-44,2,-44,-44,-44,-44,-44,2,-44,-44,-44,-44,-44,2,-44,-44,-44,-44,-44,1,5,4,5,40,0,2,-44,-44,-44,-44,-44,-44,-44,"-44",2,-44,-44,-44,-44,-44,-44,-44,"-44",2,-44,-44,-44,-44,-44,-44,-44,"-44",2,-44,-44,-44,-44,-44,-44,-44,"-44",2,-44,-44,-44,-44,-44,-44,-44,"-44",2,-44,-44,-44,-44,-44,-44,-44,"-44",2,-44,-44,-44,-44,-44,-44,-44,"-44",2,-44,-44,-44,-44,-44,-44,-44,"-44",2,-44,-44,-44,-44,-44,-44,-44,"-44",1,1,2,2,2,2,1,2,"-44",1,2,2,1,"Managers",1,2,2,2,2,2,1,4,"Clerical and support workers","Managers","Clerical and support workers",2,2,2,2,2,2,2,1,2,2,2,2,2,2,2,2,1,2,2,2,-44,-44,-44,-44,-44,-44,4,4,1,2,40000,15000,2,2,2,2,1,3,2,2,1,2,1,2,2,1,5,2,1,2,2,1,1,2,1,2,2,2,1,1,1,2,2,2,2,1,2,2,1,1,40000,15000,2,2,24,9,4,4,2,2,1,1,44,35,1,2,2,2,3,3,2,2,2,2,2,2,3,3,-44,-44,-44,-44,-44,-44,-44,-44,-44,-44,-44,-44,1,2,4,4,4,3,4,4,4,4,4,4,2,2,2,2,2,2,2,2,2,2,3,-44,-44,-44,-44,-44,-44,-44,-44,-44,-44,-44,1,2,4,4,4,4,4,3,4,4,4,2,2,-44,-44,-44,-44,-44,-44,"-44",-44,-44,-44,-44,-44,-44,"-44",2,2,-44,-44,2,2,-44,-44,-44,-44,"-44",-44,-44,-44,-44,"-44",-44,-44,-44,-44,"-44",-44,-44,-44,-44,"-44",-44,-44,-44,-44,"-44",-44,-44,-44,-44,"-44",-44,"-44",-44,"-44",-44,-44,-44,-44,2,2,-44,-44,-44,-44,-44,"-44",-44,-44,-44,-44,-44,"-44",-44,-44,-44,-44,-44,-44,-44,-44,-44,-44,-44,-44,-44,-44,-44,-44,-44,-44,-44,-44,-44,-44,2,2,-44,-44,5,5,5,3,2,2,-44,-44,-44,-44,-44,3,1,1,4,3,3,3,2,3,3,2,3,3,2,3,3,3,4,4,1,"-44",2,1,2,1,1,2,1,0,2,2,0,0,0,2,0,3,0,0,0,0,0,0,0,0,2,2,12,8,1740000,2440000,7200000,12,8,1740000,2985000,8000000,100,1,1,1,4,"KISUMU",9,"-44","-44",8,106,999,1,-44,1,-44,9,66.8786010742188,"Kenya"
21045,2,3,"M1 through M5",1,2,"M6",-44,-44,"-44",2,-44,1997,2,"-44",1,7,15,6,9,0,0,0,1,2,2,2,50,0,0,2,-44,-44,-44,-44,-44,-44,1,5,5,7,40,0,0,2,-44,-44,-44,-44,-44,1,8,8,8,75,0,2,-44,-44,-44,-44,-44,2,-44,-44,-44,-44,-44,2,-44,-44,-44,-44,-44,2,-44,-44,-44,-44,-44,2,-44,-44,-44,-44,-44,2,-44,-44,-44,-44,-44,-44,-44,"-44",2,-44,-44,-44,-44,-44,-44,-44,"-44",2,-44,-44,-44,-44,-44,-44,-44,"-44",2,-44,-44,-44,-44,-44,-44,-44,"-44",1,1,1,2,1,1,2,2,"-44",2,-44,-44,-44,-44,-44,-44,-44,"-44",2,-44,-44,-44,-44,-44,-44,-44,"-44",2,-44,-44,-44,-44,-44,-44,-44,"-44",2,-44,-44,-44,-44,-44,-44,-44,"-44",2,-44,-44,-44,-44,-44,-44,-44,"-44",1,2,1,3,"Technicians and associate professionals",2,1,2,2,2,2,2,5,"Service workers","Technicians and associate professionals","Service workers",2,2,1,1,2,2,2,2,2,2,2,2,2,2,2,2,1,2,2,1,-44,10,90,10,-44,30,5,6,1,2,28000,17000,2,2,2,1,2,3,5,-44,-44,-44,1,2,1,5,-44,2,2,1,-44,-44,1,1,1,1,2,1,1,2,2,2,1,2,2,2,3,2,1,1,24000,15000,2,2,6,6,5,5,1,1,1,1,30,33,1,2,1,2,2,2,2,3,2,2,1,2,2,2,1,-44,-44,-44,-44,-44,-44,-44,1,-44,-44,-44,3,4,4,4,1,4,4,4,2,4,4,4,2,1,3,2,2,1,1,2,2,1,1,-44,1,-44,-44,-44,2,1,-44,-44,1,2,4,4,4,1,4,2,4,4,3,4,4,1,2,2,2,2,1,2,2,"-44",-44,-44,-44,-44,-44,-44,"-44",1,1,80,50,2,2,-44,-44,-44,-44,"-44",-44,-44,-44,-44,"-44",-44,-44,-44,-44,"-44",-44,-44,-44,-44,"-44",-44,-44,-44,-44,"-44",-44,-44,-44,-44,"-44",-44,"-44",-44,"-44",-44,-44,-44,-44,2,2,-44,-44,-44,-44,-44,"-44",-44,-44,-44,-44,-44,"-44",-44,-44,-44,-44,-44,-44,-44,-44,-44,-44,-44,-44,-44,-44,-44,-44,-44,-44,-44,-44,-44,-44,1,1,888997,888997,1,4,4,2,3,2,-44,-44,-44,-44,-44,2,1,4,4,4,3,2,3,1,1,3,3,3,1,2,3,3,5,4,1,"-44",2,2,2,2,2,2,3,1,0,3,1,0,0,4,2,0,0,2,1,0,0,3,1,3,0,1,12,17,4320000,5760000,76800000,12,15,4770000,7700000,100700000,100,2,1,1,3,"KISUMU",7,"-44","-44",15,107,999,1,-44,1,-44,9,66.8786010742188,"Kenya"
98264,1,2,"M1 through M5",-44,-44,"M6",-44,-44,"-44",2,-44,1993,2,"-44",1,3,10,8,2,0,0,0,1,2,2,2,0,0,0,2,-44,-44,-44,-44,-44,-44,1,3,3,3,33.3333333333333,0,0,2,-44,-44,-44,-44,-44,2,-44,-44,-44,-44,-44,2,-44,-44,-44,-44,-44,2,-44,-44,-44,-44,-44,1,3,3,3,0,0,1,1,1,1,0,0,1,1,1,1,100,0,2,-44,-44,-44,-44,-44,-44,-44,"-44",2,-44,-44,-44,-44,-44,-44,-44,"-44",2,-44,-44,-44,-44,-44,-44,-44,"-44",2,-44,-44,-44,-44,-44,-44,-44,"-44",2,-44,-44,-44,-44,-44,-44,-44,"-44",2,-44,-44,-44,-44,-44,-44,-44,"-44",2,-44,-44,-44,-44,-44,-44,-44,"-44",1,1,2,2,1,1,2,2,"-44",2,-44,-44,-44,-44,-44,-44,-44,"-44",2,-44,-44,-44,-44,-44,-44,-44,"-44",1,2,1,1,"Managers",2,2,2,2,1,1,1,10,"Elementary occupations","Managers","Elementary occupations",2,2,2,2,2,2,2,1,2,2,2,2,2,2,2,2,1,2,2,2,-44,-44,-44,-44,-44,-44,6,3,1,2,75000,12000,2,2,2,2,3,5,-44,-44,-44,-44,-44,-44,5,-44,-44,-44,-44,-44,-44,-44,1,1,1,1,2,1,1,2,2,2,2,2,2,1,4,1,3,3,75000,12000,2,2,17,48,6,3,1,2,1,1,48,34,1,2,2,2,2,2,2,2,2,2,2,2,2,2,-44,-44,-44,-44,-44,-44,-44,-44,-44,-44,-44,-44,4,4,4,3,4,4,4,4,4,4,1,2,2,2,3,2,2,2,2,2,2,3,3,-44,-44,-44,-44,-44,-44,-44,-44,-44,-44,-44,4,4,4,4,1,2,4,4,3,4,4,2,2,-44,-44,-44,-44,-44,-44,"-44",-44,-44,-44,-44,-44,-44,"-44",2,2,-44,-44,2,2,-44,-44,-44,-44,"-44",-44,-44,-44,-44,"-44",-44,-44,-44,-44,"-44",-44,-44,-44,-44,"-44",-44,-44,-44,-44,"-44",-44,-44,-44,-44,"-44",-44,"-44",-44,"-44",-44,-44,-44,-44,2,2,-44,-44,-44,-44,-44,"-44",-44,-44,-44,-44,-44,"-44",-44,-44,-44,-44,-44,-44,-44,-44,-44,-44,-44,-44,-44,-44,-44,-44,-44,-44,-44,-44,-44,-44,2,2,-44,-44,5,5,4,2,5,2,-44,-44,-44,-44,-44,1,1,1,4,4,3,3,1,1,3,3,3,3,3,3,3,3,4,4,2,"-44",1,1,1,1,1,2,3,0,0,2,2,0,1,3,4,4,0,0,0,0,0,0,0,0,4,2,6,10,4320000,136800000,183600000,6,10,4320000,138000000,186240000,100,1,1,1,3,"KISUMU",3,"-44","-44",10,106,999,1,-44,1,-44,9,66.8786010742188,"Kenya"
60535,2,3,"M1 through M5",-44,-44,"M6",-44,-44,"-44",2,-44,1994,1,"-44",1,7,17,12,5,0,0,0,1,1,1,1,100,0,0,1,8,8,1,0,0,0,1,1,1,1,100,0,0,1,1,1,1,0,0,1,1,1,1,100,0,1,1,1,1,0,0,1,1,1,1,100,0,1,1,1,1,100,0,1,1,1,1,0,0,1,1,1,1,0,0,2,-44,-44,-44,-44,-44,-44,-44,"-44",2,-44,-44,-44,-44,-44,-44,-44,"-44",1,1,1,1,2,1,2,2,"-44",2,-44,-44,-44,-44,-44,-44,-44,"-44",2,-44,-44,-44,-44,-44,-44,-44,"-44",2,-44,-44,-44,-44,-44,-44,-44,"-44",1,1,2,1,1,2,2,2,"-44",1,1,2,2,2,2,2,2,"-44",2,-44,-44,-44,-44,-44,-44,-44,"-44",1,2,2,1,1,2,2,2,"-44",1,1,1,3,"Technicians and associate professionals",1,1,1,1,1,1,1,6,"Sales workers","Technicians and associate professionals","Sales workers",2,1,2,2,2,1,2,1,2,2,1,1,2,2,2,2,1,2,1,2,80,-44,-44,-44,30,-44,4,4,2,1,38100,15600,2,2,2,2,3,1,5,2,1,2,-44,-44,2,3,1,2,1,2,1,2,2,2,1,2,2,2,1,1,1,1,2,1,1,1,4,3,2,1,38100,15600,2,2,6,1,6,5,2,1,2,1,25,40,2,1,1,2,2,2,2,1,2,2,2,2,3,2,3,-44,-44,-44,-44,3,-44,-44,-44,-44,-44,-44,4,4,4,4,4,1,3,4,4,2,4,4,2,2,2,3,2,2,2,1,3,1,2,-44,-44,-44,-44,-44,-44,-44,1,-44,3,-44,4,4,4,4,3,1,4,4,2,4,4,1,2,2,1,2,2,2,2,"-44",-44,-44,-44,-44,-44,-44,"-44",1,2,100,-44,1,2,1,1,2,-44,"-44",-44,-44,-44,-44,"-44",100,100,-44,-44,"-44",6,5,-44,-44,"-44",-44,-44,-44,-44,"-44",-44,-44,-44,-44,"-44",4,"-44",-44,"-44",6,-44,-44,-44,2,2,-44,-44,-44,-44,-44,"-44",-44,-44,-44,-44,-44,"-44",-44,-44,-44,-44,-44,-44,-44,-44,-44,-44,-44,-44,-44,-44,-44,-44,-44,-44,-44,-44,-44,-44,1,2,4,-44,5,2,2,5,2,2,-44,-44,-44,-44,-44,2,2,3,4,1,2,3,2,3,3,3,3,1,3,1,3,1,2,3,2,"-44",2,2,2,2,1,2,1,2,0,1,1,4,3,3,1,0,0,1,3,0,0,2,1,1,0,2,3,17,21071600,19020300,482761000,3,17,21411400,16188300,353160000,50,1,1,1,4,"KISUMU",7,"-44","-44",17,117,201,1,-44,1,-44,9,66.8786010742188,"Kenya"
21228,2,2,"M1 through M5",-44,-44,"M6",-44,-44,"-44",2,-44,1987,3,"-44",1,7,7,5,2,1,0,1,1,1,1,1,0,0,0,2,-44,-44,-44,-44,-44,-44,2,-44,-44,-44,-44,-44,-44,1,4,4,4,25,0,1,2,2,3,50,0,2,-44,-44,-44,-44,-44,2,-44,-44,-44,-44,-44,2,-44,-44,-44,-44,-44,2,-44,-44,-44,-44,-44,1,1,1,2,100,0,2,-44,-44,-44,-44,-44,-44,-44,"-44",2,-44,-44,-44,-44,-44,-44,-44,"-44",2,-44,-44,-44,-44,-44,-44,-44,"-44",2,-44,-44,-44,-44,-44,-44,-44,"-44",2,-44,-44,-44,-44,-44,-44,-44,"-44",2,-44,-44,-44,-44,-44,-44,-44,"-44",2,-44,-44,-44,-44,-44,-44,-44,"-44",2,-44,-44,-44,-44,-44,-44,-44,"-44",2,-44,-44,-44,-44,-44,-44,-44,"-44",1,2,2,2,2,2,2,2,"-44",1,2,2,1,"Managers",1,1,2,2,2,2,1,5,"Service workers","Managers","Service workers",2,2,2,2,2,1,2,1,2,2,2,2,2,2,2,2,1,2,2,2,-44,-44,-44,-44,-44,-44,6,5,1,2,182000,42000,2,2,2,1,1,3,5,2,2,1,-44,-44,1,3,5,1,2,2,-44,-44,2,1,2,2,2,2,1,2,2,2,2,2,2,1,5,3,3,1,182000,45000,2,2,0,7,6,5,1,1,1,1,51,20,1,2,2,2,3,2,2,2,1,2,2,1,2,2,-44,-44,-44,-44,-44,-44,1,-44,-44,2,-44,-44,4,4,4,4,3,2,1,4,4,4,4,4,2,2,1,2,2,3,2,2,2,1,1,-44,-44,1,-44,-44,-44,-44,-44,-44,1,1,4,4,4,4,4,1,2,4,3,4,4,1,2,2,2,2,1,2,2,"-44",-44,-44,-44,-44,-44,-44,"-44",2,2,-44,-44,2,2,-44,-44,-44,-44,"-44",-44,-44,-44,-44,"-44",-44,-44,-44,-44,"-44",-44,-44,-44,-44,"-44",-44,-44,-44,-44,"-44",-44,-44,-44,-44,"-44",-44,"-44",-44,"-44",-44,-44,-44,-44,2,2,-44,-44,-44,-44,-44,"-44",-44,-44,-44,-44,-44,"-44",-44,-44,-44,-44,-44,-44,-44,-44,-44,-44,-44,-44,-44,-44,-44,-44,-44,-44,-44,-44,-44,-44,2,2,-44,-44,3,5,5,5,4,2,-44,-44,-44,-44,-44,1,2,1,5,1,3,2,3,1,3,3,3,2,1,3,3,1,5,4,1,"-44",2,1,2,2,1,1,1,3,3,0,0,1,3,3,1,0,2,3,0,1,1,2,3,0,4,2,12,6,15552000,15840000,190800000,12,8,13650000,18424000,186930000,80,1,1,1,4,"KISUMU",7,"-44","-44",8,106,999,2,-44,1,-44,9,66.8786010742188,"Kenya"
98304,1,3,"M1 through M5",-44,-44,"M6",-44,-44,"-44",2,-44,2001,1,"-44",1,7,6,6,0,0,0,0,1,1,1,1,0,0,0,2,-44,-44,-44,-44,-44,-44,1,5,5,5,0,0,0,2,-44,-44,-44,-44,-44,2,-44,-44,-44,-44,-44,2,-44,-44,-44,-44,-44,2,-44,-44,-44,-44,-44,2,-44,-44,-44,-44,-44,2,-44,-44,-44,-44,-44,2,-44,-44,-44,-44,-44,2,-44,-44,-44,-44,-44,-44,-44,"-44",2,-44,-44,-44,-44,-44,-44,-44,"-44",1,1,2,1,1,2,1,2,"-44",2,-44,-44,-44,-44,-44,-44,-44,"-44",2,-44,-44,-44,-44,-44,-44,-44,"-44",2,-44,-44,-44,-44,-44,-44,-44,"-44",2,-44,-44,-44,-44,-44,-44,-44,"-44",2,-44,-44,-44,-44,-44,-44,-44,"-44",2,-44,-44,-44,-44,-44,-44,-44,"-44",2,-44,-44,-44,-44,-44,-44,-44,"-44",1,2,1,3,"Technicians and associate professionals",2,2,2,2,2,2,2,888996,"None","Technicians and associate professionals","None",2,2,2,1,2,2,2,1,2,-44,-44,-44,-44,-44,-44,-44,-44,-44,1,-44,70,-44,-44,-44,14,-44,4,-44,1,-44,15000,-44,2,-44,1,-44,5,-44,-44,-44,-44,-44,-44,-44,-44,-44,-44,-44,-44,-44,-44,-44,1,2,1,1,2,2,2,-44,-44,-44,-44,-44,-44,-44,1,-44,2,-44,15000,-44,2,-44,6,-44,4,-44,1,-44,1,-44,38,-44,1,-44,2,2,3,2,2,2,2,2,2,2,3,2,-44,-44,-44,-44,-44,-44,-44,-44,-44,-44,-44,-44,1,4,4,4,4,2,4,3,4,4,4,4,-44,-44,-44,-44,-44,-44,-44,-44,-44,-44,-44,-44,-44,-44,-44,-44,-44,-44,-44,-44,-44,-44,-44,-44,-44,-44,-44,-44,-44,-44,-44,-44,-44,2,-44,-44,-44,-44,-44,-44,-44,"-44",-44,-44,-44,-44,-44,-44,"-44",2,-44,-44,-44,2,-44,-44,-44,-44,-44,"-44",-44,-44,-44,-44,"-44",-44,-44,-44,-44,"-44",-44,-44,-44,-44,"-44",-44,-44,-44,-44,"-44",-44,-44,-44,-44,"-44",-44,"-44",-44,"-44",-44,-44,-44,-44,2,-44,-44,-44,-44,-44,-44,"-44",-44,-44,-44,-44,-44,"-44",-44,-44,-44,-44,-44,-44,-44,-44,-44,-44,-44,-44,-44,-44,-44,-44,-44,-44,-44,-44,-44,-44,2,-44,-44,-44,4,4,2,4,3,2,-44,-44,-44,-44,-44,2,1,1,4,4,3,2,3,1,1,3,2,1,1,2,2,1,2,4,1,"-44",2,1,2,2,2,2,0,0,0,0,0,0,2,2,1,3,2,0,1,0,0,2,1,0,3,2,12,6,1200000,8000000,10000000,12,6,1200000,8700000,11000000,100,2,2,2,3,"KISUMU",7,"-44","-44",6,106,999,1,-44,1,-44,9,66.8786010742188,"Kenya"
60567,1,3,"M1 through M5",-44,-44,"M6",-44,-44,"-44",2,-44,2009,1,"-44",1,7,14,12,2,0,0,0,1,1,1,1,0,0,0,2,-44,-44,-44,-44,-44,-44,1,1,1,1,0,0,0,1,12,11,3,16.6666666666667,0,2,-44,-44,-44,-44,-44,2,-44,-44,-44,-44,-44,2,-44,-44,-44,-44,-44,2,-44,-44,-44,-44,-44,2,-44,-44,-44,-44,-44,2,-44,-44,-44,-44,-44,2,-44,-44,-44,-44,-44,-44,-44,"-44",2,-44,-44,-44,-44,-44,-44,-44,"-44",1,1,2,2,1,2,2,2,"-44",1,1,2,1,1,2,2,2,"-44",2,-44,-44,-44,-44,-44,-44,-44,"-44",2,-44,-44,-44,-44,-44,-44,-44,"-44",2,-44,-44,-44,-44,-44,-44,-44,"-44",2,-44,-44,-44,-44,-44,-44,-44,"-44",2,-44,-44,-44,-44,-44,-44,-44,"-44",2,-44,-44,-44,-44,-44,-44,-44,"-44",1,2,1,3,"Technicians and associate professionals",1,2,2,2,2,2,2,4,"Clerical and support workers","Technicians and associate professionals","Clerical and support workers",2,1,2,2,1,2,2,1,2,2,2,2,2,1,1,1,2,2,1,1,60,30,70,30,20,30,5,6,1,2,42500,16700,2,2,1,1,5,-44,-44,-44,-44,-44,-44,-44,3,5,-44,-44,-44,-44,-44,-44,1,1,1,2,2,1,1,1,1,2,2,2,1,1,2,3,2,1,42500,18300,2,2,6,1,6,5,1,1,1,1,33,31,1,1,2,3,2,2,3,2,2,2,2,2,2,3,-44,-44,-44,-44,-44,-44,-44,-44,-44,-44,-44,-44,2,4,4,4,4,3,1,4,4,4,4,4,2,3,2,2,2,2,2,3,2,2,3,-44,-44,-44,-44,-44,-44,-44,-44,-44,-44,-44,2,4,4,4,3,1,4,4,4,4,4,1,1,1,2,2,1,1,2,"-44",1,1,2,2,2,2,"-44",2,2,-44,-44,2,2,-44,-44,-44,-44,"-44",-44,-44,-44,-44,"-44",-44,-44,-44,-44,"-44",-44,-44,-44,-44,"-44",-44,-44,-44,-44,"-44",-44,-44,-44,-44,"-44",-44,"-44",-44,"-44",-44,-44,-44,-44,2,2,-44,-44,-44,-44,-44,"-44",-44,-44,-44,-44,-44,"-44",-44,-44,-44,-44,-44,-44,-44,-44,-44,-44,-44,-44,-44,-44,-44,-44,-44,-44,-44,-44,-44,-44,2,2,-44,-44,5,4,5,5,4,1,5,5,4,4,4,1,2,4,5,5,3,3,2,2,1,3,1,3,1,3,3,3,2,5,4,"-44",1,2,2,2,1,2,1,1,1,0,2,1,2,4,4,0,1,0,0,0,1,0,0,4,3,2,6,14,7009200,2799400,12972000,6,14,7574600,2961000,19837800,10,1,2,1,4,"KISUMU",7,"-44","-44",14,118,201,1,-44,1,-44,9,66.8786010742188,"Kenya"
27041,2,3,"M1 through M5",-44,-44,"M6",-44,-44,"-44",2,-44,2001,3,"-44",1,13,7,5,2,1,1,0,1,1,0,1,100,100,0,2,-44,-44,-44,-44,-44,-44,2,-44,-44,-44,-44,-44,-44,2,-44,-44,-44,-44,-44,2,-44,-44,-44,-44,-44,1,7,6,7,14.2857142857143,0,2,-44,-44,-44,-44,-44,2,-44,-44,-44,-44,-44,2,-44,-44,-44,-44,-44,2,-44,-44,-44,-44,-44,2,-44,-44,-44,-44,-44,-44,-44,"-44",2,-44,-44,-44,-44,-44,-44,-44,"-44",2,-44,-44,-44,-44,-44,-44,-44,"-44",2,-44,-44,-44,-44,-44,-44,-44,"-44",2,-44,-44,-44,-44,-44,-44,-44,"-44",1,1,2,2,2,1,2,2,"-44",2,-44,-44,-44,-44,-44,-44,-44,"-44",2,-44,-44,-44,-44,-44,-44,-44,"-44",2,-44,-44,-44,-44,-44,-44,-44,"-44",2,-44,-44,-44,-44,-44,-44,-44,"-44",1,2,2,1,"Managers",2,2,1,2,2,2,2,6,"Sales workers","Managers","Sales workers",2,2,2,2,2,1,1,1,2,2,1,2,2,2,1,1,2,2,1,1,60,75,25,75,45,10,5,5,2,1,43000,8000,2,2,2,1,5,-44,-44,-44,-44,-44,-44,-44,1,5,-44,2,1,2,-44,-44,1,1,2,2,2,1,2,1,2,1,2,1,1,1,4,2,3,3,43000,9000,2,2,12,6,5,4,1,1,1,2,48,36,2,2,1,2,2,2,2,1,2,2,2,3,2,2,1,-44,-44,-44,-44,1,-44,-44,-44,-44,-44,-44,4,1,4,4,4,3,4,4,2,4,4,4,3,1,2,1,2,2,1,2,2,3,2,-44,2,-44,1,-44,-44,2,-44,-44,-44,-44,1,4,4,4,4,3,4,2,4,4,4,1,1,2,2,1,1,2,2,"-44",2,1,2,1,1,2,"-44",2,2,-44,-44,2,2,-44,-44,-44,-44,"-44",-44,-44,-44,-44,"-44",-44,-44,-44,-44,"-44",-44,-44,-44,-44,"-44",-44,-44,-44,-44,"-44",-44,-44,-44,-44,"-44",-44,"-44",-44,"-44",-44,-44,-44,-44,2,2,-44,-44,-44,-44,-44,"-44",-44,-44,-44,-44,-44,"-44",-44,-44,-44,-44,-44,-44,-44,-44,-44,-44,-44,-44,-44,-44,-44,-44,-44,-44,-44,-44,-44,-44,2,2,-44,-44,1,4,5,2,3,2,-44,-44,-44,-44,-44,2,5,5,1,2,3,3,3,3,1,3,3,1,3,3,2,3,3,4,1,"-44",2,2,2,1,2,2,1,0,2,3,0,3,1,3,0,0,1,0,0,4,1,1,0,0,1,2,12,6,2102000,114000,3108000,12,9,2484000,154000,2699000,100,1,1,1,4,"KISUMU",13,"-44","-44",8,103,999,1,-44,1,-44,9,66.8786010742188,"Kenya"
27032,1,2,"M1 through M5",-44,-44,"M6",-44,-44,"-44",2,-44,1993,1,"-44",1,19,13,13,0,1,0,1,1,1,1,1,0,0,0,2,-44,-44,-44,-44,-44,-44,1,3,3,3,33.3333333333333,0,0,1,5,4,8,0,0,1,2,2,4,0,1,1,3,3,2,0,0,2,-44,-44,-44,-44,-44,2,-44,-44,-44,-44,-44,2,-44,-44,-44,-44,-44,2,-44,-44,-44,-44,-44,1,1,2,2,2,2,2,2,"-44",2,-44,-44,-44,-44,-44,-44,-44,"-44",1,2,2,2,2,2,2,2,"-44",1,1,2,2,1,2,1,2,"-44",1,1,2,2,1,2,1,2,"-44",1,1,2,2,1,2,1,2,"-44",2,-44,-44,-44,-44,-44,-44,-44,"-44",2,-44,-44,-44,-44,-44,-44,-44,"-44",2,-44,-44,-44,-44,-44,-44,-44,"-44",2,-44,-44,-44,-44,-44,-44,-44,"-44",1,2,1,1,"Managers",1,1,1,2,2,2,2,6,"Sales workers","Managers","Sales workers",2,2,2,2,2,2,1,2,2,2,2,2,2,2,1,2,2,2,1,1,60,10,90,10,20,20,6,5,1,1,74000,18000,2,2,2,2,1,5,-44,2,1,2,-44,-44,2,1,3,2,1,2,1,2,2,1,2,2,1,2,1,1,2,2,2,2,1,2,4,3,1,3,74000,20000,2,2,5,8,6,5,2,1,1,1,34,28,1,1,2,2,3,2,1,1,2,2,2,1,1,2,-44,-44,-44,-44,1,2,-44,-44,-44,2,3,-44,4,4,4,4,4,4,4,1,3,4,4,2,1,2,1,1,2,2,2,2,2,2,2,1,-44,2,1,-44,-44,-44,-44,-44,-44,-44,1,4,4,3,4,4,2,4,4,4,4,2,2,-44,-44,-44,-44,-44,-44,"-44",-44,-44,-44,-44,-44,-44,"-44",1,1,100,70,2,2,-44,-44,-44,-44,"-44",-44,-44,-44,-44,"-44",-44,-44,-44,-44,"-44",-44,-44,-44,-44,"-44",-44,-44,-44,-44,"-44",-44,-44,-44,-44,"-44",-44,"-44",-44,"-44",-44,-44,-44,-44,2,2,-44,-44,-44,-44,-44,"-44",-44,-44,-44,-44,-44,"-44",-44,-44,-44,-44,-44,-44,-44,-44,-44,-44,-44,-44,-44,-44,-44,-44,-44,-44,-44,-44,-44,-44,1,1,4,4,4,4,4,2,4,2,-44,-44,-44,-44,-44,4,3,1,3,4,1,2,2,3,3,3,3,1,3,1,3,3,3,3,1,"-44",1,1,2,2,1,2,1,2,0,1,2,1,3,2,3,1,3,3,1,0,2,2,0,1,4,1,11,16,104000,545000,7728000,11,14,1650000,540000,10070000,100,1,1,1,4,"KISUMU",19,"-44","-44",14,101,999,1,-44,1,-44,9,66.8786010742188,"Kenya"
98322,1,2,"M1 through M5",-44,-44,"M6",-44,-44,"-44",2,-44,2006,1,"-44",1,9,16,6,10,0,0,0,1,1,1,1,0,0,0,1,1,1,1,0,0,0,2,-44,-44,-44,-44,-44,-44,2,-44,-44,-44,-44,-44,1,4,4,4,0,0,1,10,7,10,100,0,2,-44,-44,-44,-44,-44,2,-44,-44,-44,-44,-44,2,-44,-44,-44,-44,-44,2,-44,-44,-44,-44,-44,2,-44,-44,-44,-44,-44,-44,-44,"-44",2,-44,-44,-44,-44,-44,-44,-44,"-44",2,-44,-44,-44,-44,-44,-44,-44,"-44",2,-44,-44,-44,-44,-44,-44,-44,"-44",2,-44,-44,-44,-44,-44,-44,-44,"-44",2,-44,-44,-44,-44,-44,-44,-44,"-44",2,-44,-44,-44,-44,-44,-44,-44,"-44",2,-44,-44,-44,-44,-44,-44,-44,"-44",2,-44,-44,-44,-44,-44,-44,-44,"-44",2,-44,-44,-44,-44,-44,-44,-44,"-44",1,1,2,2,"Professionals",2,1,1,2,2,2,2,5,"Service workers","Professionals","Service workers",2,2,2,2,2,2,2,1,2,2,2,2,2,2,2,2,1,2,2,2,-44,-44,-44,-44,-44,-44,6,6,1,1,6200,6000,2,2,2,2,1,2,4,2,1,2,1,2,1,2,4,2,1,2,1,2,1,1,1,1,2,1,1,1,1,1,1,2,1,1,2,2,1,3,6200,6200,2,2,24,24,6,4,2,2,1,1,27,22,1,2,1,1,2,1,1,1,1,1,1,1,1,1,2,1,-44,2,2,2,2,3,2,1,2,1,4,4,4,1,4,2,3,4,4,4,4,4,1,1,2,1,1,1,1,1,1,2,3,1,1,-44,2,1,1,2,2,1,-44,-44,4,4,4,1,2,3,4,4,4,4,4,1,1,2,2,1,1,2,2,"-44",2,2,1,1,2,2,"-44",2,2,-44,-44,2,2,-44,-44,-44,-44,"-44",-44,-44,-44,-44,"-44",-44,-44,-44,-44,"-44",-44,-44,-44,-44,"-44",-44,-44,-44,-44,"-44",-44,-44,-44,-44,"-44",-44,"-44",-44,"-44",-44,-44,-44,-44,2,2,-44,-44,-44,-44,-44,"-44",-44,-44,-44,-44,-44,"-44",-44,-44,-44,-44,-44,-44,-44,-44,-44,-44,-44,-44,-44,-44,-44,-44,-44,-44,-44,-44,-44,-44,2,2,-44,-44,5,3,5,5,5,2,-44,-44,-44,-44,-44,2,1,1,1,3,1,2,2,1,1,3,3,1,1,1,3,3,4,4,1,"-44",1,1,2,1,1,2,3,1,3,3,3,3,2,3,2,2,0,1,0,1,2,2,3,0,1,2,12,16,1000000,569000,3000000,12,16,1188000,4800000,27800000,100,2,2,4,2,"KISUMU",9,"-44","-44",16,102,102,2,-44,1,-44,9,66.8786010742188,"Kenya"
60502,1,2,"M1 through M5",-44,-44,"M6",-44,-44,"-44",2,-44,1994,6,"-44",2,7,9,6,3,0,0,0,1,1,1,1,0,0,0,2,-44,-44,-44,-44,-44,-44,1,2,2,3,0,0,0,1,2,1,5,50,1,2,-44,-44,-44,-44,-44,1,1,1,1,100,0,2,-44,-44,-44,-44,-44,2,-44,-44,-44,-44,-44,1,2,1,2,0,1,1,1,1,1,100,0,1,2,1,2,2,2,2,2,"-44",2,-44,-44,-44,-44,-44,-44,-44,"-44",1,2,2,2,2,2,1,2,"-44",1,1,2,1,1,2,1,2,"-44",2,-44,-44,-44,-44,-44,-44,-44,"-44",2,-44,-44,-44,-44,-44,-44,-44,"-44",2,-44,-44,-44,-44,-44,-44,-44,"-44",2,-44,-44,-44,-44,-44,-44,-44,"-44",1,2,1,1,2,2,2,2,"-44",2,-44,-44,-44,-44,-44,-44,-44,"-44",1,2,1,1,"Managers",1,2,1,2,2,1,1,9,"Plant and machine operators, and assembl","Managers","Plant and machine operators, and assembl",2,2,2,2,2,1,2,2,2,2,2,1,2,2,2,1,1,2,1,1,100,0,100,0,60,15,6,4,1,1,63400,26200,2,2,1,1,1,3,2,2,1,2,1,2,5,-44,-44,-44,-44,-44,-44,-44,1,1,1,2,2,1,1,1,1,1,2,2,2,2,4,3,2,3,63400,25300,2,2,0,4,6,4,1,2,1,1,39,35,1,2,2,2,2,2,3,2,2,3,1,1,2,1,-44,-44,-44,-44,-44,-44,-44,-44,2,1,-44,1,2,4,4,4,4,4,3,1,4,4,4,4,2,2,2,2,2,2,2,1,2,1,2,-44,-44,-44,-44,-44,-44,-44,1,-44,1,-44,3,4,4,4,2,4,4,4,1,4,4,2,2,-44,-44,-44,-44,-44,-44,"-44",-44,-44,-44,-44,-44,-44,"-44",1,2,100,-44,2,2,-44,-44,-44,-44,"-44",-44,-44,-44,-44,"-44",-44,-44,-44,-44,"-44",-44,-44,-44,-44,"-44",-44,-44,-44,-44,"-44",-44,-44,-44,-44,"-44",-44,"-44",-44,"-44",-44,-44,-44,-44,2,2,-44,-44,-44,-44,-44,"-44",-44,-44,-44,-44,-44,"-44",-44,-44,-44,-44,-44,-44,-44,-44,-44,-44,-44,-44,-44,-44,-44,-44,-44,-44,-44,-44,-44,-44,1,2,4,-44,1,4,5,4,5,2,-44,-44,-44,-44,-44,5,2,1,3,1,2,3,1,2,1,2,1,2,3,1,2,2,3,5,4,"-44",1,2,2,2,1,2,0,1,0,0,0,4,3,1,4,4,1,0,1,0,4,0,0,1,1,2,1,10,35780800,261184000,275010000,1,11,35481600,205344000,348480000,50,1,1,1,3,"KISUMU",7,"-44","-44",9,117,201,1,-44,1,-44,9,66.8786010742188,"Kenya"
98370,1,2,"M1 through M5",-44,-44,"M6",-44,-44,"-44",2,-44,2008,1,"-44",1,7,6,4,2,0,0,0,1,1,1,1,0,0,0,2,-44,-44,-44,-44,-44,-44,2,-44,-44,-44,-44,-44,-44,1,2,2,2,100,0,2,-44,-44,-44,-44,-44,2,-44,-44,-44,-44,-44,2,-44,-44,-44,-44,-44,2,-44,-44,-44,-44,-44,2,-44,-44,-44,-44,-44,1,3,3,3,0,0,2,-44,-44,-44,-44,-44,-44,-44,"-44",2,-44,-44,-44,-44,-44,-44,-44,"-44",2,-44,-44,-44,-44,-44,-44,-44,"-44",2,-44,-44,-44,-44,-44,-44,-44,"-44",2,-44,-44,-44,-44,-44,-44,-44,"-44",2,-44,-44,-44,-44,-44,-44,-44,"-44",2,-44,-44,-44,-44,-44,-44,-44,"-44",2,-44,-44,-44,-44,-44,-44,-44,"-44",2,-44,-44,-44,-44,-44,-44,-44,"-44",1,1,2,2,2,2,1,2,"-44",1,2,2,1,"Managers",1,2,2,2,2,2,1,10,"Elementary occupations","Managers","Elementary occupations",2,2,2,2,2,2,2,1,2,2,2,2,2,2,2,2,1,2,2,1,-44,15,85,15,-44,5,6,4,1,1,60000,13500,2,2,2,2,5,-44,-44,-44,-44,-44,-44,-44,5,-44,-44,-44,-44,-44,-44,-44,1,1,1,2,2,2,2,1,2,2,2,2,2,1,3,1,3,3,60000,14000,2,2,7,15,6,4,2,2,1,1,39,35,1,1,2,2,3,2,2,2,2,2,2,2,2,2,-44,-44,-44,-44,-44,-44,-44,-44,-44,-44,-44,-44,1,2,4,4,4,4,4,4,4,4,4,3,2,2,3,3,2,2,2,2,2,3,3,-44,-44,-44,-44,-44,-44,-44,-44,-44,-44,-44,1,2,4,4,4,4,3,4,4,4,4,2,2,-44,-44,-44,-44,-44,-44,"-44",-44,-44,-44,-44,-44,-44,"-44",2,2,-44,-44,2,2,-44,-44,-44,-44,"-44",-44,-44,-44,-44,"-44",-44,-44,-44,-44,"-44",-44,-44,-44,-44,"-44",-44,-44,-44,-44,"-44",-44,-44,-44,-44,"-44",-44,"-44",-44,"-44",-44,-44,-44,-44,2,2,-44,-44,-44,-44,-44,"-44",-44,-44,-44,-44,-44,"-44",-44,-44,-44,-44,-44,-44,-44,-44,-44,-44,-44,-44,-44,-44,-44,-44,-44,-44,-44,-44,-44,-44,2,2,-44,-44,4,5,5,2,4,2,-44,-44,-44,-44,-44,2,2,2,1,4,3,3,1,1,1,1,2,3,3,3,1,1,4,4,1,"-44",1,1,2,1,2,2,0,0,0,3,3,0,1,3,2,4,0,0,0,0,0,0,0,0,3,2,6,6,1878000,42000000,61000000,6,5,1878000,44700000,65800000,100,1,2,2,4,"KISUMU",7,"-44","-44",6,106,999,1,-44,1,-44,9,66.8786010742188,"Kenya"
27059,1,3,"M1 through M5",2,3,"M6",-44,-44,"-44",2,-44,2007,3,"-44",1,7,13,10,3,2,1,1,1,1,1,1,0,0,0,2,-44,-44,-44,-44,-44,-44,1,3,3,3,66.6666666666667,0,1,2,-44,-44,-44,-44,-44,1,11,11,14,18.1818181818182,3,2,-44,-44,-44,-44,-44,2,-44,-44,-44,-44,-44,2,-44,-44,-44,-44,-44,2,-44,-44,-44,-44,-44,2,-44,-44,-44,-44,-44,2,-44,-44,-44,-44,-44,-44,-44,"-44",2,-44,-44,-44,-44,-44,-44,-44,"-44",2,-44,-44,-44,-44,-44,-44,-44,"-44",2,-44,-44,-44,-44,-44,-44,-44,"-44",1,1,1,1,1,2,1,2,"-44",2,-44,-44,-44,-44,-44,-44,-44,"-44",2,-44,-44,-44,-44,-44,-44,-44,"-44",2,-44,-44,-44,-44,-44,-44,-44,"-44",2,-44,-44,-44,-44,-44,-44,-44,"-44",2,-44,-44,-44,-44,-44,-44,-44,"-44",1,2,1,3,"Technicians and associate professionals",2,1,2,2,2,2,2,5,"Service workers","Technicians and associate professionals","Service workers",2,2,2,1,1,2,2,1,2,2,2,2,2,2,2,2,1,2,2,1,-44,30,70,30,-44,15,6,6,2,1,28000,16000,2,2,2,2,2,1,5,2,2,1,2,1,3,5,-44,-44,-44,-44,-44,-44,1,2,1,2,1,1,1,1,2,2,2,2,2,2,3,1,1,2,32000,18000,2,2,6,2,6,5,1,1,1,1,57,36,2,2,2,2,2,2,2,2,2,2,2,2,1,1,-44,-44,-44,-44,-44,-44,-44,-44,-44,-44,1,2,2,4,4,1,4,4,4,4,4,4,4,3,3,1,3,2,1,1,1,2,1,2,1,-44,1,-44,-44,2,1,1,-44,3,-44,1,2,4,4,4,4,4,4,4,3,4,1,1,2,1,1,2,2,2,2,"-44",-44,-44,-44,-44,-44,-44,"-44",1,1,100,40,2,2,-44,-44,-44,-44,"-44",-44,-44,-44,-44,"-44",-44,-44,-44,-44,"-44",-44,-44,-44,-44,"-44",-44,-44,-44,-44,"-44",-44,-44,-44,-44,"-44",-44,"-44",-44,"-44",-44,-44,-44,-44,2,2,-44,-44,-44,-44,-44,"-44",-44,-44,-44,-44,-44,"-44",-44,-44,-44,-44,-44,-44,-44,-44,-44,-44,-44,-44,-44,-44,-44,-44,-44,-44,-44,-44,-44,-44,1,1,3,888997,4,2,3,1,4,1,2,5,4,3,1,5,5,1,4,1,3,3,3,2,1,1,3,1,1,3,2,3,3,3,1,"-44",2,1,2,2,2,1,2,3,1,3,0,1,2,3,1,0,0,3,0,4,3,2,0,0,0,2,11,15,3960000,5280000,74400000,11,15,4320000,7420000,86450000,100,1,1,1,4,"KISUMU",7,"-44","-44",15,107,999,1,-44,1,-44,9,66.8786010742188,"Kenya"
54661,1,2,"M1 through M5",-44,-44,"M6",-44,-44,"-44",2,-44,2003,4,"-44",1,14,9,6,3,2,1,1,1,1,1,1,0,0,0,1,2,1,3,50,50,0,2,-44,-44,-44,-44,-44,-44,1,1,1,1,100,0,1,3,2,2,0,0,1,2,2,3,50,0,2,-44,-44,-44,-44,-44,2,-44,-44,-44,-44,-44,1,1,1,2,0,0,1,1,1,1,100,0,1,2,1,2,1,2,1,2,"-44",1,1,2,2,1,1,2,2,"-44",2,-44,-44,-44,-44,-44,-44,-44,"-44",2,-44,-44,-44,-44,-44,-44,-44,"-44",1,2,2,2,2,2,2,2,"-44",1,1,2,2,1,1,1,2,"-44",2,-44,-44,-44,-44,-44,-44,-44,"-44",2,-44,-44,-44,-44,-44,-44,-44,"-44",1,2,2,1,2,2,2,2,"-44",2,-44,-44,-44,-44,-44,-44,-44,"-44",1,1,2,2,"Professionals",1,1,1,2,2,1,1,6,"Sales workers","Professionals","Sales workers",1,1,1,2,2,1,2,2,2,2,2,2,1,2,2,1,2,1,1,1,60,20,80,20,20,30,4,5,2,2,119800,34600,2,2,2,2,1,2,5,2,1,2,2,1,1,5,-44,1,2,2,-44,-44,1,2,1,1,2,2,1,1,1,1,1,2,2,1,4,3,1,1,100600,25800,2,2,2,8,6,4,2,2,1,1,37,20,2,1,2,2,2,1,2,3,2,3,2,2,2,2,-44,-44,-44,1,-44,-44,-44,-44,-44,-44,-44,-44,4,4,4,4,1,4,4,2,4,3,4,4,2,2,2,1,2,2,1,3,3,2,2,-44,-44,-44,1,-44,-44,2,-44,-44,-44,-44,1,4,4,2,4,4,4,4,3,4,4,2,1,-44,-44,-44,-44,-44,-44,"-44",2,2,1,1,2,2,"-44",2,2,-44,-44,2,2,-44,-44,-44,-44,"-44",-44,-44,-44,-44,"-44",-44,-44,-44,-44,"-44",-44,-44,-44,-44,"-44",-44,-44,-44,-44,"-44",-44,-44,-44,-44,"-44",-44,"-44",-44,"-44",-44,-44,-44,-44,2,2,-44,-44,-44,-44,-44,"-44",-44,-44,-44,-44,-44,"-44",-44,-44,-44,-44,-44,-44,-44,-44,-44,-44,-44,-44,-44,-44,-44,-44,-44,-44,-44,-44,-44,-44,2,2,-44,-44,4,2,2,2,5,2,-44,-44,-44,-44,-44,2,1,5,1,5,3,3,2,2,3,2,1,1,1,1,2,3,4,3,1,"-44",2,2,2,2,1,2,2,1,4,0,4,4,3,4,3,4,4,4,0,4,0,2,4,0,4,2,1,10,14352000,507300,1833300000,1,11,18468800,654600,2487450000,30,1,2,2,4,"KISUMU",14,"-44","-44",11,117,201,1,-44,1,-44,9,66.8786010742188,"Kenya"
71506,1,4,"M1 through M5",-44,-44,"M6",-44,-44,"-44",2,-44,2010,1,"-44",1,9,13,9,4,3,3,0,1,1,1,1,0,0,0,1,1,1,1,0,0,0,1,8,8,4,25,0,0,1,1,1,1,0,0,1,2,2,2,100,0,1,1,1,1,0,0,2,-44,-44,-44,-44,-44,2,-44,-44,-44,-44,-44,1,1,1,1,0,0,1,1,1,1,0,0,2,-44,-44,-44,-44,-44,-44,-44,"-44",1,1,1,1,1,1,2,2,"-44",1,1,2,1,2,2,1,2,"-44",2,-44,-44,-44,-44,-44,-44,-44,"-44",1,1,2,2,1,2,2,2,"-44",2,-44,-44,-44,-44,-44,-44,-44,"-44",2,-44,-44,-44,-44,-44,-44,-44,"-44",2,-44,-44,-44,-44,-44,-44,-44,"-44",1,1,2,1,2,2,2,2,"-44",2,-44,-44,-44,-44,-44,-44,-44,"-44",1,1,1,2,"Professionals",1,1,1,2,2,1,1,6,"Sales workers","Professionals","Sales workers",2,2,2,2,1,2,2,2,2,2,1,1,1,2,2,1,2,2,1,2,80,-44,-44,-44,45,-44,5,5,1,1,156800,29400,2,2,2,2,1,2,3,2,2,1,1,2,3,5,-44,-44,-44,-44,-44,-44,1,1,1,2,2,1,1,1,1,1,2,2,1,2,2,2,1,2,156800,29400,2,2,2,6,6,4,2,1,1,1,52,25,1,1,1,2,2,2,2,2,3,2,2,2,2,2,1,-44,-44,-44,-44,-44,-44,-44,-44,-44,-44,-44,4,4,4,3,4,2,1,4,4,4,4,4,2,3,2,2,2,2,3,2,2,2,2,-44,-44,-44,-44,-44,-44,-44,-44,-44,-44,-44,3,4,4,4,4,4,1,4,4,4,2,1,1,1,2,2,1,2,2,"-44",2,1,2,2,2,2,"-44",2,1,-44,80,2,2,-44,-44,-44,-44,"-44",-44,-44,-44,-44,"-44",-44,-44,-44,-44,"-44",-44,-44,-44,-44,"-44",-44,-44,-44,-44,"-44",-44,-44,-44,-44,"-44",-44,"-44",-44,"-44",-44,-44,-44,-44,2,2,-44,-44,-44,-44,-44,"-44",-44,-44,-44,-44,-44,"-44",-44,-44,-44,-44,-44,-44,-44,-44,-44,-44,-44,-44,-44,-44,-44,-44,-44,-44,-44,-44,-44,-44,2,1,-44,4,2,4,2,1,5,1,1,5,2,5,5,5,1,3,1,2,2,1,3,1,2,3,2,1,2,1,3,1,3,3,4,"-44",2,1,2,2,2,2,4,4,4,1,1,0,3,4,1,2,0,1,4,3,4,4,4,3,1,1,11,16,10156800,510600000,961716000,11,16,14715000,621600000,967680000,20,1,2,1,4,"KISUMU",9,"-44","-44",16,117,201,1,-44,1,-44,9,66.8786010742188,"Kenya"
39551,1,4,"M1 through M5",-44,-44,"M6",-44,-44,"-44",2,-44,1981,1,"-44",1,18,16,15,1,0,0,0,1,1,1,1,0,0,0,2,-44,-44,-44,-44,-44,-44,2,-44,-44,-44,-44,-44,-44,2,-44,-44,-44,-44,-44,1,2,2,2,50,0,2,-44,-44,-44,-44,-44,2,-44,-44,-44,-44,-44,2,-44,-44,-44,-44,-44,2,-44,-44,-44,-44,-44,1,13,13,5,0,2,2,-44,-44,-44,-44,-44,-44,-44,"-44",2,-44,-44,-44,-44,-44,-44,-44,"-44",2,-44,-44,-44,-44,-44,-44,-44,"-44",2,-44,-44,-44,-44,-44,-44,-44,"-44",2,-44,-44,-44,-44,-44,-44,-44,"-44",2,-44,-44,-44,-44,-44,-44,-44,"-44",2,-44,-44,-44,-44,-44,-44,-44,"-44",2,-44,-44,-44,-44,-44,-44,-44,"-44",2,-44,-44,-44,-44,-44,-44,-44,"-44",2,-44,-44,-44,-44,-44,-44,-44,"-44",1,2,2,1,"Managers",2,1,2,2,2,2,1,5,"Service workers","Managers","Service workers",2,1,2,2,2,2,2,2,2,2,2,2,2,2,2,1,2,2,2,2,-44,-44,-44,-44,-44,-44,6,5,1,1,37000,13300,2,2,1,1,2,5,-44,-44,-44,-44,1,2,5,-44,-44,-44,-44,-44,-44,-44,1,1,2,1,2,1,2,1,1,1,1,2,2,1,3,3,3,3,37000,9400,2,2,7,0,6,4,2,1,1,1,37,23,1,1,2,2,1,2,3,2,2,3,3,3,1,2,-44,-44,2,-44,-44,-44,-44,-44,-44,-44,1,-44,4,4,4,3,4,4,1,2,4,4,4,4,2,1,1,2,3,2,2,2,2,3,2,-44,1,1,-44,-44,-44,-44,-44,-44,-44,-44,3,4,4,4,1,4,4,4,4,4,2,1,1,2,1,2,1,2,2,"-44",2,1,2,1,2,2,"-44",1,2,100,-44,2,2,-44,-44,-44,-44,"-44",-44,-44,-44,-44,"-44",-44,-44,-44,-44,"-44",-44,-44,-44,-44,"-44",-44,-44,-44,-44,"-44",-44,-44,-44,-44,"-44",-44,"-44",-44,"-44",-44,-44,-44,-44,2,2,-44,-44,-44,-44,-44,"-44",-44,-44,-44,-44,-44,"-44",-44,-44,-44,-44,-44,-44,-44,-44,-44,-44,-44,-44,-44,-44,-44,-44,-44,-44,-44,-44,-44,-44,1,2,4,-44,4,5,5,5,4,2,-44,-44,-44,-44,-44,1,3,1,1,4,1,3,2,3,1,1,3,3,1,1,3,3,4,3,3,"-44",2,2,2,1,2,1,4,2,0,3,2,1,0,4,0,0,0,2,4,0,1,4,4,1,0,2,12,16,1289500,5241600,7857000,12,16,1369600,4857600,8712000,30,1,2,2,4,"KISUMU",18,"-44","-44",16,117,201,1,-44,1,-44,9,66.8786010742188,"Kenya"
21050,2,2,"M1 through M5",-44,-44,"M6",-44,-44,"-44",2,-44,1986,1,"-44",1,10,5,2,3,2,1,1,1,1,1,1,0,0,0,2,-44,-44,-44,-44,-44,-44,1,2,1,3,100,50,0,2,-44,-44,-44,-44,-44,2,-44,-44,-44,-44,-44,1,4,3,4,50,0,2,-44,-44,-44,-44,-44,2,-44,-44,-44,-44,-44,2,-44,-44,-44,-44,-44,2,-44,-44,-44,-44,-44,2,-44,-44,-44,-44,-44,-44,-44,"-44",2,-44,-44,-44,-44,-44,-44,-44,"-44",1,1,1,2,2,2,1,2,"-44",2,-44,-44,-44,-44,-44,-44,-44,"-44",2,-44,-44,-44,-44,-44,-44,-44,"-44",1,1,1,1,2,2,2,2,"-44",2,-44,-44,-44,-44,-44,-44,-44,"-44",2,-44,-44,-44,-44,-44,-44,-44,"-44",2,-44,-44,-44,-44,-44,-44,-44,"-44",2,-44,-44,-44,-44,-44,-44,-44,"-44",1,2,1,3,"Technicians and associate professionals",2,2,1,2,2,2,2,6,"Sales workers","Technicians and associate professionals","Sales workers",2,2,2,1,2,2,2,2,2,2,2,2,1,2,2,1,1,2,1,1,80,20,80,20,10,5,6,6,2,1,23000,14000,2,2,2,2,2,1,5,1,2,2,2,1,1,2,5,1,2,2,2,1,1,1,2,1,1,1,1,2,2,2,2,2,2,1,2,3,2,1,20000,16000,2,2,5,0,5,6,1,2,1,2,18,21,2,2,2,2,3,2,2,2,1,2,2,2,1,2,-44,-44,-44,-44,-44,-44,1,-44,-44,-44,1,-44,2,4,4,4,4,3,4,4,4,4,4,1,2,2,3,1,2,1,1,2,2,2,2,-44,-44,-44,1,-44,1,2,-44,-44,-44,-44,4,4,4,4,1,2,3,4,4,4,4,2,2,-44,-44,-44,-44,-44,-44,"-44",-44,-44,-44,-44,-44,-44,"-44",2,2,-44,-44,2,2,-44,-44,-44,-44,"-44",-44,-44,-44,-44,"-44",-44,-44,-44,-44,"-44",-44,-44,-44,-44,"-44",-44,-44,-44,-44,"-44",-44,-44,-44,-44,"-44",-44,"-44",-44,"-44",-44,-44,-44,-44,2,2,-44,-44,-44,-44,-44,"-44",-44,-44,-44,-44,-44,"-44",-44,-44,-44,-44,-44,-44,-44,-44,-44,-44,-44,-44,-44,-44,-44,-44,-44,-44,-44,-44,-44,-44,2,2,-44,-44,2,5,2,2,5,2,-44,-44,-44,-44,-44,3,1,1,1,5,3,3,3,3,3,3,3,3,3,2,3,3,5,4,2,"-44",2,1,2,2,2,2,2,1,1,1,1,0,0,3,0,1,3,0,0,0,0,0,1,0,0,2,12,5,1762000,1288000,65800000,12,6,2200000,1288000,100700000,100,1,2,1,3,"KISUMU",10,"-44","-44",7,102,999,1,-44,1,-44,9,66.8786010742188,"Kenya"
38072,1,3,"M1 through M5",-44,-44,"M6",-44,-44,"-44",2,-44,1995,4,"-44",1,16,71,41,30,15,5,10,1,3,2,3,0,33.3333333333333,0,1,30,9,27,46.6666666666667,70,0,1,27,17,35,37.037037037037,37.037037037037,0,1,10,8,10,60,0,2,-44,-44,-44,-44,-44,1,11,5,11,63.6363636363636,0,2,-44,-44,-44,-44,-44,2,-44,-44,-44,-44,-44,1,5,4,8,60,0,2,-44,-44,-44,-44,-44,1,1,2,2,2,2,2,2,"-44",1,1,2,2,2,2,2,2,"-44",1,1,1,1,2,2,1,2,"-44",1,1,2,2,2,2,2,2,"-44",2,-44,-44,-44,-44,-44,-44,-44,"-44",1,1,2,2,2,2,2,2,"-44",2,-44,-44,-44,-44,-44,-44,-44,"-44",2,-44,-44,-44,-44,-44,-44,-44,"-44",1,1,2,2,2,2,1,2,"-44",2,-44,-44,-44,-44,-44,-44,-44,"-44",1,1,1,2,"Professionals",1,2,1,2,2,1,2,6,"Sales workers","Professionals","Sales workers",1,2,2,2,2,1,1,2,2,2,2,2,2,2,2,2,1,2,1,1,90,40,60,40,20,30,5,5,2,2,42000,28000,2,2,2,1,2,5,-44,-44,-44,-44,1,2,5,-44,-44,-44,-44,-44,-44,-44,1,2,1,2,1,1,1,2,1,1,2,1,2,1,3,2,1,1,34000,31000,2,2,12,8,5,6,1,1,1,1,39,38,1,2,2,2,2,2,2,1,2,2,3,2,1,2,-44,-44,-44,-44,-44,1,-44,-44,-44,-44,2,-44,4,1,4,4,4,4,4,2,3,4,4,4,2,2,1,3,2,2,2,2,1,3,1,-44,-44,2,-44,-44,-44,-44,-44,1,-44,1,4,1,4,4,4,4,4,3,4,4,2,2,2,-44,-44,-44,-44,-44,-44,"-44",-44,-44,-44,-44,-44,-44,"-44",1,2,100,-44,1,2,1,2,2,-44,"-44",-44,-44,-44,-44,"-44",50,-44,-44,-44,"-44",5,-44,-44,-44,"-44",-44,-44,-44,-44,"-44",-44,-44,-44,-44,"-44",4,"-44",-44,"-44",5,-44,-44,-44,2,2,-44,-44,-44,-44,-44,"-44",-44,-44,-44,-44,-44,"-44",-44,-44,-44,-44,-44,-44,-44,-44,-44,-44,-44,-44,-44,-44,-44,-44,-44,-44,-44,-44,-44,-44,1,2,3,-44,5,3,3,2,4,2,-44,-44,-44,-44,-44,4,1,2,5,4,1,3,3,3,1,3,2,3,1,3,3,3,3,5,3,"-44",1,1,2,2,1,1,0,1,3,1,3,1,0,2,0,3,1,1,0,2,0,0,2,2,1,1,12,84,30900000,9100000,51700000,12,86,28210000,10920000,57200000,80,1,2,1,4,"KISUMU",16,"-44","-44",86,108,999,1,-44,1,-44,10,16.3619995117188,"Kenya"
21207,1,3,"M1 through M5",-44,-44,"M6",-44,-44,"-44",2,-44,1993,1,"-44",1,7,24,15,9,9,5,4,1,2,2,2,0,0,0,2,-44,-44,-44,-44,-44,-44,1,14,14,16,28.5714285714286,0,0,1,2,0,6,100,0,2,-44,-44,-44,-44,-44,1,8,7,8,75,0,2,-44,-44,-44,-44,-44,2,-44,-44,-44,-44,-44,1,3,3,3,0,0,1,4,3,4,25,0,2,-44,-44,-44,-44,-44,-44,-44,"-44",2,-44,-44,-44,-44,-44,-44,-44,"-44",1,1,1,2,2,2,2,2,"-44",1,1,2,1,2,2,1,2,"-44",2,-44,-44,-44,-44,-44,-44,-44,"-44",1,1,2,2,2,2,2,2,"-44",2,-44,-44,-44,-44,-44,-44,-44,"-44",2,-44,-44,-44,-44,-44,-44,-44,"-44",1,1,2,2,2,2,2,2,"-44",1,1,2,2,2,2,2,2,"-44",1,2,1,1,"Managers",1,2,1,2,2,1,1,9,"Plant and machine operators, and assembl","Managers","Plant and machine operators, and assembl",2,2,2,2,2,2,1,2,2,2,2,2,2,2,2,2,1,2,2,1,-44,10,90,10,-44,15,6,4,1,1,86000,27000,2,2,1,2,2,3,1,2,2,1,1,2,1,3,2,2,1,2,1,2,2,1,1,1,2,2,1,1,1,1,2,2,2,1,2,1,1,3,71000,25000,2,2,12,18,5,5,1,1,1,1,51,26,1,1,2,1,2,1,2,2,2,2,2,1,1,1,-44,1,-44,3,-44,-44,-44,-44,-44,1,2,1,4,4,4,2,4,3,4,4,1,4,4,4,3,2,3,1,2,2,2,2,2,3,2,-44,-44,-44,1,-44,-44,-44,-44,-44,-44,-44,4,4,4,3,1,2,4,4,4,4,4,2,1,-44,-44,-44,-44,-44,-44,"-44",2,2,2,1,1,2,"-44",2,2,-44,-44,2,2,-44,-44,-44,-44,"-44",-44,-44,-44,-44,"-44",-44,-44,-44,-44,"-44",-44,-44,-44,-44,"-44",-44,-44,-44,-44,"-44",-44,-44,-44,-44,"-44",-44,"-44",-44,"-44",-44,-44,-44,-44,2,2,-44,-44,-44,-44,-44,"-44",-44,-44,-44,-44,-44,"-44",-44,-44,-44,-44,-44,-44,-44,-44,-44,-44,-44,-44,-44,-44,-44,-44,-44,-44,-44,-44,-44,-44,2,2,-44,-44,5,4,3,4,5,2,-44,-44,-44,-44,-44,1,5,4,4,4,1,3,3,3,2,3,3,3,1,1,3,1,4,5,1,"-44",1,2,2,1,2,2,3,2,0,1,3,0,2,1,2,3,0,1,3,0,2,0,0,2,2,1,11,38,41420000,246400000,267000000,11,33,44520000,249600000,297000000,100,2,1,1,4,"KISUMU",7,"-44","-44",33,101,999,1,-44,1,-44,10,16.3619995117188,"Kenya"
98334,1,2,"M1 through M5",-44,-44,"M6",-44,-44,"-44",2,-44,1996,3,"-44",1,3,28,24,4,0,0,0,1,3,3,3,0,0,0,1,4,4,4,75,0,0,1,5,5,5,0,0,0,1,1,1,1,100,0,2,-44,-44,-44,-44,-44,1,5,5,5,0,0,2,-44,-44,-44,-44,-44,1,7,7,7,0,0,1,2,2,2,0,0,1,1,1,1,0,0,2,-44,-44,-44,-44,-44,-44,-44,"-44",2,-44,-44,-44,-44,-44,-44,-44,"-44",2,-44,-44,-44,-44,-44,-44,-44,"-44",2,-44,-44,-44,-44,-44,-44,-44,"-44",2,-44,-44,-44,-44,-44,-44,-44,"-44",2,-44,-44,-44,-44,-44,-44,-44,"-44",2,-44,-44,-44,-44,-44,-44,-44,"-44",1,1,2,2,1,2,1,2,"-44",2,-44,-44,-44,-44,-44,-44,-44,"-44",2,-44,-44,-44,-44,-44,-44,-44,"-44",1,1,1,2,"Professionals",1,2,1,2,1,1,1,10,"Elementary occupations","Professionals","Elementary occupations",2,2,2,2,2,2,1,1,2,2,2,2,2,2,2,2,1,2,2,2,-44,-44,-44,-44,-44,-44,6,3,1,1,65000,12000,2,2,1,2,5,-44,-44,-44,-44,-44,-44,-44,2,5,-44,-44,-44,-44,1,2,1,1,1,1,2,2,1,2,2,2,2,2,2,1,4,1,3,3,65000,12000,2,2,10,36,6,3,2,2,1,1,40,28,1,1,2,2,3,2,2,2,2,2,2,2,2,2,-44,-44,-44,-44,-44,-44,-44,-44,-44,-44,-44,-44,4,4,4,4,4,3,4,4,4,4,2,1,3,3,3,2,2,2,2,2,2,3,3,-44,-44,-44,-44,-44,-44,-44,-44,-44,-44,-44,4,4,4,4,1,3,2,4,4,4,4,1,2,2,2,2,2,1,2,"-44",-44,-44,-44,-44,-44,-44,"-44",2,2,-44,-44,2,2,-44,-44,-44,-44,"-44",-44,-44,-44,-44,"-44",-44,-44,-44,-44,"-44",-44,-44,-44,-44,"-44",-44,-44,-44,-44,"-44",-44,-44,-44,-44,"-44",-44,"-44",-44,"-44",-44,-44,-44,-44,2,2,-44,-44,-44,-44,-44,"-44",-44,-44,-44,-44,-44,"-44",-44,-44,-44,-44,-44,-44,-44,-44,-44,-44,-44,-44,-44,-44,-44,-44,-44,-44,-44,-44,-44,-44,2,2,-44,-44,4,5,3,2,5,2,-44,-44,-44,-44,-44,1,1,1,4,3,3,3,1,1,3,3,3,3,3,3,3,3,4,4,2,"-44",1,1,1,1,2,2,4,0,0,3,3,0,1,3,4,4,2,0,0,0,0,0,2,0,4,2,6,28,13284000,432000000,624000000,6,28,13284000,446400000,663600000,100,1,1,1,3,"KISUMU",3,"-44","-44",28,106,999,1,-44,1,-44,10,16.3619995117188,"Kenya"
39569,2,2,"M1 through M5",-44,-44,"M6",-44,-44,"-44",2,-44,1995,1,"-44",1,9,26,16,10,4,1,3,1,2,2,2,50,0,0,1,7,6,8,14.2857142857143,14.2857142857143,0,2,-44,-44,-44,-44,-44,-44,2,-44,-44,-44,-44,-44,1,21,17,19,52.3809523809524,0,2,-44,-44,-44,-44,-44,2,-44,-44,-44,-44,-44,2,-44,-44,-44,-44,-44,2,-44,-44,-44,-44,-44,2,-44,-44,-44,-44,-44,1,1,1,1,1,1,1,2,"-44",1,1,2,2,1,1,2,2,"-44",2,-44,-44,-44,-44,-44,-44,-44,"-44",2,-44,-44,-44,-44,-44,-44,-44,"-44",1,1,2,2,2,2,2,2,"-44",2,-44,-44,-44,-44,-44,-44,-44,"-44",2,-44,-44,-44,-44,-44,-44,-44,"-44",2,-44,-44,-44,-44,-44,-44,-44,"-44",2,-44,-44,-44,-44,-44,-44,-44,"-44",2,-44,-44,-44,-44,-44,-44,-44,"-44",1,1,2,2,"Professionals",2,1,2,2,2,2,2,5,"Service workers","Professionals","Service workers",1,2,2,2,1,1,2,2,2,2,1,2,2,2,1,1,1,2,1,1,40,30,70,30,30,15,5,5,1,2,15300,11700,2,2,1,2,2,5,-44,-44,-44,-44,1,2,1,2,3,1,2,2,1,2,2,1,1,1,2,2,1,1,1,1,2,1,2,1,2,2,1,1,15800,13800,2,2,0,4,4,6,2,2,1,1,41,20,1,1,3,1,2,3,2,2,2,1,3,2,1,2,-44,3,-44,-44,-44,-44,-44,1,-44,-44,1,-44,1,4,4,4,4,4,4,2,4,3,4,4,3,2,1,3,3,3,2,2,2,1,3,-44,-44,3,-44,-44,-44,-44,-44,-44,1,-44,2,4,4,4,3,4,4,4,1,4,4,1,2,1,2,2,2,2,2,"-44",-44,-44,-44,-44,-44,-44,"-44",2,2,-44,-44,2,2,-44,-44,-44,-44,"-44",-44,-44,-44,-44,"-44",-44,-44,-44,-44,"-44",-44,-44,-44,-44,"-44",-44,-44,-44,-44,"-44",-44,-44,-44,-44,"-44",-44,"-44",-44,"-44",-44,-44,-44,-44,2,2,-44,-44,-44,-44,-44,"-44",-44,-44,-44,-44,-44,"-44",-44,-44,-44,-44,-44,-44,-44,-44,-44,-44,-44,-44,-44,-44,-44,-44,-44,-44,-44,-44,-44,-44,2,2,-44,-44,3,2,5,2,1,1,1,2,2,5,5,1,1,1,3,5,3,3,3,2,1,3,2,2,3,2,2,2,5,3,1,"-44",2,2,2,1,2,2,3,0,4,2,0,0,2,4,4,0,4,4,0,0,4,2,0,4,0,2,3,33,2619000,285100,7862400,3,32,28195200,431600,1348200,10,2,2,1,3,"KISUMU",9,"-44","-44",30,118,201,2,-44,1,-44,10,16.3619995117188,"Kenya"
21159,2,2,"M1 through M5",-44,-44,"M6",-44,-44,"-44",2,-44,1989,1,"-44",1,13,49,36,13,8,6,2,1,2,2,2,50,0,0,1,9,9,9,0,0,0,1,5,5,5,40,0,0,1,10,9,10,50,0,1,27,27,20,22.2222222222222,0,2,-44,-44,-44,-44,-44,2,-44,-44,-44,-44,-44,2,-44,-44,-44,-44,-44,2,-44,-44,-44,-44,-44,1,4,3,3,25,0,1,1,2,1,2,1,2,2,"-44",2,-44,-44,-44,-44,-44,-44,-44,"-44",1,1,2,2,2,1,2,2,"-44",1,1,2,2,2,1,2,2,"-44",2,-44,-44,-44,-44,-44,-44,-44,"-44",2,-44,-44,-44,-44,-44,-44,-44,"-44",2,-44,-44,-44,-44,-44,-44,-44,"-44",2,-44,-44,-44,-44,-44,-44,-44,"-44",2,-44,-44,-44,-44,-44,-44,-44,"-44",1,1,2,2,1,1,2,2,"-44",1,1,1,2,"Professionals",1,1,2,2,2,2,1,5,"Service workers","Professionals","Service workers",1,2,2,2,1,2,2,2,2,2,2,2,2,2,2,2,1,2,2,2,-44,-44,-44,-44,-44,-44,6,5,1,2,184000,32000,2,2,2,1,2,5,-44,-44,-44,-44,1,2,3,1,5,1,2,2,-44,-44,1,2,1,1,2,1,1,2,2,2,2,2,2,1,5,1,3,1,210000,37000,2,2,18,4,6,6,1,1,1,2,30,21,1,1,2,1,3,2,2,2,2,2,2,1,2,1,-44,1,-44,-44,-44,-44,-44,-44,-44,2,-44,2,4,4,4,4,3,2,4,4,4,4,4,1,2,2,2,1,2,3,2,2,2,3,1,-44,-44,-44,1,-44,-44,-44,-44,-44,-44,1,4,4,4,4,4,4,4,3,2,4,1,1,1,1,1,2,1,1,2,"-44",2,2,2,1,2,2,"-44",2,2,-44,-44,2,2,-44,-44,-44,-44,"-44",-44,-44,-44,-44,"-44",-44,-44,-44,-44,"-44",-44,-44,-44,-44,"-44",-44,-44,-44,-44,"-44",-44,-44,-44,-44,"-44",-44,"-44",-44,"-44",-44,-44,-44,-44,2,2,-44,-44,-44,-44,-44,"-44",-44,-44,-44,-44,-44,"-44",-44,-44,-44,-44,-44,-44,-44,-44,-44,-44,-44,-44,-44,-44,-44,-44,-44,-44,-44,-44,-44,-44,2,2,-44,-44,5,4,1,5,3,1,2,5,2,4,5,2,2,4,1,3,2,2,3,1,1,3,2,2,1,3,3,3,4,5,1,"-44",2,2,2,1,2,2,2,1,3,3,3,3,0,2,1,0,0,0,0,0,1,0,0,2,0,1,12,43,1900000,3090000,5280000,12,50,2266000,2820000,6420000,100,1,1,1,4,"KISUMU",13,"-44","-44",57,107,999,1,-44,1,-44,10,16.3619995117188,"Kenya"
27006,1,3,"M1 through M5",-44,-44,"M6",-44,-44,"-44",2,-44,1995,1,"-44",1,7,30,9,21,0,0,0,1,1,1,1,0,0,0,2,-44,-44,-44,-44,-44,-44,2,-44,-44,-44,-44,-44,-44,1,7,7,7,85.7142857142857,0,2,-44,-44,-44,-44,-44,1,4,3,4,75,0,2,-44,-44,-44,-44,-44,1,15,12,15,66.6666666666667,0,2,-44,-44,-44,-44,-44,1,3,3,3,66.6666666666667,0,2,-44,-44,-44,-44,-44,-44,-44,"-44",2,-44,-44,-44,-44,-44,-44,-44,"-44",2,-44,-44,-44,-44,-44,-44,-44,"-44",2,-44,-44,-44,-44,-44,-44,-44,"-44",2,-44,-44,-44,-44,-44,-44,-44,"-44",1,1,2,1,2,2,2,2,"-44",2,-44,-44,-44,-44,-44,-44,-44,"-44",1,1,2,1,1,2,1,2,"-44",2,-44,-44,-44,-44,-44,-44,-44,"-44",2,-44,-44,-44,-44,-44,-44,-44,"-44",1,2,2,1,"Managers",1,2,1,2,1,2,1,6,"Sales workers","Managers","Sales workers",2,2,2,2,2,1,2,2,2,2,2,2,2,2,1,2,2,2,2,1,-44,20,80,20,-44,30,6,4,1,2,30000,22000,2,2,1,2,1,5,-44,2,2,1,-44,-44,3,1,5,2,2,1,-44,-44,1,1,2,1,1,1,2,2,1,2,2,1,2,2,2,2,2,1,30000,24000,2,2,18,7,6,6,1,1,2,1,51,37,1,2,2,2,2,2,2,2,2,2,1,1,1,2,-44,-44,-44,-44,-44,-44,-44,-44,2,1,3,-44,4,4,4,4,3,1,4,4,4,4,4,2,2,3,3,2,1,1,2,2,1,1,2,-44,-44,-44,-44,1,1,-44,-44,3,2,-44,1,3,4,4,2,4,4,4,4,4,4,2,2,-44,-44,-44,-44,-44,-44,"-44",-44,-44,-44,-44,-44,-44,"-44",2,1,-44,40,2,2,-44,-44,-44,-44,"-44",-44,-44,-44,-44,"-44",-44,-44,-44,-44,"-44",-44,-44,-44,-44,"-44",-44,-44,-44,-44,"-44",-44,-44,-44,-44,"-44",-44,"-44",-44,"-44",-44,-44,-44,-44,2,2,-44,-44,-44,-44,-44,"-44",-44,-44,-44,-44,-44,"-44",-44,-44,-44,-44,-44,-44,-44,-44,-44,-44,-44,-44,-44,-44,-44,-44,-44,-44,-44,-44,-44,-44,2,1,-44,888997,2,2,3,2,2,2,-44,-44,-44,-44,-44,1,4,1,4,4,3,2,3,1,1,1,2,3,3,3,2,3,3,1,2,"-44",2,2,2,1,2,2,1,3,0,1,0,1,3,4,0,0,2,0,1,2,4,0,3,0,4,1,12,30,5994000,3760000,54000000,12,30,3800000,3360000,46800000,100,1,1,2,4,"KISUMU",7,"-44","-44",30,108,999,1,-44,1,-44,10,16.3619995117188,"Kenya"
39517,2,2,"M1 through M5",-44,-44,"M6",-44,-44,"-44",2,-44,1981,2,"-44",1,7,30,26,4,4,2,2,1,2,2,2,50,0,0,2,-44,-44,-44,-44,-44,-44,2,-44,-44,-44,-44,-44,-44,2,-44,-44,-44,-44,-44,2,-44,-44,-44,-44,-44,1,32,28,26,15.625,2,2,-44,-44,-44,-44,-44,2,-44,-44,-44,-44,-44,2,-44,-44,-44,-44,-44,2,-44,-44,-44,-44,-44,2,-44,-44,-44,-44,-44,-44,-44,"-44",2,-44,-44,-44,-44,-44,-44,-44,"-44",2,-44,-44,-44,-44,-44,-44,-44,"-44",2,-44,-44,-44,-44,-44,-44,-44,"-44",2,-44,-44,-44,-44,-44,-44,-44,"-44",1,2,2,1,1,2,2,2,"-44",2,-44,-44,-44,-44,-44,-44,-44,"-44",2,-44,-44,-44,-44,-44,-44,-44,"-44",2,-44,-44,-44,-44,-44,-44,-44,"-44",2,-44,-44,-44,-44,-44,-44,-44,"-44",1,2,2,1,"Managers",2,2,1,2,2,2,2,6,"Sales workers","Managers","Sales workers",2,2,2,2,1,2,1,1,2,2,2,1,2,2,2,2,2,1,2,1,-44,0,100,0,-44,10,6,5,2,1,19800,10300,2,2,1,2,2,1,3,2,1,2,2,1,5,-44,-44,-44,-44,-44,-44,-44,1,1,2,1,2,1,1,1,1,1,2,1,1,1,2,3,2,1,16400,8900,2,2,7,7,6,6,1,2,1,1,42,37,2,1,2,2,2,3,2,2,2,3,3,3,3,2,-44,-44,-44,-44,-44,-44,-44,-44,-44,-44,-44,-44,4,4,4,3,4,4,4,1,4,2,4,4,2,2,2,2,2,2,3,1,2,2,2,-44,-44,-44,-44,-44,-44,-44,3,-44,-44,-44,3,4,4,4,2,4,4,4,1,4,4,1,2,1,2,2,1,1,2,"-44",-44,-44,-44,-44,-44,-44,"-44",2,2,-44,-44,2,2,-44,-44,-44,-44,"-44",-44,-44,-44,-44,"-44",-44,-44,-44,-44,"-44",-44,-44,-44,-44,"-44",-44,-44,-44,-44,"-44",-44,-44,-44,-44,"-44",-44,"-44",-44,"-44",-44,-44,-44,-44,2,2,-44,-44,-44,-44,-44,"-44",-44,-44,-44,-44,-44,"-44",-44,-44,-44,-44,-44,-44,-44,-44,-44,-44,-44,-44,-44,-44,-44,-44,-44,-44,-44,-44,-44,-44,2,2,-44,-44,4,2,3,3,4,1,4,5,2,4,3,2,1,3,1,4,2,3,1,3,2,1,3,3,1,3,2,2,4,4,1,"-44",2,2,2,1,2,2,1,2,3,4,0,0,2,4,0,1,4,0,4,0,0,0,0,0,0,2,6,36,1725900,375100,1958900,6,35,1477400,353400,1846800,30,1,1,1,4,"KISUMU",7,"-44","-44",34,118,201,1,-44,1,-44,10,16.3619995117188,"Kenya"
27060,1,2,"M1 through M5",-44,-44,"M6",-44,-44,"-44",2,-44,1997,1,"-44",1,11,22,10,12,4,4,0,1,2,2,2,50,0,0,2,-44,-44,-44,-44,-44,-44,1,15,14,15,40,6.66666666666667,0,2,-44,-44,-44,-44,-44,2,-44,-44,-44,-44,-44,2,-44,-44,-44,-44,-44,2,-44,-44,-44,-44,-44,2,-44,-44,-44,-44,-44,1,5,5,5,60,0,1,4,3,4,50,0,2,-44,-44,-44,-44,-44,-44,-44,"-44",2,-44,-44,-44,-44,-44,-44,-44,"-44",1,2,1,1,1,2,1,2,"-44",2,-44,-44,-44,-44,-44,-44,-44,"-44",2,-44,-44,-44,-44,-44,-44,-44,"-44",2,-44,-44,-44,-44,-44,-44,-44,"-44",2,-44,-44,-44,-44,-44,-44,-44,"-44",2,-44,-44,-44,-44,-44,-44,-44,"-44",2,-44,-44,-44,-44,-44,-44,-44,"-44",1,1,2,1,2,2,2,2,"-44",1,2,1,3,"Technicians and associate professionals",2,2,2,2,2,1,1,10,"Elementary occupations","Technicians and associate professionals","Elementary occupations",2,2,2,2,2,1,2,1,2,2,1,2,2,2,2,2,1,2,1,1,80,40,60,40,10,10,5,3,2,1,32000,16000,2,2,1,2,1,5,-44,2,1,2,-44,-44,3,1,2,2,1,2,2,1,1,1,2,2,2,1,1,1,2,2,2,2,2,1,4,1,2,3,26000,18000,2,2,0,18,6,4,1,2,1,1,28,36,1,2,2,2,3,2,1,2,2,2,1,2,1,1,-44,-44,-44,-44,2,-44,-44,-44,1,-44,2,3,4,4,4,3,4,4,4,2,4,1,4,4,1,1,3,2,2,2,2,2,1,2,3,1,2,-44,-44,-44,-44,-44,-44,2,-44,-44,4,4,4,4,2,3,1,4,4,4,4,2,2,-44,-44,-44,-44,-44,-44,"-44",-44,-44,-44,-44,-44,-44,"-44",2,2,-44,-44,2,2,-44,-44,-44,-44,"-44",-44,-44,-44,-44,"-44",-44,-44,-44,-44,"-44",-44,-44,-44,-44,"-44",-44,-44,-44,-44,"-44",-44,-44,-44,-44,"-44",-44,"-44",-44,"-44",-44,-44,-44,-44,2,2,-44,-44,-44,-44,-44,"-44",-44,-44,-44,-44,-44,"-44",-44,-44,-44,-44,-44,-44,-44,-44,-44,-44,-44,-44,-44,-44,-44,-44,-44,-44,-44,-44,-44,-44,2,2,-44,-44,2,5,2,3,4,2,-44,-44,-44,-44,-44,2,1,1,3,4,3,3,3,2,3,1,2,3,3,1,2,3,2,2,2,"-44",2,2,2,2,1,2,1,3,0,3,0,0,1,2,2,0,0,3,1,0,1,1,0,4,0,1,11,23,12840000,46080000,145500000,11,25,11520000,51360000,144000000,0,1,1,1,4,"KISUMU",11,"-44","-44",26,104,999,1,-44,1,-44,10,16.3619995117188,"Kenya"
60536,2,2,"M1 through M5",-44,-44,"M6",-44,-44,"-44",2,-44,1998,1,"-44",1,3,31,17,14,10,6,4,1,6,6,6,83.3333333333333,0,0,2,-44,-44,-44,-44,-44,-44,2,-44,-44,-44,-44,-44,-44,1,18,15,14,27.7777777777778,0,1,7,7,8,14.2857142857143,0,2,-44,-44,-44,-44,-44,2,-44,-44,-44,-44,-44,2,-44,-44,-44,-44,-44,2,-44,-44,-44,-44,-44,1,10,8,10,70,1,1,1,2,1,1,2,2,2,"-44",2,-44,-44,-44,-44,-44,-44,-44,"-44",2,-44,-44,-44,-44,-44,-44,-44,"-44",1,1,2,1,2,1,1,2,"-44",2,-44,-44,-44,-44,-44,-44,-44,"-44",2,-44,-44,-44,-44,-44,-44,-44,"-44",2,-44,-44,-44,-44,-44,-44,-44,"-44",2,-44,-44,-44,-44,-44,-44,-44,"-44",2,-44,-44,-44,-44,-44,-44,-44,"-44",1,1,1,1,1,2,2,2,"-44",1,2,2,1,"Managers",1,1,2,2,2,2,1,5,"Service workers","Managers","Service workers",2,1,2,2,2,2,2,2,2,2,1,2,2,2,2,2,2,2,1,2,60,-44,-44,-44,30,-44,6,4,1,1,204900,39100,2,2,2,1,5,-44,-44,-44,-44,-44,-44,-44,3,5,-44,-44,-44,-44,-44,-44,1,1,1,1,2,1,2,1,2,2,2,1,2,1,3,3,2,3,246300,40000,2,2,8,1,6,5,2,1,1,1,44,43,1,2,2,3,2,2,2,2,2,3,1,3,1,2,-44,-44,-44,-44,-44,-44,-44,-44,1,-44,2,-44,3,4,4,4,4,2,4,1,4,4,4,4,2,2,1,3,2,2,3,3,3,2,3,-44,-44,1,-44,-44,-44,-44,-44,-44,-44,-44,1,4,4,4,4,4,4,4,2,4,3,2,2,-44,-44,-44,-44,-44,-44,"-44",-44,-44,-44,-44,-44,-44,"-44",2,2,-44,-44,2,2,-44,-44,-44,-44,"-44",-44,-44,-44,-44,"-44",-44,-44,-44,-44,"-44",-44,-44,-44,-44,"-44",-44,-44,-44,-44,"-44",-44,-44,-44,-44,"-44",-44,"-44",-44,"-44",-44,-44,-44,-44,2,2,-44,-44,-44,-44,-44,"-44",-44,-44,-44,-44,-44,"-44",-44,-44,-44,-44,-44,-44,-44,-44,-44,-44,-44,-44,-44,-44,-44,-44,-44,-44,-44,-44,-44,-44,2,2,-44,-44,4,3,4,5,1,2,-44,-44,-44,-44,-44,1,3,5,2,3,3,3,3,1,1,2,3,2,2,1,3,1,4,5,1,"-44",1,2,1,1,1,2,1,2,1,4,4,1,4,3,0,0,1,1,1,0,1,4,0,1,0,1,1,42,82555200,111220200,1319976000,1,43,110880000,166012000,1388709000,20,1,1,1,4,"KISUMU",3,"-44","-44",41,117,201,1,-44,1,-44,10,16.3619995117188,"Kenya"
54513,1,2,"M1 through M5",-44,-44,"M6",-44,-44,"-44",2,-44,1999,1,"-44",1,14,20,16,4,8,2,6,1,1,1,2,0,0,0,2,-44,-44,-44,-44,-44,-44,2,-44,-44,-44,-44,-44,-44,1,17,16,12,17.6470588235294,1,2,-44,-44,-44,-44,-44,1,7,5,10,71.4285714285714,0,2,-44,-44,-44,-44,-44,2,-44,-44,-44,-44,-44,2,-44,-44,-44,-44,-44,1,3,2,3,66.6666666666667,0,2,-44,-44,-44,-44,-44,-44,-44,"-44",2,-44,-44,-44,-44,-44,-44,-44,"-44",2,-44,-44,-44,-44,-44,-44,-44,"-44",1,1,2,2,1,2,2,2,"-44",2,-44,-44,-44,-44,-44,-44,-44,"-44",1,1,2,2,1,1,2,2,"-44",2,-44,-44,-44,-44,-44,-44,-44,"-44",2,-44,-44,-44,-44,-44,-44,-44,"-44",2,-44,-44,-44,-44,-44,-44,-44,"-44",1,1,2,2,1,2,2,2,"-44",1,2,2,1,"Managers",1,2,1,2,2,2,1,6,"Sales workers","Managers","Sales workers",2,1,2,2,2,1,1,2,2,2,1,2,2,2,2,2,1,2,2,1,-44,30,70,30,-44,30,5,4,1,2,86300,25500,2,2,1,2,1,2,3,2,1,2,1,2,1,5,-44,2,1,2,-44,-44,2,1,1,2,1,1,2,1,1,1,2,1,1,1,4,3,3,1,86300,19800,2,2,5,4,4,4,1,1,1,1,29,29,1,1,2,2,2,2,2,3,3,3,3,2,1,3,-44,-44,-44,-44,-44,-44,-44,-44,-44,-44,2,-44,4,4,4,2,4,3,4,1,4,4,4,4,2,2,1,2,2,2,2,2,3,3,3,-44,-44,3,-44,-44,-44,-44,-44,-44,-44,-44,4,4,4,1,4,4,2,4,3,4,4,2,2,-44,-44,-44,-44,-44,-44,"-44",-44,-44,-44,-44,-44,-44,"-44",1,2,100,-44,2,2,-44,-44,-44,-44,"-44",-44,-44,-44,-44,"-44",-44,-44,-44,-44,"-44",-44,-44,-44,-44,"-44",-44,-44,-44,-44,"-44",-44,-44,-44,-44,"-44",-44,"-44",-44,"-44",-44,-44,-44,-44,2,2,-44,-44,-44,-44,-44,"-44",-44,-44,-44,-44,-44,"-44",-44,-44,-44,-44,-44,-44,-44,-44,-44,-44,-44,-44,-44,-44,-44,-44,-44,-44,-44,-44,-44,-44,1,2,4,-44,1,3,5,4,3,2,-44,-44,-44,-44,-44,5,1,1,2,5,1,3,2,3,2,3,2,1,1,3,3,3,5,5,1,"-44",2,2,2,2,1,2,0,2,0,2,0,0,1,3,1,1,1,3,4,1,0,0,0,2,1,1,3,29,20828000,7265300,123264000,3,30,20247800,12320000,126896000,40,1,1,1,3,"KISUMU",14,"-44","-44",28,117,201,1,-44,1,-44,10,16.3619995117188,"Kenya"
39587,2,3,"M1 through M5",-44,-44,"M6",-44,-44,"-44",2,-44,2008,1,"-44",1,7,73,63,10,19,0,19,1,9,9,9,11.1111111111111,0,0,1,16,13,16,31.25,18.75,0,1,45,41,37,37.7777777777778,8.88888888888889,0,1,22,22,28,27.2727272727273,0,2,-44,-44,-44,-44,-44,2,-44,-44,-44,-44,-44,2,-44,-44,-44,-44,-44,2,-44,-44,-44,-44,-44,2,-44,-44,-44,-44,-44,2,-44,-44,-44,-44,-44,1,1,1,2,1,2,2,2,"-44",1,1,2,2,2,1,1,2,"-44",1,1,2,2,2,2,2,2,"-44",1,1,2,2,2,1,2,2,"-44",2,-44,-44,-44,-44,-44,-44,-44,"-44",2,-44,-44,-44,-44,-44,-44,-44,"-44",2,-44,-44,-44,-44,-44,-44,-44,"-44",2,-44,-44,-44,-44,-44,-44,-44,"-44",2,-44,-44,-44,-44,-44,-44,-44,"-44",2,-44,-44,-44,-44,-44,-44,-44,"-44",1,1,1,2,"Professionals",1,2,2,2,2,2,2,4,"Clerical and support workers","Professionals","Clerical and support workers",2,1,2,1,2,1,1,1,2,2,2,2,2,2,1,1,2,2,1,1,60,10,90,10,30,20,6,4,2,1,85100,28200,2,2,1,1,3,1,5,1,2,2,-44,-44,5,-44,-44,-44,-44,-44,-44,-44,1,2,1,2,1,2,1,1,2,1,2,1,1,1,5,3,3,2,95900,25500,2,2,0,1,6,4,1,1,1,1,21,34,1,2,2,2,1,2,2,2,2,2,3,2,3,2,-44,-44,1,-44,-44,-44,-44,-44,-44,-44,-44,-44,3,4,4,2,4,1,4,4,4,4,4,4,2,2,2,2,1,2,2,3,2,1,2,-44,-44,-44,-44,1,-44,-44,-44,-44,3,-44,3,4,4,4,4,4,4,4,1,2,4,1,2,2,2,2,1,2,2,"-44",-44,-44,-44,-44,-44,-44,"-44",1,2,40,-44,2,2,-44,-44,-44,-44,"-44",-44,-44,-44,-44,"-44",-44,-44,-44,-44,"-44",-44,-44,-44,-44,"-44",-44,-44,-44,-44,"-44",-44,-44,-44,-44,"-44",-44,"-44",-44,"-44",-44,-44,-44,-44,2,2,-44,-44,-44,-44,-44,"-44",-44,-44,-44,-44,-44,"-44",-44,-44,-44,-44,-44,-44,-44,-44,-44,-44,-44,-44,-44,-44,-44,-44,-44,-44,-44,-44,-44,-44,1,2,888997,-44,4,3,5,5,2,2,-44,-44,-44,-44,-44,5,1,1,4,5,3,3,2,3,3,1,2,1,1,2,3,1,2,3,1,"-44",1,2,2,2,1,2,0,2,0,0,2,4,2,2,2,4,1,1,0,1,4,1,4,0,4,1,3,96,129945600,88168000,473088000,3,96,38926100,53222400,162336000,10,1,1,1,4,"KISUMU",7,"-44","-44",92,118,201,1,-44,1,-44,10,16.3619995117188,"Kenya"
39586,1,3,"M1 through M5",-44,-44,"M6",-44,-44,"-44",2,-44,1989,6,"-44",2,19,36,23,13,0,0,0,1,3,3,3,33.3333333333333,0,0,1,5,5,5,0,0,0,2,-44,-44,-44,-44,-44,-44,2,-44,-44,-44,-44,-44,1,13,12,8,38.4615384615385,0,2,-44,-44,-44,-44,-44,2,-44,-44,-44,-44,-44,2,-44,-44,-44,-44,-44,1,10,8,13,40,0,1,5,5,5,60,0,2,-44,-44,-44,-44,-44,-44,-44,"-44",1,2,2,2,1,1,1,2,"-44",2,-44,-44,-44,-44,-44,-44,-44,"-44",2,-44,-44,-44,-44,-44,-44,-44,"-44",1,1,2,2,2,2,2,2,"-44",2,-44,-44,-44,-44,-44,-44,-44,"-44",2,-44,-44,-44,-44,-44,-44,-44,"-44",2,-44,-44,-44,-44,-44,-44,-44,"-44",1,1,2,2,2,2,2,2,"-44",1,1,2,2,1,2,1,2,"-44",1,1,2,2,"Professionals",2,1,2,2,2,1,1,10,"Elementary occupations","Professionals","Elementary occupations",2,2,2,2,2,1,2,2,2,2,2,2,2,2,1,1,1,1,1,1,100,40,60,40,15,15,6,4,1,2,20000,10000,2,2,1,1,3,2,5,-44,-44,-44,1,2,1,3,5,2,1,2,-44,-44,2,1,2,1,2,2,1,1,2,2,2,2,2,1,2,3,3,1,13700,10800,2,2,7,5,4,2,2,2,1,1,29,41,1,2,2,3,1,2,2,1,2,2,2,2,2,1,-44,-44,1,-44,-44,2,-44,-44,-44,-44,-44,3,3,4,4,2,4,4,4,1,4,4,4,4,2,3,2,2,2,1,2,2,2,2,1,-44,-44,-44,-44,-44,2,-44,-44,-44,-44,3,1,3,4,4,2,4,4,4,4,4,4,2,2,-44,-44,-44,-44,-44,-44,"-44",-44,-44,-44,-44,-44,-44,"-44",1,2,80,-44,2,2,-44,-44,-44,-44,"-44",-44,-44,-44,-44,"-44",-44,-44,-44,-44,"-44",-44,-44,-44,-44,"-44",-44,-44,-44,-44,"-44",-44,-44,-44,-44,"-44",-44,"-44",-44,"-44",-44,-44,-44,-44,2,2,-44,-44,-44,-44,-44,"-44",-44,-44,-44,-44,-44,"-44",-44,-44,-44,-44,-44,-44,-44,-44,-44,-44,-44,-44,-44,-44,-44,-44,-44,-44,-44,-44,-44,-44,1,2,4,-44,1,3,2,5,2,2,-44,-44,-44,-44,-44,1,1,5,2,1,3,3,3,3,1,3,2,1,1,1,3,1,1,3,1,"-44",1,2,2,2,1,2,0,0,1,1,0,0,2,4,0,0,1,4,0,0,0,0,1,4,1,2,6,37,758200,103500,1763800,6,38,846900,103700,1611200,40,1,1,1,4,"KISUMU",19,"-44","-44",36,117,201,1,-44,1,-44,10,16.3619995117188,"Kenya"
54728,2,2,"M1 through M5",-44,-44,"M6",-44,-44,"-44",2,-44,1980,1,"-44",1,7,27,20,7,23,11,12,1,5,5,6,40,0,0,2,-44,-44,-44,-44,-44,-44,2,-44,-44,-44,-44,-44,-44,1,25,22,17,40,0,1,16,14,19,43.75,0,2,-44,-44,-44,-44,-44,2,-44,-44,-44,-44,-44,2,-44,-44,-44,-44,-44,2,-44,-44,-44,-44,-44,1,4,3,4,0,0,2,-44,-44,-44,-44,-44,-44,-44,"-44",2,-44,-44,-44,-44,-44,-44,-44,"-44",2,-44,-44,-44,-44,-44,-44,-44,"-44",1,1,2,1,1,2,2,2,"-44",1,1,2,2,2,1,2,2,"-44",2,-44,-44,-44,-44,-44,-44,-44,"-44",2,-44,-44,-44,-44,-44,-44,-44,"-44",2,-44,-44,-44,-44,-44,-44,-44,"-44",2,-44,-44,-44,-44,-44,-44,-44,"-44",1,2,1,1,1,2,1,2,"-44",1,2,2,1,"Managers",1,1,2,2,2,2,1,5,"Service workers","Managers","Service workers",2,1,2,2,2,2,2,1,2,1,2,2,2,2,2,2,1,2,2,1,-44,40,60,40,-44,15,5,4,2,1,192900,39900,2,2,1,1,1,3,2,2,1,2,2,1,2,1,3,1,2,2,1,2,1,2,1,2,2,1,2,1,1,2,1,2,2,1,2,3,2,3,211100,49500,2,2,6,1,6,6,2,2,2,1,41,23,2,1,2,1,1,2,3,3,2,2,2,3,3,2,-44,3,1,-44,-44,-44,-44,-44,-44,-44,-44,-44,4,4,4,3,4,1,2,4,4,4,4,4,3,2,1,2,3,3,2,2,2,3,3,-44,-44,1,-44,-44,-44,-44,-44,-44,-44,-44,4,3,4,4,4,2,4,4,1,4,4,2,2,-44,-44,-44,-44,-44,-44,"-44",-44,-44,-44,-44,-44,-44,"-44",1,2,30,-44,2,2,-44,-44,-44,-44,"-44",-44,-44,-44,-44,"-44",-44,-44,-44,-44,"-44",-44,-44,-44,-44,"-44",-44,-44,-44,-44,"-44",-44,-44,-44,-44,"-44",-44,"-44",-44,"-44",-44,-44,-44,-44,2,2,-44,-44,-44,-44,-44,"-44",-44,-44,-44,-44,-44,"-44",-44,-44,-44,-44,-44,-44,-44,-44,-44,-44,-44,-44,-44,-44,-44,-44,-44,-44,-44,-44,-44,-44,1,2,888997,-44,2,5,3,2,5,2,-44,-44,-44,-44,-44,2,5,1,2,3,3,3,3,3,1,1,2,3,1,2,3,3,4,5,1,"-44",2,2,2,1,2,2,2,0,0,1,1,4,2,3,4,4,4,0,1,0,4,0,1,0,0,1,12,53,80870400,87912000,896760000,12,53,60742500,97647200,1000075500,20,1,1,1,3,"KISUMU",7,"-44","-44",50,118,201,1,-44,1,-44,10,16.3619995117188,"Kenya"
21070,1,2,"M1 through M5",-44,-44,"M6",-44,-44,"-44",2,-44,1997,3,"-44",1,7,34,19,15,6,4,2,1,1,1,1,0,0,0,1,1,1,1,0,0,0,1,1,1,1,0,0,0,2,-44,-44,-44,-44,-44,1,37,35,37,45.945945945946,0,2,-44,-44,-44,-44,-44,2,-44,-44,-44,-44,-44,2,-44,-44,-44,-44,-44,2,-44,-44,-44,-44,-44,2,-44,-44,-44,-44,-44,2,-44,-44,-44,-44,-44,-44,-44,"-44",2,-44,-44,-44,-44,-44,-44,-44,"-44",2,-44,-44,-44,-44,-44,-44,-44,"-44",2,-44,-44,-44,-44,-44,-44,-44,"-44",2,-44,-44,-44,-44,-44,-44,-44,"-44",2,-44,-44,-44,-44,-44,-44,-44,"-44",1,1,2,2,2,2,2,2,"-44",2,-44,-44,-44,-44,-44,-44,-44,"-44",2,-44,-44,-44,-44,-44,-44,-44,"-44",2,-44,-44,-44,-44,-44,-44,-44,"-44",1,1,1,1,"Managers",2,1,2,2,2,2,2,5,"Service workers","Managers","Service workers",2,2,2,2,2,2,2,2,2,2,2,2,2,2,2,2,2,2,2,2,-44,-44,-44,-44,-44,-44,6,4,1,2,70000,13000,2,2,1,1,2,1,5,2,1,2,1,2,5,-44,-44,-44,-44,-44,-44,-44,2,2,2,2,2,2,2,2,2,2,2,2,2,2,2,2,3,3,70000,15000,2,2,3,6,6,4,1,2,1,1,30,22,1,1,1,2,1,1,1,1,1,1,1,1,1,1,1,-44,1,1,1,1,1,1,1,1,1,1,4,4,4,4,4,3,4,4,4,1,2,4,1,1,2,1,1,1,1,1,1,1,1,2,2,-44,2,2,1,1,2,1,2,2,3,1,4,2,4,4,4,4,4,4,4,2,1,-44,-44,-44,-44,-44,-44,"-44",2,2,2,2,2,2,"-44",2,2,-44,-44,2,2,-44,-44,-44,-44,"-44",-44,-44,-44,-44,"-44",-44,-44,-44,-44,"-44",-44,-44,-44,-44,"-44",-44,-44,-44,-44,"-44",-44,-44,-44,-44,"-44",-44,"-44",-44,"-44",-44,-44,-44,-44,2,2,-44,-44,-44,-44,-44,"-44",-44,-44,-44,-44,-44,"-44",-44,-44,-44,-44,-44,-44,-44,-44,-44,-44,-44,-44,-44,-44,-44,-44,-44,-44,-44,-44,-44,-44,2,2,-44,-44,888998,888998,888998,888998,888998,2,-44,-44,-44,-44,-44,1,1,1,4,1,2,3,3,3,1,1,3,1,1,3,2,2,3,3,1,"-44",2,2,1,1,1,2,1,1,3,3,3,0,0,4,2,2,0,0,0,0,3,0,0,0,0,2,12,56,57120000,47000000,154000000,12,56,60000000,49000000,159000000,100,1,1,2,4,"KISUMU",7,"-44","-44",40,102,102,1,-44,1,-44,10,16.3619995117188,"Kenya"
39559,1,2,"M1 through M5",-44,-44,"M6",-44,-44,"-44",2,-44,1984,1,"-44",1,9,27,16,11,0,0,0,1,2,2,2,50,0,0,2,-44,-44,-44,-44,-44,-44,1,13,12,7,30.7692307692308,7.69230769230769,0,2,-44,-44,-44,-44,-44,1,12,9,15,50,1,2,-44,-44,-44,-44,-44,2,-44,-44,-44,-44,-44,2,-44,-44,-44,-44,-44,2,-44,-44,-44,-44,-44,2,-44,-44,-44,-44,-44,1,1,1,2,1,2,2,2,"-44",2,-44,-44,-44,-44,-44,-44,-44,"-44",1,1,2,1,2,2,2,2,"-44",2,-44,-44,-44,-44,-44,-44,-44,"-44",1,1,2,2,2,2,2,2,"-44",2,-44,-44,-44,-44,-44,-44,-44,"-44",2,-44,-44,-44,-44,-44,-44,-44,"-44",2,-44,-44,-44,-44,-44,-44,-44,"-44",2,-44,-44,-44,-44,-44,-44,-44,"-44",2,-44,-44,-44,-44,-44,-44,-44,"-44",1,2,1,3,"Technicians and associate professionals",2,1,2,2,2,2,2,5,"Service workers","Technicians and associate professionals","Service workers",2,1,1,2,2,2,2,2,2,2,2,2,2,1,2,2,1,2,1,1,80,70,30,70,20,15,5,6,1,2,31600,16500,2,2,2,1,3,5,-44,-44,-44,-44,-44,-44,5,-44,-44,-44,-44,-44,-44,-44,1,1,1,1,2,1,1,1,1,2,2,1,2,2,5,3,1,1,37100,19800,2,2,6,2,4,6,2,1,2,1,27,43,1,1,2,2,1,1,2,2,3,3,3,2,3,1,-44,-44,2,3,-44,-44,-44,-44,-44,-44,-44,3,4,4,4,3,4,4,4,2,4,1,4,4,2,2,2,2,2,2,2,2,2,1,2,-44,-44,-44,-44,-44,-44,-44,-44,-44,1,-44,2,4,4,4,1,3,4,4,4,4,4,2,1,-44,-44,-44,-44,-44,-44,"-44",1,2,2,2,2,2,"-44",1,2,50,-44,2,2,-44,-44,-44,-44,"-44",-44,-44,-44,-44,"-44",-44,-44,-44,-44,"-44",-44,-44,-44,-44,"-44",-44,-44,-44,-44,"-44",-44,-44,-44,-44,"-44",-44,"-44",-44,"-44",-44,-44,-44,-44,2,2,-44,-44,-44,-44,-44,"-44",-44,-44,-44,-44,-44,"-44",-44,-44,-44,-44,-44,-44,-44,-44,-44,-44,-44,-44,-44,-44,-44,-44,-44,-44,-44,-44,-44,-44,1,2,888997,-44,5,2,2,3,5,1,5,3,4,4,4,5,5,1,1,1,2,3,3,1,3,1,2,1,3,3,3,3,2,3,1,"-44",2,1,2,2,2,1,0,4,4,2,4,0,1,4,2,2,1,1,4,0,0,1,1,4,4,2,3,29,3722400,5438400,79608000,3,28,4536000,6678000,81263000,50,1,1,1,4,"KISUMU",9,"-44","-44",27,117,201,1,-44,1,-44,10,16.3619995117188,"Kenya"
60518,1,3,"M1 through M5",-44,-44,"M6",-44,-44,"-44",2,-44,1983,1,"-44",1,7,28,21,7,5,2,3,1,1,1,1,0,0,0,1,3,3,3,33.3333333333333,0,0,2,-44,-44,-44,-44,-44,-44,1,19,19,9,10.5263157894737,0,1,4,4,4,50,0,1,3,3,3,100,0,2,-44,-44,-44,-44,-44,2,-44,-44,-44,-44,-44,1,2,2,2,100,0,1,1,1,1,0,0,1,1,2,1,1,1,2,2,"-44",1,1,2,2,1,1,1,2,"-44",2,-44,-44,-44,-44,-44,-44,-44,"-44",2,-44,-44,-44,-44,-44,-44,-44,"-44",1,1,1,2,2,2,1,2,"-44",2,-44,-44,-44,-44,-44,-44,-44,"-44",2,-44,-44,-44,-44,-44,-44,-44,"-44",2,-44,-44,-44,-44,-44,-44,-44,"-44",2,-44,-44,-44,-44,-44,-44,-44,"-44",2,-44,-44,-44,-44,-44,-44,-44,"-44",1,1,2,2,"Professionals",1,1,1,2,2,1,1,6,"Sales workers","Professionals","Sales workers",2,1,2,2,2,2,2,2,2,2,2,2,2,1,2,1,2,2,1,2,80,-44,-44,-44,30,-44,5,6,2,2,76400,36700,2,2,2,2,3,1,2,1,2,2,1,2,5,-44,-44,-44,-44,-44,-44,-44,2,1,2,2,2,1,1,1,1,1,2,1,2,1,2,3,3,3,88000,41800,2,2,5,1,6,6,2,2,2,1,21,31,1,2,3,2,2,2,3,2,2,3,2,2,2,2,-44,-44,-44,-44,-44,-44,-44,-44,-44,-44,-44,-44,2,4,4,4,4,4,3,4,4,1,4,4,2,2,2,2,2,2,2,2,3,3,1,-44,-44,-44,-44,-44,-44,-44,-44,-44,-44,1,4,4,4,4,3,2,4,4,1,4,4,2,1,-44,-44,-44,-44,-44,-44,"-44",1,2,2,2,1,2,"-44",2,1,-44,40,2,2,-44,-44,-44,-44,"-44",-44,-44,-44,-44,"-44",-44,-44,-44,-44,"-44",-44,-44,-44,-44,"-44",-44,-44,-44,-44,"-44",-44,-44,-44,-44,"-44",-44,"-44",-44,"-44",-44,-44,-44,-44,2,2,-44,-44,-44,-44,-44,"-44",-44,-44,-44,-44,-44,"-44",-44,-44,-44,-44,-44,-44,-44,-44,-44,-44,-44,-44,-44,-44,-44,-44,-44,-44,-44,-44,-44,-44,2,1,-44,4,3,4,3,5,3,1,2,5,3,5,5,1,5,2,2,4,3,2,3,3,1,1,3,2,1,1,3,3,5,5,3,"-44",2,1,2,1,2,2,4,3,0,4,0,2,1,1,4,2,1,3,0,1,4,4,1,2,0,1,11,33,15714000,605300,1761300000,11,33,19624800,638800,2680650000,50,1,1,1,4,"KISUMU",7,"-44","-44",33,118,201,1,-44,1,-44,10,16.3619995117188,"Kenya"
98315,1,3,"M1 through M5",-44,-44,"M6",-44,-44,"-44",2,-44,2001,3,"-44",1,12,70,38,32,0,0,0,1,11,11,11,27.2727272727273,0,1,1,5,5,5,40,0,0,1,12,12,12,41.6666666666667,8.33333333333333,0,1,6,6,6,100,0,2,-44,-44,-44,-44,-44,1,18,16,18,38.8888888888889,0,2,-44,-44,-44,-44,-44,2,-44,-44,-44,-44,-44,1,6,6,6,0,0,1,12,9,12,75,0,1,1,2,2,1,2,1,2,"-44",2,-44,-44,-44,-44,-44,-44,-44,"-44",1,1,2,2,2,2,2,2,"-44",2,-44,-44,-44,-44,-44,-44,-44,"-44",2,-44,-44,-44,-44,-44,-44,-44,"-44",1,1,2,1,1,1,2,2,"-44",2,-44,-44,-44,-44,-44,-44,-44,"-44",2,-44,-44,-44,-44,-44,-44,-44,"-44",2,-44,-44,-44,-44,-44,-44,-44,"-44",1,1,2,2,2,2,2,2,"-44",1,1,1,2,"Professionals",1,2,1,2,2,1,1,10,"Elementary occupations","Professionals","Elementary occupations",2,2,2,2,2,2,1,1,2,2,2,2,2,2,2,2,1,2,2,1,-44,60,40,60,-44,7,6,4,1,2,100000,11000,2,2,1,2,5,-44,-44,-44,-44,-44,-44,-44,5,-44,-44,-44,-44,-44,-44,-44,1,2,1,1,2,2,2,2,2,2,2,2,2,1,4,1,3,3,100000,12000,2,2,15,48,6,4,1,2,1,1,38,25,1,2,2,2,3,2,2,2,2,2,2,2,2,2,-44,-44,-44,-44,-44,-44,-44,-44,-44,-44,-44,-44,2,3,4,4,4,4,4,4,4,4,4,1,3,2,3,3,2,2,2,2,2,3,3,-44,-44,-44,-44,-44,-44,-44,-44,-44,-44,-44,4,4,4,4,2,3,1,4,4,4,4,2,2,-44,-44,-44,-44,-44,-44,"-44",-44,-44,-44,-44,-44,-44,"-44",2,2,-44,-44,2,2,-44,-44,-44,-44,"-44",-44,-44,-44,-44,"-44",-44,-44,-44,-44,"-44",-44,-44,-44,-44,"-44",-44,-44,-44,-44,"-44",-44,-44,-44,-44,"-44",-44,"-44",-44,"-44",-44,-44,-44,-44,2,2,-44,-44,-44,-44,-44,"-44",-44,-44,-44,-44,-44,"-44",-44,-44,-44,-44,-44,-44,-44,-44,-44,-44,-44,-44,-44,-44,-44,-44,-44,-44,-44,-44,-44,-44,2,2,-44,-44,3,4,4,2,5,2,-44,-44,-44,-44,-44,2,1,1,3,3,3,3,3,3,3,3,3,3,3,3,3,3,4,4,2,"-44",1,1,2,2,2,2,2,0,3,0,0,0,1,3,2,3,0,0,0,0,0,0,0,0,2,1,6,68,33456000,10800000,223200000,6,70,34020000,11650000,230400000,100,1,2,1,3,"KISUMU",12,"-44","-44",70,106,999,1,-44,1,-44,10,16.3619995117188,"Kenya"
27086,1,3,"M1 through M5",-44,-44,"M6",-44,-44,"-44",2,-44,2000,1,"-44",1,9,26,16,10,0,0,0,1,1,1,1,0,0,0,1,7,4,7,57.1428571428571,42.8571428571429,0,2,-44,-44,-44,-44,-44,-44,2,-44,-44,-44,-44,-44,1,7,6,7,42.8571428571429,0,2,-44,-44,-44,-44,-44,2,-44,-44,-44,-44,-44,2,-44,-44,-44,-44,-44,1,6,5,6,33.3333333333333,1,1,5,5,5,20,0,2,-44,-44,-44,-44,-44,-44,-44,"-44",1,1,2,2,2,2,1,2,"-44",2,-44,-44,-44,-44,-44,-44,-44,"-44",2,-44,-44,-44,-44,-44,-44,-44,"-44",1,1,2,2,2,1,2,2,"-44",2,-44,-44,-44,-44,-44,-44,-44,"-44",2,-44,-44,-44,-44,-44,-44,-44,"-44",2,-44,-44,-44,-44,-44,-44,-44,"-44",1,1,2,1,1,2,1,2,"-44",1,1,1,2,2,2,2,2,"-44",1,1,2,2,"Professionals",2,1,2,2,2,1,1,10,"Elementary occupations","Professionals","Elementary occupations",2,2,2,2,2,1,2,2,2,2,2,2,2,2,2,2,1,2,1,1,40,80,20,80,15,10,6,2,1,2,18000,11000,2,2,1,1,2,1,3,2,2,1,2,1,1,5,-44,2,1,2,-44,-44,1,1,2,2,1,1,1,2,2,2,2,2,2,1,3,1,1,3,15000,10000,2,2,12,7,5,2,1,2,1,1,53,25,2,1,1,2,2,2,2,2,1,2,2,2,1,1,1,-44,-44,-44,-44,-44,2,-44,-44,-44,1,2,4,3,4,2,4,1,4,4,4,4,4,4,1,2,3,2,2,2,2,3,3,1,1,2,-44,-44,-44,-44,-44,-44,-44,-44,1,1,4,4,4,1,2,3,4,4,4,4,4,2,2,-44,-44,-44,-44,-44,-44,"-44",-44,-44,-44,-44,-44,-44,"-44",1,2,50,-44,1,2,1,2,1,-44,"-44",-44,-44,-44,-44,"-44",25,-44,45,-44,"-44",5,-44,3,-44,"-44",-44,-44,-44,-44,"-44",-44,-44,-44,-44,"-44",5,"-44",-44,"-44",6,-44,35000,-44,1,2,1,2,2,2,2,"-44",-44,-44,-44,-44,-44,"-44",10,-44,-44,-44,-44,1,-44,-44,-44,-44,-44,-44,-44,-44,-44,-44,-44,-44,-44,-44,15000,-44,1,2,1,-44,4,5,5,1,5,2,-44,-44,-44,-44,-44,5,2,2,1,3,3,2,3,1,2,3,3,1,3,3,3,3,4,4,2,"-44",2,2,2,1,2,2,1,1,0,0,4,1,0,1,2,2,4,1,4,1,3,2,0,2,0,2,1,30,677000,115000,1664000,1,27,799000,114000,1696000,100,1,1,2,4,"KISUMU",9,"-44","-44",26,105,999,1,-44,1,-44,10,16.3619995117188,"Kenya"
54505,1,2,"M1 through M5",-44,-44,"M6",-44,-44,"-44",2,-44,2001,1,"-44",1,9,46,33,13,0,0,0,1,3,2,3,33.3333333333333,33.3333333333333,0,1,11,7,14,9.09090909090909,36.3636363636364,0,1,23,23,23,30.4347826086957,0,0,1,9,6,9,44.4444444444444,0,2,-44,-44,-44,-44,-44,2,-44,-44,-44,-44,-44,2,-44,-44,-44,-44,-44,2,-44,-44,-44,-44,-44,2,-44,-44,-44,-44,-44,2,-44,-44,-44,-44,-44,1,1,1,2,2,2,2,2,"-44",1,1,2,2,1,2,1,2,"-44",2,-44,-44,-44,-44,-44,-44,-44,"-44",1,1,2,2,1,1,2,2,"-44",2,-44,-44,-44,-44,-44,-44,-44,"-44",2,-44,-44,-44,-44,-44,-44,-44,"-44",2,-44,-44,-44,-44,-44,-44,-44,"-44",2,-44,-44,-44,-44,-44,-44,-44,"-44",2,-44,-44,-44,-44,-44,-44,-44,"-44",2,-44,-44,-44,-44,-44,-44,-44,"-44",1,1,1,2,"Professionals",1,2,2,2,2,2,2,4,"Clerical and support workers","Professionals","Clerical and support workers",2,2,2,2,2,1,1,2,2,2,2,2,2,1,2,2,2,2,1,1,80,50,50,50,45,20,6,6,1,2,92000,29700,2,2,2,2,1,3,5,2,1,2,-44,-44,5,-44,-44,-44,-44,-44,-44,-44,1,1,1,2,2,1,1,1,1,1,2,2,2,2,2,3,3,2,85600,23500,2,2,8,6,6,4,2,1,1,1,41,22,1,1,2,2,1,2,3,2,2,2,2,3,2,1,-44,-44,1,-44,-44,-44,-44,-44,-44,-44,-44,1,2,4,4,1,4,4,3,4,4,4,4,4,3,2,1,2,2,2,2,2,2,2,2,-44,-44,2,-44,-44,-44,-44,-44,-44,-44,-44,4,4,4,4,3,4,4,4,1,2,4,1,1,2,1,1,1,2,2,"-44",1,2,1,1,1,2,"-44",2,2,-44,-44,2,2,-44,-44,-44,-44,"-44",-44,-44,-44,-44,"-44",-44,-44,-44,-44,"-44",-44,-44,-44,-44,"-44",-44,-44,-44,-44,"-44",-44,-44,-44,-44,"-44",-44,"-44",-44,"-44",-44,-44,-44,-44,2,2,-44,-44,-44,-44,-44,"-44",-44,-44,-44,-44,-44,"-44",-44,-44,-44,-44,-44,-44,-44,-44,-44,-44,-44,-44,-44,-44,-44,-44,-44,-44,-44,-44,-44,-44,2,2,-44,-44,5,2,4,5,3,1,4,3,3,3,2,1,5,1,5,5,3,3,3,3,1,1,3,1,2,3,3,3,2,5,1,"-44",1,2,2,2,2,2,1,1,4,2,2,3,0,2,1,4,2,2,0,4,4,1,3,3,0,1,3,48,62272800,36608000,273980000,3,49,21365800,26499200,94636800,20,1,1,1,4,"KISUMU",9,"-44","-44",46,117,201,1,-44,1,-44,10,16.3619995117188,"Kenya"
27067,1,3,"M1 through M5",-44,-44,"M6",-44,-44,"-44",2,-44,2011,3,"-44",1,14,11,7,4,10,6,4,1,2,2,2,0,0,0,2,-44,-44,-44,-44,-44,-44,1,6,4,6,33.3333333333333,33.3333333333333,0,1,13,10,6,46.1538461538462,1,2,-44,-44,-44,-44,-44,2,-44,-44,-44,-44,-44,2,-44,-44,-44,-44,-44,2,-44,-44,-44,-44,-44,2,-44,-44,-44,-44,-44,2,-44,-44,-44,-44,-44,1,1,1,2,1,1,1,2,"-44",2,-44,-44,-44,-44,-44,-44,-44,"-44",1,1,1,1,2,2,1,2,"-44",1,1,1,1,1,1,1,2,"-44",2,-44,-44,-44,-44,-44,-44,-44,"-44",2,-44,-44,-44,-44,-44,-44,-44,"-44",2,-44,-44,-44,-44,-44,-44,-44,"-44",2,-44,-44,-44,-44,-44,-44,-44,"-44",2,-44,-44,-44,-44,-44,-44,-44,"-44",2,-44,-44,-44,-44,-44,-44,-44,"-44",1,2,1,3,"Technicians and associate professionals",1,2,2,2,2,2,2,4,"Clerical and support workers","Technicians and associate professionals","Clerical and support workers",2,1,2,2,1,2,1,2,2,2,1,2,2,2,2,2,1,2,1,1,60,40,60,40,30,30,5,6,1,1,39000,19000,2,2,1,2,2,5,-44,-44,-44,-44,1,2,3,5,-44,-44,-44,-44,-44,-44,1,2,1,1,2,1,2,1,1,1,2,2,2,1,4,3,2,2,31000,21000,2,2,12,12,5,6,1,1,1,1,32,42,1,1,1,2,3,1,1,2,2,1,2,2,2,1,1,-44,-44,2,2,-44,-44,2,-44,-44,-44,2,4,4,4,3,4,1,4,4,4,4,4,2,2,2,2,2,2,1,2,2,2,1,3,-44,-44,-44,-44,-44,1,-44,-44,-44,1,-44,1,4,4,4,4,4,4,2,4,4,3,1,1,1,2,2,2,2,2,"-44",2,2,2,1,1,2,"-44",2,2,-44,-44,2,2,-44,-44,-44,-44,"-44",-44,-44,-44,-44,"-44",-44,-44,-44,-44,"-44",-44,-44,-44,-44,"-44",-44,-44,-44,-44,"-44",-44,-44,-44,-44,"-44",-44,"-44",-44,"-44",-44,-44,-44,-44,2,2,-44,-44,-44,-44,-44,"-44",-44,-44,-44,-44,-44,"-44",-44,-44,-44,-44,-44,-44,-44,-44,-44,-44,-44,-44,-44,-44,-44,-44,-44,-44,-44,-44,-44,-44,2,2,-44,-44,4,5,5,4,4,1,4,5,3,1,5,5,1,1,5,1,2,3,3,1,3,3,2,2,3,1,3,1,2,4,1,"-44",1,1,2,1,2,2,0,3,3,0,1,0,1,4,0,0,3,3,0,0,1,4,1,0,0,2,12,22,6805000,2592000,14100000,12,21,7354000,3150000,19260000,0,2,2,2,4,"KISUMU",14,"-44","-44",21,102,999,2,-44,1,-44,10,16.3619995117188,"Kenya"
98396,1,3,"M1 through M5",-44,-44,"M6",-44,-44,"-44",2,-44,1978,3,"-44",1,6,50,43,7,100,100,0,1,6,6,6,16.6666666666667,0,2,1,4,4,4,25,0,0,1,10,10,10,20,0,0,1,1,1,1,0,0,2,-44,-44,-44,-44,-44,1,3,3,3,33.3333333333333,0,2,-44,-44,-44,-44,-44,1,11,11,11,0,0,1,13,13,13,0,0,1,102,102,102,1.96078431372549,0,2,-44,-44,-44,-44,-44,-44,-44,"-44",2,-44,-44,-44,-44,-44,-44,-44,"-44",1,1,2,2,2,2,2,2,"-44",2,-44,-44,-44,-44,-44,-44,-44,"-44",2,-44,-44,-44,-44,-44,-44,-44,"-44",2,-44,-44,-44,-44,-44,-44,-44,"-44",2,-44,-44,-44,-44,-44,-44,-44,"-44",2,-44,-44,-44,-44,-44,-44,-44,"-44",1,2,2,2,2,2,2,2,"-44",2,-44,-44,-44,-44,-44,-44,-44,"-44",1,1,1,3,"Technicians and associate professionals",1,2,1,2,1,1,1,6,"Sales workers","Technicians and associate professionals","Sales workers",2,2,2,2,2,2,1,1,2,2,2,2,2,2,2,1,1,2,2,2,-44,-44,-44,-44,-44,-44,6,6,1,2,35000,27000,2,2,2,2,5,-44,-44,-44,-44,-44,-44,-44,5,-44,-44,-44,-44,-44,-44,-44,1,1,1,1,2,1,1,1,2,1,1,1,1,1,3,3,3,3,35000,27000,2,2,18,5,6,6,1,1,1,1,40,35,1,2,2,2,3,2,2,2,2,2,2,2,2,2,-44,-44,-44,-44,-44,-44,-44,-44,-44,-44,-44,-44,1,4,4,4,4,4,4,4,4,4,3,2,2,2,3,2,2,2,2,2,2,2,2,-44,-44,-44,-44,-44,-44,-44,-44,-44,-44,-44,1,4,4,4,4,2,4,3,4,4,4,1,2,2,2,2,2,1,2,"-44",-44,-44,-44,-44,-44,-44,"-44",1,2,100,-44,2,2,-44,-44,-44,-44,"-44",-44,-44,-44,-44,"-44",-44,-44,-44,-44,"-44",-44,-44,-44,-44,"-44",-44,-44,-44,-44,"-44",-44,-44,-44,-44,"-44",-44,"-44",-44,"-44",-44,-44,-44,-44,2,2,-44,-44,-44,-44,-44,"-44",-44,-44,-44,-44,-44,"-44",-44,-44,-44,-44,-44,-44,-44,-44,-44,-44,-44,-44,-44,-44,-44,-44,-44,-44,-44,-44,-44,-44,1,2,3,-44,5,5,5,3,5,2,-44,-44,-44,-44,-44,1,1,1,1,1,3,3,3,3,3,3,3,3,3,3,3,3,4,4,2,"-44",1,1,1,1,2,2,2,0,1,1,0,0,1,3,4,4,1,0,0,0,0,0,1,0,3,1,6,70,19092000,828000000,984000000,6,100,21630000,857560000,1019498000,100,1,1,2,4,"KISUMU",6,"-44","-44",150,106,999,1,-44,1,-44,10,16.3619995117188,"Kenya"
98325,1,2,"M1 through M5",-44,-44,"M6",-44,-44,"-44",2,-44,1999,1,"-44",1,9,25,17,8,2,2,0,1,1,1,1,0,0,0,2,-44,-44,-44,-44,-44,-44,1,2,2,2,0,0,0,2,-44,-44,-44,-44,-44,1,22,22,22,36.3636363636364,0,2,-44,-44,-44,-44,-44,2,-44,-44,-44,-44,-44,1,1,1,1,0,0,1,1,1,1,0,0,2,-44,-44,-44,-44,-44,1,2,2,2,1,2,2,2,"-44",2,-44,-44,-44,-44,-44,-44,-44,"-44",1,1,1,2,1,1,2,2,"-44",2,-44,-44,-44,-44,-44,-44,-44,"-44",1,1,2,2,2,1,2,2,"-44",2,-44,-44,-44,-44,-44,-44,-44,"-44",2,-44,-44,-44,-44,-44,-44,-44,"-44",1,1,2,1,2,2,2,2,"-44",1,1,2,2,2,2,2,2,"-44",2,-44,-44,-44,-44,-44,-44,-44,"-44",1,2,1,1,"Managers",2,1,2,2,1,1,2,9,"Plant and machine operators, and assembl","Managers","Plant and machine operators, and assembl",2,2,2,1,1,2,1,2,2,2,1,2,1,1,2,1,2,2,1,1,100,40,60,40,30,30,5,4,1,1,12000,6000,2,2,1,1,5,-44,-44,-44,-44,-44,-44,-44,5,-44,-44,-44,-44,-44,-44,-44,1,1,1,1,1,1,1,1,2,1,1,2,2,1,2,1,3,3,12000,6000,2,2,12,12,5,4,1,1,1,1,35,25,1,1,2,2,3,2,2,2,2,2,2,2,2,2,-44,-44,-44,-44,-44,-44,-44,-44,-44,-44,-44,-44,1,4,4,3,2,4,4,4,4,4,4,4,2,2,3,2,2,2,2,2,2,2,2,-44,-44,-44,-44,-44,-44,-44,-44,-44,-44,-44,3,1,4,4,4,4,4,2,4,4,4,2,2,-44,-44,-44,-44,-44,-44,"-44",-44,-44,-44,-44,-44,-44,"-44",2,2,-44,-44,2,2,-44,-44,-44,-44,"-44",-44,-44,-44,-44,"-44",-44,-44,-44,-44,"-44",-44,-44,-44,-44,"-44",-44,-44,-44,-44,"-44",-44,-44,-44,-44,"-44",-44,"-44",-44,"-44",-44,-44,-44,-44,2,2,-44,-44,-44,-44,-44,"-44",-44,-44,-44,-44,-44,"-44",-44,-44,-44,-44,-44,-44,-44,-44,-44,-44,-44,-44,-44,-44,-44,-44,-44,-44,-44,-44,-44,-44,2,2,-44,-44,3,2,2,3,5,2,-44,-44,-44,-44,-44,1,2,2,3,5,3,2,3,1,1,2,2,1,2,1,1,1,4,4,1,"-44",2,1,1,1,1,2,3,4,2,4,3,4,4,0,3,2,2,2,2,2,2,2,2,3,3,1,12,27,1900000,800000,5000000,12,27,2100000,950000,5500000,95,2,3,3,3,"KISUMU",9,"-44","-44",27,102,102,1,-44,1,-44,10,16.3619995117188,"Kenya"
21161,1,2,"M1 through M5",-44,-44,"M6",-44,-44,"-44",2,-44,1994,3,"-44",1,7,34,23,11,0,0,0,1,2,2,2,0,0,0,1,10,10,10,40,0,0,2,-44,-44,-44,-44,-44,-44,1,5,4,5,40,1,1,4,3,7,0,0,1,2,2,3,100,0,2,-44,-44,-44,-44,-44,2,-44,-44,-44,-44,-44,1,6,6,7,16.6666666666667,0,1,5,5,5,40,0,2,-44,-44,-44,-44,-44,-44,-44,"-44",2,-44,-44,-44,-44,-44,-44,-44,"-44",2,-44,-44,-44,-44,-44,-44,-44,"-44",1,1,2,1,2,1,2,2,"-44",1,1,2,1,1,1,2,2,"-44",2,-44,-44,-44,-44,-44,-44,-44,"-44",2,-44,-44,-44,-44,-44,-44,-44,"-44",2,-44,-44,-44,-44,-44,-44,-44,"-44",2,-44,-44,-44,-44,-44,-44,-44,"-44",1,1,2,2,2,2,2,2,"-44",1,1,2,2,"Professionals",1,1,1,2,2,1,1,6,"Sales workers","Professionals","Sales workers",1,2,2,2,2,2,1,1,2,2,2,2,2,2,2,1,2,2,2,2,-44,-44,-44,-44,-44,-44,5,4,1,1,112000,32000,2,2,1,2,3,5,-44,-44,-44,-44,-44,-44,1,2,3,1,2,2,2,1,1,1,2,1,1,1,1,1,1,2,1,2,1,2,2,3,1,1,94000,28000,2,2,18,4,6,4,1,2,1,1,42,23,1,2,1,2,2,2,2,2,2,2,3,1,1,1,1,-44,-44,-44,-44,-44,-44,-44,-44,2,2,2,4,4,4,1,4,4,2,3,4,4,4,4,2,2,2,1,2,2,2,2,1,3,2,-44,-44,-44,1,-44,-44,-44,-44,3,-44,-44,1,4,4,3,4,4,4,2,4,4,4,1,2,2,2,1,2,1,2,"-44",-44,-44,-44,-44,-44,-44,"-44",2,2,-44,-44,2,2,-44,-44,-44,-44,"-44",-44,-44,-44,-44,"-44",-44,-44,-44,-44,"-44",-44,-44,-44,-44,"-44",-44,-44,-44,-44,"-44",-44,-44,-44,-44,"-44",-44,"-44",-44,"-44",-44,-44,-44,-44,2,2,-44,-44,-44,-44,-44,"-44",-44,-44,-44,-44,-44,"-44",-44,-44,-44,-44,-44,-44,-44,-44,-44,-44,-44,-44,-44,-44,-44,-44,-44,-44,-44,-44,-44,-44,2,2,-44,-44,5,2,2,4,3,2,-44,-44,-44,-44,-44,5,3,1,1,3,3,3,3,2,1,3,3,2,1,3,3,3,3,3,2,"-44",1,2,2,1,1,1,1,0,1,0,1,2,2,2,3,1,0,3,0,4,0,0,1,2,1,1,11,30,15600000,570000,1746000000,11,34,16490000,689000,2369000000,80,1,2,2,4,"KISUMU",7,"-44","-44",34,104,999,1,-44,1,-44,10,16.3619995117188,"Kenya"
54751,1,2,"M1 through M5",-44,-44,"M6",-44,-44,"-44",2,-44,2012,2,"-44",1,7,39,24,15,2,0,2,1,3,2,3,33.3333333333333,33.3333333333333,0,2,-44,-44,-44,-44,-44,-44,1,21,18,10,28.5714285714286,14.2857142857143,0,1,5,5,5,40,2,1,9,6,9,55.5555555555556,0,1,3,2,3,100,1,2,-44,-44,-44,-44,-44,2,-44,-44,-44,-44,-44,2,-44,-44,-44,-44,-44,2,-44,-44,-44,-44,-44,1,1,1,1,2,2,1,2,"-44",2,-44,-44,-44,-44,-44,-44,-44,"-44",1,1,2,1,2,2,2,2,"-44",1,1,2,1,1,2,2,2,"-44",1,1,2,2,2,2,2,2,"-44",1,1,2,2,2,1,1,2,"-44",2,-44,-44,-44,-44,-44,-44,-44,"-44",2,-44,-44,-44,-44,-44,-44,-44,"-44",2,-44,-44,-44,-44,-44,-44,-44,"-44",2,-44,-44,-44,-44,-44,-44,-44,"-44",1,2,1,1,"Managers",1,1,1,2,2,2,2,6,"Sales workers","Managers","Sales workers",1,2,2,2,2,2,2,1,2,2,2,2,2,2,2,1,1,2,1,1,70,70,30,70,20,5,5,4,2,1,94000,19400,2,2,2,1,2,5,-44,-44,-44,-44,1,2,2,3,1,1,2,2,1,2,1,1,1,2,1,2,1,1,1,1,1,2,1,1,2,4,2,3,98300,19100,2,2,7,2,6,6,1,1,1,2,42,20,1,1,2,1,1,2,2,2,3,2,2,2,2,1,-44,1,1,-44,-44,-44,-44,-44,-44,-44,-44,1,1,4,4,4,4,3,2,4,4,4,4,4,2,2,2,2,2,2,2,2,3,2,1,-44,-44,-44,-44,-44,-44,-44,-44,-44,-44,2,3,4,4,4,4,4,4,4,1,4,2,2,2,-44,-44,-44,-44,-44,-44,"-44",-44,-44,-44,-44,-44,-44,"-44",2,1,-44,50,2,2,-44,-44,-44,-44,"-44",-44,-44,-44,-44,"-44",-44,-44,-44,-44,"-44",-44,-44,-44,-44,"-44",-44,-44,-44,-44,"-44",-44,-44,-44,-44,"-44",-44,"-44",-44,"-44",-44,-44,-44,-44,2,2,-44,-44,-44,-44,-44,"-44",-44,-44,-44,-44,-44,"-44",-44,-44,-44,-44,-44,-44,-44,-44,-44,-44,-44,-44,-44,-44,-44,-44,-44,-44,-44,-44,-44,-44,2,1,-44,4,1,2,4,4,3,2,-44,-44,-44,-44,-44,2,2,1,1,1,3,2,2,1,3,3,2,3,3,2,3,1,3,5,4,"-44",2,2,2,2,2,2,4,0,4,3,4,0,3,3,3,0,1,1,4,2,4,4,0,0,1,1,1,42,241900,1220800,14364000,1,43,2455200,1290200,23409900,50,2,2,1,4,"KISUMU",7,"-44","-44",41,118,201,1,-44,1,-44,10,16.3619995117188,"Kenya"
98250,2,3,"M1 through M5",-44,-44,"M6",-44,-44,"-44",2,-44,1990,3,"-44",1,16,55,23,32,0,0,0,1,3,3,3,66.6666666666667,0,0,1,36,36,36,61.1111111111111,0,0,1,2,2,2,0,0,0,1,2,2,2,100,0,2,-44,-44,-44,-44,-44,2,-44,-44,-44,-44,-44,2,-44,-44,-44,-44,-44,2,-44,-44,-44,-44,-44,1,2,2,2,0,0,1,10,10,10,60,0,2,-44,-44,-44,-44,-44,-44,-44,"-44",1,1,2,2,1,2,2,2,"-44",2,-44,-44,-44,-44,-44,-44,-44,"-44",2,-44,-44,-44,-44,-44,-44,-44,"-44",2,-44,-44,-44,-44,-44,-44,-44,"-44",2,-44,-44,-44,-44,-44,-44,-44,"-44",2,-44,-44,-44,-44,-44,-44,-44,"-44",2,-44,-44,-44,-44,-44,-44,-44,"-44",2,-44,-44,-44,-44,-44,-44,-44,"-44",2,-44,-44,-44,-44,-44,-44,-44,"-44",1,1,1,3,"Technicians and associate professionals",1,2,2,2,2,1,1,10,"Elementary occupations","Technicians and associate professionals","Elementary occupations",2,2,2,2,2,2,1,1,2,2,2,2,2,2,2,2,1,2,2,2,-44,-44,-44,-44,-44,-44,6,3,1,2,24000,10000,2,2,2,2,5,-44,-44,-44,-44,-44,-44,-44,5,-44,-44,-44,-44,-44,-44,-44,1,2,2,1,2,2,2,2,2,2,2,2,2,1,2,1,3,3,24000,10000,2,2,25,12,6,3,1,2,1,1,32,35,1,2,2,2,3,2,2,2,2,2,2,2,1,2,-44,-44,-44,-44,-44,-44,-44,-44,-44,-44,1,-44,1,4,4,4,2,4,4,4,4,4,4,3,3,2,3,2,2,2,2,2,2,3,3,-44,-44,-44,-44,-44,-44,-44,-44,-44,-44,-44,4,4,4,1,2,4,4,4,3,4,4,1,2,2,2,2,2,1,2,"-44",-44,-44,-44,-44,-44,-44,"-44",2,2,-44,-44,2,2,-44,-44,-44,-44,"-44",-44,-44,-44,-44,"-44",-44,-44,-44,-44,"-44",-44,-44,-44,-44,"-44",-44,-44,-44,-44,"-44",-44,-44,-44,-44,"-44",-44,"-44",-44,"-44",-44,-44,-44,-44,2,2,-44,-44,-44,-44,-44,"-44",-44,-44,-44,-44,-44,"-44",-44,-44,-44,-44,-44,-44,-44,-44,-44,-44,-44,-44,-44,-44,-44,-44,-44,-44,-44,-44,-44,-44,2,2,-44,-44,5,5,5,3,5,2,-44,-44,-44,-44,-44,1,1,1,1,1,3,3,2,3,3,3,3,3,3,3,1,3,4,4,1,"-44",2,2,2,2,2,2,0,0,3,1,0,0,0,4,3,4,0,0,0,0,0,0,0,1,4,2,6,55,12492000,5760000,56070000,6,55,12492000,5900000,58500000,100,1,2,2,3,"KISUMU",16,"-44","-44",55,106,999,1,-44,1,-44,10,16.3619995117188,"Kenya"
21162,1,2,"M1 through M5",-44,-44,"M6",-44,-44,"-44",2,-44,2005,2,"-44",1,18,26,24,2,0,0,0,1,2,2,2,0,0,0,1,5,5,5,20,0,0,1,8,8,8,12.5,0,0,1,1,1,1,0,0,1,5,5,5,0,0,1,5,5,5,0,1,2,-44,-44,-44,-44,-44,2,-44,-44,-44,-44,-44,2,-44,-44,-44,-44,-44,2,-44,-44,-44,-44,-44,1,1,1,2,1,1,1,2,"-44",1,1,1,1,1,2,2,2,"-44",1,1,2,2,2,1,2,2,"-44",2,-44,-44,-44,-44,-44,-44,-44,"-44",1,1,2,2,1,2,1,2,"-44",1,1,2,1,2,2,2,2,"-44",2,-44,-44,-44,-44,-44,-44,-44,"-44",2,-44,-44,-44,-44,-44,-44,-44,"-44",2,-44,-44,-44,-44,-44,-44,-44,"-44",2,-44,-44,-44,-44,-44,-44,-44,"-44",1,1,1,1,"Managers",1,1,1,2,2,2,2,5,"Service workers","Managers","Service workers",2,2,2,2,2,2,1,2,1,2,2,2,2,2,2,2,1,2,1,1,50,50,50,50,20,5,6,5,1,1,89000,33000,2,2,1,2,5,-44,-44,-44,-44,-44,-44,-44,5,-44,-44,-44,-44,-44,-44,-44,2,1,1,1,2,1,2,1,2,2,1,2,2,2,3,2,1,1,102000,36000,2,2,6,0,5,6,1,2,1,1,41,27,1,1,1,2,2,3,1,1,2,1,1,2,1,2,1,-44,-44,-44,1,1,-44,1,1,-44,2,-44,4,4,4,2,3,1,4,4,4,4,4,4,1,3,1,1,1,1,2,2,2,1,1,1,-44,2,2,2,1,-44,-44,-44,2,1,4,4,4,4,1,4,4,4,4,2,3,2,2,-44,-44,-44,-44,-44,-44,"-44",-44,-44,-44,-44,-44,-44,"-44",1,1,60,75,2,1,-44,-44,-44,-44,"-44",2,1,1,-44,"-44",-44,-44,-44,-44,"-44",-44,-44,-44,-44,"-44",-44,20,40,-44,"-44",-44,5,4,-44,"-44",-44,"-44",5,"-44",-44,6,-44,85000,2,2,-44,-44,-44,-44,-44,"-44",-44,-44,-44,-44,-44,"-44",-44,-44,-44,-44,-44,-44,-44,-44,-44,-44,-44,-44,-44,-44,-44,-44,-44,-44,-44,-44,-44,-44,1,1,4,4,4,2,3,2,2,2,-44,-44,-44,-44,-44,4,3,1,2,5,3,3,3,1,2,3,3,1,3,3,2,3,4,5,1,"-44",1,2,2,2,1,2,1,3,1,4,1,0,3,2,2,2,2,3,1,0,0,0,2,0,4,1,6,22,4512000,5264000,16480000,6,26,5400000,5640000,23500000,100,1,1,1,4,"KISUMU",18,"-44","-44",26,103,999,1,-44,1,-44,10,16.3619995117188,"Kenya"
54712,1,2,"M1 through M5",-44,-44,"M6",-44,-44,"-44",2,-44,2002,1,"-44",1,7,31,21,10,0,0,0,1,1,1,1,0,0,0,1,13,12,13,38.4615384615385,7.69230769230769,0,1,4,4,6,100,0,1,1,10,10,1,0,0,1,3,2,3,33.3333333333333,1,2,-44,-44,-44,-44,-44,2,-44,-44,-44,-44,-44,2,-44,-44,-44,-44,-44,2,-44,-44,-44,-44,-44,2,-44,-44,-44,-44,-44,1,2,1,2,2,2,2,2,"-44",1,1,1,2,1,2,2,2,"-44",1,1,2,2,2,2,2,2,"-44",1,1,1,1,2,2,2,2,"-44",1,1,2,2,2,1,2,2,"-44",2,-44,-44,-44,-44,-44,-44,-44,"-44",2,-44,-44,-44,-44,-44,-44,-44,"-44",2,-44,-44,-44,-44,-44,-44,-44,"-44",2,-44,-44,-44,-44,-44,-44,-44,"-44",2,-44,-44,-44,-44,-44,-44,-44,"-44",1,1,1,2,"Professionals",1,1,2,2,2,2,2,5,"Service workers","Professionals","Service workers",2,2,1,2,1,2,2,1,2,2,1,2,2,1,2,1,1,1,1,1,70,20,80,20,30,5,6,5,1,1,93700,30700,2,2,1,2,3,5,-44,-44,-44,-44,-44,-44,2,3,5,-44,-44,-44,1,2,1,1,1,2,1,1,1,1,1,2,2,1,2,1,4,2,3,1,99100,26400,2,2,8,0,6,5,2,1,1,1,31,45,2,1,1,2,1,1,2,2,2,2,2,3,2,2,1,-44,1,1,-44,-44,-44,-44,-44,-44,-44,-44,4,4,4,3,4,4,4,1,4,2,4,4,2,3,1,2,2,2,2,3,2,3,2,-44,-44,1,-44,-44,-44,-44,-44,-44,-44,-44,4,4,4,4,4,1,2,4,3,4,4,1,1,1,2,1,2,2,2,"-44",1,2,2,2,2,2,"-44",2,2,-44,-44,2,2,-44,-44,-44,-44,"-44",-44,-44,-44,-44,"-44",-44,-44,-44,-44,"-44",-44,-44,-44,-44,"-44",-44,-44,-44,-44,"-44",-44,-44,-44,-44,"-44",-44,"-44",-44,"-44",-44,-44,-44,-44,2,2,-44,-44,-44,-44,-44,"-44",-44,-44,-44,-44,-44,"-44",-44,-44,-44,-44,-44,-44,-44,-44,-44,-44,-44,-44,-44,-44,-44,-44,-44,-44,-44,-44,-44,-44,2,2,-44,-44,4,3,3,5,3,1,1,5,4,4,5,2,1,3,1,4,1,3,3,3,3,1,3,3,3,1,3,3,5,5,1,"-44",1,2,1,2,2,1,4,1,3,3,0,1,3,3,0,4,1,0,2,4,0,0,1,1,0,1,12,23,7938000,3530800,98208000,12,24,8534700,3996400,85708800,30,1,1,1,4,"KISUMU",7,"-44","-44",31,117,201,1,-44,1,-44,10,16.3619995117188,"Kenya"
98259,1,2,"M1 through M5",-44,-44,"M6",-44,-44,"-44",2,-44,1998,1,"-44",1,3,31,27,4,0,0,0,1,2,2,2,0,0,0,1,1,1,1,100,0,0,2,-44,-44,-44,-44,-44,-44,1,1,1,1,100,0,2,-44,-44,-44,-44,-44,1,6,6,6,16.6666666666667,0,2,-44,-44,-44,-44,-44,1,18,16,18,0,0,1,1,1,1,0,0,1,2,2,2,50,0,2,-44,-44,-44,-44,-44,-44,-44,"-44",2,-44,-44,-44,-44,-44,-44,-44,"-44",2,-44,-44,-44,-44,-44,-44,-44,"-44",2,-44,-44,-44,-44,-44,-44,-44,"-44",2,-44,-44,-44,-44,-44,-44,-44,"-44",1,1,2,1,1,2,1,2,"-44",2,-44,-44,-44,-44,-44,-44,-44,"-44",1,2,2,2,2,2,2,2,"-44",2,-44,-44,-44,-44,-44,-44,-44,"-44",2,-44,-44,-44,-44,-44,-44,-44,"-44",1,1,2,2,"Professionals",1,2,1,2,1,1,1,6,"Sales workers","Professionals","Sales workers",2,2,2,2,2,2,1,2,2,2,2,2,1,2,2,1,1,2,2,1,-44,40,60,40,-44,21,6,6,2,1,45000,22000,2,2,1,2,5,-44,-44,-44,-44,-44,-44,-44,2,1,5,2,1,2,1,2,1,1,1,2,2,2,2,1,2,1,2,1,1,2,3,2,3,3,45000,28000,2,2,6,10,6,5,2,1,1,1,38,35,2,1,2,2,3,2,2,2,2,2,2,1,2,2,-44,-44,-44,-44,-44,-44,-44,-44,-44,1,-44,-44,1,2,4,4,4,4,4,4,4,4,3,4,2,2,3,2,2,2,2,1,1,2,2,-44,-44,-44,-44,-44,-44,-44,2,1,-44,-44,1,2,4,4,4,4,4,3,4,4,4,2,2,-44,-44,-44,-44,-44,-44,"-44",-44,-44,-44,-44,-44,-44,"-44",2,1,-44,100,2,2,-44,-44,-44,-44,"-44",-44,-44,-44,-44,"-44",-44,-44,-44,-44,"-44",-44,-44,-44,-44,"-44",-44,-44,-44,-44,"-44",-44,-44,-44,-44,"-44",-44,"-44",-44,"-44",-44,-44,-44,-44,2,2,-44,-44,-44,-44,-44,"-44",-44,-44,-44,-44,-44,"-44",-44,-44,-44,-44,-44,-44,-44,-44,-44,-44,-44,-44,-44,-44,-44,-44,-44,-44,-44,-44,-44,-44,2,1,-44,3,4,5,4,2,3,2,-44,-44,-44,-44,-44,1,1,1,4,4,3,3,2,3,1,3,3,3,1,1,3,3,3,3,2,"-44",2,1,1,1,2,2,2,0,0,2,0,0,1,3,3,4,0,0,0,0,0,0,0,0,2,2,6,26,7740000,116400000,174000000,6,31,9072000,127400000,189500000,100,1,1,1,3,"KISUMU",3,"-44","-44",31,106,999,1,-44,1,-44,10,16.3619995117188,"Kenya"
98390,1,2,"M1 through M5",-44,-44,"M6",-44,-44,"-44",2,-44,2002,1,"-44",1,7,15,14,1,0,0,0,1,2,2,2,0,0,0,2,-44,-44,-44,-44,-44,-44,1,1,1,1,0,0,0,1,2,2,2,50,0,1,8,8,8,0,0,1,2,2,2,0,0,2,-44,-44,-44,-44,-44,2,-44,-44,-44,-44,-44,2,-44,-44,-44,-44,-44,2,-44,-44,-44,-44,-44,1,2,2,2,2,2,2,2,"-44",2,-44,-44,-44,-44,-44,-44,-44,"-44",2,-44,-44,-44,-44,-44,-44,-44,"-44",2,-44,-44,-44,-44,-44,-44,-44,"-44",1,1,2,2,2,1,2,2,"-44",2,-44,-44,-44,-44,-44,-44,-44,"-44",2,-44,-44,-44,-44,-44,-44,-44,"-44",2,-44,-44,-44,-44,-44,-44,-44,"-44",2,-44,-44,-44,-44,-44,-44,-44,"-44",2,-44,-44,-44,-44,-44,-44,-44,"-44",1,2,1,3,"Technicians and associate professionals",1,1,1,2,2,2,2,5,"Service workers","Technicians and associate professionals","Service workers",2,2,1,1,2,1,1,1,2,2,2,1,1,2,1,2,1,2,2,1,-44,10,90,10,-44,30,6,5,1,1,20000,10000,2,2,1,1,1,2,4,2,1,2,1,2,2,1,4,2,1,2,1,2,1,1,1,1,2,1,1,1,1,1,1,2,2,1,3,2,1,2,20000,10000,2,2,2,1,6,5,1,1,1,1,35,27,1,1,2,2,1,2,2,2,2,2,2,2,2,2,-44,-44,2,-44,-44,-44,-44,-44,-44,-44,-44,-44,2,3,4,4,4,4,4,4,4,4,4,1,2,2,1,2,2,2,2,2,2,2,2,-44,-44,2,-44,-44,-44,-44,-44,-44,-44,-44,1,2,4,3,4,4,4,4,4,4,4,2,2,-44,-44,-44,-44,-44,-44,"-44",-44,-44,-44,-44,-44,-44,"-44",2,2,-44,-44,2,2,-44,-44,-44,-44,"-44",-44,-44,-44,-44,"-44",-44,-44,-44,-44,"-44",-44,-44,-44,-44,"-44",-44,-44,-44,-44,"-44",-44,-44,-44,-44,"-44",-44,"-44",-44,"-44",-44,-44,-44,-44,2,2,-44,-44,-44,-44,-44,"-44",-44,-44,-44,-44,-44,"-44",-44,-44,-44,-44,-44,-44,-44,-44,-44,-44,-44,-44,-44,-44,-44,-44,-44,-44,-44,-44,-44,-44,2,2,-44,-44,4,2,2,4,4,2,-44,-44,-44,-44,-44,1,1,1,5,5,1,2,2,1,1,2,2,1,1,1,2,1,3,3,1,"-44",2,1,1,1,1,2,3,3,2,3,3,3,3,3,3,1,2,2,2,2,2,2,2,2,3,2,12,14,2160000,1000000,4000000,12,15,2400000,1200000,4100000,60,1,2,2,2,"KISUMU",7,"-44","-44",15,102,102,1,-44,1,-44,10,16.3619995117188,"Kenya"
60559,1,3,"M1 through M5",-44,-44,"M6",-44,-44,"-44",2,-44,1993,1,"-44",1,10,43,18,25,0,0,0,1,2,2,3,100,0,0,2,-44,-44,-44,-44,-44,-44,1,34,34,30,50,0,3,2,-44,-44,-44,-44,-44,1,7,7,7,85.7142857142857,0,2,-44,-44,-44,-44,-44,2,-44,-44,-44,-44,-44,2,-44,-44,-44,-44,-44,2,-44,-44,-44,-44,-44,2,-44,-44,-44,-44,-44,2,-44,-44,-44,-44,-44,-44,-44,"-44",2,-44,-44,-44,-44,-44,-44,-44,"-44",2,-44,-44,-44,-44,-44,-44,-44,"-44",2,-44,-44,-44,-44,-44,-44,-44,"-44",2,-44,-44,-44,-44,-44,-44,-44,"-44",2,-44,-44,-44,-44,-44,-44,-44,"-44",2,-44,-44,-44,-44,-44,-44,-44,"-44",2,-44,-44,-44,-44,-44,-44,-44,"-44",2,-44,-44,-44,-44,-44,-44,-44,"-44",2,-44,-44,-44,-44,-44,-44,-44,"-44",1,2,1,3,"Technicians and associate professionals",2,1,2,2,2,2,2,5,"Service workers","Technicians and associate professionals","Service workers",2,2,2,1,1,1,2,2,2,2,2,2,2,2,2,1,2,2,2,2,-44,-44,-44,-44,-44,-44,6,5,1,2,31400,17000,2,2,1,2,5,-44,-44,-44,-44,-44,-44,-44,5,-44,-44,-44,-44,-44,-44,-44,1,1,1,1,2,1,2,1,2,2,2,2,2,1,2,3,3,1,37400,16700,2,2,5,5,6,6,2,1,1,2,31,40,2,1,2,2,2,3,2,2,2,2,2,2,3,2,-44,-44,-44,-44,-44,-44,-44,-44,-44,-44,-44,-44,2,4,4,4,4,1,4,4,4,3,4,4,1,3,2,2,2,3,2,1,3,2,2,1,-44,-44,-44,-44,-44,-44,2,-44,-44,-44,4,4,4,4,2,4,4,4,1,4,3,1,1,1,2,2,1,2,2,"-44",2,2,2,2,1,2,"-44",2,2,-44,-44,2,2,-44,-44,-44,-44,"-44",-44,-44,-44,-44,"-44",-44,-44,-44,-44,"-44",-44,-44,-44,-44,"-44",-44,-44,-44,-44,"-44",-44,-44,-44,-44,"-44",-44,"-44",-44,"-44",-44,-44,-44,-44,2,2,-44,-44,-44,-44,-44,"-44",-44,-44,-44,-44,-44,"-44",-44,-44,-44,-44,-44,-44,-44,-44,-44,-44,-44,-44,-44,-44,-44,-44,-44,-44,-44,-44,-44,-44,2,2,-44,-44,2,5,1,5,4,1,4,1,5,2,3,3,1,1,4,1,3,3,3,3,1,2,3,3,1,3,3,3,3,4,2,"-44",2,2,2,2,2,1,0,4,2,0,1,0,0,2,1,1,0,4,1,0,1,4,4,0,4,2,12,43,8316000,9504000,159216000,12,43,9244800,16324000,191919000,50,1,1,2,4,"KISUMU",10,"-44","-44",43,117,201,1,-44,1,-44,10,16.3619995117188,"Kenya"
98299,2,3,"M1 through M5",-44,-44,"M6",-44,-44,"-44",2,-44,1965,7,"-44",1,16,45,18,27,0,0,0,1,1,1,1,100,0,0,1,33,33,33,63.6363636363636,6.06060606060606,0,1,1,1,1,0,0,0,1,1,1,1,100,0,2,-44,-44,-44,-44,-44,2,-44,-44,-44,-44,-44,2,-44,-44,-44,-44,-44,2,-44,-44,-44,-44,-44,1,1,1,1,0,0,1,8,8,8,50,0,2,-44,-44,-44,-44,-44,-44,-44,"-44",1,1,2,2,2,2,2,2,"-44",2,-44,-44,-44,-44,-44,-44,-44,"-44",2,-44,-44,-44,-44,-44,-44,-44,"-44",2,-44,-44,-44,-44,-44,-44,-44,"-44",2,-44,-44,-44,-44,-44,-44,-44,"-44",2,-44,-44,-44,-44,-44,-44,-44,"-44",2,-44,-44,-44,-44,-44,-44,-44,"-44",2,-44,-44,-44,-44,-44,-44,-44,"-44",2,-44,-44,-44,-44,-44,-44,-44,"-44",1,1,1,2,"Professionals",1,2,2,2,2,1,1,4,"Clerical and support workers","Professionals","Clerical and support workers",1,2,2,2,2,2,1,1,2,2,2,2,2,2,2,1,1,2,1,2,50,-44,-44,-44,28,-44,6,5,2,2,32000,18000,2,2,2,1,5,-44,-44,-44,-44,-44,-44,-44,5,-44,-44,-44,-44,-44,-44,-44,1,1,1,2,2,2,1,1,1,2,2,2,2,1,2,3,3,2,32000,18000,2,2,14,4,6,5,1,1,1,1,38,40,2,2,2,2,3,2,2,2,2,2,2,2,2,2,-44,-44,-44,-44,-44,-44,-44,-44,-44,-44,-44,-44,1,2,4,4,4,3,4,4,4,4,4,4,2,2,3,2,2,2,2,2,2,2,2,-44,-44,-44,-44,-44,-44,-44,-44,-44,-44,-44,4,1,4,4,2,3,4,4,4,4,4,1,2,2,2,2,2,1,2,"-44",-44,-44,-44,-44,-44,-44,"-44",2,2,-44,-44,2,2,-44,-44,-44,-44,"-44",-44,-44,-44,-44,"-44",-44,-44,-44,-44,"-44",-44,-44,-44,-44,"-44",-44,-44,-44,-44,"-44",-44,-44,-44,-44,"-44",-44,"-44",-44,"-44",-44,-44,-44,-44,2,2,-44,-44,-44,-44,-44,"-44",-44,-44,-44,-44,-44,"-44",-44,-44,-44,-44,-44,-44,-44,-44,-44,-44,-44,-44,-44,-44,-44,-44,-44,-44,-44,-44,-44,-44,2,2,-44,-44,4,5,3,3,4,2,-44,-44,-44,-44,-44,1,1,1,1,1,3,3,3,3,3,3,3,3,3,3,3,3,3,3,1,"-44",2,2,1,1,1,2,0,0,4,0,0,0,3,3,3,3,0,0,0,0,0,0,0,0,3,2,6,32,8076000,13200000,31200000,6,32,8076000,13640000,34705000,100,1,1,1,4,"AHERO",16,"-44","-44",45,106,999,1,-44,1,-44,10,16.3619995117188,"Kenya"
21069,1,3,"M1 through M5",-44,-44,"M6",-44,-44,"-44",1,1986,1986,4,"-44",1,3,52,48,4,0,0,0,1,4,4,4,0,0,0,1,4,4,4,0,0,0,1,2,2,2,0,0,1,1,3,3,3,100,0,1,37,37,37,0,0,1,2,2,2,50,0,2,-44,-44,-44,-44,-44,2,-44,-44,-44,-44,-44,2,-44,-44,-44,-44,-44,2,-44,-44,-44,-44,-44,2,-44,-44,-44,-44,-44,-44,-44,"-44",2,-44,-44,-44,-44,-44,-44,-44,"-44",2,-44,-44,-44,-44,-44,-44,-44,"-44",2,-44,-44,-44,-44,-44,-44,-44,"-44",2,-44,-44,-44,-44,-44,-44,-44,"-44",2,-44,-44,-44,-44,-44,-44,-44,"-44",1,2,2,2,2,2,2,2,"-44",2,-44,-44,-44,-44,-44,-44,-44,"-44",2,-44,-44,-44,-44,-44,-44,-44,"-44",2,-44,-44,-44,-44,-44,-44,-44,"-44",1,1,1,1,"Managers",1,1,1,2,2,2,2,4,"Clerical and support workers","Managers","Clerical and support workers",2,2,2,2,2,2,2,2,2,2,2,2,2,2,2,2,2,2,2,2,-44,-44,-44,-44,-44,-44,6,5,1,2,888998,888998,2,2,1,1,1,2,5,2,1,2,1,2,5,-44,-44,-44,-44,-44,-44,-44,2,2,2,2,2,2,2,2,2,2,2,2,2,2,1,1,3,3,888998,888998,-44,-44,12,6,6,5,1,2,1,1,40,30,1,2,1,1,1,1,1,1,1,1,1,1,1,1,1,1,1,1,1,1,1,1,1,1,1,1,1,2,4,3,4,4,4,4,4,4,4,4,1,1,1,1,1,1,1,1,1,1,1,1,1,1,1,1,1,1,1,1,1,1,1,2,4,3,4,4,4,4,4,4,4,1,1,2,2,2,2,1,2,"-44",2,2,2,2,1,2,"-44",2,2,-44,-44,2,2,-44,-44,-44,-44,"-44",-44,-44,-44,-44,"-44",-44,-44,-44,-44,"-44",-44,-44,-44,-44,"-44",-44,-44,-44,-44,"-44",-44,-44,-44,-44,"-44",-44,"-44",-44,"-44",-44,-44,-44,-44,2,2,-44,-44,-44,-44,-44,"-44",-44,-44,-44,-44,-44,"-44",-44,-44,-44,-44,-44,-44,-44,-44,-44,-44,-44,-44,-44,-44,-44,-44,-44,-44,-44,-44,-44,-44,2,2,-44,-44,5,4,4,5,5,2,-44,-44,-44,-44,-44,1,2,2,4,4,1,2,3,1,1,1,1,3,3,3,3,1,3,3,1,"-44",2,1,1,1,1,1,0,1,0,3,3,3,3,4,4,3,2,1,1,1,1,1,0,0,1,1,12,52,888998,2280000,888998,12,52,888998,2280000,888998,100,2,1,2,3,"KISUMU",3,"-44","-44",52,102,102,1,-44,1,-44,10,16.3619995117188,"Kenya"
98386,2,2,"M1 through M5",-44,-44,"M6",-44,-44,"-44",1,1992,2001,1,"-44",1,16,61,22,39,0,0,0,1,10,10,10,50,0,1,1,18,18,18,55.5555555555556,0,0,2,-44,-44,-44,-44,-44,-44,1,11,11,11,81.8181818181818,0,1,22,22,22,68.1818181818182,0,2,-44,-44,-44,-44,-44,2,-44,-44,-44,-44,-44,2,-44,-44,-44,-44,-44,2,-44,-44,-44,-44,-44,2,-44,-44,-44,-44,-44,1,1,1,1,2,2,2,2,"-44",1,1,1,1,2,2,1,2,"-44",2,-44,-44,-44,-44,-44,-44,-44,"-44",2,-44,-44,-44,-44,-44,-44,-44,"-44",1,1,1,2,1,1,1,2,"-44",2,-44,-44,-44,-44,-44,-44,-44,"-44",2,-44,-44,-44,-44,-44,-44,-44,"-44",2,-44,-44,-44,-44,-44,-44,-44,"-44",2,-44,-44,-44,-44,-44,-44,-44,"-44",2,-44,-44,-44,-44,-44,-44,-44,"-44",1,1,2,2,"Professionals",1,1,2,2,2,2,2,5,"Service workers","Professionals","Service workers",2,2,2,1,1,1,1,1,1,2,2,2,2,2,2,2,2,1,1,1,40,40,60,40,14,14,6,2,1,2,33000,6000,2,2,2,2,5,-44,-44,-44,-44,-44,-44,-44,5,-44,-44,-44,-44,-44,-44,-44,1,1,1,1,2,1,2,2,2,2,2,2,2,2,3,1,3,3,33000,6000,2,2,9,24,6,1,1,2,2,2,35,26,1,1,1,2,2,2,1,1,1,1,1,1,1,1,1,-44,-44,-44,2,1,1,1,1,1,1,1,4,4,4,4,4,4,1,2,3,4,4,4,2,2,2,2,1,1,2,2,1,2,2,-44,-44,-44,-44,1,1,-44,-44,1,-44,-44,4,4,4,2,1,4,4,3,4,4,4,1,2,1,1,1,1,1,2,"-44",-44,-44,-44,-44,-44,-44,"-44",1,2,50,-44,2,2,-44,-44,-44,-44,"-44",-44,-44,-44,-44,"-44",-44,-44,-44,-44,"-44",-44,-44,-44,-44,"-44",-44,-44,-44,-44,"-44",-44,-44,-44,-44,"-44",-44,"-44",-44,"-44",-44,-44,-44,-44,2,2,-44,-44,-44,-44,-44,"-44",-44,-44,-44,-44,-44,"-44",-44,-44,-44,-44,-44,-44,-44,-44,-44,-44,-44,-44,-44,-44,-44,-44,-44,-44,-44,-44,-44,-44,1,2,3,-44,2,2,4,1,1,1,2,2,4,1,1,1,5,3,1,3,1,3,2,2,2,3,2,2,2,2,1,1,3,4,1,"-44",1,1,1,1,1,1,1,1,2,2,0,1,2,1,3,1,3,3,1,1,0,0,3,0,2,1,6,61,12000000,5500000,15000000,6,61,12000000,5500000,15000000,100,1,1,1,3,"KISUMU",16,"-44","-44",61,102,102,1,-44,1,-44,10,16.3619995117188,"Kenya"
10056,2,2,"M1 through M5",-44,-44,"M6",-44,-44,"-44",1,1992,1998,3,"-44",1,7,7,4,3,0,0,0,1,1,1,1,0,0,1,1,1,1,1,100,0,0,1,2,2,2,0,0,0,1,1,1,1,100,0,2,-44,-44,-44,-44,-44,1,1,1,1,0,0,2,-44,-44,-44,-44,-44,2,-44,-44,-44,-44,-44,2,-44,-44,-44,-44,-44,1,1,1,1,100,0,2,-44,-44,-44,-44,-44,-44,-44,"-44",2,-44,-44,-44,-44,-44,-44,-44,"-44",1,1,2,2,1,1,2,2,"-44",2,-44,-44,-44,-44,-44,-44,-44,"-44",2,-44,-44,-44,-44,-44,-44,-44,"-44",2,-44,-44,-44,-44,-44,-44,-44,"-44",2,-44,-44,-44,-44,-44,-44,-44,"-44",2,-44,-44,-44,-44,-44,-44,-44,"-44",2,-44,-44,-44,-44,-44,-44,-44,"-44",2,-44,-44,-44,-44,-44,-44,-44,"-44",1,1,1,2,"Professionals",1,2,1,2,2,2,1,6,"Sales workers","Professionals","Sales workers",2,2,2,2,2,2,1,1,2,2,2,2,2,2,2,2,1,2,2,2,-44,-44,-44,-44,-44,-44,6,5,2,1,50000,21000,2,2,1,1,5,-44,-44,-44,-44,-44,-44,-44,5,-44,-44,-44,-44,-44,-44,-44,1,1,1,2,2,2,1,1,1,1,2,2,1,2,3,2,3,3,50000,21000,2,2,18,12,6,5,1,1,1,2,32,35,2,1,2,2,3,2,2,2,2,2,2,2,2,2,-44,-44,-44,-44,-44,-44,-44,-44,-44,-44,-44,-44,1,2,4,4,4,4,4,4,4,3,4,4,2,2,3,2,1,2,2,2,2,2,2,-44,-44,-44,-44,2,-44,-44,-44,-44,-44,-44,1,2,4,4,3,4,4,4,4,4,4,2,2,-44,-44,-44,-44,-44,-44,"-44",-44,-44,-44,-44,-44,-44,"-44",2,2,-44,-44,2,2,-44,-44,-44,-44,"-44",-44,-44,-44,-44,"-44",-44,-44,-44,-44,"-44",-44,-44,-44,-44,"-44",-44,-44,-44,-44,"-44",-44,-44,-44,-44,"-44",-44,"-44",-44,"-44",-44,-44,-44,-44,2,2,-44,-44,-44,-44,-44,"-44",-44,-44,-44,-44,-44,"-44",-44,-44,-44,-44,-44,-44,-44,-44,-44,-44,-44,-44,-44,-44,-44,-44,-44,-44,-44,-44,-44,-44,2,2,-44,-44,4,4,3,2,3,2,-44,-44,-44,-44,-44,2,1,1,2,1,3,3,888997,3,3,888997,3,3,3,3,2,3,2,3,1,"-44",1,2,2,2,2,2,1,0,0,2,4,0,0,3,2,3,0,0,0,0,0,0,0,0,2,2,12,7,2652000,6000000,18000000,12,7,2652000,6000000,18000000,100,1,1,1,4,"KISUMU",7,"-44","-44",7,106,999,1,-44,1,-44,10,16.3619995117188,"Kenya"
71572,1,2,"M1 through M5",-44,-44,"M6",-44,-44,"-44",2,-44,2007,1,"-44",1,7,28,7,21,0,0,0,1,5,5,5,100,0,0,1,10,10,11,90,0,0,1,5,5,1,20,0,0,1,2,2,2,50,0,2,-44,-44,-44,-44,-44,1,4,4,5,100,0,2,-44,-44,-44,-44,-44,2,-44,-44,-44,-44,-44,1,2,2,2,50,0,2,-44,-44,-44,-44,-44,2,-44,-44,-44,-44,-44,-44,-44,"-44",1,1,1,2,1,2,1,2,"-44",1,1,2,2,1,1,1,2,"-44",2,-44,-44,-44,-44,-44,-44,-44,"-44",2,-44,-44,-44,-44,-44,-44,-44,"-44",2,-44,-44,-44,-44,-44,-44,-44,"-44",2,-44,-44,-44,-44,-44,-44,-44,"-44",2,-44,-44,-44,-44,-44,-44,-44,"-44",2,-44,-44,-44,-44,-44,-44,-44,"-44",2,-44,-44,-44,-44,-44,-44,-44,"-44",1,1,1,2,"Professionals",1,2,1,2,2,1,2,6,"Sales workers","Professionals","Sales workers",1,2,2,2,2,1,1,1,2,2,2,2,2,2,2,1,1,2,1,2,60,-44,-44,-44,20,-44,6,5,2,1,35300,24900,2,2,1,2,3,2,5,-44,-44,-44,1,2,2,1,5,1,2,2,2,1,1,1,2,1,2,1,2,1,1,1,2,2,1,1,2,3,1,3,39800,35000,2,2,6,12,6,6,2,1,1,1,25,21,1,2,2,2,2,2,1,3,3,2,3,1,2,1,-44,-44,-44,-44,1,-44,-44,-44,-44,2,-44,2,1,4,4,2,4,4,4,3,4,4,4,4,2,2,2,3,2,2,2,2,2,2,1,-44,-44,-44,-44,-44,-44,-44,-44,-44,-44,1,3,4,4,4,2,1,4,4,4,4,4,2,2,-44,-44,-44,-44,-44,-44,"-44",-44,-44,-44,-44,-44,-44,"-44",2,2,-44,-44,2,2,-44,-44,-44,-44,"-44",-44,-44,-44,-44,"-44",-44,-44,-44,-44,"-44",-44,-44,-44,-44,"-44",-44,-44,-44,-44,"-44",-44,-44,-44,-44,"-44",-44,"-44",-44,"-44",-44,-44,-44,-44,2,2,-44,-44,-44,-44,-44,"-44",-44,-44,-44,-44,-44,"-44",-44,-44,-44,-44,-44,-44,-44,-44,-44,-44,-44,-44,-44,-44,-44,-44,-44,-44,-44,-44,-44,-44,2,2,-44,-44,2,4,2,5,3,2,-44,-44,-44,-44,-44,2,2,4,1,3,3,3,1,1,1,3,3,1,1,1,1,2,2,2,1,"-44",2,2,2,2,2,2,2,4,4,2,0,1,1,0,1,0,4,4,1,0,0,3,2,4,0,2,11,28,33681000,9555000,57904000,11,28,30184700,11575200,62920000,10,2,2,1,4,"KISUMU",7,"-44","-44",28,117,201,1,-44,1,-44,10,16.3619995117188,"Kenya"
21057,2,3,"M1 through M5",-44,-44,"M6",-44,-44,"-44",2,-44,1991,3,"-44",1,3,21,9,12,3,2,1,1,2,2,2,50,0,0,2,-44,-44,-44,-44,-44,-44,1,8,6,9,62.5,25,0,1,14,9,16,50,0,2,-44,-44,-44,-44,-44,2,-44,-44,-44,-44,-44,2,-44,-44,-44,-44,-44,2,-44,-44,-44,-44,-44,2,-44,-44,-44,-44,-44,2,-44,-44,-44,-44,-44,1,1,1,2,1,1,1,2,"-44",2,-44,-44,-44,-44,-44,-44,-44,"-44",1,1,1,1,2,2,1,2,"-44",1,1,1,1,1,1,1,2,"-44",2,-44,-44,-44,-44,-44,-44,-44,"-44",2,-44,-44,-44,-44,-44,-44,-44,"-44",2,-44,-44,-44,-44,-44,-44,-44,"-44",2,-44,-44,-44,-44,-44,-44,-44,"-44",2,-44,-44,-44,-44,-44,-44,-44,"-44",2,-44,-44,-44,-44,-44,-44,-44,"-44",1,2,1,3,"Technicians and associate professionals",1,2,2,2,2,2,2,4,"Clerical and support workers","Technicians and associate professionals","Clerical and support workers",2,1,1,2,2,2,2,1,2,2,2,2,2,2,2,2,1,2,1,1,60,30,70,30,30,5,5,5,2,1,39000,22000,2,2,1,1,2,1,5,2,2,1,1,2,3,5,-44,-44,-44,-44,-44,-44,1,1,2,1,2,1,1,2,2,2,1,2,2,2,3,3,1,2,45000,24000,2,2,7,4,5,4,1,2,1,2,60,25,1,1,1,2,3,2,3,2,2,2,2,2,1,1,1,-44,-44,-44,-44,-44,-44,-44,-44,-44,1,1,4,4,4,3,2,4,4,4,4,4,4,1,1,1,3,2,1,1,2,2,2,2,1,2,2,-44,-44,1,1,-44,-44,-44,-44,2,4,1,4,4,4,4,2,3,4,4,4,2,2,-44,-44,-44,-44,-44,-44,"-44",-44,-44,-44,-44,-44,-44,"-44",2,2,-44,-44,2,2,-44,-44,-44,-44,"-44",-44,-44,-44,-44,"-44",-44,-44,-44,-44,"-44",-44,-44,-44,-44,"-44",-44,-44,-44,-44,"-44",-44,-44,-44,-44,"-44",-44,"-44",-44,"-44",-44,-44,-44,-44,2,2,-44,-44,-44,-44,-44,"-44",-44,-44,-44,-44,-44,"-44",-44,-44,-44,-44,-44,-44,-44,-44,-44,-44,-44,-44,-44,-44,-44,-44,-44,-44,-44,-44,-44,-44,2,2,-44,-44,4,3,5,3,4,2,-44,-44,-44,-44,-44,2,1,3,1,4,1,2,3,1,3,3,2,2,1,1,2,3,4,2,3,"-44",1,2,2,1,2,1,0,3,0,2,0,3,2,2,0,1,2,0,4,1,1,4,4,4,0,1,12,27,6677000,2640000,14250000,12,25,7711000,3300000,16200000,100,1,1,1,4,"KISUMU",3,"-44","-44",24,108,999,1,-44,1,-44,10,16.3619995117188,"Kenya"
98374,1,2,"M1 through M5",-44,-44,"M6",-44,-44,"-44",2,-44,2007,1,"-44",1,19,73,63,10,0,0,0,1,1,1,1,0,0,0,2,-44,-44,-44,-44,-44,-44,2,-44,-44,-44,-44,-44,-44,1,3,3,3,0,0,1,69,69,69,14.4927536231884,0,2,-44,-44,-44,-44,-44,2,-44,-44,-44,-44,-44,2,-44,-44,-44,-44,-44,2,-44,-44,-44,-44,-44,2,-44,-44,-44,-44,-44,2,-44,-44,-44,-44,-44,-44,-44,"-44",2,-44,-44,-44,-44,-44,-44,-44,"-44",2,-44,-44,-44,-44,-44,-44,-44,"-44",2,-44,-44,-44,-44,-44,-44,-44,"-44",1,1,1,2,1,2,2,2,"-44",2,-44,-44,-44,-44,-44,-44,-44,"-44",2,-44,-44,-44,-44,-44,-44,-44,"-44",2,-44,-44,-44,-44,-44,-44,-44,"-44",2,-44,-44,-44,-44,-44,-44,-44,"-44",2,-44,-44,-44,-44,-44,-44,-44,"-44",1,2,2,1,"Managers",1,1,2,2,2,2,2,5,"Service workers","Managers","Service workers",2,1,2,1,1,2,1,1,2,2,1,2,1,1,2,1,1,2,2,1,-44,20,80,20,-44,10,5,4,1,1,25000,10000,2,2,2,2,1,2,4,2,1,2,1,2,1,2,4,2,1,2,1,2,1,1,1,1,2,2,1,1,1,1,1,2,2,1,2,2,1,1,25000,10000,2,2,12,12,5,4,2,2,1,2,35,27,1,1,2,2,2,2,2,2,2,2,2,2,2,2,-44,-44,-44,-44,-44,-44,-44,-44,-44,-44,-44,-44,1,2,4,3,4,4,4,4,4,4,4,4,2,2,2,2,2,2,2,2,2,2,2,-44,-44,-44,-44,-44,-44,-44,-44,-44,-44,-44,1,2,4,3,4,4,4,4,4,4,4,2,2,-44,-44,-44,-44,-44,-44,"-44",-44,-44,-44,-44,-44,-44,"-44",2,2,-44,-44,2,2,-44,-44,-44,-44,"-44",-44,-44,-44,-44,"-44",-44,-44,-44,-44,"-44",-44,-44,-44,-44,"-44",-44,-44,-44,-44,"-44",-44,-44,-44,-44,"-44",-44,"-44",-44,"-44",-44,-44,-44,-44,2,2,-44,-44,-44,-44,-44,"-44",-44,-44,-44,-44,-44,"-44",-44,-44,-44,-44,-44,-44,-44,-44,-44,-44,-44,-44,-44,-44,-44,-44,-44,-44,-44,-44,-44,-44,2,2,-44,-44,5,1,1,1,1,2,-44,-44,-44,-44,-44,5,2,2,2,5,2,2,3,1,1,1,2,1,1,1,2,1,3,3,1,"-44",2,2,2,1,1,1,3,3,3,3,1,2,3,1,2,0,3,1,1,1,1,2,1,2,3,1,12,73,5040000,360000,7000000,12,73,5040000,360000,7500000,20,1,2,1,2,"KISUMU",19,"-44","-44",73,102,102,1,-44,1,-44,10,16.3619995117188,"Kenya"
98236,2,3,"M1 through M5",-44,-44,"M6",-44,-44,"-44",2,-44,2008,1,"-44",1,9,24,14,10,0,0,0,1,2,2,2,0,0,0,2,-44,-44,-44,-44,-44,-44,1,6,6,6,0,0,0,1,2,2,2,100,0,1,9,9,9,55.5555555555556,2,1,2,2,2,100,0,2,-44,-44,-44,-44,-44,2,-44,-44,-44,-44,-44,2,-44,-44,-44,-44,-44,1,3,3,3,33.3333333333333,0,2,-44,-44,-44,-44,-44,-44,-44,"-44",2,-44,-44,-44,-44,-44,-44,-44,"-44",1,1,2,2,1,2,1,2,"-44",2,-44,-44,-44,-44,-44,-44,-44,"-44",1,1,2,2,2,2,2,2,"-44",2,-44,-44,-44,-44,-44,-44,-44,"-44",2,-44,-44,-44,-44,-44,-44,-44,"-44",2,-44,-44,-44,-44,-44,-44,-44,"-44",2,-44,-44,-44,-44,-44,-44,-44,"-44",2,-44,-44,-44,-44,-44,-44,-44,"-44",1,2,1,3,"Technicians and associate professionals",1,1,1,2,2,2,1,6,"Sales workers","Technicians and associate professionals","Sales workers",2,2,2,2,2,2,2,1,2,2,2,2,2,2,2,2,1,2,1,2,85,-44,-44,-44,5,-44,5,4,1,2,12000,10000,2,2,2,2,5,-44,-44,-44,-44,-44,-44,-44,1,2,5,1,2,2,2,1,2,2,2,2,2,2,1,2,2,2,2,2,2,1,1,1,3,2,12000,10000,2,2,2,5,4,4,1,2,1,1,32,22,1,2,2,2,3,2,2,2,2,2,2,1,3,2,-44,-44,-44,-44,-44,-44,-44,-44,-44,1,-44,-44,4,4,4,2,4,1,4,3,4,4,4,4,1,1,3,3,2,2,2,2,2,3,3,1,1,-44,-44,-44,-44,-44,-44,-44,-44,-44,1,4,4,4,3,2,4,4,4,4,4,2,2,-44,-44,-44,-44,-44,-44,"-44",-44,-44,-44,-44,-44,-44,"-44",2,2,-44,-44,2,2,-44,-44,-44,-44,"-44",-44,-44,-44,-44,"-44",-44,-44,-44,-44,"-44",-44,-44,-44,-44,"-44",-44,-44,-44,-44,"-44",-44,-44,-44,-44,"-44",-44,"-44",-44,"-44",-44,-44,-44,-44,2,2,-44,-44,-44,-44,-44,"-44",-44,-44,-44,-44,-44,"-44",-44,-44,-44,-44,-44,-44,-44,-44,-44,-44,-44,-44,-44,-44,-44,-44,-44,-44,-44,-44,-44,-44,2,2,-44,-44,5,5,5,2,4,2,-44,-44,-44,-44,-44,2,1,2,3,4,3,3,3,3,3,3,2,1,1,3,1,3,4,4,1,"-44",2,1,1,1,2,2,3,0,0,0,0,0,2,3,1,4,0,0,0,0,0,0,0,0,3,2,12,24,2904000,11520000,18000000,12,24,2904000,12600000,19050000,100,2,2,2,3,"KISUMU",9,"-44","-44",24,106,999,1,-44,1,-44,10,16.3619995117188,"Kenya"
98320,1,2,"M1 through M5",2,2,"M6",-44,-44,"-44",2,-44,2007,1,"-44",1,9,32,15,17,6,4,2,1,2,2,2,0,0,0,1,2,2,2,0,0,0,1,3,3,3,0,0,0,1,8,8,8,25,0,1,4,4,4,25,0,1,19,19,19,84.2105263157895,0,2,-44,-44,-44,-44,-44,2,-44,-44,-44,-44,-44,2,-44,-44,-44,-44,-44,2,-44,-44,-44,-44,-44,1,1,1,1,1,2,2,2,"-44",1,2,1,1,1,2,2,2,"-44",2,-44,-44,-44,-44,-44,-44,-44,"-44",1,1,2,2,1,2,2,2,"-44",2,-44,-44,-44,-44,-44,-44,-44,"-44",1,1,2,2,1,2,2,2,"-44",2,-44,-44,-44,-44,-44,-44,-44,"-44",2,-44,-44,-44,-44,-44,-44,-44,"-44",2,-44,-44,-44,-44,-44,-44,-44,"-44",2,-44,-44,-44,-44,-44,-44,-44,"-44",1,1,1,2,"Professionals",1,1,1,2,2,2,2,5,"Service workers","Professionals","Service workers",2,1,1,1,1,1,1,1,2,2,1,1,1,1,1,1,1,2,2,2,-44,-44,-44,-44,-44,-44,6,4,1,2,28000,18000,2,2,2,2,5,-44,-44,-44,-44,-44,-44,-44,5,-44,-44,-44,-44,-44,-44,-44,1,1,1,1,2,1,1,2,2,2,2,1,2,1,2,1,3,3,28000,18000,2,2,36,36,6,4,1,2,1,1,40,28,1,2,1,1,1,1,1,1,1,1,1,1,1,1,1,2,1,1,1,1,1,1,1,1,1,1,1,4,4,4,4,2,4,3,4,4,4,4,1,1,2,1,1,1,1,1,1,1,1,1,1,-44,1,2,1,1,1,1,1,1,4,4,4,1,4,4,2,3,4,4,4,1,1,2,1,1,1,1,2,"-44",2,1,1,1,1,2,"-44",2,2,-44,-44,2,2,-44,-44,-44,-44,"-44",-44,-44,-44,-44,"-44",-44,-44,-44,-44,"-44",-44,-44,-44,-44,"-44",-44,-44,-44,-44,"-44",-44,-44,-44,-44,"-44",-44,"-44",-44,"-44",-44,-44,-44,-44,2,2,-44,-44,-44,-44,-44,"-44",-44,-44,-44,-44,-44,"-44",-44,-44,-44,-44,-44,-44,-44,-44,-44,-44,-44,-44,-44,-44,-44,-44,-44,-44,-44,-44,-44,-44,2,2,-44,-44,1,3,1,1,3,2,-44,-44,-44,-44,-44,3,2,3,2,2,3,3,3,3,1,3,3,1,3,3,3,3,5,5,1,"-44",1,1,1,1,1,1,1,0,3,1,1,1,0,2,0,0,0,0,0,0,0,0,0,0,1,1,12,32,1400000,500000,3000000,12,32,1800000,700000,5000000,100,2,2,2,3,"KISUMU",9,"-44","-44",38,102,102,1,-44,1,-44,10,16.3619995117188,"Kenya"
21014,2,2,"M1 through M5",-44,-44,"M6",-44,-44,"-44",2,-44,1993,3,"-44",1,9,20,11,9,5,1,4,1,1,1,1,0,0,0,2,-44,-44,-44,-44,-44,-44,2,-44,-44,-44,-44,-44,-44,1,4,2,4,75,1,2,-44,-44,-44,-44,-44,1,4,3,7,50,0,2,-44,-44,-44,-44,-44,1,11,9,14,54.5454545454545,0,2,-44,-44,-44,-44,-44,1,5,3,6,40,0,2,-44,-44,-44,-44,-44,-44,-44,"-44",2,-44,-44,-44,-44,-44,-44,-44,"-44",2,-44,-44,-44,-44,-44,-44,-44,"-44",1,1,1,1,2,2,1,2,"-44",2,-44,-44,-44,-44,-44,-44,-44,"-44",2,-44,-44,-44,-44,-44,-44,-44,"-44",2,-44,-44,-44,-44,-44,-44,-44,"-44",1,1,2,1,1,2,1,2,"-44",2,-44,-44,-44,-44,-44,-44,-44,"-44",1,1,2,2,2,2,2,2,"-44",1,2,2,1,"Managers",1,2,1,2,1,2,1,6,"Sales workers","Managers","Sales workers",2,1,2,2,2,2,1,1,2,2,1,2,2,2,2,2,1,2,2,1,-44,60,40,60,-44,20,6,6,1,2,28000,19000,2,2,1,1,2,5,-44,-44,-44,-44,1,2,5,-44,-44,-44,-44,-44,-44,-44,1,1,1,2,2,1,2,1,2,1,1,2,1,1,2,1,1,1,28000,20000,2,2,18,5,6,6,1,1,1,1,41,31,1,1,1,2,3,2,2,2,2,2,1,2,1,1,1,-44,-44,-44,-44,-44,-44,-44,1,-44,2,1,4,3,4,4,2,4,4,1,4,4,4,4,3,2,3,1,1,1,2,2,1,3,2,-44,-44,-44,3,3,1,-44,-44,2,-44,-44,3,4,4,4,1,4,4,4,2,4,4,2,1,-44,-44,-44,-44,-44,-44,"-44",2,2,2,1,2,2,"-44",1,1,100,60,2,2,-44,-44,-44,-44,"-44",-44,-44,-44,-44,"-44",-44,-44,-44,-44,"-44",-44,-44,-44,-44,"-44",-44,-44,-44,-44,"-44",-44,-44,-44,-44,"-44",-44,"-44",-44,"-44",-44,-44,-44,-44,2,2,-44,-44,-44,-44,-44,"-44",-44,-44,-44,-44,-44,"-44",-44,-44,-44,-44,-44,-44,-44,-44,-44,-44,-44,-44,-44,-44,-44,-44,-44,-44,-44,-44,-44,-44,1,1,4,888997,5,3,4,2,1,2,-44,-44,-44,-44,-44,4,3,1,1,2,3,3,3,3,1,1,2,3,3,3,3,3,5,5,1,"-44",2,2,2,1,1,2,0,0,0,4,2,0,3,4,1,0,1,3,1,4,0,4,2,3,0,2,6,23,5616000,3800000,47000000,6,25,3520000,3290000,49950000,80,1,1,2,3,"KISUMU",9,"-44","-44",25,105,999,1,-44,1,-44,10,16.3619995117188,"Kenya"
21229,1,3,"M1 through M5",-44,-44,"M6",-44,-44,"-44",2,-44,1995,1,"-44",1,7,28,17,11,2,2,0,1,2,1,2,50,50,0,1,9,9,9,33.3333333333333,0,0,1,4,4,4,25,0,1,1,5,4,5,40,0,2,-44,-44,-44,-44,-44,1,10,8,10,40,0,2,-44,-44,-44,-44,-44,2,-44,-44,-44,-44,-44,2,-44,-44,-44,-44,-44,2,-44,-44,-44,-44,-44,2,-44,-44,-44,-44,-44,-44,-44,"-44",1,1,2,2,2,2,2,2,"-44",2,-44,-44,-44,-44,-44,-44,-44,"-44",1,1,2,2,2,2,2,2,"-44",2,-44,-44,-44,-44,-44,-44,-44,"-44",1,1,1,1,2,2,2,2,"-44",2,-44,-44,-44,-44,-44,-44,-44,"-44",2,-44,-44,-44,-44,-44,-44,-44,"-44",2,-44,-44,-44,-44,-44,-44,-44,"-44",2,-44,-44,-44,-44,-44,-44,-44,"-44",1,1,1,2,"Professionals",1,2,1,2,2,2,2,6,"Sales workers","Professionals","Sales workers",2,1,2,2,2,2,2,2,2,2,2,2,2,2,2,2,1,2,1,1,90,10,90,10,30,60,6,6,1,1,35000,33000,2,2,1,2,5,-44,-44,-44,-44,-44,-44,-44,3,1,5,1,2,2,-44,-44,1,1,2,1,2,2,1,1,1,1,2,2,1,1,4,3,1,3,32000,30000,2,2,18,5,6,5,1,1,1,1,36,23,2,2,2,1,3,2,2,2,2,2,2,2,2,2,-44,2,-44,-44,-44,-44,-44,-44,-44,-44,-44,-44,4,4,4,4,4,1,3,2,4,4,4,4,3,2,3,2,2,1,2,2,2,2,1,-44,-44,-44,-44,-44,1,-44,-44,-44,-44,1,4,4,4,4,3,1,4,4,4,4,2,1,2,2,2,2,1,1,2,"-44",-44,-44,-44,-44,-44,-44,"-44",2,2,-44,-44,2,2,-44,-44,-44,-44,"-44",-44,-44,-44,-44,"-44",-44,-44,-44,-44,"-44",-44,-44,-44,-44,"-44",-44,-44,-44,-44,"-44",-44,-44,-44,-44,"-44",-44,"-44",-44,"-44",-44,-44,-44,-44,2,2,-44,-44,-44,-44,-44,"-44",-44,-44,-44,-44,-44,"-44",-44,-44,-44,-44,-44,-44,-44,-44,-44,-44,-44,-44,-44,-44,-44,-44,-44,-44,-44,-44,-44,-44,2,2,-44,-44,5,2,4,2,3,2,-44,-44,-44,-44,-44,2,2,2,5,2,2,3,3,3,1,3,2,3,1,2,3,3,5,5,2,"-44",2,1,2,2,1,2,0,1,3,0,4,2,3,3,3,0,2,0,1,0,2,2,0,0,4,1,2,27,17920000,6510000,372000000,2,30,15600000,8800000,318500000,100,1,2,2,4,"KISUMU",7,"-44","-44",30,102,999,1,-44,1,-44,10,16.3619995117188,"Kenya"
27035,1,3,"M1 through M5",-44,-44,"M6",-44,-44,"-44",2,-44,2010,1,"-44",1,10,31,19,12,20,14,6,1,3,3,3,66.6666666666667,0,0,1,8,8,16,62.5,0,1,1,17,17,21,11.7647058823529,0,0,1,4,4,4,50,0,1,7,5,13,42.8571428571429,0,1,3,2,3,100,0,1,2,1,2,0,0,1,5,3,14,0,0,1,1,1,1,0,0,1,1,0,1,100,0,1,1,2,2,2,2,2,2,"-44",1,1,2,2,2,2,2,2,"-44",1,1,2,2,2,2,2,2,"-44",1,1,2,2,2,2,2,2,"-44",1,1,2,2,2,2,2,2,"-44",1,1,2,2,2,2,2,2,"-44",1,1,1,2,2,2,2,2,"-44",1,1,2,1,1,2,2,2,"-44",1,2,1,1,2,2,2,2,"-44",1,1,1,1,2,2,2,2,"-44",1,1,1,3,"Technicians and associate professionals",1,1,1,1,1,1,1,6,"Sales workers","Technicians and associate professionals","Sales workers",2,2,1,2,2,2,2,1,2,2,2,2,2,2,2,1,1,2,1,1,40,75,25,75,10,30,5,6,1,2,34000,17000,2,2,1,2,1,2,3,2,2,1,2,1,2,1,3,1,2,2,2,1,2,1,1,1,2,2,1,1,2,1,2,2,2,2,5,3,3,2,38000,15000,2,2,12,12,5,6,1,1,1,1,53,20,2,2,1,2,3,2,2,1,2,2,2,1,2,1,1,-44,-44,-44,-44,3,-44,-44,-44,2,-44,1,4,4,4,3,4,1,4,4,4,2,4,4,2,1,3,2,2,1,2,2,2,1,1,-44,1,-44,-44,-44,1,-44,-44,-44,1,2,4,4,4,4,2,1,4,4,3,4,4,2,2,-44,-44,-44,-44,-44,-44,"-44",-44,-44,-44,-44,-44,-44,"-44",2,2,-44,-44,2,2,-44,-44,-44,-44,"-44",-44,-44,-44,-44,"-44",-44,-44,-44,-44,"-44",-44,-44,-44,-44,"-44",-44,-44,-44,-44,"-44",-44,-44,-44,-44,"-44",-44,"-44",-44,"-44",-44,-44,-44,-44,2,2,-44,-44,-44,-44,-44,"-44",-44,-44,-44,-44,-44,"-44",-44,-44,-44,-44,-44,-44,-44,-44,-44,-44,-44,-44,-44,-44,-44,-44,-44,-44,-44,-44,-44,-44,2,2,-44,-44,4,2,5,2,3,2,-44,-44,-44,-44,-44,2,1,4,1,4,3,2,3,1,3,3,3,1,3,1,3,3,3,5,2,"-44",2,1,2,1,1,2,1,0,1,3,0,3,0,3,2,0,0,4,3,0,3,4,4,3,0,1,6,50,23676000,17776000,468700000,6,50,23529000,17987000,392400000,0,1,1,2,4,"KISUMU",10,"-44","-44",51,108,999,1,-44,1,-44,10,16.3619995117188,"Kenya"
60574,1,3,"M1 through M5",-44,-44,"M6",-44,-44,"-44",2,-44,1993,1,"-44",1,9,46,32,14,13,7,6,1,4,4,4,0,0,0,1,5,5,6,100,0,0,1,8,6,8,87.5,25,0,1,11,11,11,54.5454545454545,0,2,-44,-44,-44,-44,-44,1,12,9,16,0,0,2,-44,-44,-44,-44,-44,2,-44,-44,-44,-44,-44,1,14,11,9,14.2857142857143,0,1,5,5,5,0,1,2,-44,-44,-44,-44,-44,-44,-44,"-44",1,1,2,2,2,2,2,2,"-44",1,1,2,2,1,1,2,2,"-44",2,-44,-44,-44,-44,-44,-44,-44,"-44",2,-44,-44,-44,-44,-44,-44,-44,"-44",1,2,2,2,1,2,2,2,"-44",2,-44,-44,-44,-44,-44,-44,-44,"-44",2,-44,-44,-44,-44,-44,-44,-44,"-44",1,1,2,2,2,2,2,2,"-44",1,2,2,1,1,2,1,2,"-44",1,1,1,2,"Professionals",1,2,1,2,2,1,1,10,"Elementary occupations","Professionals","Elementary occupations",1,1,2,1,2,1,1,2,2,1,1,2,2,2,2,2,2,1,1,1,30,0,100,0,15,6,5,2,1,1,77100,14200,2,2,2,1,2,3,1,1,2,2,2,1,1,2,3,2,1,2,1,2,1,2,1,1,1,1,1,2,2,1,2,2,2,1,4,3,3,1,49300,18200,2,2,1,6,6,4,1,1,1,2,24,28,2,1,2,2,1,3,3,2,2,2,3,2,3,3,-44,-44,1,-44,-44,-44,-44,-44,-44,-44,-44,-44,1,4,4,4,4,4,3,2,4,4,4,4,2,2,1,2,2,2,2,2,2,1,2,-44,-44,2,-44,-44,-44,-44,-44,-44,1,-44,4,3,4,4,4,2,4,4,1,4,4,2,2,-44,-44,-44,-44,-44,-44,"-44",-44,-44,-44,-44,-44,-44,"-44",1,1,50,50,2,2,-44,-44,-44,-44,"-44",-44,-44,-44,-44,"-44",-44,-44,-44,-44,"-44",-44,-44,-44,-44,"-44",-44,-44,-44,-44,"-44",-44,-44,-44,-44,"-44",-44,"-44",-44,"-44",-44,-44,-44,-44,2,2,-44,-44,-44,-44,-44,"-44",-44,-44,-44,-44,-44,"-44",-44,-44,-44,-44,-44,-44,-44,-44,-44,-44,-44,-44,-44,-44,-44,-44,-44,-44,-44,-44,-44,-44,1,1,4,4,5,2,2,3,5,2,-44,-44,-44,-44,-44,2,1,1,1,3,3,3,3,3,1,2,2,3,3,1,3,1,4,3,1,"-44",2,1,1,2,1,2,1,1,4,0,4,1,4,4,1,1,4,4,4,4,0,2,1,0,0,1,12,59,66768000,59400000,116748000,12,59,61110000,62130000,137052000,70,2,2,2,3,"KISUMU",9,"-44","-44",59,118,201,1,-44,1,-44,10,16.3619995117188,"Kenya"
98284,1,2,"M1 through M5",-44,-44,"M6",-44,-44,"-44",2,-44,1999,1,"-44",1,7,17,16,1,0,0,0,1,1,1,1,0,0,0,2,-44,-44,-44,-44,-44,-44,1,1,1,1,100,0,0,1,1,1,1,0,0,2,-44,-44,-44,-44,-44,1,2,2,2,0,0,2,-44,-44,-44,-44,-44,2,-44,-44,-44,-44,-44,1,1,1,1,0,0,1,11,11,11,0,0,2,-44,-44,-44,-44,-44,-44,-44,"-44",2,-44,-44,-44,-44,-44,-44,-44,"-44",2,-44,-44,-44,-44,-44,-44,-44,"-44",2,-44,-44,-44,-44,-44,-44,-44,"-44",2,-44,-44,-44,-44,-44,-44,-44,"-44",2,-44,-44,-44,-44,-44,-44,-44,"-44",2,-44,-44,-44,-44,-44,-44,-44,"-44",2,-44,-44,-44,-44,-44,-44,-44,"-44",2,-44,-44,-44,-44,-44,-44,-44,"-44",1,2,2,2,2,2,2,2,"-44",1,2,1,1,"Managers",1,2,1,2,2,1,1,10,"Elementary occupations","Managers","Elementary occupations",2,2,2,2,2,2,2,1,2,2,2,2,2,2,2,2,1,2,2,1,-44,0,100,0,-44,1,5,3,1,1,35000,6000,2,1,1,1,3,2,1,2,2,1,1,2,5,-44,-44,-44,-44,-44,-44,-44,1,1,1,2,2,2,2,2,2,2,2,2,2,1,2,1,3,2,35000,10000,2,2,3,12,5,4,1,2,1,1,45,25,1,1,2,2,3,2,2,2,2,2,2,2,3,2,-44,-44,-44,-44,-44,-44,-44,-44,-44,-44,-44,-44,1,2,4,4,4,4,3,4,4,4,4,4,2,3,3,3,2,2,2,2,2,3,3,-44,-44,-44,-44,-44,-44,-44,-44,-44,-44,-44,4,4,4,4,1,2,4,3,4,4,4,2,2,-44,-44,-44,-44,-44,-44,"-44",-44,-44,-44,-44,-44,-44,"-44",2,2,-44,-44,2,2,-44,-44,-44,-44,"-44",-44,-44,-44,-44,"-44",-44,-44,-44,-44,"-44",-44,-44,-44,-44,"-44",-44,-44,-44,-44,"-44",-44,-44,-44,-44,"-44",-44,"-44",-44,"-44",-44,-44,-44,-44,2,2,-44,-44,-44,-44,-44,"-44",-44,-44,-44,-44,-44,"-44",-44,-44,-44,-44,-44,-44,-44,-44,-44,-44,-44,-44,-44,-44,-44,-44,-44,-44,-44,-44,-44,-44,2,2,-44,-44,5,5,5,5,5,2,-44,-44,-44,-44,-44,3,4,3,5,5,3,3,3,1,1,1,1,1,1,3,3,3,3,4,1,"-44",2,1,2,2,2,2,0,0,3,3,3,0,2,2,3,4,0,0,0,0,0,0,2,0,3,2,6,17,2328000,42480000,49000000,6,17,2328000,43560000,51215000,100,1,2,2,3,"KISUMU",7,"-44","-44",17,106,999,1,-44,1,-44,10,16.3619995117188,"Kenya"
98371,2,2,"M1 through M5",-44,-44,"M6",-44,-44,"-44",2,-44,2007,4,"-44",1,9,30,12,18,13,9,4,1,8,8,8,50,25,0,1,8,8,8,37.5,0,0,1,1,1,1,0,0,0,2,-44,-44,-44,-44,-44,1,16,16,16,56.25,0,1,10,10,10,60,0,2,-44,-44,-44,-44,-44,2,-44,-44,-44,-44,-44,2,-44,-44,-44,-44,-44,2,-44,-44,-44,-44,-44,1,1,1,2,2,1,2,2,"-44",1,1,1,2,2,1,2,2,"-44",2,-44,-44,-44,-44,-44,-44,-44,"-44",1,1,1,2,1,2,2,2,"-44",1,1,2,2,2,2,2,2,"-44",1,1,1,2,2,1,2,2,"-44",2,-44,-44,-44,-44,-44,-44,-44,"-44",2,-44,-44,-44,-44,-44,-44,-44,"-44",2,-44,-44,-44,-44,-44,-44,-44,"-44",2,-44,-44,-44,-44,-44,-44,-44,"-44",1,1,1,2,"Professionals",2,1,1,2,2,2,2,6,"Sales workers","Professionals","Sales workers",2,2,2,1,1,1,2,2,2,2,2,2,1,1,2,1,2,2,1,2,40,-44,-44,-44,30,-44,6,5,2,2,120000,25000,2,2,2,2,5,-44,-44,-44,-44,-44,-44,-44,5,-44,-44,-44,-44,-44,-44,-44,1,1,1,1,1,1,1,1,1,1,1,1,1,1,3,2,3,3,120000,25000,2,2,2,2,6,5,1,1,1,1,43,24,1,1,1,1,2,1,1,1,1,1,1,1,1,1,1,1,-44,2,2,2,1,1,1,2,1,2,4,4,2,4,4,1,3,4,4,4,4,4,2,2,2,2,2,2,2,2,2,2,2,-44,-44,-44,-44,-44,-44,-44,-44,-44,-44,-44,4,4,2,4,1,3,4,4,4,4,4,1,1,1,1,1,1,1,2,"-44",1,1,1,1,1,2,"-44",1,1,100,40,1,2,1,2,1,-44,"-44",-44,-44,-44,-44,"-44",100,-44,100,-44,"-44",3,-44,3,-44,"-44",-44,-44,-44,-44,"-44",-44,-44,-44,-44,"-44",4,"-44",-44,"-44",3,-44,20000,-44,1,2,1,1,1,2,2,"-44",-44,-44,-44,-44,-44,"-44",100,100,3,-44,-44,3,3,3,-44,-44,-44,-44,-44,-44,-44,-44,-44,-44,-44,-44,20000,-44,1,1,3,3,3,5,5,5,5,1,5,5,5,5,5,1,1,1,1,1,3,3,3,3,3,3,3,3,3,3,3,3,4,4,1,"-44",2,1,1,1,1,2,2,0,0,3,2,0,3,3,3,0,1,0,0,0,0,0,1,2,1,1,12,43,13000000,5500000,18000000,12,43,13000000,6000000,19500000,100,2,2,3,3,"KISUMU",9,"-44","-44",43,102,102,1,-44,1,-44,10,16.3619995117188,"Kenya"
71611,1,3,"M1 through M5",-44,-44,"M6",-44,-44,"-44",2,-44,1995,3,"-44",1,3,29,20,9,2,1,1,1,2,2,2,50,0,0,2,-44,-44,-44,-44,-44,-44,2,-44,-44,-44,-44,-44,-44,2,-44,-44,-44,-44,-44,2,-44,-44,-44,-44,-44,1,17,17,11,29.4117647058824,0,2,-44,-44,-44,-44,-44,2,-44,-44,-44,-44,-44,1,12,12,16,33.3333333333333,1,2,-44,-44,-44,-44,-44,2,-44,-44,-44,-44,-44,-44,-44,"-44",2,-44,-44,-44,-44,-44,-44,-44,"-44",2,-44,-44,-44,-44,-44,-44,-44,"-44",2,-44,-44,-44,-44,-44,-44,-44,"-44",2,-44,-44,-44,-44,-44,-44,-44,"-44",2,-44,-44,-44,-44,-44,-44,-44,"-44",2,-44,-44,-44,-44,-44,-44,-44,"-44",2,-44,-44,-44,-44,-44,-44,-44,"-44",1,1,2,2,2,2,2,2,"-44",2,-44,-44,-44,-44,-44,-44,-44,"-44",1,2,2,1,"Managers",2,2,1,2,2,1,2,6,"Sales workers","Managers","Sales workers",2,2,2,2,2,2,2,1,2,1,2,2,2,2,2,1,1,2,2,2,-44,-44,-44,-44,-44,-44,6,5,1,2,49000,11800,2,2,1,2,1,3,2,2,1,2,1,2,2,3,5,-44,-44,-44,2,1,1,1,1,1,1,1,1,1,2,1,1,2,1,1,3,3,1,3,38300,12900,2,2,12,8,6,4,2,2,2,1,35,40,1,2,2,2,1,2,2,2,2,2,1,3,3,2,-44,-44,1,-44,-44,-44,-44,-44,1,-44,-44,-44,3,4,4,2,4,4,4,4,1,4,4,4,2,3,2,2,3,2,2,1,2,2,2,-44,-44,-44,-44,-44,-44,-44,3,-44,-44,-44,4,4,4,4,2,4,4,4,1,4,3,1,2,2,2,2,2,1,2,"-44",-44,-44,-44,-44,-44,-44,"-44",1,1,90,90,1,2,1,1,1,-44,"-44",-44,-44,-44,-44,"-44",30,40,50,-44,"-44",2,3,3,-44,"-44",-44,-44,-44,-44,"-44",-44,-44,-44,-44,"-44",1,"-44",-44,"-44",3,-44,3000,-44,1,2,1,2,2,2,2,"-44",-44,-44,-44,-44,-44,"-44",50,-44,-44,-44,-44,6,-44,-44,-44,-44,-44,-44,-44,-44,-44,-44,-44,-44,-44,-44,10000,-44,1,1,2,888997,4,4,3,2,3,2,-44,-44,-44,-44,-44,5,1,5,5,1,3,2,1,1,1,2,1,3,1,3,3,3,2,3,1,"-44",1,2,2,1,1,2,3,4,4,1,0,4,1,2,1,0,1,2,4,2,1,4,0,1,4,1,12,31,3041100,6498000,16945600,12,31,2376300,7867800,20790000,20,1,1,1,4,"KISUMU",3,"-44","-44",31,118,201,1,-44,1,-44,10,16.3619995117188,"Kenya"
33758,1,3,"M1 through M5",-44,-44,"M6",-44,-44,"-44",2,-44,1999,1,"-44",1,3,29,20,9,0,0,0,1,1,1,1,0,0,0,1,4,4,4,25,0,0,1,17,17,8,17.6470588235294,0,0,1,5,5,5,60,0,2,-44,-44,-44,-44,-44,1,2,2,2,100,0,2,-44,-44,-44,-44,-44,2,-44,-44,-44,-44,-44,2,-44,-44,-44,-44,-44,2,-44,-44,-44,-44,-44,2,-44,-44,-44,-44,-44,-44,-44,"-44",1,1,2,2,2,1,2,2,"-44",1,1,2,2,1,2,2,2,"-44",2,-44,-44,-44,-44,-44,-44,-44,"-44",2,-44,-44,-44,-44,-44,-44,-44,"-44",1,2,2,1,1,2,2,2,"-44",2,-44,-44,-44,-44,-44,-44,-44,"-44",2,-44,-44,-44,-44,-44,-44,-44,"-44",2,-44,-44,-44,-44,-44,-44,-44,"-44",2,-44,-44,-44,-44,-44,-44,-44,"-44",1,1,1,2,"Professionals",1,2,1,2,2,2,2,6,"Sales workers","Professionals","Sales workers",2,2,1,1,2,1,2,2,2,2,2,2,2,2,1,1,2,2,1,1,80,0,100,0,45,20,6,6,1,1,27200,10300,2,2,1,1,2,5,-44,-44,-44,-44,2,1,3,5,-44,-44,-44,-44,-44,-44,1,1,2,1,1,1,1,1,2,1,2,2,2,1,2,3,1,3,35200,10400,2,2,8,5,6,5,2,1,1,2,39,28,2,2,2,2,2,2,2,3,2,2,3,2,2,3,-44,-44,-44,-44,-44,-44,-44,-44,-44,-44,-44,-44,1,2,4,4,4,4,3,4,4,4,4,4,2,2,1,2,2,2,2,3,2,3,2,-44,-44,1,-44,-44,-44,-44,-44,-44,-44,-44,4,4,4,4,3,2,4,4,4,4,1,2,1,-44,-44,-44,-44,-44,-44,"-44",2,1,2,1,1,2,"-44",2,2,-44,-44,2,2,-44,-44,-44,-44,"-44",-44,-44,-44,-44,"-44",-44,-44,-44,-44,"-44",-44,-44,-44,-44,"-44",-44,-44,-44,-44,"-44",-44,-44,-44,-44,"-44",-44,"-44",-44,"-44",-44,-44,-44,-44,2,2,-44,-44,-44,-44,-44,"-44",-44,-44,-44,-44,-44,"-44",-44,-44,-44,-44,-44,-44,-44,-44,-44,-44,-44,-44,-44,-44,-44,-44,-44,-44,-44,-44,-44,-44,2,2,-44,-44,4,3,2,3,5,2,-44,-44,-44,-44,-44,1,5,1,1,5,3,2,1,2,1,1,3,1,1,2,2,1,5,2,1,"-44",2,2,2,2,2,2,3,4,1,4,2,4,2,1,2,2,2,4,1,2,1,4,1,3,1,1,12,29,927000,117500,18470400,12,29,16027200,165400,23184000,50,1,1,1,4,"KISUMU",3,"-44","-44",29,117,201,1,-44,1,-44,10,16.3619995117188,"Kenya"
39550,1,2,"M1 through M5",-44,-44,"M6",-44,-44,"-44",2,-44,2010,2,"-44",1,7,37,27,10,0,0,0,1,1,1,1,0,0,0,2,-44,-44,-44,-44,-44,-44,1,25,25,14,24,0,0,1,11,11,11,36.3636363636364,0,2,-44,-44,-44,-44,-44,2,-44,-44,-44,-44,-44,2,-44,-44,-44,-44,-44,2,-44,-44,-44,-44,-44,2,-44,-44,-44,-44,-44,2,-44,-44,-44,-44,-44,1,1,2,2,2,2,1,2,"-44",2,-44,-44,-44,-44,-44,-44,-44,"-44",1,1,2,1,1,1,2,2,"-44",1,1,2,1,2,2,2,2,"-44",2,-44,-44,-44,-44,-44,-44,-44,"-44",2,-44,-44,-44,-44,-44,-44,-44,"-44",2,-44,-44,-44,-44,-44,-44,-44,"-44",2,-44,-44,-44,-44,-44,-44,-44,"-44",2,-44,-44,-44,-44,-44,-44,-44,"-44",2,-44,-44,-44,-44,-44,-44,-44,"-44",1,2,1,1,"Managers",1,2,2,2,2,2,2,4,"Clerical and support workers","Managers","Clerical and support workers",1,1,2,1,2,2,2,2,2,2,2,2,2,2,1,2,1,2,1,1,80,30,70,30,20,15,4,4,1,2,57000,10400,2,2,1,2,2,1,5,2,1,2,1,2,2,3,1,2,2,1,2,1,1,1,1,2,2,1,2,1,1,1,1,2,2,1,3,3,2,1,57000,10500,2,2,0,6,5,4,1,2,1,1,33,50,1,2,2,2,1,1,2,3,2,2,3,2,2,2,-44,-44,1,1,-44,-44,-44,-44,-44,-44,-44,-44,4,4,4,4,4,4,3,1,2,4,4,4,3,2,2,3,3,2,2,2,2,3,2,-44,-44,-44,-44,-44,-44,-44,-44,-44,-44,-44,4,4,4,2,4,4,4,3,1,4,4,2,2,-44,-44,-44,-44,-44,-44,"-44",-44,-44,-44,-44,-44,-44,"-44",2,1,-44,60,2,2,-44,-44,-44,-44,"-44",-44,-44,-44,-44,"-44",-44,-44,-44,-44,"-44",-44,-44,-44,-44,"-44",-44,-44,-44,-44,"-44",-44,-44,-44,-44,"-44",-44,"-44",-44,"-44",-44,-44,-44,-44,2,2,-44,-44,-44,-44,-44,"-44",-44,-44,-44,-44,-44,"-44",-44,-44,-44,-44,-44,-44,-44,-44,-44,-44,-44,-44,-44,-44,-44,-44,-44,-44,-44,-44,-44,-44,2,1,-44,888997,4,2,5,2,3,2,-44,-44,-44,-44,-44,5,1,1,1,4,2,3,3,1,1,3,2,3,2,2,3,1,3,2,1,"-44",1,2,2,2,2,1,0,1,2,0,1,4,4,2,4,0,1,1,0,4,4,4,4,1,4,2,12,37,4134000,10694300,166924800,12,37,4134500,11909100,147772400,50,1,2,2,4,"KISUMU",7,"-44","-44",37,118,201,1,-44,1,-44,10,16.3619995117188,"Kenya"
38070,2,2,"M1 through M5",-44,-44,"M6",-44,-44,"-44",2,-44,1993,4,"-44",1,7,34,20,14,0,0,0,1,3,3,3,33.3333333333333,0,0,1,10,9,10,30,10,0,1,14,14,14,35.7142857142857,0,0,2,-44,-44,-44,-44,-44,1,7,4,7,71.4285714285714,0,2,-44,-44,-44,-44,-44,2,-44,-44,-44,-44,-44,2,-44,-44,-44,-44,-44,2,-44,-44,-44,-44,-44,2,-44,-44,-44,-44,-44,2,-44,-44,-44,-44,-44,-44,-44,"-44",1,1,1,2,1,2,2,2,"-44",2,-44,-44,-44,-44,-44,-44,-44,"-44",2,-44,-44,-44,-44,-44,-44,-44,"-44",1,1,2,1,2,2,2,2,"-44",2,-44,-44,-44,-44,-44,-44,-44,"-44",2,-44,-44,-44,-44,-44,-44,-44,"-44",2,-44,-44,-44,-44,-44,-44,-44,"-44",2,-44,-44,-44,-44,-44,-44,-44,"-44",2,-44,-44,-44,-44,-44,-44,-44,"-44",1,1,1,1,"Managers",2,1,2,2,2,2,2,5,"Service workers","Managers","Service workers",2,2,2,2,2,2,2,2,2,2,2,2,2,2,1,2,2,2,2,1,-44,10,90,10,-44,15,6,5,1,1,77000,12000,2,2,1,1,5,-44,-44,-44,-44,-44,-44,-44,5,-44,-44,-44,-44,-44,-44,-44,1,1,1,2,2,1,1,1,2,2,2,2,2,2,3,3,2,2,66000,14000,2,2,0,2,6,6,1,1,1,2,43,37,1,2,2,1,2,2,1,2,2,1,2,2,2,2,-44,2,-44,-44,1,-44,-44,3,-44,-44,-44,-44,4,4,4,4,4,4,4,4,3,1,2,4,2,2,3,2,2,1,1,2,2,1,1,-44,-44,-44,-44,-44,1,1,-44,-44,1,1,4,4,4,2,1,4,4,4,4,3,4,2,1,-44,-44,-44,-44,-44,-44,"-44",2,1,2,1,2,2,"-44",1,1,50,80,1,1,1,1,1,-44,"-44",1,2,2,-44,"-44",70,50,70,-44,"-44",2,3,3,-44,"-44",50,-44,-44,-44,"-44",3,-44,-44,-44,"-44",5,"-44",1,"-44",3,3,15000,60000,2,1,-44,-44,-44,-44,-44,"-44",2,2,1,2,2,"-44",-44,-44,-44,-44,-44,-44,-44,-44,-44,-44,-44,-44,100,-44,-44,-44,-44,2,-44,-44,-44,90000,1,1,3,2,5,2,4,2,5,2,-44,-44,-44,-44,-44,2,3,4,1,1,3,3,3,1,3,1,1,2,2,2,3,1,2,1,2,"-44",2,2,2,2,1,2,0,1,1,2,2,1,2,1,4,2,2,3,0,2,3,1,4,1,0,1,12,36,50266000,49820000,143220000,12,35,54600000,43120000,141510000,100,2,2,1,4,"KISUMU",7,"-44","-44",34,107,999,1,-44,1,-44,10,16.3619995117188,"Kenya"
71503,1,2,"M1 through M5",-44,-44,"M6",-44,-44,"-44",2,-44,1992,1,"-44",1,7,27,19,8,2,0,2,1,2,2,3,0,0,0,1,5,3,6,40,40,1,1,12,12,6,25,0,0,1,6,6,8,33.3333333333333,0,1,3,2,3,66.6666666666667,0,2,-44,-44,-44,-44,-44,2,-44,-44,-44,-44,-44,2,-44,-44,-44,-44,-44,2,-44,-44,-44,-44,-44,1,1,1,1,100,1,2,-44,-44,-44,-44,-44,-44,-44,"-44",1,1,2,2,1,1,2,2,"-44",2,-44,-44,-44,-44,-44,-44,-44,"-44",2,-44,-44,-44,-44,-44,-44,-44,"-44",1,1,2,2,2,2,2,2,"-44",2,-44,-44,-44,-44,-44,-44,-44,"-44",2,-44,-44,-44,-44,-44,-44,-44,"-44",2,-44,-44,-44,-44,-44,-44,-44,"-44",2,-44,-44,-44,-44,-44,-44,-44,"-44",2,-44,-44,-44,-44,-44,-44,-44,"-44",1,1,1,2,"Professionals",1,1,2,2,2,2,1,5,"Service workers","Professionals","Service workers",2,1,2,2,1,1,1,1,2,2,1,2,2,2,2,2,2,2,1,1,30,10,90,10,45,15,4,6,2,2,49000,20200,2,2,1,1,3,5,-44,-44,-44,-44,-44,-44,1,3,2,1,2,2,1,2,2,2,2,2,2,1,1,1,2,2,2,2,1,1,4,4,3,3,58000,21600,2,2,5,12,6,5,1,1,1,1,44,21,2,1,2,2,1,2,2,2,2,2,2,1,3,2,-44,-44,1,-44,-44,-44,-44,-44,-44,2,-44,-44,4,4,4,2,4,3,4,4,4,4,4,1,3,2,1,2,2,2,2,2,3,2,3,-44,-44,3,-44,-44,-44,-44,-44,-44,-44,-44,4,4,4,4,2,3,4,4,1,4,4,1,2,1,1,1,1,2,2,"-44",-44,-44,-44,-44,-44,-44,"-44",1,2,70,-44,1,2,2,1,2,-44,"-44",-44,-44,-44,-44,"-44",-44,30,-44,-44,"-44",-44,1,-44,-44,"-44",-44,-44,-44,-44,"-44",-44,-44,-44,-44,"-44",1,"-44",-44,"-44",1,-44,-44,-44,2,2,-44,-44,-44,-44,-44,"-44",-44,-44,-44,-44,-44,"-44",-44,-44,-44,-44,-44,-44,-44,-44,-44,-44,-44,-44,-44,-44,-44,-44,-44,-44,-44,-44,-44,-44,1,2,3,-44,5,2,5,5,3,1,1,2,4,3,2,5,5,2,3,2,3,2,2,3,1,1,3,1,2,1,2,2,2,5,1,"-44",2,1,2,1,2,2,1,1,0,1,0,1,2,1,4,1,0,0,3,4,1,4,1,3,1,2,3,31,37364400,70560000,139956000,3,30,62496000,85150800,165870000,50,1,1,2,3,"KISUMU",7,"-44","-44",29,117,201,1,-44,1,-44,10,16.3619995117188,"Kenya"
60550,1,4,"M1 through M5",-44,-44,"M6",-44,-44,"-44",2,-44,2009,1,"-44",1,7,37,18,19,0,0,0,1,2,2,2,0,0,0,2,-44,-44,-44,-44,-44,-44,1,20,20,13,40,0,2,1,15,15,15,73.3333333333333,1,2,-44,-44,-44,-44,-44,2,-44,-44,-44,-44,-44,2,-44,-44,-44,-44,-44,2,-44,-44,-44,-44,-44,2,-44,-44,-44,-44,-44,2,-44,-44,-44,-44,-44,2,-44,-44,-44,-44,-44,-44,-44,"-44",2,-44,-44,-44,-44,-44,-44,-44,"-44",1,1,2,2,1,2,2,2,"-44",2,-44,-44,-44,-44,-44,-44,-44,"-44",2,-44,-44,-44,-44,-44,-44,-44,"-44",2,-44,-44,-44,-44,-44,-44,-44,"-44",2,-44,-44,-44,-44,-44,-44,-44,"-44",2,-44,-44,-44,-44,-44,-44,-44,"-44",2,-44,-44,-44,-44,-44,-44,-44,"-44",2,-44,-44,-44,-44,-44,-44,-44,"-44",1,2,1,1,"Managers",1,2,2,2,2,2,2,4,"Clerical and support workers","Managers","Clerical and support workers",1,2,2,2,2,1,2,1,2,2,1,2,2,2,1,1,1,1,2,2,-44,-44,-44,-44,-44,-44,4,6,1,2,55500,10000,2,2,1,2,1,2,5,2,2,1,1,2,5,-44,-44,-44,-44,-44,-44,-44,1,1,2,2,2,1,1,1,1,2,1,2,2,2,2,3,3,1,58500,10900,2,2,2,7,6,4,2,1,2,1,53,27,1,2,2,1,2,2,2,2,2,2,3,2,2,1,-44,1,-44,-44,-44,-44,-44,-44,-44,-44,-44,3,4,4,4,2,4,4,1,4,4,3,4,4,1,2,2,2,2,2,2,2,2,3,3,1,-44,-44,-44,-44,-44,-44,-44,-44,-44,-44,3,4,4,4,1,2,4,4,4,4,4,1,1,2,2,2,2,1,2,"-44",2,2,2,1,1,2,"-44",2,1,-44,40,2,1,-44,-44,-44,-44,"-44",2,1,2,-44,"-44",-44,-44,-44,-44,"-44",-44,-44,-44,-44,"-44",-44,10,-44,-44,"-44",-44,1,-44,-44,"-44",-44,"-44",1,"-44",-44,1,-44,-44,2,2,-44,-44,-44,-44,-44,"-44",-44,-44,-44,-44,-44,"-44",-44,-44,-44,-44,-44,-44,-44,-44,-44,-44,-44,-44,-44,-44,-44,-44,-44,-44,-44,-44,-44,-44,2,1,-44,2,5,3,3,2,5,2,-44,-44,-44,-44,-44,4,5,1,3,5,3,3,2,3,1,1,3,2,1,1,2,3,3,3,2,"-44",2,2,2,2,1,2,2,1,1,0,0,0,1,4,2,1,0,3,0,4,0,0,4,3,1,2,3,37,5512000,14530600,191654400,3,37,5752300,14246400,218215800,20,1,1,1,4,"KISUMU",7,"-44","-44",37,117,201,1,-44,1,-44,10,16.3619995117188,"Kenya"
71702,1,2,"M1 through M5",-44,-44,"M6",-44,-44,"-44",2,-44,1986,2,"-44",1,10,31,21,10,0,0,0,1,4,4,4,0,0,0,1,18,18,12,16.6666666666667,0,0,2,-44,-44,-44,-44,-44,-44,1,9,9,9,77.7777777777778,0,2,-44,-44,-44,-44,-44,2,-44,-44,-44,-44,-44,2,-44,-44,-44,-44,-44,2,-44,-44,-44,-44,-44,2,-44,-44,-44,-44,-44,2,-44,-44,-44,-44,-44,1,2,1,2,2,2,2,2,"-44",1,1,2,2,1,2,1,2,"-44",2,-44,-44,-44,-44,-44,-44,-44,"-44",2,-44,-44,-44,-44,-44,-44,-44,"-44",2,-44,-44,-44,-44,-44,-44,-44,"-44",2,-44,-44,-44,-44,-44,-44,-44,"-44",2,-44,-44,-44,-44,-44,-44,-44,"-44",2,-44,-44,-44,-44,-44,-44,-44,"-44",2,-44,-44,-44,-44,-44,-44,-44,"-44",2,-44,-44,-44,-44,-44,-44,-44,"-44",1,1,2,2,"Professionals",1,2,2,2,2,2,2,4,"Clerical and support workers","Professionals","Clerical and support workers",2,2,2,2,2,1,1,2,2,2,1,2,2,2,2,1,1,2,1,2,80,-44,-44,-44,45,-44,4,5,2,2,67600,27200,2,2,1,2,1,5,-44,2,1,2,-44,-44,5,-44,-44,-44,-44,-44,-44,-44,1,2,1,1,1,1,2,1,2,1,1,2,2,1,4,3,3,2,85800,26400,2,2,1,1,6,4,2,2,1,1,44,34,2,1,2,2,1,3,3,3,3,2,2,2,1,2,-44,-44,1,-44,-44,-44,-44,-44,-44,-44,2,-44,4,4,4,4,4,3,2,4,4,1,4,4,2,2,2,2,2,2,2,2,2,3,3,-44,-44,-44,-44,-44,-44,-44,-44,-44,-44,-44,4,4,4,1,4,4,4,4,2,3,4,2,2,-44,-44,-44,-44,-44,-44,"-44",-44,-44,-44,-44,-44,-44,"-44",2,1,-44,40,2,2,-44,-44,-44,-44,"-44",-44,-44,-44,-44,"-44",-44,-44,-44,-44,"-44",-44,-44,-44,-44,"-44",-44,-44,-44,-44,"-44",-44,-44,-44,-44,"-44",-44,"-44",-44,"-44",-44,-44,-44,-44,2,2,-44,-44,-44,-44,-44,"-44",-44,-44,-44,-44,-44,"-44",-44,-44,-44,-44,-44,-44,-44,-44,-44,-44,-44,-44,-44,-44,-44,-44,-44,-44,-44,-44,-44,-44,2,1,-44,888997,4,2,3,2,4,2,-44,-44,-44,-44,-44,3,3,1,5,5,2,2,1,3,1,1,3,3,2,1,2,1,5,3,4,"-44",1,2,2,1,1,2,0,0,2,1,1,0,2,4,0,1,1,2,2,0,1,0,1,0,0,1,3,31,2416800,1100000,4884000,3,31,3261400,1401400,3684600,40,1,1,1,3,"KISUMU",10,"-44","-44",31,117,201,1,-44,1,-44,10,16.3619995117188,"Kenya"
98310,1,2,"M1 through M5",-44,-44,"M6",-44,-44,"-44",2,-44,1996,1,"-44",1,7,45,41,4,33,30,3,1,1,1,1,0,0,0,1,3,3,3,33.3333333333333,0,0,2,-44,-44,-44,-44,-44,-44,2,-44,-44,-44,-44,-44,1,64,64,64,1.5625,0,1,4,4,4,75,0,2,-44,-44,-44,-44,-44,1,6,6,6,33.3333333333333,0,2,-44,-44,-44,-44,-44,2,-44,-44,-44,-44,-44,2,-44,-44,-44,-44,-44,-44,-44,"-44",2,-44,-44,-44,-44,-44,-44,-44,"-44",2,-44,-44,-44,-44,-44,-44,-44,"-44",2,-44,-44,-44,-44,-44,-44,-44,"-44",1,1,2,1,2,2,2,2,"-44",2,-44,-44,-44,-44,-44,-44,-44,"-44",2,-44,-44,-44,-44,-44,-44,-44,"-44",2,-44,-44,-44,-44,-44,-44,-44,"-44",2,-44,-44,-44,-44,-44,-44,-44,"-44",2,-44,-44,-44,-44,-44,-44,-44,"-44",1,1,2,1,"Managers",2,1,1,2,1,2,2,6,"Sales workers","Managers","Sales workers",2,2,2,1,2,2,2,1,2,2,2,2,1,2,2,2,1,2,2,2,-44,-44,-44,-44,-44,-44,6,4,1,1,200000,13500,2,2,2,1,1,2,5,2,1,2,1,2,1,2,5,2,1,2,1,2,1,1,1,2,2,1,1,1,1,1,2,2,1,1,4,1,3,3,200000,13500,2,2,3,0,6,4,1,1,1,1,30,22,1,1,2,2,3,2,2,2,2,1,1,2,2,2,-44,-44,-44,-44,-44,-44,-44,2,1,-44,-44,-44,4,4,4,4,2,3,1,4,4,4,4,4,2,2,3,2,3,3,2,1,3,3,2,-44,-44,-44,-44,-44,-44,-44,1,-44,-44,-44,4,4,4,2,1,3,4,4,4,4,4,2,2,-44,-44,-44,-44,-44,-44,"-44",-44,-44,-44,-44,-44,-44,"-44",2,2,-44,-44,2,2,-44,-44,-44,-44,"-44",-44,-44,-44,-44,"-44",-44,-44,-44,-44,"-44",-44,-44,-44,-44,"-44",-44,-44,-44,-44,"-44",-44,-44,-44,-44,"-44",-44,"-44",-44,"-44",-44,-44,-44,-44,2,2,-44,-44,-44,-44,-44,"-44",-44,-44,-44,-44,-44,"-44",-44,-44,-44,-44,-44,-44,-44,-44,-44,-44,-44,-44,-44,-44,-44,-44,-44,-44,-44,-44,-44,-44,2,2,-44,-44,4,2,4,3,3,2,-44,-44,-44,-44,-44,3,2,2,2,2,1,2,3,1,1,1,1,1,1,1,3,3,5,5,1,"-44",1,1,2,2,2,2,2,0,3,3,2,2,4,4,3,3,2,1,1,1,1,2,2,2,3,1,12,78,20000000,15000000,200000000,12,78,202000000,16500000,2150000000,56,1,1,3,3,"KISUMU",7,"-44","-44",78,102,102,1,-44,1,-44,10,16.3619995117188,"Kenya"
98395,1,3,"M1 through M5",-44,-44,"M6",-44,-44,"-44",2,-44,1986,2,"-44",1,8,33,33,0,0,0,0,1,3,3,3,0,0,0,2,-44,-44,-44,-44,-44,-44,1,2,2,2,0,0,0,2,-44,-44,-44,-44,-44,2,-44,-44,-44,-44,-44,2,-44,-44,-44,-44,-44,2,-44,-44,-44,-44,-44,1,3,3,3,0,0,1,25,20,25,0,0,2,-44,-44,-44,-44,-44,2,-44,-44,-44,-44,-44,-44,-44,"-44",2,-44,-44,-44,-44,-44,-44,-44,"-44",2,-44,-44,-44,-44,-44,-44,-44,"-44",2,-44,-44,-44,-44,-44,-44,-44,"-44",2,-44,-44,-44,-44,-44,-44,-44,"-44",2,-44,-44,-44,-44,-44,-44,-44,"-44",2,-44,-44,-44,-44,-44,-44,-44,"-44",2,-44,-44,-44,-44,-44,-44,-44,"-44",1,2,2,2,2,2,2,2,"-44",2,-44,-44,-44,-44,-44,-44,-44,"-44",1,2,1,3,"Technicians and associate professionals",2,2,2,2,1,1,2,8,"Construction, craft, and related trade w","Technicians and associate professionals","Construction, craft, and related trade w",2,2,2,1,2,2,1,1,2,2,2,2,1,2,2,1,1,2,2,2,-44,-44,-44,-44,-44,-44,5,5,1,1,35000,24000,2,2,2,1,5,-44,-44,-44,-44,-44,-44,-44,5,-44,-44,-44,-44,-44,-44,-44,1,1,1,1,2,2,1,2,2,2,1,2,2,1,2,1,3,3,35000,24000,2,2,14,36,6,5,1,1,1,1,47,38,1,1,2,2,3,2,2,2,2,2,2,2,3,2,-44,-44,-44,-44,-44,-44,-44,-44,-44,-44,-44,-44,4,3,4,4,4,4,1,2,4,4,4,4,2,2,3,2,2,2,2,2,2,2,2,-44,-44,-44,-44,-44,-44,-44,-44,-44,-44,-44,4,4,4,4,1,4,2,3,4,4,4,2,2,-44,-44,-44,-44,-44,-44,"-44",-44,-44,-44,-44,-44,-44,"-44",2,2,-44,-44,2,2,-44,-44,-44,-44,"-44",-44,-44,-44,-44,"-44",-44,-44,-44,-44,"-44",-44,-44,-44,-44,"-44",-44,-44,-44,-44,"-44",-44,-44,-44,-44,"-44",-44,"-44",-44,"-44",-44,-44,-44,-44,2,2,-44,-44,-44,-44,-44,"-44",-44,-44,-44,-44,-44,"-44",-44,-44,-44,-44,-44,-44,-44,-44,-44,-44,-44,-44,-44,-44,-44,-44,-44,-44,-44,-44,-44,-44,2,2,-44,-44,5,5,5,3,5,2,-44,-44,-44,-44,-44,1,1,1,1,5,3,1,3,2,3,1,3,2,3,3,2,3,2,3,2,"-44",2,1,1,1,1,2,0,0,2,2,0,0,1,4,3,4,0,0,0,0,0,0,0,0,4,2,6,33,7764000,81600000,116400000,6,33,7764000,83400000,118400000,100,1,1,2,4,"MUHORONI",8,"-44","-44",33,106,999,1,-44,1,-44,10,16.3619995117188,"Kenya"
60524,1,2,"M1 through M5",-44,-44,"M6",-44,-44,"-44",2,-44,2011,1,"-44",1,3,235,126,109,0,0,0,1,18,17,18,50,5.55555555555556,0,1,92,92,83,41.304347826087,0,2,1,75,60,69,61.3333333333333,20,0,1,18,18,18,88.8888888888889,0,1,21,17,24,0,0,1,11,9,11,0,2,2,-44,-44,-44,-44,-44,2,-44,-44,-44,-44,-44,2,-44,-44,-44,-44,-44,2,-44,-44,-44,-44,-44,1,1,2,2,1,2,1,2,"-44",1,1,1,2,2,2,1,2,"-44",1,1,2,1,1,2,1,2,"-44",1,1,2,1,1,2,1,2,"-44",1,1,2,2,2,1,2,2,"-44",1,2,2,2,2,1,2,2,"-44",2,-44,-44,-44,-44,-44,-44,-44,"-44",2,-44,-44,-44,-44,-44,-44,-44,"-44",2,-44,-44,-44,-44,-44,-44,-44,"-44",2,-44,-44,-44,-44,-44,-44,-44,"-44",1,1,1,1,"Managers",1,1,1,2,2,2,2,5,"Service workers","Managers","Service workers",2,1,2,2,2,1,2,1,2,2,2,2,2,1,1,1,2,2,1,1,70,20,80,20,40,5,6,6,2,1,92900,34900,2,2,1,2,3,2,5,-44,-44,-44,2,1,1,3,2,1,2,2,1,2,2,1,1,2,2,1,1,1,1,2,2,2,1,1,3,3,2,2,88600,24900,2,2,7,6,6,6,1,2,1,2,31,24,2,1,2,2,2,3,1,3,2,2,1,3,1,2,-44,-44,-44,-44,3,-44,-44,-44,1,-44,3,-44,2,4,4,4,4,4,1,4,4,3,4,4,2,1,1,2,2,3,2,2,2,2,2,-44,1,3,-44,-44,-44,-44,-44,-44,-44,-44,2,4,4,4,1,3,4,4,4,4,4,2,1,-44,-44,-44,-44,-44,-44,"-44",1,2,1,1,1,2,"-44",2,1,-44,80,2,2,-44,-44,-44,-44,"-44",-44,-44,-44,-44,"-44",-44,-44,-44,-44,"-44",-44,-44,-44,-44,"-44",-44,-44,-44,-44,"-44",-44,-44,-44,-44,"-44",-44,"-44",-44,"-44",-44,-44,-44,-44,2,2,-44,-44,-44,-44,-44,"-44",-44,-44,-44,-44,-44,"-44",-44,-44,-44,-44,-44,-44,-44,-44,-44,-44,-44,-44,-44,-44,-44,-44,-44,-44,-44,-44,-44,-44,2,1,-44,4,2,2,3,3,4,1,1,5,5,3,2,3,1,2,5,5,3,1,3,3,1,2,1,3,3,1,3,3,3,4,1,"-44",1,1,2,2,1,2,0,4,3,1,3,1,0,1,4,1,1,0,0,0,1,0,4,0,4,1,1,252,131122100,131273000,428646400,1,240,119082500,143230200,689080000,80,1,1,2,3,"KERICHO",3,"-44","-44",235,120,202,1,-44,1,-44,11,4.61700010299683,"Kenya"
50506,2,3,"M1 through M5",-44,-44,"M6",-44,-44,"-44",2,-44,1998,2,"-44",1,3,247,147,100,45,0,45,1,14,14,14,21.4285714285714,0,2,1,23,19,23,0,17.3913043478261,0,1,38,38,38,15.7894736842105,0,1,1,11,10,11,0,0,1,29,29,29,31.0344827586207,0,1,63,57,71,46.031746031746,0,2,-44,-44,-44,-44,-44,2,-44,-44,-44,-44,-44,1,74,74,74,87.8378378378378,0,1,40,36,40,82.5,6,2,-44,-44,-44,-44,-44,-44,-44,"-44",1,1,2,1,1,1,1,2,"-44",1,1,2,2,2,2,2,2,"-44",1,2,2,1,2,2,1,2,"-44",2,-44,-44,-44,-44,-44,-44,-44,"-44",1,1,2,1,2,1,2,2,"-44",2,-44,-44,-44,-44,-44,-44,-44,"-44",2,-44,-44,-44,-44,-44,-44,-44,"-44",2,-44,-44,-44,-44,-44,-44,-44,"-44",1,1,2,1,2,1,1,2,"-44",1,1,1,2,"Professionals",1,1,1,2,2,1,1,6,"Sales workers","Professionals","Sales workers",1,1,2,2,1,2,2,1,2,2,1,2,1,2,2,1,2,2,1,1,80,50,50,50,15,5,5,4,1,1,158200,36000,2,2,2,1,3,5,-44,-44,-44,-44,-44,-44,3,2,1,2,1,2,2,1,2,1,1,2,2,1,1,1,2,1,1,2,1,2,2,3,3,1,142000,31700,2,2,8,2,6,6,2,2,2,1,45,40,1,2,2,2,1,2,2,2,2,2,3,3,1,2,-44,-44,3,-44,-44,-44,-44,-44,-44,-44,1,-44,1,4,4,3,4,4,4,2,4,4,4,4,2,2,1,2,2,2,2,2,2,2,2,-44,-44,3,-44,-44,-44,-44,-44,-44,-44,-44,2,4,4,4,3,4,4,4,1,4,4,1,2,1,2,1,1,1,2,"-44",-44,-44,-44,-44,-44,-44,"-44",2,1,-44,50,2,2,-44,-44,-44,-44,"-44",-44,-44,-44,-44,"-44",-44,-44,-44,-44,"-44",-44,-44,-44,-44,"-44",-44,-44,-44,-44,"-44",-44,-44,-44,-44,"-44",-44,"-44",-44,"-44",-44,-44,-44,-44,2,2,-44,-44,-44,-44,-44,"-44",-44,-44,-44,-44,-44,"-44",-44,-44,-44,-44,-44,-44,-44,-44,-44,-44,-44,-44,-44,-44,-44,-44,-44,-44,-44,-44,-44,-44,2,1,-44,888997,2,2,4,2,5,1,4,4,4,3,2,5,5,5,5,2,3,1,3,1,3,3,1,1,2,2,3,3,5,5,4,"-44",2,2,2,2,1,2,0,2,0,1,2,0,4,4,4,0,4,1,1,4,1,0,2,0,0,1,12,305,31464000,1338600000,2480688000,12,308,44955000,1629600000,3068928000,100,1,1,1,4,"KERICHO",3,"-44","-44",292,121,202,2,-44,1,-44,11,4.61700010299683,"Kenya"
98307,1,2,"M1 through M5",2,2,"M6",-44,-44,"-44",2,-44,1987,4,"-44",1,19,300,250,50,2200,1650,550,1,10,10,10,20,0,0,1,45,45,45,26.6666666666667,0,0,1,245,245,245,24.4897959183673,0,0,1,275,275,275,34.5454545454545,0,1,995,995,995,25.1256281407035,0,1,900,900,900,20.1111111111111,0,2,-44,-44,-44,-44,-44,2,-44,-44,-44,-44,-44,1,30,30,30,0,0,2,-44,-44,-44,-44,-44,2,-44,-44,-44,-44,-44,-44,-44,"-44",2,-44,-44,-44,-44,-44,-44,-44,"-44",1,1,1,1,1,1,1,2,"-44",1,1,1,1,1,1,1,2,"-44",1,1,1,1,1,1,1,2,"-44",2,-44,-44,-44,-44,-44,-44,-44,"-44",2,-44,-44,-44,-44,-44,-44,-44,"-44",2,-44,-44,-44,-44,-44,-44,-44,"-44",2,-44,-44,-44,-44,-44,-44,-44,"-44",2,-44,-44,-44,-44,-44,-44,-44,"-44",1,1,1,2,"Professionals",1,1,1,2,2,1,2,5,"Service workers","Professionals","Service workers",2,2,2,2,2,2,1,1,2,2,2,2,2,2,2,1,1,2,2,2,-44,-44,-44,-44,-44,-44,6,4,1,1,65000,12000,2,2,2,2,1,5,-44,2,1,2,-44,-44,2,5,-44,-44,-44,-44,1,2,1,1,1,1,2,1,1,1,1,2,1,2,2,1,3,1,3,3,65000,12000,2,2,1,1,7,4,1,2,1,1,35,30,1,1,2,2,3,2,2,2,2,2,2,2,2,2,-44,-44,-44,-44,-44,-44,-44,-44,-44,-44,-44,-44,4,4,4,1,4,2,4,3,4,4,4,4,2,2,3,2,2,2,2,2,2,2,2,-44,-44,-44,-44,-44,-44,-44,-44,-44,-44,-44,4,4,4,4,1,4,2,3,4,4,4,1,1,2,2,2,1,1,2,"-44",2,2,2,1,1,2,"-44",1,1,75,50,1,2,1,1,1,-44,"-44",-44,-44,-44,-44,"-44",75,75,75,-44,"-44",2,2,4,-44,"-44",-44,-44,-44,-44,"-44",-44,-44,-44,-44,"-44",4,"-44",-44,"-44",2,-44,1200000,-44,1,2,1,2,1,2,2,"-44",-44,-44,-44,-44,-44,"-44",75,-44,75,-44,-44,3,-44,3,-44,-44,-44,-44,-44,-44,-44,-44,-44,-44,-44,-44,700000,-44,1,1,1,3,4,4,2,2,2,2,-44,-44,-44,-44,-44,1,3,1,2,2,3,2,3,1,1,1,1,1,1,2,1,1,4,4,2,"-44",1,1,1,1,1,1,1,2,0,2,0,1,1,1,0,1,2,1,2,1,1,2,3,1,0,1,6,2500,248000000,800000,510000000,6,2500,252000000,1200000,516000000,100,1,1,1,2,"KISUMU",19,"-44","-44",2500,102,102,1,-44,1,-44,11,4.61700010299683,"Kenya"
54514,2,3,"M1 through M5",-44,-44,"M6",-44,-44,"-44",2,-44,1988,2,"-44",1,7,156,96,60,54,34,20,1,20,20,20,20,0,0,2,-44,-44,-44,-44,-44,-44,2,-44,-44,-44,-44,-44,-44,1,89,69,94,31.4606741573034,1,2,-44,-44,-44,-44,-44,1,31,28,35,51.6129032258064,4,2,-44,-44,-44,-44,-44,1,40,36,40,15,0,2,-44,-44,-44,-44,-44,1,30,30,30,86.6666666666667,2,1,1,2,1,1,1,2,2,"-44",2,-44,-44,-44,-44,-44,-44,-44,"-44",2,-44,-44,-44,-44,-44,-44,-44,"-44",1,1,2,1,1,2,2,2,"-44",2,-44,-44,-44,-44,-44,-44,-44,"-44",1,1,2,2,2,1,2,2,"-44",2,-44,-44,-44,-44,-44,-44,-44,"-44",1,1,2,2,2,1,2,2,"-44",2,-44,-44,-44,-44,-44,-44,-44,"-44",2,-44,-44,-44,-44,-44,-44,-44,"-44",1,2,2,1,"Managers",1,2,1,2,1,2,1,6,"Sales workers","Managers","Sales workers",2,2,2,2,1,2,2,2,2,2,2,2,2,2,1,2,2,2,1,1,70,10,90,10,40,15,6,5,2,2,31400,18200,2,2,2,1,5,-44,-44,-44,-44,-44,-44,-44,3,1,2,1,2,2,2,1,1,1,1,1,1,1,2,2,1,1,2,1,2,1,3,2,2,3,24600,21600,2,2,12,8,6,6,2,2,1,2,37,24,2,2,2,2,1,3,2,1,2,1,1,2,2,2,-44,-44,3,-44,-44,2,-44,1,1,-44,-44,-44,4,4,4,4,4,3,4,1,4,2,4,4,2,3,1,2,2,2,3,2,2,2,2,-44,-44,3,-44,-44,-44,-44,-44,-44,-44,-44,1,4,4,4,4,2,4,4,3,4,4,1,2,1,1,1,2,2,2,"-44",-44,-44,-44,-44,-44,-44,"-44",1,1,50,50,1,2,1,2,1,-44,"-44",-44,-44,-44,-44,"-44",40,-44,20,-44,"-44",1,-44,1,-44,"-44",-44,-44,-44,-44,"-44",-44,-44,-44,-44,"-44",2,"-44",-44,"-44",1,-44,3200,-44,1,2,2,1,1,2,2,"-44",-44,-44,-44,-44,-44,"-44",-44,30,10,-44,-44,-44,3,2,-44,-44,-44,-44,-44,-44,-44,-44,-44,-44,-44,-44,15000,-44,1,1,1,888997,5,5,3,2,5,1,4,3,2,2,5,2,5,1,1,1,1,3,1,2,1,2,3,1,3,2,3,3,2,3,1,"-44",2,2,2,1,1,2,4,0,0,0,1,4,4,4,1,4,1,1,0,0,0,2,4,0,4,1,1,209,46725100,32528000,360960000,1,209,25062400,25267200,431568000,60,2,1,1,4,"UASIN GISHU",7,"-44","-44",210,116,201,1,-44,1,-44,11,4.61700010299683,"Kenya"
71531,2,2,"M1 through M5",-44,-44,"M6",-44,-44,"-44",2,-44,2002,1,"-44",1,3,1308,975,333,0,0,0,1,130,130,130,23.0769230769231,0,0,2,-44,-44,-44,-44,-44,-44,1,52,52,62,71.1538461538462,0,0,1,127,107,133,65.3543307086614,0,2,-44,-44,-44,-44,-44,2,-44,-44,-44,-44,-44,2,-44,-44,-44,-44,-44,1,519,472,519,19.2678227360308,5,1,389,338,428,12.853470437018,11,1,91,84,91,36.2637362637363,0,2,-44,-44,-44,-44,-44,-44,-44,"-44",2,-44,-44,-44,-44,-44,-44,-44,"-44",1,1,2,2,1,2,1,2,"-44",1,1,2,2,1,2,1,2,"-44",2,-44,-44,-44,-44,-44,-44,-44,"-44",2,-44,-44,-44,-44,-44,-44,-44,"-44",2,-44,-44,-44,-44,-44,-44,-44,"-44",1,1,2,2,2,2,2,2,"-44",1,1,2,2,2,2,2,2,"-44",1,1,2,2,2,2,2,2,"-44",1,2,1,3,"Technicians and associate professionals",1,2,2,2,1,1,1,10,"Elementary occupations","Technicians and associate professionals","Elementary occupations",2,2,2,1,2,1,2,1,2,2,2,2,2,2,2,2,2,1,1,1,30,40,60,40,15,7,4,3,2,2,56600,19400,2,2,1,1,1,5,-44,2,2,1,-44,-44,3,2,5,-44,-44,-44,2,1,2,1,2,1,2,1,2,2,2,2,2,2,2,2,5,3,2,1,84400,16600,2,2,1,8,6,3,1,2,2,2,60,37,2,2,2,2,2,3,3,2,3,3,2,2,2,2,-44,-44,-44,-44,-44,-44,-44,-44,-44,-44,-44,-44,4,4,4,4,4,4,3,1,2,4,4,4,3,3,2,2,2,2,2,1,3,1,1,-44,-44,-44,-44,-44,-44,-44,1,-44,1,1,2,4,4,4,1,4,4,4,3,4,4,2,2,-44,-44,-44,-44,-44,-44,"-44",-44,-44,-44,-44,-44,-44,"-44",2,1,-44,50,2,2,-44,-44,-44,-44,"-44",-44,-44,-44,-44,"-44",-44,-44,-44,-44,"-44",-44,-44,-44,-44,"-44",-44,-44,-44,-44,"-44",-44,-44,-44,-44,"-44",-44,"-44",-44,"-44",-44,-44,-44,-44,2,2,-44,-44,-44,-44,-44,"-44",-44,-44,-44,-44,-44,"-44",-44,-44,-44,-44,-44,-44,-44,-44,-44,-44,-44,-44,-44,-44,-44,-44,-44,-44,-44,-44,-44,-44,2,1,-44,888997,1,3,5,3,4,2,-44,-44,-44,-44,-44,2,5,2,5,4,3,3,3,2,3,3,3,2,1,2,3,3,3,3,3,"-44",2,1,2,2,2,2,1,1,0,1,1,1,0,4,1,0,4,3,4,0,1,0,1,0,0,1,11,1427,32934600,17687200,169516800,11,1336,4405104000,20217600,200679100,90,1,1,1,4,"UASIN GISHU",3,"-44","-44",1308,116,201,1,-44,1,-44,11,4.61700010299683,"Kenya"
60506,1,3,"M1 through M5",-44,-44,"M6",-44,-44,"-44",2,-44,2006,1,"-44",1,3,465,227,238,100,83,17,1,34,34,34,52.9411764705882,0,0,2,-44,-44,-44,-44,-44,-44,2,-44,-44,-44,-44,-44,-44,1,95,95,80,86.3157894736842,0,2,-44,-44,-44,-44,-44,1,123,123,123,91.0569105691057,0,2,-44,-44,-44,-44,-44,1,201,201,191,21.3930348258706,0,2,-44,-44,-44,-44,-44,1,112,112,112,0,0,1,1,2,2,1,2,2,2,"-44",2,-44,-44,-44,-44,-44,-44,-44,"-44",2,-44,-44,-44,-44,-44,-44,-44,"-44",2,-44,-44,-44,-44,-44,-44,-44,"-44",2,-44,-44,-44,-44,-44,-44,-44,"-44",2,-44,-44,-44,-44,-44,-44,-44,"-44",2,-44,-44,-44,-44,-44,-44,-44,"-44",2,-44,-44,-44,-44,-44,-44,-44,"-44",2,-44,-44,-44,-44,-44,-44,-44,"-44",1,2,2,2,1,2,2,2,"-44",1,2,2,1,"Managers",1,2,1,2,1,2,1,6,"Sales workers","Managers","Sales workers",2,2,2,2,2,2,2,1,2,2,1,2,2,2,2,1,2,2,1,2,70,-44,-44,-44,20,-44,6,4,1,1,27600,23800,2,2,1,1,5,-44,-44,-44,-44,-44,-44,-44,3,1,5,2,1,2,-44,-44,1,1,1,2,2,2,1,1,1,1,2,2,1,2,2,2,1,3,33300,26600,2,2,2,6,5,4,1,1,1,2,50,30,2,2,2,2,1,3,2,2,2,3,3,1,3,3,-44,-44,1,-44,-44,-44,-44,-44,-44,1,-44,-44,3,4,4,2,4,1,4,4,4,4,4,4,2,2,2,3,3,2,2,2,1,2,2,-44,-44,-44,-44,-44,-44,-44,-44,1,-44,-44,4,4,4,4,4,1,4,3,2,4,4,2,2,-44,-44,-44,-44,-44,-44,"-44",-44,-44,-44,-44,-44,-44,"-44",2,2,-44,-44,2,2,-44,-44,-44,-44,"-44",-44,-44,-44,-44,"-44",-44,-44,-44,-44,"-44",-44,-44,-44,-44,"-44",-44,-44,-44,-44,"-44",-44,-44,-44,-44,"-44",-44,"-44",-44,"-44",-44,-44,-44,-44,2,2,-44,-44,-44,-44,-44,"-44",-44,-44,-44,-44,-44,"-44",-44,-44,-44,-44,-44,-44,-44,-44,-44,-44,-44,-44,-44,-44,-44,-44,-44,-44,-44,-44,-44,-44,2,2,-44,-44,3,2,4,2,4,2,-44,-44,-44,-44,-44,2,5,1,2,1,1,3,3,2,1,3,3,1,1,3,2,2,2,4,1,"-44",2,1,1,2,2,1,3,1,1,1,2,4,3,4,1,0,4,3,2,0,1,0,1,2,1,1,6,565,126413500,63581600,1128600000,6,565,67868000,65755200,791388000,100,2,1,1,3,"UASIN GISHU",3,"-44","-44",565,116,201,1,-44,1,-44,11,4.61700010299683,"Kenya"
71533,1,3,"M1 through M5",-44,-44,"M6",-44,-44,"-44",2,-44,1993,1,"-44",1,3,775,505,270,0,0,0,1,69,67,69,31.8840579710145,2.89855072463768,2,2,-44,-44,-44,-44,-44,-44,2,-44,-44,-44,-44,-44,-44,1,169,155,188,66.8639053254438,0,1,275,275,313,19.6363636363636,0,1,154,139,185,33.1168831168831,3,2,-44,-44,-44,-44,-44,2,-44,-44,-44,-44,-44,2,-44,-44,-44,-44,-44,1,108,85,108,27.7777777777778,0,1,1,1,1,2,2,2,2,"-44",2,-44,-44,-44,-44,-44,-44,-44,"-44",2,-44,-44,-44,-44,-44,-44,-44,"-44",1,1,2,1,2,1,2,2,"-44",2,-44,-44,-44,-44,-44,-44,-44,"-44",1,1,2,1,2,1,2,2,"-44",2,-44,-44,-44,-44,-44,-44,-44,"-44",2,-44,-44,-44,-44,-44,-44,-44,"-44",2,-44,-44,-44,-44,-44,-44,-44,"-44",1,1,1,1,1,2,2,2,"-44",1,2,2,1,"Managers",1,1,1,2,2,2,1,6,"Sales workers","Managers","Sales workers",2,2,2,2,2,1,2,2,2,2,2,1,2,2,1,2,2,2,1,1,30,30,70,30,30,15,6,5,2,1,59900,29000,2,2,1,1,5,-44,-44,-44,-44,-44,-44,-44,1,3,2,1,2,2,2,1,2,2,2,2,2,1,1,1,1,1,1,2,2,1,3,3,2,3,65500,30500,2,2,6,2,4,4,2,1,1,1,33,20,1,2,2,3,2,2,3,2,2,2,1,2,2,3,-44,-44,-44,-44,-44,-44,-44,-44,2,-44,-44,-44,4,4,4,1,4,4,2,3,4,4,4,4,3,2,2,1,2,2,3,2,2,2,3,-44,-44,-44,3,-44,-44,-44,-44,-44,-44,-44,1,2,4,4,4,4,4,4,3,4,4,2,2,-44,-44,-44,-44,-44,-44,"-44",-44,-44,-44,-44,-44,-44,"-44",2,2,-44,-44,2,2,-44,-44,-44,-44,"-44",-44,-44,-44,-44,"-44",-44,-44,-44,-44,"-44",-44,-44,-44,-44,"-44",-44,-44,-44,-44,"-44",-44,-44,-44,-44,"-44",-44,"-44",-44,"-44",-44,-44,-44,-44,2,2,-44,-44,-44,-44,-44,"-44",-44,-44,-44,-44,-44,"-44",-44,-44,-44,-44,-44,-44,-44,-44,-44,-44,-44,-44,-44,-44,-44,-44,-44,-44,-44,-44,-44,-44,2,2,-44,-44,4,3,5,5,2,2,-44,-44,-44,-44,-44,1,1,5,5,2,3,3,2,3,2,3,1,1,2,2,3,2,3,3,1,"-44",2,2,2,2,2,2,4,0,3,1,4,4,0,2,4,3,0,1,0,2,0,4,0,1,0,1,1,801,293040000,5829100,1119648000,1,790,329472000,8663000,1158681600,100,1,1,1,4,"KERICHO",3,"-44","-44",775,121,202,1,-44,1,-44,11,4.61700010299683,"Kenya"
54515,1,2,"M1 through M5",-44,-44,"M6",-44,-44,"-44",2,-44,1997,1,"-44",1,7,74,30,44,15,8,7,1,16,15,19,62.5,6.25,0,1,32,30,35,62.5,6.25,0,2,-44,-44,-44,-44,-44,-44,1,27,25,27,48.1481481481481,0,1,9,7,10,88.8888888888889,0,2,-44,-44,-44,-44,-44,2,-44,-44,-44,-44,-44,2,-44,-44,-44,-44,-44,1,5,5,5,0,0,2,-44,-44,-44,-44,-44,1,1,1,1,2,2,2,2,"-44",1,1,1,2,1,2,1,2,"-44",2,-44,-44,-44,-44,-44,-44,-44,"-44",1,1,2,2,2,2,2,2,"-44",1,1,1,2,2,1,2,2,"-44",2,-44,-44,-44,-44,-44,-44,-44,"-44",2,-44,-44,-44,-44,-44,-44,-44,"-44",2,-44,-44,-44,-44,-44,-44,-44,"-44",2,-44,-44,-44,-44,-44,-44,-44,"-44",2,-44,-44,-44,-44,-44,-44,-44,"-44",1,1,2,1,"Managers",1,1,2,2,2,1,2,5,"Service workers","Managers","Service workers",2,2,2,2,2,2,1,2,2,2,1,2,2,2,2,2,1,2,1,1,80,40,60,40,40,7,6,4,2,1,14300,8100,2,2,2,2,3,2,1,2,2,1,2,1,1,2,5,2,2,1,2,1,1,1,1,1,2,1,1,1,1,2,2,2,2,1,3,3,3,3,12000,7400,2,2,1,12,6,5,2,1,1,1,46,52,2,2,2,2,2,3,2,3,2,2,2,3,3,2,-44,-44,-44,-44,-44,-44,-44,-44,-44,-44,-44,-44,2,4,4,4,1,4,4,4,4,3,4,4,2,2,1,2,2,2,2,2,2,1,2,-44,-44,1,-44,-44,-44,-44,-44,-44,3,-44,3,4,4,4,1,4,4,4,2,4,4,2,1,-44,-44,-44,-44,-44,-44,"-44",2,1,2,1,2,2,"-44",2,1,-44,70,2,2,-44,-44,-44,-44,"-44",-44,-44,-44,-44,"-44",-44,-44,-44,-44,"-44",-44,-44,-44,-44,"-44",-44,-44,-44,-44,"-44",-44,-44,-44,-44,"-44",-44,"-44",-44,"-44",-44,-44,-44,-44,2,2,-44,-44,-44,-44,-44,"-44",-44,-44,-44,-44,-44,"-44",-44,-44,-44,-44,-44,-44,-44,-44,-44,-44,-44,-44,-44,-44,-44,-44,-44,-44,-44,-44,-44,-44,2,1,-44,888997,3,5,3,5,3,2,-44,-44,-44,-44,-44,5,1,5,2,5,2,1,2,2,3,3,3,3,3,2,2,1,4,4,1,"-44",2,2,2,1,2,2,0,4,4,0,1,1,4,4,1,0,1,0,0,0,4,4,0,2,1,1,12,96,3498900,3936700,47692800,12,98,3345200,3560000,45792000,80,2,1,1,3,"KISUMU",7,"-44","-44",89,117,201,1,-44,1,-44,11,4.61700010299683,"Kenya"
71510,1,2,"M1 through M5",-44,-44,"M6",-44,-44,"-44",2,-44,2010,1,"-44",1,3,127,84,43,0,0,0,1,13,11,13,0,15.3846153846154,0,1,20,16,23,0,20,1,2,-44,-44,-44,-44,-44,-44,1,30,30,30,63.3333333333333,0,1,40,38,38,5,0,1,24,23,27,91.6666666666667,3,2,-44,-44,-44,-44,-44,2,-44,-44,-44,-44,-44,2,-44,-44,-44,-44,-44,2,-44,-44,-44,-44,-44,1,1,2,2,1,2,2,2,"-44",2,-44,-44,-44,-44,-44,-44,-44,"-44",2,-44,-44,-44,-44,-44,-44,-44,"-44",2,-44,-44,-44,-44,-44,-44,-44,"-44",1,1,2,2,1,2,2,2,"-44",1,1,2,2,2,2,1,2,"-44",2,-44,-44,-44,-44,-44,-44,-44,"-44",2,-44,-44,-44,-44,-44,-44,-44,"-44",2,-44,-44,-44,-44,-44,-44,-44,"-44",2,-44,-44,-44,-44,-44,-44,-44,"-44",1,1,2,1,"Managers",1,1,1,2,2,2,2,6,"Sales workers","Managers","Sales workers",2,2,2,1,2,1,2,2,2,2,2,2,2,2,2,1,2,2,1,1,60,30,70,30,60,5,4,6,1,2,39200,10100,2,2,1,1,2,3,5,-44,-44,-44,1,2,3,2,1,2,2,1,2,1,1,1,1,1,2,1,1,1,2,1,2,2,1,1,2,2,2,3,35100,11400,2,2,2,5,6,4,2,1,1,1,46,50,1,2,2,2,2,2,2,2,2,2,2,3,1,2,-44,-44,-44,-44,-44,-44,-44,-44,-44,-44,2,-44,4,4,4,3,4,1,4,4,4,2,4,4,2,2,1,3,1,2,1,2,3,1,3,-44,-44,1,-44,2,-44,1,-44,-44,2,-44,4,4,4,4,3,2,4,4,1,4,4,2,1,-44,-44,-44,-44,-44,-44,"-44",2,1,2,1,2,2,"-44",1,2,30,-44,2,2,-44,-44,-44,-44,"-44",-44,-44,-44,-44,"-44",-44,-44,-44,-44,"-44",-44,-44,-44,-44,"-44",-44,-44,-44,-44,"-44",-44,-44,-44,-44,"-44",-44,"-44",-44,"-44",-44,-44,-44,-44,2,2,-44,-44,-44,-44,-44,"-44",-44,-44,-44,-44,-44,"-44",-44,-44,-44,-44,-44,-44,-44,-44,-44,-44,-44,-44,-44,-44,-44,-44,-44,-44,-44,-44,-44,-44,1,2,4,-44,1,2,5,2,4,2,-44,-44,-44,-44,-44,1,4,1,5,1,1,1,3,2,3,2,3,2,1,1,3,2,2,5,4,"-44",2,1,2,1,2,2,4,0,2,0,0,2,1,1,4,4,0,1,1,0,0,1,0,0,4,1,12,124,5017600,12295200,249267200,12,129,4449600,12121200,198720000,60,1,2,1,3,"KERICHO",3,"-44","-44",127,120,202,1,-44,1,-44,11,4.61700010299683,"Kenya"
60569,1,2,"M1 through M5",-44,-44,"M6",-44,-44,"-44",2,-44,1988,2,"-44",1,9,97,41,56,0,0,0,1,15,12,15,0,20,0,1,59,59,88,94.9152542372881,0,0,2,-44,-44,-44,-44,-44,-44,2,-44,-44,-44,-44,-44,1,23,19,23,0,0,2,-44,-44,-44,-44,-44,2,-44,-44,-44,-44,-44,2,-44,-44,-44,-44,-44,2,-44,-44,-44,-44,-44,2,-44,-44,-44,-44,-44,1,2,2,1,1,2,1,2,"-44",1,1,1,2,1,1,1,2,"-44",2,-44,-44,-44,-44,-44,-44,-44,"-44",2,-44,-44,-44,-44,-44,-44,-44,"-44",1,1,2,2,1,1,2,2,"-44",2,-44,-44,-44,-44,-44,-44,-44,"-44",2,-44,-44,-44,-44,-44,-44,-44,"-44",2,-44,-44,-44,-44,-44,-44,-44,"-44",2,-44,-44,-44,-44,-44,-44,-44,"-44",2,-44,-44,-44,-44,-44,-44,-44,"-44",1,1,2,2,"Professionals",2,1,2,2,2,2,2,5,"Service workers","Professionals","Service workers",2,2,2,2,2,2,2,1,1,2,2,2,2,2,2,1,2,2,1,1,30,20,80,20,15,6,4,5,2,1,15600,14600,2,2,1,2,5,-44,-44,-44,-44,-44,-44,-44,3,1,5,2,2,1,-44,-44,1,1,2,1,2,2,1,1,2,2,2,2,1,2,2,2,3,1,15500,10400,2,2,0,5,6,6,2,2,1,1,41,46,2,1,2,3,1,2,2,2,2,2,2,3,1,2,-44,-44,1,-44,-44,-44,-44,-44,-44,-44,1,-44,4,4,4,4,4,3,4,1,4,4,4,2,2,2,1,2,2,3,2,2,2,3,2,-44,-44,3,-44,-44,-44,-44,-44,-44,-44,-44,3,4,4,4,4,1,4,4,2,4,4,1,1,1,2,2,2,2,2,"-44",2,1,2,1,2,2,"-44",2,2,-44,-44,2,2,-44,-44,-44,-44,"-44",-44,-44,-44,-44,"-44",-44,-44,-44,-44,"-44",-44,-44,-44,-44,"-44",-44,-44,-44,-44,"-44",-44,-44,-44,-44,"-44",-44,"-44",-44,"-44",-44,-44,-44,-44,2,2,-44,-44,-44,-44,-44,"-44",-44,-44,-44,-44,-44,"-44",-44,-44,-44,-44,-44,-44,-44,-44,-44,-44,-44,-44,-44,-44,-44,-44,-44,-44,-44,-44,-44,-44,2,2,-44,-44,3,5,2,5,5,1,2,3,2,4,4,1,1,4,5,1,3,3,3,1,2,3,2,3,1,1,3,3,5,3,4,"-44",2,2,2,1,1,2,0,1,0,0,1,4,0,2,1,0,2,0,3,0,0,1,0,3,4,1,3,107,11096800,1086800,36909600,3,102,146889600,1887900,5241600,80,1,1,1,4,"KAJIADO",9,"-44","-44",97,119,202,1,-44,1,-44,11,4.61700010299683,"Kenya"
54584,2,3,"M1 through M5",-44,-44,"M6",-44,-44,"-44",2,-44,2010,1,"-44",1,3,170,105,65,0,0,0,1,31,29,31,32.258064516129,6.45161290322581,0,2,-44,-44,-44,-44,-44,-44,2,-44,-44,-44,-44,-44,-44,2,-44,-44,-44,-44,-44,2,-44,-44,-44,-44,-44,2,-44,-44,-44,-44,-44,2,-44,-44,-44,-44,-44,1,139,130,149,39.568345323741,10,2,-44,-44,-44,-44,-44,2,-44,-44,-44,-44,-44,1,1,2,2,2,2,2,2,"-44",2,-44,-44,-44,-44,-44,-44,-44,"-44",2,-44,-44,-44,-44,-44,-44,-44,"-44",2,-44,-44,-44,-44,-44,-44,-44,"-44",2,-44,-44,-44,-44,-44,-44,-44,"-44",2,-44,-44,-44,-44,-44,-44,-44,"-44",2,-44,-44,-44,-44,-44,-44,-44,"-44",1,1,2,1,2,1,2,2,"-44",2,-44,-44,-44,-44,-44,-44,-44,"-44",2,-44,-44,-44,-44,-44,-44,-44,"-44",1,2,2,1,"Managers",2,2,2,2,1,2,2,8,"Construction, craft, and related trade w","Managers","Construction, craft, and related trade w",1,1,2,2,2,2,2,1,2,1,1,2,2,2,1,1,2,1,1,1,70,20,80,20,20,10,6,4,1,2,24400,8000,2,2,2,1,3,5,-44,-44,-44,-44,-44,-44,5,-44,-44,-44,-44,-44,-44,-44,2,1,1,2,1,1,2,1,2,2,2,2,2,1,2,3,2,3,24600,6800,2,2,6,6,6,4,2,1,1,1,46,39,2,2,3,3,2,2,3,2,2,2,3,2,1,2,-44,-44,-44,-44,-44,-44,-44,-44,-44,-44,2,-44,3,4,4,4,4,1,4,4,4,4,4,2,2,2,2,2,3,2,2,2,2,3,1,-44,-44,-44,-44,-44,-44,-44,-44,-44,-44,1,1,4,4,4,3,2,4,4,4,4,4,2,2,-44,-44,-44,-44,-44,-44,"-44",-44,-44,-44,-44,-44,-44,"-44",2,2,-44,-44,2,2,-44,-44,-44,-44,"-44",-44,-44,-44,-44,"-44",-44,-44,-44,-44,"-44",-44,-44,-44,-44,"-44",-44,-44,-44,-44,"-44",-44,-44,-44,-44,"-44",-44,"-44",-44,"-44",-44,-44,-44,-44,2,2,-44,-44,-44,-44,-44,"-44",-44,-44,-44,-44,-44,"-44",-44,-44,-44,-44,-44,-44,-44,-44,-44,-44,-44,-44,-44,-44,-44,-44,-44,-44,-44,-44,-44,-44,2,2,-44,-44,3,4,2,2,5,2,-44,-44,-44,-44,-44,1,1,1,2,4,2,3,2,1,2,3,1,1,1,3,3,1,5,3,4,"-44",2,1,1,1,1,2,0,0,0,0,0,0,1,4,1,0,4,0,0,0,1,1,4,0,1,1,1,180,22360800,43243200,86829600,1,173,15539000,41891900,67027000,100,1,2,2,4,"UASIN GISHU",3,"-44","-44",170,116,201,1,-44,1,-44,11,4.61700010299683,"Kenya"
98359,1,3,"M1 through M5",-44,-44,"M6",-44,-44,"-44",2,-44,2002,3,"-44",1,19,700,670,30,0,0,0,1,7,7,7,14.2857142857143,0,0,1,2,2,2,0,0,0,1,11,10,11,0,9.09090909090909,0,1,2,2,2,50,0,1,669,600,800,3.8863976083707,0,1,8,8,8,25,0,2,-44,-44,-44,-44,-44,2,-44,-44,-44,-44,-44,2,-44,-44,-44,-44,-44,1,1,1,1,0,0,2,-44,-44,-44,-44,-44,-44,-44,"-44",2,-44,-44,-44,-44,-44,-44,-44,"-44",1,2,2,2,1,2,1,2,"-44",2,-44,-44,-44,-44,-44,-44,-44,"-44",1,1,1,1,1,1,1,2,"-44",2,-44,-44,-44,-44,-44,-44,-44,"-44",2,-44,-44,-44,-44,-44,-44,-44,"-44",2,-44,-44,-44,-44,-44,-44,-44,"-44",2,-44,-44,-44,-44,-44,-44,-44,"-44",2,-44,-44,-44,-44,-44,-44,-44,"-44",1,1,1,3,"Technicians and associate professionals",1,1,1,2,2,2,1,10,"Elementary occupations","Technicians and associate professionals","Elementary occupations",2,2,2,2,2,2,1,1,2,2,2,2,2,2,2,2,1,2,1,2,100,-44,-44,-44,30,-44,6,4,1,1,30000,7500,2,2,1,2,5,-44,-44,-44,-44,-44,-44,-44,4,1,2,2,1,2,1,2,2,2,2,1,2,2,1,2,2,2,2,1,2,1,5,1,1,1,30000,7500,2,2,18,5,6,3,2,2,1,1,30,35,1,1,2,2,3,2,2,2,2,2,2,2,2,2,-44,-44,-44,-44,-44,-44,-44,-44,-44,-44,-44,-44,4,4,4,4,3,4,4,1,4,2,4,4,3,1,3,3,2,2,1,3,3,3,3,-44,1,-44,-44,-44,-44,1,-44,-44,-44,-44,4,1,4,4,3,2,4,4,4,4,4,1,2,2,2,2,2,1,2,"-44",-44,-44,-44,-44,-44,-44,"-44",2,2,-44,-44,2,2,-44,-44,-44,-44,"-44",-44,-44,-44,-44,"-44",-44,-44,-44,-44,"-44",-44,-44,-44,-44,"-44",-44,-44,-44,-44,"-44",-44,-44,-44,-44,"-44",-44,"-44",-44,"-44",-44,-44,-44,-44,2,2,-44,-44,-44,-44,-44,"-44",-44,-44,-44,-44,-44,"-44",-44,-44,-44,-44,-44,-44,-44,-44,-44,-44,-44,-44,-44,-44,-44,-44,-44,-44,-44,-44,-44,-44,2,2,-44,-44,4,5,4,3,3,2,-44,-44,-44,-44,-44,3,1,1,2,1,3,3,2,1,1,1,3,1,1,3,3,3,4,4,1,"-44",2,1,1,1,2,2,0,0,0,0,0,0,0,3,0,4,2,0,3,0,0,1,3,0,2,1,6,550,120000000,45000000,200000000,6,650,131000000,52000000,218000000,100,1,1,2,3,"KISUMU",19,"-44","-44",700,106,999,1,-44,1,-44,11,4.61700010299683,"Kenya"
54542,2,3,"M1 through M5",-44,-44,"M6",-44,-44,"-44",2,-44,2001,3,"-44",1,3,160,103,57,9,0,9,1,10,10,10,20,0,0,2,-44,-44,-44,-44,-44,-44,1,37,29,47,62.1621621621622,21.6216216216216,0,2,-44,-44,-44,-44,-44,2,-44,-44,-44,-44,-44,2,-44,-44,-44,-44,-44,2,-44,-44,-44,-44,-44,2,-44,-44,-44,-44,-44,1,89,74,96,29.2134831460674,0,1,33,30,35,45.4545454545455,0,1,1,2,1,1,2,2,2,"-44",2,-44,-44,-44,-44,-44,-44,-44,"-44",1,1,2,2,1,2,1,2,"-44",2,-44,-44,-44,-44,-44,-44,-44,"-44",2,-44,-44,-44,-44,-44,-44,-44,"-44",2,-44,-44,-44,-44,-44,-44,-44,"-44",2,-44,-44,-44,-44,-44,-44,-44,"-44",2,-44,-44,-44,-44,-44,-44,-44,"-44",1,1,1,2,2,2,2,2,"-44",1,1,2,2,2,2,2,2,"-44",1,2,1,3,"Technicians and associate professionals",2,2,2,2,2,1,1,10,"Elementary occupations","Technicians and associate professionals","Elementary occupations",2,1,2,1,1,2,2,1,2,2,1,2,2,2,1,2,2,2,1,1,30,10,90,10,10,5,5,2,2,1,35000,13900,2,2,2,1,3,2,1,2,2,1,1,2,5,-44,-44,-44,-44,-44,-44,-44,1,1,1,1,2,1,2,1,1,2,1,2,2,2,5,1,2,2,33100,11700,2,2,8,0,6,2,2,2,1,1,56,31,1,1,3,2,3,2,1,1,3,3,2,2,2,2,-44,-44,-44,-44,1,3,-44,-44,-44,-44,-44,-44,2,4,4,4,4,3,4,4,4,1,4,4,2,2,3,2,2,2,2,2,2,2,1,-44,-44,-44,-44,-44,-44,-44,-44,-44,-44,3,2,3,4,4,4,4,4,4,1,4,4,1,2,1,2,1,2,2,2,"-44",-44,-44,-44,-44,-44,-44,"-44",2,1,-44,70,2,2,-44,-44,-44,-44,"-44",-44,-44,-44,-44,"-44",-44,-44,-44,-44,"-44",-44,-44,-44,-44,"-44",-44,-44,-44,-44,"-44",-44,-44,-44,-44,"-44",-44,"-44",-44,"-44",-44,-44,-44,-44,2,2,-44,-44,-44,-44,-44,"-44",-44,-44,-44,-44,-44,"-44",-44,-44,-44,-44,-44,-44,-44,-44,-44,-44,-44,-44,-44,-44,-44,-44,-44,-44,-44,-44,-44,-44,2,1,-44,888997,4,3,3,3,3,1,5,2,2,5,3,1,5,4,4,3,3,2,2,1,3,3,3,2,3,1,3,3,2,5,1,"-44",1,2,1,2,2,2,4,0,4,2,0,1,3,1,4,1,4,2,2,0,1,0,0,4,0,1,3,177,58512000,231504000,691125000,3,166,62274000,219648000,861360000,80,1,1,1,4,"UASIN GISHU",3,"-44","-44",169,116,201,1,-44,1,-44,11,4.61700010299683,"Kenya"
98338,1,2,"M1 through M5",-44,-44,"M6",-44,-44,"-44",2,-44,2011,1,"-44",1,9,50,30,20,0,0,0,1,5,5,5,0,0,0,1,10,10,10,20,0,0,1,5,5,5,0,0,0,1,10,10,10,0,0,1,10,8,10,80,0,1,10,6,10,100,0,2,-44,-44,-44,-44,-44,2,-44,-44,-44,-44,-44,2,-44,-44,-44,-44,-44,2,-44,-44,-44,-44,-44,1,1,2,2,2,2,2,2,"-44",1,1,2,2,2,2,2,2,"-44",1,1,2,2,2,2,2,2,"-44",1,1,2,2,2,2,2,2,"-44",1,1,2,2,2,2,2,2,"-44",1,1,2,2,2,2,2,2,"-44",2,-44,-44,-44,-44,-44,-44,-44,"-44",2,-44,-44,-44,-44,-44,-44,-44,"-44",2,-44,-44,-44,-44,-44,-44,-44,"-44",2,-44,-44,-44,-44,-44,-44,-44,"-44",1,1,1,3,"Technicians and associate professionals",1,1,1,2,2,2,2,5,"Service workers","Technicians and associate professionals","Service workers",2,2,1,1,2,2,2,1,2,2,2,1,1,2,1,1,1,2,1,1,60,40,60,40,10,10,5,5,1,1,25000,12000,2,1,1,1,1,2,4,2,1,2,1,2,1,2,4,2,1,2,1,2,1,1,1,1,1,1,1,1,1,1,1,1,1,1,2,2,1,2,25000,12000,1,1,6,5,6,5,1,1,1,1,35,30,1,1,2,2,1,2,2,2,2,2,2,2,2,2,-44,-44,2,-44,-44,-44,-44,-44,-44,-44,-44,-44,4,4,4,4,4,4,4,1,2,3,4,4,2,2,1,2,2,2,2,2,2,2,1,-44,-44,2,-44,-44,-44,-44,-44,-44,-44,2,1,2,4,3,4,4,4,4,4,4,4,2,2,-44,-44,-44,-44,-44,-44,"-44",-44,-44,-44,-44,-44,-44,"-44",2,2,-44,-44,2,2,-44,-44,-44,-44,"-44",-44,-44,-44,-44,"-44",-44,-44,-44,-44,"-44",-44,-44,-44,-44,"-44",-44,-44,-44,-44,"-44",-44,-44,-44,-44,"-44",-44,"-44",-44,"-44",-44,-44,-44,-44,2,2,-44,-44,-44,-44,-44,"-44",-44,-44,-44,-44,-44,"-44",-44,-44,-44,-44,-44,-44,-44,-44,-44,-44,-44,-44,-44,-44,-44,-44,-44,-44,-44,-44,-44,-44,2,2,-44,-44,4,4,4,4,4,2,-44,-44,-44,-44,-44,1,1,1,4,5,3,2,3,1,1,2,2,1,1,2,2,1,4,4,1,"-44",2,1,1,1,1,2,3,3,3,3,3,3,3,3,3,3,2,3,3,2,3,3,3,3,2,1,12,50,7980000,3000000,15000000,12,50,7980000,3000000,15000000,60,1,2,1,2,"KISUMU",9,"-44","-44",50,102,102,1,-44,1,-44,11,4.61700010299683,"Kenya"
60505,2,3,"M1 through M5",-44,-44,"M6",-44,-44,"-44",2,-44,1993,1,"-44",1,3,209,97,112,31,10,21,1,16,14,16,43.75,12.5,1,2,-44,-44,-44,-44,-44,-44,2,-44,-44,-44,-44,-44,-44,1,158,140,175,43.6708860759494,0,2,-44,-44,-44,-44,-44,1,43,38,43,86.046511627907,0,2,-44,-44,-44,-44,-44,2,-44,-44,-44,-44,-44,2,-44,-44,-44,-44,-44,1,23,23,26,86.9565217391304,0,1,1,1,2,1,2,2,2,"-44",2,-44,-44,-44,-44,-44,-44,-44,"-44",2,-44,-44,-44,-44,-44,-44,-44,"-44",1,1,2,1,1,2,1,2,"-44",2,-44,-44,-44,-44,-44,-44,-44,"-44",1,1,1,2,1,1,1,2,"-44",2,-44,-44,-44,-44,-44,-44,-44,"-44",2,-44,-44,-44,-44,-44,-44,-44,"-44",2,-44,-44,-44,-44,-44,-44,-44,"-44",1,1,1,1,1,2,2,2,"-44",1,2,2,1,"Managers",1,2,1,2,2,2,1,6,"Sales workers","Managers","Sales workers",2,2,2,2,1,2,2,2,2,2,1,2,2,2,2,1,2,2,1,1,70,10,90,10,60,30,6,5,2,2,90100,23300,2,2,1,1,1,5,-44,2,1,2,-44,-44,5,-44,-44,-44,-44,-44,-44,-44,2,1,2,2,2,1,1,2,1,1,2,2,1,1,2,2,3,1,121900,26900,2,2,6,12,6,4,2,1,2,1,44,24,2,2,2,3,1,2,2,2,2,2,3,2,2,2,-44,-44,3,-44,-44,-44,-44,-44,-44,-44,-44,-44,4,4,4,3,4,1,4,4,4,2,4,4,2,3,1,2,2,3,2,2,2,3,2,-44,-44,1,-44,-44,-44,-44,-44,-44,-44,-44,3,4,4,1,4,4,4,4,2,4,4,1,2,1,1,1,1,2,2,"-44",-44,-44,-44,-44,-44,-44,"-44",2,2,-44,-44,2,2,-44,-44,-44,-44,"-44",-44,-44,-44,-44,"-44",-44,-44,-44,-44,"-44",-44,-44,-44,-44,"-44",-44,-44,-44,-44,"-44",-44,-44,-44,-44,"-44",-44,"-44",-44,"-44",-44,-44,-44,-44,2,2,-44,-44,-44,-44,-44,"-44",-44,-44,-44,-44,-44,"-44",-44,-44,-44,-44,-44,-44,-44,-44,-44,-44,-44,-44,-44,-44,-44,-44,-44,-44,-44,-44,-44,-44,2,2,-44,-44,4,2,5,2,5,1,1,4,5,3,4,3,5,5,2,2,1,2,2,1,3,2,3,3,3,1,2,3,4,2,1,"-44",2,2,1,2,2,2,4,4,1,4,4,0,3,3,1,2,1,4,4,0,0,4,0,0,1,1,1,242,185201600,65401400,990171000,1,256,195337000,87954800,1249248000,100,2,1,1,4,"KERICHO",3,"-44","-44",240,121,202,1,-44,1,-44,11,4.61700010299683,"Kenya"
39556,1,2,"M1 through M5",-44,-44,"M6",-44,-44,"-44",2,-44,1990,1,"-44",1,7,373,215,158,167,70,97,1,80,80,90,32.5,0,0,1,43,33,43,88.3720930232558,23.2558139534884,0,1,64,64,74,100,0,0,1,117,111,113,76.0683760683761,2,2,-44,-44,-44,-44,-44,1,145,120,158,17.9310344827586,1,2,-44,-44,-44,-44,-44,2,-44,-44,-44,-44,-44,2,-44,-44,-44,-44,-44,1,91,82,91,13.1868131868132,0,2,-44,-44,-44,-44,-44,-44,-44,"-44",1,1,1,2,1,2,1,2,"-44",2,-44,-44,-44,-44,-44,-44,-44,"-44",1,1,2,1,1,2,1,2,"-44",2,-44,-44,-44,-44,-44,-44,-44,"-44",1,1,2,1,2,2,2,2,"-44",2,-44,-44,-44,-44,-44,-44,-44,"-44",2,-44,-44,-44,-44,-44,-44,-44,"-44",2,-44,-44,-44,-44,-44,-44,-44,"-44",1,1,2,2,2,2,2,2,"-44",1,1,1,2,"Professionals",1,2,1,2,2,2,1,6,"Sales workers","Professionals","Sales workers",1,1,2,2,2,1,1,1,2,2,2,2,2,2,2,1,1,2,1,1,40,60,40,60,45,5,5,5,2,1,48100,18200,2,2,1,1,2,3,5,-44,-44,-44,2,1,2,3,5,-44,-44,-44,2,1,1,1,1,2,2,1,1,1,1,1,2,2,1,2,2,3,3,1,53900,23500,2,2,1,0,4,6,1,2,1,1,30,37,2,2,2,2,2,3,2,3,2,3,2,2,2,2,-44,-44,-44,-44,-44,-44,-44,-44,-44,-44,-44,-44,3,4,4,1,4,2,4,4,4,4,4,4,2,1,2,3,3,2,2,1,3,3,3,-44,3,-44,-44,-44,-44,-44,1,-44,-44,-44,2,4,4,4,4,1,4,4,3,4,4,1,2,2,2,2,2,1,2,"-44",-44,-44,-44,-44,-44,-44,"-44",1,2,50,-44,2,2,-44,-44,-44,-44,"-44",-44,-44,-44,-44,"-44",-44,-44,-44,-44,"-44",-44,-44,-44,-44,"-44",-44,-44,-44,-44,"-44",-44,-44,-44,-44,"-44",-44,"-44",-44,"-44",-44,-44,-44,-44,2,2,-44,-44,-44,-44,-44,"-44",-44,-44,-44,-44,-44,"-44",-44,-44,-44,-44,-44,-44,-44,-44,-44,-44,-44,-44,-44,-44,-44,-44,-44,-44,-44,-44,-44,-44,1,2,888997,-44,4,5,4,2,3,2,-44,-44,-44,-44,-44,2,1,1,5,1,1,3,3,2,1,1,3,1,2,3,2,3,3,5,2,"-44",2,2,2,1,2,1,1,4,1,0,1,0,2,1,2,0,1,3,0,1,0,0,4,4,0,1,1,590,135936000,419328000,1258740000,1,548,143594400,368280000,1294704000,90,1,1,1,3,"KAJIADO",7,"-44","-44",540,119,202,1,-44,1,-44,11,4.61700010299683,"Kenya"
60532,2,2,"M1 through M5",-44,-44,"M6",-44,-44,"-44",2,-44,1985,1,"-44",1,7,112,78,34,0,0,0,1,8,7,8,62.5,12.5,0,2,-44,-44,-44,-44,-44,-44,1,49,49,42,24.4897959183673,0,2,1,9,8,9,33.3333333333333,0,1,20,20,12,45,4,1,26,26,26,19.2307692307692,0,2,-44,-44,-44,-44,-44,2,-44,-44,-44,-44,-44,2,-44,-44,-44,-44,-44,2,-44,-44,-44,-44,-44,1,1,2,2,1,2,2,2,"-44",2,-44,-44,-44,-44,-44,-44,-44,"-44",1,1,2,2,2,2,1,2,"-44",1,1,2,2,1,2,1,2,"-44",1,1,1,2,1,1,2,2,"-44",2,-44,-44,-44,-44,-44,-44,-44,"-44",2,-44,-44,-44,-44,-44,-44,-44,"-44",2,-44,-44,-44,-44,-44,-44,-44,"-44",2,-44,-44,-44,-44,-44,-44,-44,"-44",2,-44,-44,-44,-44,-44,-44,-44,"-44",1,2,1,1,"Managers",1,1,1,2,2,2,2,6,"Sales workers","Managers","Sales workers",2,2,2,2,2,2,1,2,2,2,1,2,2,2,2,2,1,2,1,2,60,-44,-44,-44,40,-44,5,5,2,1,82100,19800,2,2,2,1,5,-44,-44,-44,-44,-44,-44,-44,5,-44,-44,-44,-44,-44,-44,-44,1,1,1,1,2,1,2,1,1,2,1,2,1,1,3,2,3,1,82900,22800,2,2,8,12,6,6,2,2,2,1,35,39,1,2,3,1,2,2,2,3,2,2,2,2,2,3,-44,3,-44,-44,-44,-44,-44,-44,-44,-44,-44,-44,1,4,4,4,4,2,3,4,4,4,4,4,1,2,2,2,3,2,2,3,2,1,2,1,-44,-44,-44,-44,-44,-44,-44,-44,1,-44,4,4,4,4,1,3,4,4,2,4,4,1,2,2,1,2,1,1,2,"-44",-44,-44,-44,-44,-44,-44,"-44",1,2,90,-44,2,2,-44,-44,-44,-44,"-44",-44,-44,-44,-44,"-44",-44,-44,-44,-44,"-44",-44,-44,-44,-44,"-44",-44,-44,-44,-44,"-44",-44,-44,-44,-44,"-44",-44,"-44",-44,"-44",-44,-44,-44,-44,2,2,-44,-44,-44,-44,-44,"-44",-44,-44,-44,-44,-44,"-44",-44,-44,-44,-44,-44,-44,-44,-44,-44,-44,-44,-44,-44,-44,-44,-44,-44,-44,-44,-44,-44,-44,1,2,888997,-44,5,2,3,2,2,2,-44,-44,-44,-44,-44,5,5,1,5,4,3,2,3,1,3,2,1,3,3,1,3,2,2,4,1,"-44",2,2,2,1,1,1,0,1,4,0,1,1,3,1,1,4,2,3,2,4,4,0,0,0,1,1,12,113,765400,4229200,66151700,12,118,12012000,4449600,78143200,80,1,1,1,4,"KAJIADO",7,"-44","-44",112,119,202,1,-44,1,-44,11,4.61700010299683,"Kenya"
54554,2,2,"M1 through M5",-44,-44,"M6",-44,-44,"-44",2,-44,2005,1,"-44",1,3,1148,608,540,0,0,0,1,137,137,141,35.7664233576642,0,1,2,-44,-44,-44,-44,-44,-44,1,456,401,483,56.7982456140351,12.0614035087719,5,2,-44,-44,-44,-44,-44,2,-44,-44,-44,-44,-44,2,-44,-44,-44,-44,-44,2,-44,-44,-44,-44,-44,2,-44,-44,-44,-44,-44,1,498,410,564,43.3734939759036,20,1,57,51,72,28.0701754385965,2,2,-44,-44,-44,-44,-44,-44,-44,"-44",2,-44,-44,-44,-44,-44,-44,-44,"-44",1,1,2,2,1,1,2,2,"-44",2,-44,-44,-44,-44,-44,-44,-44,"-44",2,-44,-44,-44,-44,-44,-44,-44,"-44",2,-44,-44,-44,-44,-44,-44,-44,"-44",2,-44,-44,-44,-44,-44,-44,-44,"-44",2,-44,-44,-44,-44,-44,-44,-44,"-44",1,1,2,1,2,2,2,2,"-44",1,1,2,2,1,2,2,2,"-44",1,2,1,3,"Technicians and associate professionals",2,2,2,2,2,1,1,10,"Elementary occupations","Technicians and associate professionals","Elementary occupations",2,1,2,2,2,1,2,1,2,2,2,2,2,2,1,1,1,2,1,1,30,70,30,70,15,5,5,3,2,1,28800,17900,2,2,2,1,1,2,3,2,2,1,2,1,1,5,-44,1,2,2,-44,-44,1,2,1,1,2,1,1,1,2,1,2,1,2,1,3,1,2,1,23000,16700,2,2,6,7,5,3,1,2,1,1,57,20,2,1,3,2,2,3,2,1,2,1,3,2,3,3,-44,-44,-44,-44,-44,3,-44,3,-44,-44,-44,-44,2,4,4,4,4,1,4,3,4,4,4,4,2,2,1,1,2,2,3,2,2,2,2,-44,-44,1,2,-44,-44,-44,-44,-44,-44,-44,4,4,4,2,4,1,4,4,3,4,4,2,2,-44,-44,-44,-44,-44,-44,"-44",-44,-44,-44,-44,-44,-44,"-44",1,1,30,60,1,1,2,1,2,-44,"-44",2,1,2,-44,"-44",-44,15,-44,-44,"-44",-44,3,-44,-44,"-44",-44,35,-44,-44,"-44",-44,2,-44,-44,"-44",4,"-44",1,"-44",3,2,-44,-44,1,1,2,1,2,2,2,"-44",2,1,2,2,2,"-44",-44,10,-44,-44,-44,-44,4,-44,-44,-44,-44,40,-44,-44,-44,-44,1,-44,-44,-44,30000,22000,1,1,3,2,2,5,2,1,3,2,-44,-44,-44,-44,-44,2,3,2,1,2,2,3,3,2,3,3,3,1,1,3,3,2,1,5,1,"-44",2,2,2,1,2,2,0,0,0,1,0,0,2,4,4,2,1,4,0,0,4,1,1,0,0,1,1,1220,555984000,1634256000,5896800000,1,1186,448297200,1856836800,7141680000,70,1,1,2,4,"KERICHO",3,"-44","-44",1148,120,202,1,-44,1,-44,11,4.61700010299683,"Kenya"
54720,2,4,"M1 through M5",-44,-44,"M6",-44,-44,"-44",2,-44,1987,1,"-44",1,3,333,209,124,0,0,0,1,97,97,97,42.2680412371134,0,0,2,-44,-44,-44,-44,-44,-44,2,-44,-44,-44,-44,-44,-44,2,-44,-44,-44,-44,-44,2,-44,-44,-44,-44,-44,1,236,168,227,35.1694915254237,0,2,-44,-44,-44,-44,-44,2,-44,-44,-44,-44,-44,2,-44,-44,-44,-44,-44,2,-44,-44,-44,-44,-44,1,1,2,2,1,1,2,2,"-44",2,-44,-44,-44,-44,-44,-44,-44,"-44",2,-44,-44,-44,-44,-44,-44,-44,"-44",2,-44,-44,-44,-44,-44,-44,-44,"-44",2,-44,-44,-44,-44,-44,-44,-44,"-44",1,1,1,2,1,2,2,2,"-44",2,-44,-44,-44,-44,-44,-44,-44,"-44",2,-44,-44,-44,-44,-44,-44,-44,"-44",2,-44,-44,-44,-44,-44,-44,-44,"-44",2,-44,-44,-44,-44,-44,-44,-44,"-44",1,2,2,1,"Managers",2,2,1,2,2,2,2,6,"Sales workers","Managers","Sales workers",2,1,2,2,2,1,1,1,2,2,1,2,2,2,2,2,1,2,1,1,80,10,90,10,60,20,6,4,2,2,38200,7800,2,2,1,2,5,-44,-44,-44,-44,-44,-44,-44,1,2,3,2,2,1,1,2,1,1,1,1,1,1,1,2,1,1,1,2,1,1,4,2,2,3,31700,7400,2,2,1,5,6,5,2,1,2,1,41,48,2,1,2,1,2,2,1,2,2,2,2,1,2,2,-44,1,-44,-44,3,-44,-44,-44,-44,1,-44,-44,4,4,4,3,4,4,1,4,4,2,4,4,2,3,1,2,2,2,3,2,1,3,1,-44,-44,1,-44,-44,-44,-44,-44,1,-44,1,3,4,4,1,4,4,4,4,2,4,4,1,2,2,1,2,2,1,2,"-44",-44,-44,-44,-44,-44,-44,"-44",1,1,70,90,2,2,-44,-44,-44,-44,"-44",-44,-44,-44,-44,"-44",-44,-44,-44,-44,"-44",-44,-44,-44,-44,"-44",-44,-44,-44,-44,"-44",-44,-44,-44,-44,"-44",-44,"-44",-44,"-44",-44,-44,-44,-44,2,2,-44,-44,-44,-44,-44,"-44",-44,-44,-44,-44,-44,"-44",-44,-44,-44,-44,-44,-44,-44,-44,-44,-44,-44,-44,-44,-44,-44,-44,-44,-44,-44,-44,-44,-44,1,1,888997,888997,3,2,3,3,5,2,-44,-44,-44,-44,-44,3,1,2,2,4,3,3,2,1,3,1,2,3,3,3,2,3,4,3,2,"-44",2,2,2,2,1,2,1,0,0,0,1,4,1,1,4,1,2,0,4,4,1,2,2,4,1,1,6,337,84542400,4808200,105336000,6,345,74727000,4873000,92949100,60,1,2,2,3,"KERICHO",3,"-44","-44",333,120,202,1,-44,1,-44,11,4.61700010299683,"Kenya"
60549,2,2,"M1 through M5",-44,-44,"M6",-44,-44,"-44",2,-44,2006,1,"-44",1,9,111,67,44,12,10,2,1,9,9,9,11.1111111111111,0,0,1,99,91,82,36.3636363636364,8.08080808080808,0,2,-44,-44,-44,-44,-44,-44,2,-44,-44,-44,-44,-44,2,-44,-44,-44,-44,-44,2,-44,-44,-44,-44,-44,2,-44,-44,-44,-44,-44,2,-44,-44,-44,-44,-44,2,-44,-44,-44,-44,-44,1,15,14,14,60,0,1,1,1,2,1,2,2,2,"-44",1,1,2,2,2,1,1,2,"-44",2,-44,-44,-44,-44,-44,-44,-44,"-44",2,-44,-44,-44,-44,-44,-44,-44,"-44",2,-44,-44,-44,-44,-44,-44,-44,"-44",2,-44,-44,-44,-44,-44,-44,-44,"-44",2,-44,-44,-44,-44,-44,-44,-44,"-44",2,-44,-44,-44,-44,-44,-44,-44,"-44",2,-44,-44,-44,-44,-44,-44,-44,"-44",1,1,2,1,1,2,1,2,"-44",1,1,2,2,"Professionals",2,2,2,2,2,2,1,10,"Elementary occupations","Professionals","Elementary occupations",2,1,2,2,1,2,2,2,2,2,2,2,2,2,1,2,1,1,1,1,40,70,30,70,30,15,6,2,1,2,41800,12700,2,2,2,2,3,1,5,2,1,2,-44,-44,5,-44,-44,-44,-44,-44,-44,-44,1,1,1,2,2,1,1,1,2,1,2,2,2,1,2,1,2,3,38900,11800,2,2,7,4,6,2,2,2,1,2,39,39,2,2,2,2,2,1,2,2,2,2,2,2,1,2,-44,-44,-44,2,-44,-44,-44,-44,-44,-44,3,-44,4,4,4,1,4,4,3,4,4,2,4,4,2,3,1,2,2,2,2,3,2,2,2,-44,-44,3,-44,-44,-44,-44,-44,-44,-44,-44,2,4,4,4,4,4,4,1,3,4,4,1,2,1,1,2,1,2,2,"-44",-44,-44,-44,-44,-44,-44,"-44",2,2,-44,-44,2,2,-44,-44,-44,-44,"-44",-44,-44,-44,-44,"-44",-44,-44,-44,-44,"-44",-44,-44,-44,-44,"-44",-44,-44,-44,-44,"-44",-44,-44,-44,-44,"-44",-44,"-44",-44,"-44",-44,-44,-44,-44,2,2,-44,-44,-44,-44,-44,"-44",-44,-44,-44,-44,-44,"-44",-44,-44,-44,-44,-44,-44,-44,-44,-44,-44,-44,-44,-44,-44,-44,-44,-44,-44,-44,-44,-44,-44,2,2,-44,-44,4,4,2,2,5,1,4,4,4,4,1,5,1,1,2,4,3,1,3,3,2,3,3,3,1,3,1,3,2,3,1,"-44",1,1,2,2,2,1,3,4,2,4,0,4,1,2,1,4,1,0,0,0,4,0,4,2,2,1,1,123,46241300,15510000,72864000,1,124,43862600,12973500,84288800,70,1,2,1,4,"KAJIADO",9,"-44","-44",123,119,202,1,-44,1,-44,11,4.61700010299683,"Kenya"
60560,1,3,"M1 through M5",-44,-44,"M6",-44,-44,"-44",2,-44,1988,1,"-44",1,3,2067,1078,989,280,140,140,1,286,272,281,43.3566433566434,4.8951048951049,0,2,-44,-44,-44,-44,-44,-44,1,328,262,374,85.9756097560976,20.1219512195122,1,2,-44,-44,-44,-44,-44,2,-44,-44,-44,-44,-44,2,-44,-44,-44,-44,-44,2,-44,-44,-44,-44,-44,2,-44,-44,-44,-44,-44,1,1077,905,1131,52.4605385329619,6,1,656,564,669,24.0853658536585,3,1,1,2,2,1,1,1,2,"-44",2,-44,-44,-44,-44,-44,-44,-44,"-44",1,1,1,1,2,2,1,2,"-44",2,-44,-44,-44,-44,-44,-44,-44,"-44",2,-44,-44,-44,-44,-44,-44,-44,"-44",2,-44,-44,-44,-44,-44,-44,-44,"-44",2,-44,-44,-44,-44,-44,-44,-44,"-44",2,-44,-44,-44,-44,-44,-44,-44,"-44",1,1,1,1,2,2,2,2,"-44",1,1,2,1,1,2,1,2,"-44",1,2,1,3,"Technicians and associate professionals",2,2,2,2,2,1,1,10,"Elementary occupations","Technicians and associate professionals","Elementary occupations",2,2,2,1,2,2,2,2,2,2,2,2,2,2,1,2,1,2,1,1,70,50,50,50,30,15,4,3,2,2,33900,16600,2,2,1,2,3,5,-44,-44,-44,-44,-44,-44,1,3,5,2,2,1,-44,-44,1,1,1,1,2,1,1,1,2,2,2,2,2,1,3,3,1,1,28900,15700,2,2,12,7,5,2,1,2,1,2,28,49,2,2,2,2,3,2,2,2,2,2,2,1,3,1,-44,-44,-44,-44,-44,-44,-44,-44,-44,2,-44,1,2,4,4,1,4,4,4,3,4,4,4,4,1,2,3,2,3,2,2,2,2,2,3,1,-44,-44,-44,-44,-44,-44,-44,-44,-44,-44,2,4,4,4,4,4,4,3,1,4,4,1,2,2,2,1,1,1,2,"-44",-44,-44,-44,-44,-44,-44,"-44",2,2,-44,-44,2,2,-44,-44,-44,-44,"-44",-44,-44,-44,-44,"-44",-44,-44,-44,-44,"-44",-44,-44,-44,-44,"-44",-44,-44,-44,-44,"-44",-44,-44,-44,-44,"-44",-44,"-44",-44,"-44",-44,-44,-44,-44,2,2,-44,-44,-44,-44,-44,"-44",-44,-44,-44,-44,-44,"-44",-44,-44,-44,-44,-44,-44,-44,-44,-44,-44,-44,-44,-44,-44,-44,-44,-44,-44,-44,-44,-44,-44,2,2,-44,-44,5,5,5,1,4,2,-44,-44,-44,-44,-44,1,2,2,2,2,3,3,3,3,1,2,3,1,1,1,1,3,4,3,4,"-44",1,2,1,2,1,2,1,4,1,0,4,2,1,3,1,1,1,1,4,1,0,4,0,0,1,1,11,2506,1028484000,4354560000,12571200000,11,2459,1005696000,4067712000,14515200000,100,1,1,1,4,"UASIN GISHU",3,"-44","-44",2347,116,201,2,-44,1,-44,11,4.61700010299683,"Kenya"
54729,1,3,"M1 through M5",-44,-44,"M6",-44,-44,"-44",2,-44,1984,1,"-44",1,16,94,46,48,0,0,0,1,7,7,7,14.2857142857143,0,0,1,15,12,15,26.6666666666667,20,2,1,25,23,25,88,8,0,1,28,28,28,50,0,2,-44,-44,-44,-44,-44,1,19,15,19,36.8421052631579,0,2,-44,-44,-44,-44,-44,2,-44,-44,-44,-44,-44,2,-44,-44,-44,-44,-44,2,-44,-44,-44,-44,-44,1,1,2,1,2,1,1,2,"-44",1,1,1,2,1,1,1,2,"-44",1,1,2,2,2,2,2,2,"-44",2,-44,-44,-44,-44,-44,-44,-44,"-44",2,-44,-44,-44,-44,-44,-44,-44,"-44",1,2,1,2,1,2,2,2,"-44",2,-44,-44,-44,-44,-44,-44,-44,"-44",2,-44,-44,-44,-44,-44,-44,-44,"-44",2,-44,-44,-44,-44,-44,-44,-44,"-44",2,-44,-44,-44,-44,-44,-44,-44,"-44",1,1,1,2,"Professionals",1,2,1,2,2,2,2,6,"Sales workers","Professionals","Sales workers",2,1,2,2,2,1,1,1,2,2,1,2,1,2,2,2,2,2,1,1,80,0,100,0,20,10,6,5,1,2,32200,31400,2,2,1,1,3,1,2,2,1,2,2,1,2,1,3,2,2,1,1,2,2,1,1,2,1,1,1,1,1,1,1,2,1,2,5,2,1,3,36800,25500,2,2,12,5,4,6,2,2,1,2,31,54,2,1,2,2,2,2,2,2,2,2,1,3,3,2,-44,-44,-44,-44,-44,-44,-44,-44,2,-44,-44,-44,4,4,4,1,4,3,4,2,4,4,4,4,2,1,1,2,3,2,2,2,2,3,1,-44,1,1,-44,-44,-44,-44,-44,-44,-44,1,4,4,4,4,4,3,4,2,1,4,4,2,2,-44,-44,-44,-44,-44,-44,"-44",-44,-44,-44,-44,-44,-44,"-44",2,2,-44,-44,2,2,-44,-44,-44,-44,"-44",-44,-44,-44,-44,"-44",-44,-44,-44,-44,"-44",-44,-44,-44,-44,"-44",-44,-44,-44,-44,"-44",-44,-44,-44,-44,"-44",-44,"-44",-44,"-44",-44,-44,-44,-44,2,2,-44,-44,-44,-44,-44,"-44",-44,-44,-44,-44,-44,"-44",-44,-44,-44,-44,-44,-44,-44,-44,-44,-44,-44,-44,-44,-44,-44,-44,-44,-44,-44,-44,-44,-44,2,2,-44,-44,3,5,3,5,4,2,-44,-44,-44,-44,-44,5,1,1,4,2,2,3,3,1,2,2,2,3,2,3,2,2,3,4,2,"-44",1,2,2,2,2,2,0,0,3,2,3,3,4,3,1,2,0,0,2,0,0,4,0,4,0,1,12,98,69529600,28123200,1383840000,12,96,69888000,38368000,1401400000,70,1,1,2,4,"UASIN GISHU",16,"-44","-44",94,116,201,1,-44,1,-44,11,4.61700010299683,"Kenya"
60547,2,2,"M1 through M5",-44,-44,"M6",-44,-44,"-44",2,-44,2004,1,"-44",1,3,179,102,77,73,53,20,1,22,21,22,9.09090909090909,4.54545454545455,0,1,56,52,56,51.7857142857143,7.14285714285714,0,1,91,81,82,37.3626373626374,10.989010989011,0,1,68,53,68,39.7058823529412,0,1,15,14,15,33.3333333333333,0,2,-44,-44,-44,-44,-44,2,-44,-44,-44,-44,-44,2,-44,-44,-44,-44,-44,2,-44,-44,-44,-44,-44,2,-44,-44,-44,-44,-44,1,1,2,1,2,1,2,2,"-44",1,1,1,2,1,1,1,2,"-44",1,1,2,2,1,2,2,2,"-44",1,1,2,1,1,1,1,2,"-44",1,1,2,2,2,2,2,2,"-44",2,-44,-44,-44,-44,-44,-44,-44,"-44",2,-44,-44,-44,-44,-44,-44,-44,"-44",2,-44,-44,-44,-44,-44,-44,-44,"-44",2,-44,-44,-44,-44,-44,-44,-44,"-44",2,-44,-44,-44,-44,-44,-44,-44,"-44",1,1,1,2,"Professionals",1,1,2,2,2,2,2,5,"Service workers","Professionals","Service workers",2,2,2,2,2,2,2,1,2,2,1,2,2,1,2,2,1,2,1,1,40,60,40,60,45,5,4,4,2,2,87600,37400,2,2,1,1,5,-44,-44,-44,-44,-44,-44,-44,2,5,-44,-44,-44,-44,2,1,1,1,1,1,2,1,1,1,2,2,2,2,1,1,2,3,3,3,101500,40300,2,2,8,6,6,6,2,1,2,1,49,42,2,2,2,1,2,2,2,2,2,1,3,2,2,1,-44,1,-44,-44,-44,-44,-44,1,-44,-44,-44,1,4,4,4,1,4,3,4,2,4,4,4,4,2,2,1,2,3,1,2,2,3,1,2,-44,-44,1,-44,-44,2,-44,-44,-44,1,-44,4,4,4,4,4,2,4,4,1,3,4,2,1,-44,-44,-44,-44,-44,-44,"-44",1,1,2,1,2,2,"-44",2,2,-44,-44,2,2,-44,-44,-44,-44,"-44",-44,-44,-44,-44,"-44",-44,-44,-44,-44,"-44",-44,-44,-44,-44,"-44",-44,-44,-44,-44,"-44",-44,-44,-44,-44,"-44",-44,"-44",-44,"-44",-44,-44,-44,-44,2,2,-44,-44,-44,-44,-44,"-44",-44,-44,-44,-44,-44,"-44",-44,-44,-44,-44,-44,-44,-44,-44,-44,-44,-44,-44,-44,-44,-44,-44,-44,-44,-44,-44,-44,-44,2,2,-44,-44,5,2,3,3,2,1,2,5,5,5,4,1,1,5,5,1,3,2,3,2,3,3,2,1,1,1,2,2,3,5,4,"-44",2,1,2,2,1,1,0,1,1,4,0,1,0,3,0,0,1,0,0,4,0,1,4,0,4,1,6,253,57415700,39782400,885964800,6,250,76011500,37670400,874626600,100,1,1,1,3,"KERICHO",3,"-44","-44",252,120,202,1,-44,1,-44,11,4.61700010299683,"Kenya"
39561,2,2,"M1 through M5",-44,-44,"M6",-44,-44,"-44",2,-44,1991,6,"-44",2,3,506,306,200,11,0,11,1,66,66,66,25.7575757575758,0,0,2,-44,-44,-44,-44,-44,-44,1,180,142,218,37.7777777777778,21.1111111111111,1,2,-44,-44,-44,-44,-44,2,-44,-44,-44,-44,-44,1,271,247,301,46.4944649446494,0,2,-44,-44,-44,-44,-44,2,-44,-44,-44,-44,-44,2,-44,-44,-44,-44,-44,2,-44,-44,-44,-44,-44,2,-44,-44,-44,-44,-44,-44,-44,"-44",2,-44,-44,-44,-44,-44,-44,-44,"-44",1,1,2,1,1,2,1,2,"-44",2,-44,-44,-44,-44,-44,-44,-44,"-44",2,-44,-44,-44,-44,-44,-44,-44,"-44",1,1,2,2,2,1,2,2,"-44",2,-44,-44,-44,-44,-44,-44,-44,"-44",2,-44,-44,-44,-44,-44,-44,-44,"-44",2,-44,-44,-44,-44,-44,-44,-44,"-44",2,-44,-44,-44,-44,-44,-44,-44,"-44",1,2,1,3,"Technicians and associate professionals",2,2,1,2,2,2,2,6,"Sales workers","Technicians and associate professionals","Sales workers",2,2,2,2,2,1,2,1,2,1,2,2,2,2,2,1,1,2,1,1,60,10,90,10,10,10,5,4,1,1,23300,17300,2,2,2,1,5,-44,-44,-44,-44,-44,-44,-44,2,1,5,2,2,1,2,1,1,2,1,1,1,1,1,2,1,1,1,2,1,1,5,3,3,3,22000,16400,2,2,5,0,6,6,1,1,1,1,35,53,2,2,2,2,1,2,3,1,2,2,1,2,2,2,-44,-44,3,-44,-44,2,-44,-44,1,-44,-44,-44,4,4,4,2,4,1,4,3,4,4,4,4,2,2,1,2,1,2,2,1,2,2,2,-44,-44,1,-44,1,-44,-44,1,-44,-44,-44,3,4,4,4,4,4,4,4,1,4,2,2,2,-44,-44,-44,-44,-44,-44,"-44",-44,-44,-44,-44,-44,-44,"-44",2,2,-44,-44,2,2,-44,-44,-44,-44,"-44",-44,-44,-44,-44,"-44",-44,-44,-44,-44,"-44",-44,-44,-44,-44,"-44",-44,-44,-44,-44,"-44",-44,-44,-44,-44,"-44",-44,"-44",-44,"-44",-44,-44,-44,-44,2,2,-44,-44,-44,-44,-44,"-44",-44,-44,-44,-44,-44,"-44",-44,-44,-44,-44,-44,-44,-44,-44,-44,-44,-44,-44,-44,-44,-44,-44,-44,-44,-44,-44,-44,-44,2,2,-44,-44,3,5,2,2,2,2,-44,-44,-44,-44,-44,1,1,3,3,5,2,3,2,1,1,1,3,2,2,3,2,2,2,5,1,"-44",1,1,1,1,1,2,1,3,0,0,0,4,0,3,1,4,4,1,0,1,1,0,0,1,4,1,11,557,80469200,70994600,3193918000,11,562,114436500,55641600,5287263000,90,1,2,1,4,"KERICHO",3,"-44","-44",517,121,202,1,-44,1,-44,11,4.61700010299683,"Kenya"
54727,2,2,"M1 through M5",-44,-44,"M6",-44,-44,"-44",2,-44,1997,3,"-44",1,3,415,284,131,0,0,0,1,37,37,37,18.9189189189189,0,1,1,69,64,61,17.3913043478261,7.2463768115942,2,1,85,68,106,21.1764705882353,20,0,1,22,19,22,95.4545454545455,4,1,77,64,77,16.8831168831169,0,1,45,45,54,64.4444444444444,0,1,24,24,24,100,0,1,16,14,21,0,2,1,28,27,28,0,0,1,12,12,12,58.3333333333333,0,1,1,2,1,1,1,1,2,"-44",1,1,2,2,1,1,2,2,"-44",1,1,2,2,1,2,1,2,"-44",1,1,2,2,2,2,2,2,"-44",1,1,2,2,2,2,2,2,"-44",2,-44,-44,-44,-44,-44,-44,-44,"-44",1,1,2,1,1,1,2,2,"-44",1,1,2,1,2,1,2,2,"-44",1,1,2,2,2,2,2,2,"-44",2,-44,-44,-44,-44,-44,-44,-44,"-44",1,1,1,3,"Technicians and associate professionals",1,1,1,1,1,1,1,6,"Sales workers","Technicians and associate professionals","Sales workers",2,2,2,2,2,2,2,1,2,1,2,2,2,1,2,1,1,2,1,2,80,-44,-44,-44,5,-44,4,6,1,2,32800,17500,2,2,2,1,3,5,-44,-44,-44,-44,-44,-44,5,-44,-44,-44,-44,-44,-44,-44,2,2,1,2,2,1,1,1,1,2,1,2,1,1,2,2,3,3,35200,20500,2,2,12,2,6,6,2,2,1,2,25,21,2,1,3,2,2,2,2,2,3,2,2,2,2,1,-44,-44,-44,-44,-44,-44,-44,-44,-44,-44,-44,3,1,4,4,4,4,3,4,2,4,4,4,4,2,3,1,1,3,3,2,2,1,2,2,-44,-44,1,1,-44,-44,-44,-44,1,-44,-44,4,4,4,4,3,1,4,4,2,4,4,2,1,-44,-44,-44,-44,-44,-44,"-44",1,1,2,2,1,2,"-44",2,1,-44,60,2,2,-44,-44,-44,-44,"-44",-44,-44,-44,-44,"-44",-44,-44,-44,-44,"-44",-44,-44,-44,-44,"-44",-44,-44,-44,-44,"-44",-44,-44,-44,-44,"-44",-44,"-44",-44,"-44",-44,-44,-44,-44,2,2,-44,-44,-44,-44,-44,"-44",-44,-44,-44,-44,-44,"-44",-44,-44,-44,-44,-44,-44,-44,-44,-44,-44,-44,-44,-44,-44,-44,-44,-44,-44,-44,-44,-44,-44,2,1,-44,888997,5,4,5,5,3,1,2,5,2,2,3,1,2,5,4,5,2,3,3,1,3,1,3,3,3,3,3,3,2,1,1,"-44",2,1,2,2,1,2,1,0,1,4,2,1,4,1,1,4,4,1,1,0,4,1,0,1,0,1,6,448,136373800,109383000,2516016000,6,425,103905100,124945000,2758572000,100,1,1,2,4,"UASIN GISHU",3,"-44","-44",415,116,201,1,-44,1,-44,11,4.61700010299683,"Kenya"
50570,2,2,"M1 through M5",-44,-44,"M6",-44,-44,"-44",2,-44,2012,4,"-44",1,3,190,87,103,0,0,0,1,22,22,22,90.9090909090909,0,0,1,82,75,92,50,8.53658536585366,7,1,62,54,53,64.5161290322581,12.9032258064516,0,2,-44,-44,-44,-44,-44,1,24,24,24,8.33333333333333,1,2,-44,-44,-44,-44,-44,2,-44,-44,-44,-44,-44,2,-44,-44,-44,-44,-44,2,-44,-44,-44,-44,-44,2,-44,-44,-44,-44,-44,2,-44,-44,-44,-44,-44,-44,-44,"-44",1,1,2,2,1,1,2,2,"-44",1,1,2,1,2,2,2,2,"-44",2,-44,-44,-44,-44,-44,-44,-44,"-44",1,1,1,2,2,1,2,2,"-44",2,-44,-44,-44,-44,-44,-44,-44,"-44",2,-44,-44,-44,-44,-44,-44,-44,"-44",2,-44,-44,-44,-44,-44,-44,-44,"-44",2,-44,-44,-44,-44,-44,-44,-44,"-44",2,-44,-44,-44,-44,-44,-44,-44,"-44",1,1,1,1,"Managers",2,1,2,2,2,2,2,5,"Service workers","Managers","Service workers",2,1,2,2,2,2,1,1,2,2,2,2,2,1,1,1,1,2,2,1,-44,40,60,40,-44,15,6,6,1,2,67000,12700,2,2,1,2,1,3,5,2,1,2,-44,-44,2,5,-44,-44,-44,-44,1,2,1,1,1,1,2,1,1,1,1,1,1,2,2,2,5,3,2,1,71900,11900,2,2,2,5,6,4,2,1,1,2,41,45,2,1,2,2,1,2,2,2,2,2,1,3,2,2,-44,-44,1,-44,-44,-44,-44,-44,1,-44,-44,-44,4,4,4,4,4,2,4,3,4,1,4,4,3,2,2,2,2,3,2,2,2,2,2,-44,-44,-44,-44,-44,-44,-44,-44,-44,-44,-44,3,4,4,4,4,1,4,4,2,4,4,2,1,-44,-44,-44,-44,-44,-44,"-44",1,2,2,1,2,2,"-44",2,2,-44,-44,2,2,-44,-44,-44,-44,"-44",-44,-44,-44,-44,"-44",-44,-44,-44,-44,"-44",-44,-44,-44,-44,"-44",-44,-44,-44,-44,"-44",-44,-44,-44,-44,"-44",-44,"-44",-44,"-44",-44,-44,-44,-44,2,2,-44,-44,-44,-44,-44,"-44",-44,-44,-44,-44,-44,"-44",-44,-44,-44,-44,-44,-44,-44,-44,-44,-44,-44,-44,-44,-44,-44,-44,-44,-44,-44,-44,-44,-44,2,2,-44,-44,5,3,5,2,4,1,1,4,4,4,5,4,5,1,2,5,2,2,2,1,1,1,3,2,1,3,2,3,1,5,4,"-44",2,1,2,2,1,2,4,4,1,1,0,0,2,4,1,2,1,0,1,0,0,1,0,1,1,1,6,188,258869900,229172000,744744000,6,194,253890000,189728000,679248000,70,2,1,1,3,"KERICHO",3,"-44","-44",190,120,202,1,-44,1,-44,11,4.61700010299683,"Kenya"
98276,1,3,"M1 through M5",-44,-44,"M6",-44,-44,"-44",2,-44,2008,3,"-44",2,8,17,17,0,0,0,0,1,3,3,3,0,0,1,1,2,2,2,0,0,0,1,2,2,2,0,0,0,2,-44,-44,-44,-44,-44,2,-44,-44,-44,-44,-44,2,-44,-44,-44,-44,-44,2,-44,-44,-44,-44,-44,1,5,5,5,0,0,1,3,3,3,0,0,1,2,2,2,0,0,2,-44,-44,-44,-44,-44,-44,-44,"-44",2,-44,-44,-44,-44,-44,-44,-44,"-44",2,-44,-44,-44,-44,-44,-44,-44,"-44",2,-44,-44,-44,-44,-44,-44,-44,"-44",2,-44,-44,-44,-44,-44,-44,-44,"-44",2,-44,-44,-44,-44,-44,-44,-44,"-44",2,-44,-44,-44,-44,-44,-44,-44,"-44",1,2,2,1,1,1,1,2,"-44",2,-44,-44,-44,-44,-44,-44,-44,"-44",2,-44,-44,-44,-44,-44,-44,-44,"-44",1,1,1,2,"Professionals",2,2,2,2,1,1,1,8,"Construction, craft, and related trade w","Professionals","Construction, craft, and related trade w",2,2,2,2,2,2,1,1,2,2,2,2,2,2,2,1,1,2,2,1,-44,0,100,0,-44,30,5,5,1,1,40000,21000,2,2,2,2,5,-44,-44,-44,-44,-44,-44,-44,5,-44,-44,-44,-44,-44,-44,-44,1,2,1,1,2,2,1,1,1,1,2,2,2,1,4,2,3,3,40000,21500,2,2,2,5,6,5,1,1,1,1,52,38,1,1,2,2,3,2,2,2,2,2,2,2,2,2,-44,-44,-44,-44,-44,-44,-44,-44,-44,-44,-44,-44,1,4,4,4,4,4,4,4,4,4,2,3,2,2,3,2,2,2,2,2,2,2,2,-44,-44,-44,-44,-44,-44,-44,-44,-44,-44,-44,2,3,4,4,4,4,4,4,4,4,1,1,1,1,2,2,2,1,2,"-44",1,2,2,2,1,2,"-44",2,1,-44,100,2,2,-44,-44,-44,-44,"-44",-44,-44,-44,-44,"-44",-44,-44,-44,-44,"-44",-44,-44,-44,-44,"-44",-44,-44,-44,-44,"-44",-44,-44,-44,-44,"-44",-44,"-44",-44,"-44",-44,-44,-44,-44,2,2,-44,-44,-44,-44,-44,"-44",-44,-44,-44,-44,-44,"-44",-44,-44,-44,-44,-44,-44,-44,-44,-44,-44,-44,-44,-44,-44,-44,-44,-44,-44,-44,-44,-44,-44,2,1,-44,4,2,2,4,4,4,1,5,5,5,5,5,5,2,2,4,4,1,1,1,1,1,1,1,1,1,1,1,1,4,4,1,"-44",1,1,1,1,2,2,0,0,0,0,0,0,2,3,2,4,0,0,0,1,0,2,0,0,2,2,6,17,6528000,7200000,54000000,6,17,6528000,7560000,55800000,100,1,1,1,4,"KISUMU",8,"-44","-44",17,106,999,1,-44,1,-44,11,4.61700010299683,"Kenya"
33744,2,2,"M1 through M5",-44,-44,"M6",-44,-44,"-44",2,-44,1983,1,"-44",1,3,309,209,100,100,80,20,1,49,48,40,36.734693877551,2.04081632653061,0,1,100,94,100,30,6,0,2,-44,-44,-44,-44,-44,-44,1,120,84,120,10,0,1,100,100,100,48,0,1,20,20,20,60,0,2,-44,-44,-44,-44,-44,2,-44,-44,-44,-44,-44,2,-44,-44,-44,-44,-44,1,20,10,20,0,0,1,1,1,1,1,2,2,2,"-44",1,1,2,2,2,1,2,2,"-44",2,-44,-44,-44,-44,-44,-44,-44,"-44",1,1,2,2,2,2,2,2,"-44",1,1,2,2,2,2,2,2,"-44",1,1,2,2,2,2,1,2,"-44",2,-44,-44,-44,-44,-44,-44,-44,"-44",2,-44,-44,-44,-44,-44,-44,-44,"-44",2,-44,-44,-44,-44,-44,-44,-44,"-44",1,2,1,1,2,2,1,2,"-44",1,1,2,2,"Professionals",1,1,1,2,2,2,1,6,"Sales workers","Professionals","Sales workers",2,1,2,2,2,2,1,2,2,2,2,2,2,2,2,1,2,2,1,1,70,40,60,40,30,20,6,5,1,1,85400,20900,2,2,1,2,3,2,1,2,1,2,1,2,1,3,2,2,2,1,1,2,1,1,1,1,2,1,1,1,1,1,2,2,1,1,4,2,3,3,75900,24400,2,2,1,6,5,5,1,1,1,1,32,49,1,1,2,2,2,3,2,3,2,2,3,2,1,2,-44,-44,-44,-44,-44,-44,-44,-44,-44,-44,2,-44,3,4,4,2,4,1,4,4,4,4,4,4,2,2,1,3,2,2,2,1,3,2,2,-44,-44,2,-44,-44,-44,-44,1,-44,-44,-44,4,4,4,4,2,3,4,4,1,4,4,2,2,-44,-44,-44,-44,-44,-44,"-44",-44,-44,-44,-44,-44,-44,"-44",1,1,40,80,2,2,-44,-44,-44,-44,"-44",-44,-44,-44,-44,"-44",-44,-44,-44,-44,"-44",-44,-44,-44,-44,"-44",-44,-44,-44,-44,"-44",-44,-44,-44,-44,"-44",-44,"-44",-44,"-44",-44,-44,-44,-44,2,2,-44,-44,-44,-44,-44,"-44",-44,-44,-44,-44,-44,"-44",-44,-44,-44,-44,-44,-44,-44,-44,-44,-44,-44,-44,-44,-44,-44,-44,-44,-44,-44,-44,-44,-44,1,1,888997,888997,3,4,2,1,2,2,-44,-44,-44,-44,-44,5,5,1,2,5,2,2,1,2,3,3,2,3,1,3,3,3,5,2,1,"-44",1,1,2,2,2,2,0,0,0,0,1,2,1,2,4,1,0,4,4,4,3,1,1,0,1,1,6,440,4980900,161504000,242634000,6,436,15429400,211680000,309582000,80,2,2,1,4,"UASIN GISHU",3,"-44","-44",409,116,201,1,-44,1,-44,11,4.61700010299683,"Kenya"
39502,2,3,"M1 through M5",-44,-44,"M6",-44,-44,"-44",2,-44,2010,6,"-44",2,3,225,135,90,34,0,34,1,38,36,38,31.5789473684211,5.26315789473684,0,2,-44,-44,-44,-44,-44,-44,1,51,46,46,78.4313725490196,9.80392156862745,0,1,97,97,112,51.5463917525773,5,2,-44,-44,-44,-44,-44,1,25,12,25,48,1,2,-44,-44,-44,-44,-44,2,-44,-44,-44,-44,-44,1,28,28,31,35.7142857142857,0,1,20,16,22,0,2,1,1,2,2,2,2,2,2,"-44",2,-44,-44,-44,-44,-44,-44,-44,"-44",1,1,2,2,1,2,1,2,"-44",1,1,2,1,1,2,1,2,"-44",2,-44,-44,-44,-44,-44,-44,-44,"-44",1,2,2,2,1,1,2,2,"-44",2,-44,-44,-44,-44,-44,-44,-44,"-44",2,-44,-44,-44,-44,-44,-44,-44,"-44",2,-44,-44,-44,-44,-44,-44,-44,"-44",1,1,2,2,1,2,1,2,"-44",1,2,1,1,"Managers",1,2,1,2,2,1,1,9,"Plant and machine operators, and assembl","Managers","Plant and machine operators, and assembl",2,2,2,2,2,1,1,1,2,2,2,2,2,2,1,1,2,2,1,2,50,-44,-44,-44,60,-44,6,4,2,2,66200,24800,2,2,2,2,1,5,-44,2,2,1,-44,-44,5,-44,-44,-44,-44,-44,-44,-44,1,1,1,1,2,1,1,1,1,1,2,2,2,2,2,1,2,3,75700,24800,2,2,7,0,6,4,2,1,1,2,57,42,1,2,2,2,2,2,2,2,2,3,3,2,2,2,-44,-44,-44,-44,-44,-44,-44,-44,-44,-44,-44,-44,3,4,4,4,4,2,1,4,4,4,4,4,2,2,3,2,3,2,3,2,2,2,3,-44,-44,-44,-44,-44,-44,-44,-44,-44,-44,-44,4,4,4,4,1,4,4,4,2,4,3,1,2,1,1,1,1,2,2,"-44",-44,-44,-44,-44,-44,-44,"-44",2,1,-44,40,2,2,-44,-44,-44,-44,"-44",-44,-44,-44,-44,"-44",-44,-44,-44,-44,"-44",-44,-44,-44,-44,"-44",-44,-44,-44,-44,"-44",-44,-44,-44,-44,"-44",-44,"-44",-44,"-44",-44,-44,-44,-44,2,2,-44,-44,-44,-44,-44,"-44",-44,-44,-44,-44,-44,"-44",-44,-44,-44,-44,-44,-44,-44,-44,-44,-44,-44,-44,-44,-44,-44,-44,-44,-44,-44,-44,-44,-44,2,1,-44,888997,3,4,5,4,4,1,5,3,3,3,2,1,5,2,4,4,3,3,2,2,1,1,2,3,2,3,3,3,3,4,1,"-44",1,1,2,1,2,2,1,1,4,0,1,0,1,4,3,1,1,4,1,4,0,0,1,0,1,1,3,267,210672000,1245288000,1425780000,3,277,256435200,1483776000,1672704000,60,2,1,1,4,"KERICHO",3,"-44","-44",259,121,202,1,-44,1,-44,11,4.61700010299683,"Kenya"
98393,1,2,"M1 through M5",-44,-44,"M6",-44,-44,"-44",2,-44,1935,1,"-44",1,3,600,550,50,0,0,0,1,50,0,50,100,0,2,1,30,0,30,0,0,0,1,50,0,50,0,0,0,1,45,0,45,0,0,1,375,0,30,0,0,1,30,0,30,0,0,2,-44,-44,-44,-44,-44,2,-44,-44,-44,-44,-44,1,20,0,20,0,0,2,-44,-44,-44,-44,-44,1,1,2,2,2,2,2,2,"-44",1,2,2,2,2,2,2,2,"-44",1,1,2,2,2,2,2,2,"-44",1,1,2,2,2,2,2,2,"-44",1,1,2,2,2,2,2,2,"-44",1,1,2,2,2,2,2,2,"-44",2,-44,-44,-44,-44,-44,-44,-44,"-44",1,2,2,2,2,2,2,2,"-44",1,1,2,2,2,2,2,2,"-44",2,-44,-44,-44,-44,-44,-44,-44,"-44",1,1,1,2,"Professionals",1,1,1,2,2,1,2,5,"Service workers","Professionals","Service workers",2,2,2,1,2,1,2,1,2,2,2,2,1,2,1,2,1,2,1,1,100,50,50,50,30,21,6,4,1,1,25000,6000,2,2,2,2,5,-44,-44,-44,-44,-44,-44,-44,1,2,4,1,2,2,1,2,1,1,1,1,1,1,1,1,1,1,1,1,1,1,3,1,3,3,24000,6000,2,2,8,30,6,4,1,2,1,1,30,25,1,1,1,1,1,1,1,1,1,1,1,1,1,1,1,1,1,1,2,2,1,2,1,2,1,2,1,2,4,3,4,4,4,4,4,4,4,4,1,1,1,1,1,1,1,1,1,1,1,1,1,2,1,1,2,2,1,2,1,2,1,2,4,3,4,4,4,4,4,4,4,1,2,2,2,2,1,1,2,"-44",-44,-44,-44,-44,-44,-44,"-44",1,2,20,-44,2,2,-44,-44,-44,-44,"-44",-44,-44,-44,-44,"-44",-44,-44,-44,-44,"-44",-44,-44,-44,-44,"-44",-44,-44,-44,-44,"-44",-44,-44,-44,-44,"-44",-44,"-44",-44,"-44",-44,-44,-44,-44,2,2,-44,-44,-44,-44,-44,"-44",-44,-44,-44,-44,-44,"-44",-44,-44,-44,-44,-44,-44,-44,-44,-44,-44,-44,-44,-44,-44,-44,-44,-44,-44,-44,-44,-44,-44,1,2,3,-44,5,1,2,3,4,2,-44,-44,-44,-44,-44,5,4,1,2,3,3,2,2,3,3,3,3,3,3,3,3,3,1,1,1,"-44",2,1,1,1,1,2,4,4,4,4,4,4,2,2,4,2,1,1,1,2,1,1,1,4,4,1,12,600,10000000,4000000,15000000,12,500,8000000,350000,14800000,100,2,2,3,3,"KISUMU",3,"-44","-44",600,102,102,1,-44,1,-44,11,4.61700010299683,"Kenya"
98305,1,2,"M1 through M5",-44,-44,"M6",-44,-44,"-44",1,1990,1990,1,"-44",1,1,200,160,40,0,0,0,1,2,2,2,0,0,2,1,2,2,2,0,0,2,1,1,1,1,0,0,0,1,5,5,5,100,0,1,170,170,170,20.5882352941176,0,1,7,7,7,0,0,1,2,2,2,0,0,2,-44,-44,-44,-44,-44,1,11,11,11,0,0,2,-44,-44,-44,-44,-44,2,-44,-44,-44,-44,-44,-44,-44,"-44",1,2,2,2,1,2,2,2,"-44",1,2,1,2,1,2,2,2,"-44",2,-44,-44,-44,-44,-44,-44,-44,"-44",2,-44,-44,-44,-44,-44,-44,-44,"-44",2,-44,-44,-44,-44,-44,-44,-44,"-44",1,1,1,2,2,2,1,2,"-44",2,-44,-44,-44,-44,-44,-44,-44,"-44",1,1,2,2,2,2,2,2,"-44",2,-44,-44,-44,-44,-44,-44,-44,"-44",1,1,1,1,"Managers",1,1,1,1,2,1,2,5,"Service workers","Managers","Service workers",2,1,2,2,2,2,2,1,2,2,1,2,2,2,2,2,1,2,2,2,-44,-44,-44,-44,-44,-44,5,5,1,1,60000,50000,2,2,1,1,1,5,-44,1,2,2,-44,-44,1,2,5,1,2,2,1,2,1,1,1,2,2,1,1,1,1,1,2,2,1,1,3,1,3,3,60000,50000,2,2,24,36,6,5,1,1,1,1,30,30,1,1,1,1,1,1,1,1,1,1,1,1,1,1,1,1,1,1,1,1,1,1,1,1,1,1,4,4,4,4,2,1,3,4,4,4,4,4,1,1,2,1,1,1,1,1,1,1,1,1,1,-44,1,1,1,1,1,1,1,1,4,4,4,4,4,4,1,2,4,4,3,1,1,1,2,2,1,2,2,"-44",1,2,2,1,2,2,"-44",1,1,60,100,2,2,-44,-44,-44,-44,"-44",-44,-44,-44,-44,"-44",-44,-44,-44,-44,"-44",-44,-44,-44,-44,"-44",-44,-44,-44,-44,"-44",-44,-44,-44,-44,"-44",-44,"-44",-44,"-44",-44,-44,-44,-44,2,2,-44,-44,-44,-44,-44,"-44",-44,-44,-44,-44,-44,"-44",-44,-44,-44,-44,-44,-44,-44,-44,-44,-44,-44,-44,-44,-44,-44,-44,-44,-44,-44,-44,-44,-44,1,1,3,3,5,4,4,4,4,1,5,4,4,4,4,2,2,1,1,4,3,3,3,3,3,3,3,3,1,1,2,1,3,4,1,"-44",1,1,1,1,1,1,3,2,0,1,1,2,2,2,2,2,3,3,3,1,1,2,2,1,3,1,12,200,13350000,6500000,18950000,12,200,13350000,7800000,19600000,100,1,2,3,2,"KISUMU",1,"-44","-44",200,102,102,1,-44,1,-44,11,4.61700010299683,"Kenya"
54662,2,2,"M1 through M5",-44,-44,"M6",-44,-44,"-44",2,-44,2005,6,"-44",2,3,167,94,73,0,0,0,1,14,14,14,50,0,0,1,30,30,36,20,0,0,1,59,59,50,40.6779661016949,0,0,1,24,24,28,8.33333333333333,0,1,19,19,25,84.2105263157895,0,1,21,21,21,85.7142857142857,0,2,-44,-44,-44,-44,-44,2,-44,-44,-44,-44,-44,2,-44,-44,-44,-44,-44,2,-44,-44,-44,-44,-44,1,1,1,1,1,2,2,2,"-44",1,1,1,2,1,2,2,2,"-44",2,-44,-44,-44,-44,-44,-44,-44,"-44",1,1,2,2,1,2,2,2,"-44",1,1,2,2,2,2,1,2,"-44",1,1,2,2,1,1,2,2,"-44",2,-44,-44,-44,-44,-44,-44,-44,"-44",2,-44,-44,-44,-44,-44,-44,-44,"-44",2,-44,-44,-44,-44,-44,-44,-44,"-44",2,-44,-44,-44,-44,-44,-44,-44,"-44",1,1,1,1,"Managers",1,1,1,2,2,2,2,5,"Service workers","Managers","Service workers",2,2,1,1,2,1,2,1,2,2,2,2,2,2,2,1,1,2,1,1,70,50,50,50,60,7,6,5,2,2,103200,35300,2,2,1,1,1,5,-44,2,2,1,-44,-44,3,1,5,1,2,2,-44,-44,2,1,1,1,2,2,1,1,1,1,2,1,1,2,2,3,2,1,86700,40300,2,2,8,4,6,6,2,1,2,2,47,20,2,1,2,2,1,2,3,2,2,2,3,3,2,2,-44,-44,1,-44,-44,-44,-44,-44,-44,-44,-44,-44,4,4,4,3,4,4,4,2,4,1,4,4,2,2,2,2,2,3,3,2,3,3,2,-44,-44,-44,-44,-44,-44,-44,-44,-44,-44,-44,4,4,4,4,3,1,4,4,2,4,4,1,2,1,1,1,1,2,2,"-44",-44,-44,-44,-44,-44,-44,"-44",2,1,-44,30,2,1,-44,-44,-44,-44,"-44",2,1,2,-44,"-44",-44,-44,-44,-44,"-44",-44,-44,-44,-44,"-44",-44,40,-44,-44,"-44",-44,3,-44,-44,"-44",-44,"-44",4,"-44",-44,3,-44,-44,2,1,-44,-44,-44,-44,-44,"-44",2,1,1,2,2,"-44",-44,-44,-44,-44,-44,-44,-44,-44,-44,-44,-44,30,50,-44,-44,-44,4,4,-44,-44,-44,19000,2,1,-44,1,4,5,2,4,5,1,1,1,3,5,2,1,1,1,3,5,3,1,3,2,2,3,2,3,3,3,3,3,2,5,2,"-44",1,1,2,2,2,2,2,0,4,4,1,4,1,4,0,4,4,4,2,1,0,1,0,2,0,1,6,167,28154900,30636500,106790400,6,167,34668000,36547200,136770000,90,1,1,1,3,"KERICHO",3,"-44","-44",167,120,202,2,-44,1,-44,11,4.61700010299683,"Kenya"
60548,2,3,"M1 through M5",-44,-44,"M6",-44,-44,"-44",2,-44,1980,3,"-44",1,3,133,71,62,44,30,14,1,29,27,28,79.3103448275862,6.89655172413793,0,2,-44,-44,-44,-44,-44,-44,2,-44,-44,-44,-44,-44,-44,2,-44,-44,-44,-44,-44,2,-44,-44,-44,-44,-44,2,-44,-44,-44,-44,-44,2,-44,-44,-44,-44,-44,1,148,109,179,35.8108108108108,15,2,-44,-44,-44,-44,-44,2,-44,-44,-44,-44,-44,1,1,1,2,1,2,1,2,"-44",2,-44,-44,-44,-44,-44,-44,-44,"-44",2,-44,-44,-44,-44,-44,-44,-44,"-44",2,-44,-44,-44,-44,-44,-44,-44,"-44",2,-44,-44,-44,-44,-44,-44,-44,"-44",2,-44,-44,-44,-44,-44,-44,-44,"-44",2,-44,-44,-44,-44,-44,-44,-44,"-44",1,1,2,2,2,2,2,2,"-44",2,-44,-44,-44,-44,-44,-44,-44,"-44",2,-44,-44,-44,-44,-44,-44,-44,"-44",1,2,2,1,"Managers",2,2,2,2,1,2,2,8,"Construction, craft, and related trade w","Managers","Construction, craft, and related trade w",1,2,2,2,1,1,2,1,2,2,1,2,1,2,2,1,1,2,1,1,80,20,80,20,50,6,6,4,2,1,22900,9300,2,2,1,2,2,3,1,2,2,1,2,1,5,-44,-44,-44,-44,-44,-44,-44,1,1,2,1,2,2,1,1,2,2,1,2,1,2,3,1,3,2,23900,12400,2,2,5,7,6,5,1,1,1,1,48,26,2,1,1,3,1,2,2,3,2,2,2,2,1,2,1,-44,3,-44,-44,-44,-44,-44,-44,-44,2,-44,4,4,4,4,4,2,3,1,4,4,4,4,3,2,1,2,3,2,2,2,3,2,3,-44,-44,3,-44,-44,-44,-44,-44,-44,-44,-44,1,4,4,4,4,2,4,4,3,4,4,1,2,1,2,1,2,2,2,"-44",-44,-44,-44,-44,-44,-44,"-44",2,2,-44,-44,2,2,-44,-44,-44,-44,"-44",-44,-44,-44,-44,"-44",-44,-44,-44,-44,"-44",-44,-44,-44,-44,"-44",-44,-44,-44,-44,"-44",-44,-44,-44,-44,"-44",-44,"-44",-44,"-44",-44,-44,-44,-44,2,2,-44,-44,-44,-44,-44,"-44",-44,-44,-44,-44,-44,"-44",-44,-44,-44,-44,-44,-44,-44,-44,-44,-44,-44,-44,-44,-44,-44,-44,-44,-44,-44,-44,-44,-44,2,2,-44,-44,5,3,4,3,4,1,5,2,2,3,4,2,3,2,4,2,2,2,3,2,3,2,3,1,3,2,3,3,4,3,4,"-44",2,2,2,2,2,2,4,0,0,0,0,4,1,4,1,0,1,2,1,4,0,3,1,0,4,1,6,180,10602900,25293500,39461800,6,175,7874700,25336800,40310400,90,1,1,1,4,"KERICHO",3,"-44","-44",177,121,202,2,-44,1,-44,11,4.61700010299683,"Kenya"
39549,2,3,"M1 through M5",-44,-44,"M6",-44,-44,"-44",2,-44,2008,6,"-44",2,8,191,131,60,0,0,0,1,54,43,57,22.2222222222222,20.3703703703704,0,1,119,88,133,35.2941176470588,26.0504201680672,10,2,-44,-44,-44,-44,-44,-44,2,-44,-44,-44,-44,-44,2,-44,-44,-44,-44,-44,2,-44,-44,-44,-44,-44,2,-44,-44,-44,-44,-44,2,-44,-44,-44,-44,-44,2,-44,-44,-44,-44,-44,1,18,14,18,33.3333333333333,0,1,1,1,2,1,2,1,2,"-44",1,1,2,2,1,1,2,2,"-44",2,-44,-44,-44,-44,-44,-44,-44,"-44",2,-44,-44,-44,-44,-44,-44,-44,"-44",2,-44,-44,-44,-44,-44,-44,-44,"-44",2,-44,-44,-44,-44,-44,-44,-44,"-44",2,-44,-44,-44,-44,-44,-44,-44,"-44",2,-44,-44,-44,-44,-44,-44,-44,"-44",2,-44,-44,-44,-44,-44,-44,-44,"-44",1,1,2,2,1,2,2,2,"-44",1,1,2,2,"Professionals",2,2,2,2,2,2,1,10,"Elementary occupations","Professionals","Elementary occupations",1,1,1,2,2,1,1,1,2,2,2,2,2,2,2,1,2,2,1,1,70,30,70,30,20,6,6,4,2,2,32200,10900,2,2,1,2,3,5,-44,-44,-44,-44,-44,-44,5,-44,-44,-44,-44,-44,-44,-44,1,1,1,1,2,2,2,1,2,1,1,1,2,1,4,1,1,1,28700,10300,2,2,1,12,6,4,2,1,1,2,32,30,1,2,3,2,1,2,2,3,2,2,2,2,2,2,-44,-44,1,-44,-44,-44,-44,-44,-44,-44,-44,-44,4,4,4,1,4,3,4,2,4,4,4,4,2,3,3,2,3,2,3,2,2,2,2,-44,-44,-44,-44,-44,-44,-44,-44,-44,-44,-44,4,4,4,4,3,1,4,4,2,4,4,1,2,1,2,1,1,2,2,"-44",-44,-44,-44,-44,-44,-44,"-44",1,2,50,-44,2,2,-44,-44,-44,-44,"-44",-44,-44,-44,-44,"-44",-44,-44,-44,-44,"-44",-44,-44,-44,-44,"-44",-44,-44,-44,-44,"-44",-44,-44,-44,-44,"-44",-44,"-44",-44,"-44",-44,-44,-44,-44,2,2,-44,-44,-44,-44,-44,"-44",-44,-44,-44,-44,-44,"-44",-44,-44,-44,-44,-44,-44,-44,-44,-44,-44,-44,-44,-44,-44,-44,-44,-44,-44,-44,-44,-44,-44,1,2,888997,-44,1,3,4,2,5,1,5,5,2,3,5,5,1,1,1,5,1,2,3,2,3,3,3,1,2,2,2,1,1,3,2,"-44",1,2,2,2,2,1,4,4,0,0,4,0,0,2,4,1,0,1,4,1,4,1,0,2,0,1,12,198,77620400,22917200,134798400,12,196,70520800,23101200,123801000,90,1,1,1,4,"UASIN GISHU",8,"-44","-44",191,116,201,1,-44,1,-44,11,4.61700010299683,"Kenya"
60575,2,4,"M1 through M5",-44,-44,"M6",-44,-44,"-44",2,-44,2000,1,"-44",1,3,1215,539,676,0,0,0,1,205,205,205,59.5121951219512,0,0,1,96,77,96,77.0833333333333,19.7916666666667,0,1,265,265,239,76.2264150943396,0,0,1,82,70,81,82.9268292682927,0,2,-44,-44,-44,-44,-44,1,121,98,149,56.198347107438,0,2,-44,-44,-44,-44,-44,2,-44,-44,-44,-44,-44,1,446,446,446,31.8385650224215,0,2,-44,-44,-44,-44,-44,2,-44,-44,-44,-44,-44,-44,-44,"-44",1,1,2,2,2,2,2,2,"-44",2,-44,-44,-44,-44,-44,-44,-44,"-44",1,1,2,2,1,2,1,2,"-44",2,-44,-44,-44,-44,-44,-44,-44,"-44",1,1,2,2,1,1,2,2,"-44",2,-44,-44,-44,-44,-44,-44,-44,"-44",2,-44,-44,-44,-44,-44,-44,-44,"-44",1,1,1,2,2,2,2,2,"-44",2,-44,-44,-44,-44,-44,-44,-44,"-44",1,1,1,2,"Professionals",1,2,1,2,2,1,2,6,"Sales workers","Professionals","Sales workers",2,1,2,2,2,1,2,2,2,2,2,2,1,2,2,1,2,2,1,1,30,10,90,10,20,10,6,5,2,2,94100,51300,2,2,2,1,2,1,5,2,2,1,2,1,2,3,1,1,2,2,1,2,2,1,1,1,2,1,1,1,1,1,2,1,2,1,2,2,1,1,91800,53900,2,2,6,1,4,4,2,1,2,2,54,21,2,1,2,3,2,2,2,3,2,2,2,3,3,1,-44,-44,-44,-44,-44,-44,-44,-44,-44,-44,-44,2,3,4,4,2,4,4,4,1,4,4,4,4,3,3,2,2,1,3,2,1,1,2,3,-44,-44,-44,-44,1,-44,-44,1,1,-44,-44,4,4,4,1,3,4,4,4,2,4,4,1,2,2,2,1,1,2,2,"-44",-44,-44,-44,-44,-44,-44,"-44",2,1,-44,60,2,2,-44,-44,-44,-44,"-44",-44,-44,-44,-44,"-44",-44,-44,-44,-44,"-44",-44,-44,-44,-44,"-44",-44,-44,-44,-44,"-44",-44,-44,-44,-44,"-44",-44,"-44",-44,"-44",-44,-44,-44,-44,2,2,-44,-44,-44,-44,-44,"-44",-44,-44,-44,-44,-44,"-44",-44,-44,-44,-44,-44,-44,-44,-44,-44,-44,-44,-44,-44,-44,-44,-44,-44,-44,-44,-44,-44,-44,2,1,-44,888997,5,5,4,4,2,2,-44,-44,-44,-44,-44,4,1,2,2,1,1,3,1,3,2,3,3,3,1,1,2,2,2,5,1,"-44",1,2,1,2,2,2,0,0,4,4,1,0,2,1,0,4,4,4,1,0,0,0,1,1,3,1,6,1266,813985200,474566400,1165518900,6,1278,1042902000,591544800,1635228000,70,1,2,1,4,"KERICHO",3,"-44","-44",1215,120,202,1,-44,1,-44,11,4.61700010299683,"Kenya"
39526,1,2,"M1 through M5",-44,-44,"M6",-44,-44,"-44",2,-44,2000,1,"-44",1,3,136,86,50,58,23,35,1,38,38,38,68.4210526315789,0,0,1,47,42,52,51.063829787234,10.6382978723404,0,2,-44,-44,-44,-44,-44,-44,1,76,76,84,14.4736842105263,0,1,19,17,19,89.4736842105263,0,1,13,12,15,53.8461538461538,0,2,-44,-44,-44,-44,-44,2,-44,-44,-44,-44,-44,2,-44,-44,-44,-44,-44,1,1,1,1,0,0,1,1,2,1,1,1,1,2,"-44",1,1,2,2,2,2,1,2,"-44",2,-44,-44,-44,-44,-44,-44,-44,"-44",2,-44,-44,-44,-44,-44,-44,-44,"-44",1,1,2,2,1,2,2,2,"-44",1,1,2,1,1,1,2,2,"-44",2,-44,-44,-44,-44,-44,-44,-44,"-44",2,-44,-44,-44,-44,-44,-44,-44,"-44",2,-44,-44,-44,-44,-44,-44,-44,"-44",2,-44,-44,-44,-44,-44,-44,-44,"-44",1,1,2,2,"Professionals",1,1,1,2,2,2,1,6,"Sales workers","Professionals","Sales workers",2,1,2,2,2,1,1,1,2,2,2,2,2,2,2,1,2,2,1,1,40,50,50,50,30,30,6,6,2,1,84000,29700,2,2,1,2,2,5,-44,-44,-44,-44,1,2,3,2,5,-44,-44,-44,1,2,1,2,1,1,2,1,1,2,2,1,1,2,2,2,2,3,1,3,72400,26300,2,2,12,0,6,6,2,2,1,2,46,22,1,1,3,2,2,3,2,2,2,2,3,3,3,2,-44,-44,-44,-44,-44,-44,-44,-44,-44,-44,-44,-44,1,4,4,4,4,2,3,4,4,4,4,4,2,1,1,1,2,2,3,1,2,2,2,-44,2,3,3,-44,-44,-44,2,-44,-44,-44,1,4,4,4,2,3,4,4,4,4,4,2,2,-44,-44,-44,-44,-44,-44,"-44",-44,-44,-44,-44,-44,-44,"-44",1,2,90,-44,2,2,-44,-44,-44,-44,"-44",-44,-44,-44,-44,"-44",-44,-44,-44,-44,"-44",-44,-44,-44,-44,"-44",-44,-44,-44,-44,"-44",-44,-44,-44,-44,"-44",-44,"-44",-44,"-44",-44,-44,-44,-44,2,2,-44,-44,-44,-44,-44,"-44",-44,-44,-44,-44,-44,"-44",-44,-44,-44,-44,-44,-44,-44,-44,-44,-44,-44,-44,-44,-44,-44,-44,-44,-44,-44,-44,-44,-44,1,2,888997,-44,5,1,5,5,3,2,-44,-44,-44,-44,-44,1,1,5,5,5,2,3,2,3,1,1,2,3,3,2,3,3,5,4,1,"-44",2,2,2,2,2,1,1,0,4,2,0,4,3,2,4,4,1,2,1,4,0,4,1,1,4,1,11,203,1874000,65520000,71280000,11,203,5970600,77832000,157464000,70,1,1,1,4,"KERICHO",3,"-44","-44",194,121,202,2,-44,1,-44,11,4.61700010299683,"Kenya"
98262,1,4,"M1 through M5",-44,-44,"M6",-44,-44,"-44",2,-44,1997,2,"-44",1,3,95,62,33,0,0,0,1,7,7,7,28.5714285714286,0,1,1,6,6,6,33.3333333333333,0,0,1,30,30,30,26.6666666666667,3.33333333333333,0,1,2,2,2,100,0,2,-44,-44,-44,-44,-44,1,10,10,10,50,0,2,-44,-44,-44,-44,-44,2,-44,-44,-44,-44,-44,1,8,8,8,0,0,1,32,32,32,43.75,0,2,-44,-44,-44,-44,-44,-44,-44,"-44",2,-44,-44,-44,-44,-44,-44,-44,"-44",1,1,2,2,2,2,2,2,"-44",2,-44,-44,-44,-44,-44,-44,-44,"-44",2,-44,-44,-44,-44,-44,-44,-44,"-44",2,-44,-44,-44,-44,-44,-44,-44,"-44",2,-44,-44,-44,-44,-44,-44,-44,"-44",2,-44,-44,-44,-44,-44,-44,-44,"-44",2,-44,-44,-44,-44,-44,-44,-44,"-44",1,1,2,2,2,2,2,2,"-44",1,1,1,2,"Professionals",1,2,1,2,2,1,1,10,"Elementary occupations","Professionals","Elementary occupations",2,2,2,2,2,2,1,1,2,2,2,2,2,2,2,2,1,2,2,1,-44,40,60,40,-44,14,6,4,1,2,50000,10000,2,2,1,2,5,-44,-44,-44,-44,-44,-44,-44,5,-44,-44,-44,-44,-44,-44,-44,1,1,1,1,2,2,1,2,2,2,2,2,2,1,4,1,3,3,50000,10000,2,2,10,36,6,4,1,2,1,1,38,30,1,1,2,2,3,2,2,2,2,2,2,2,2,2,-44,-44,-44,-44,-44,-44,-44,-44,-44,-44,-44,-44,4,4,4,4,3,4,4,4,4,4,2,1,2,2,3,2,2,2,2,2,2,2,2,-44,-44,-44,-44,-44,-44,-44,-44,-44,-44,-44,4,4,4,4,1,2,3,4,4,4,4,1,2,2,2,2,2,1,2,"-44",-44,-44,-44,-44,-44,-44,"-44",2,2,-44,-44,2,2,-44,-44,-44,-44,"-44",-44,-44,-44,-44,"-44",-44,-44,-44,-44,"-44",-44,-44,-44,-44,"-44",-44,-44,-44,-44,"-44",-44,-44,-44,-44,"-44",-44,"-44",-44,"-44",-44,-44,-44,-44,2,2,-44,-44,-44,-44,-44,"-44",-44,-44,-44,-44,-44,"-44",-44,-44,-44,-44,-44,-44,-44,-44,-44,-44,-44,-44,-44,-44,-44,-44,-44,-44,-44,-44,-44,-44,2,2,-44,-44,5,5,3,2,5,2,-44,-44,-44,-44,-44,1,1,1,1,4,3,3,1,1,3,3,3,3,3,1,1,3,5,5,1,"-44",1,1,1,1,1,2,4,0,0,3,3,0,0,2,3,4,0,0,0,0,0,0,0,0,3,1,6,95,31800000,895200000,1131120000,6,95,31800000,902400000,1160400000,100,1,1,1,4,"KISUMU",3,"-44","-44",95,106,999,1,-44,1,-44,11,4.61700010299683,"Kenya"
71665,1,4,"M1 through M5",-44,-44,"M6",-44,-44,"-44",2,-44,2009,1,"-44",1,8,134,125,9,2,0,2,1,24,24,24,0,0,0,1,7,6,8,0,14.2857142857143,0,1,48,48,38,0,0,0,1,35,28,35,31.4285714285714,0,2,-44,-44,-44,-44,-44,1,9,6,11,0,0,2,-44,-44,-44,-44,-44,2,-44,-44,-44,-44,-44,1,13,13,13,0,0,2,-44,-44,-44,-44,-44,1,1,1,2,1,2,1,2,"-44",1,1,2,2,1,1,2,2,"-44",2,-44,-44,-44,-44,-44,-44,-44,"-44",1,1,2,2,2,2,2,2,"-44",2,-44,-44,-44,-44,-44,-44,-44,"-44",1,1,1,1,1,2,2,2,"-44",2,-44,-44,-44,-44,-44,-44,-44,"-44",2,-44,-44,-44,-44,-44,-44,-44,"-44",2,-44,-44,-44,-44,-44,-44,-44,"-44",2,-44,-44,-44,-44,-44,-44,-44,"-44",1,1,1,2,"Professionals",1,2,1,2,2,1,2,6,"Sales workers","Professionals","Sales workers",1,2,2,1,1,2,2,1,2,2,2,2,2,1,1,2,1,2,1,1,30,50,50,50,20,20,6,5,1,1,115000,98000,2,2,2,1,3,1,2,2,1,2,1,2,2,5,-44,-44,-44,-44,1,2,2,2,1,1,2,1,2,1,1,1,2,1,1,1,2,2,1,3,168700,77400,2,2,0,0,6,6,2,1,1,2,32,40,1,1,2,2,2,2,3,2,3,2,3,2,1,2,-44,-44,-44,-44,-44,-44,-44,-44,-44,-44,1,-44,4,4,4,1,4,4,4,3,4,2,4,4,2,3,2,3,3,2,3,3,1,2,2,-44,-44,-44,-44,-44,-44,-44,-44,1,-44,-44,2,4,4,4,4,3,4,4,1,4,4,1,1,1,2,2,1,2,2,"-44",1,1,2,1,1,2,"-44",1,1,40,40,2,2,-44,-44,-44,-44,"-44",-44,-44,-44,-44,"-44",-44,-44,-44,-44,"-44",-44,-44,-44,-44,"-44",-44,-44,-44,-44,"-44",-44,-44,-44,-44,"-44",-44,"-44",-44,"-44",-44,-44,-44,-44,2,2,-44,-44,-44,-44,-44,"-44",-44,-44,-44,-44,-44,"-44",-44,-44,-44,-44,-44,-44,-44,-44,-44,-44,-44,-44,-44,-44,-44,-44,-44,-44,-44,-44,-44,-44,1,1,4,4,1,2,2,1,5,1,5,5,2,5,4,5,1,3,5,1,3,3,3,3,1,3,3,3,1,3,2,3,1,2,1,"-44",2,2,1,1,2,2,2,1,4,0,1,0,1,4,2,0,4,4,1,0,0,0,1,0,1,1,11,138,55725600,84584000,334400000,11,139,56156800,107470800,588816000,100,1,2,1,4,"UASIN GISHU",8,"-44","-44",136,116,201,2,-44,1,-44,11,4.61700010299683,"Kenya"
39574,2,2,"M1 through M5",-44,-44,"M6",-44,-44,"-44",2,-44,1983,1,"-44",1,3,106,60,46,0,0,0,1,11,11,11,18.1818181818182,0,0,1,9,8,9,22.2222222222222,11.1111111111111,0,1,33,33,40,42.4242424242424,0,0,1,20,16,18,70,0,2,-44,-44,-44,-44,-44,1,13,12,7,38.4615384615385,0,2,-44,-44,-44,-44,-44,2,-44,-44,-44,-44,-44,1,16,16,16,37.5,0,1,4,2,5,75,0,2,-44,-44,-44,-44,-44,-44,-44,"-44",1,1,2,1,2,2,2,2,"-44",1,1,2,2,1,2,2,2,"-44",1,1,2,1,1,1,2,2,"-44",2,-44,-44,-44,-44,-44,-44,-44,"-44",1,1,1,2,1,1,1,2,"-44",2,-44,-44,-44,-44,-44,-44,-44,"-44",2,-44,-44,-44,-44,-44,-44,-44,"-44",1,1,1,1,1,2,2,2,"-44",1,1,2,2,1,2,1,2,"-44",1,1,1,2,"Professionals",1,2,1,2,2,1,1,10,"Elementary occupations","Professionals","Elementary occupations",1,2,1,1,2,2,2,1,2,2,1,2,2,2,1,1,1,1,1,1,50,70,30,70,20,5,6,3,2,1,73700,17400,2,2,2,2,5,-44,-44,-44,-44,-44,-44,-44,1,5,-44,2,2,1,-44,-44,2,1,1,2,1,1,1,2,1,1,2,1,2,1,5,1,2,3,52100,14900,2,2,1,12,6,4,2,1,1,2,39,49,2,1,3,2,2,2,2,3,2,2,2,2,3,2,-44,-44,-44,-44,-44,-44,-44,-44,-44,-44,-44,-44,1,4,4,4,4,4,3,4,4,2,4,4,2,2,1,1,3,1,3,2,2,2,1,-44,-44,2,1,-44,3,-44,-44,-44,-44,1,4,4,4,4,1,3,4,4,2,4,4,2,2,-44,-44,-44,-44,-44,-44,"-44",-44,-44,-44,-44,-44,-44,"-44",1,1,90,90,2,1,-44,-44,-44,-44,"-44",2,1,2,-44,"-44",-44,-44,-44,-44,"-44",-44,-44,-44,-44,"-44",-44,40,-44,-44,"-44",-44,5,-44,-44,"-44",-44,"-44",1,"-44",-44,5,-44,-44,2,2,-44,-44,-44,-44,-44,"-44",-44,-44,-44,-44,-44,"-44",-44,-44,-44,-44,-44,-44,-44,-44,-44,-44,-44,-44,-44,-44,-44,-44,-44,-44,-44,-44,-44,-44,1,1,888997,1,5,2,3,4,4,2,-44,-44,-44,-44,-44,5,5,1,2,4,3,3,1,1,3,3,1,1,3,3,3,3,2,2,2,"-44",2,2,2,1,2,2,0,4,4,1,0,4,0,2,2,4,2,4,0,3,0,1,1,1,0,1,3,107,133536000,97200000,201066000,3,103,123578000,120336000,256608000,90,2,1,1,4,"KAJIADO",3,"-44","-44",106,119,202,2,-44,1,-44,11,4.61700010299683,"Kenya"
60593,1,2,"M1 through M5",-44,-44,"M6",-44,-44,"-44",2,-44,2005,2,"-44",1,7,241,143,98,0,0,0,1,25,24,25,24,4,0,1,92,86,106,36.9565217391304,6.52173913043478,0,2,-44,-44,-44,-44,-44,-44,1,32,31,25,31.25,0,1,55,48,55,87.2727272727273,0,2,-44,-44,-44,-44,-44,2,-44,-44,-44,-44,-44,2,-44,-44,-44,-44,-44,1,37,28,44,0,0,2,-44,-44,-44,-44,-44,1,1,1,1,2,2,2,2,"-44",1,1,2,2,1,2,2,2,"-44",2,-44,-44,-44,-44,-44,-44,-44,"-44",1,1,2,2,2,1,2,2,"-44",1,1,2,2,2,2,1,2,"-44",2,-44,-44,-44,-44,-44,-44,-44,"-44",2,-44,-44,-44,-44,-44,-44,-44,"-44",2,-44,-44,-44,-44,-44,-44,-44,"-44",1,1,1,2,2,2,2,2,"-44",2,-44,-44,-44,-44,-44,-44,-44,"-44",1,1,2,2,"Professionals",1,1,2,2,2,1,2,9,"Plant and machine operators, and assembl","Professionals","Plant and machine operators, and assembl",2,1,2,2,2,1,1,2,1,2,1,1,2,2,2,1,2,2,1,1,50,50,50,50,20,10,6,4,1,1,42100,16600,2,2,1,2,5,-44,-44,-44,-44,-44,-44,-44,2,5,-44,-44,-44,-44,1,2,1,1,2,2,2,2,1,2,1,1,2,2,2,2,2,3,1,2,37100,15000,2,2,5,1,6,4,2,2,1,2,40,35,1,1,3,2,2,2,2,2,2,3,2,2,2,3,-44,-44,-44,-44,-44,-44,-44,-44,-44,-44,-44,-44,3,4,4,2,4,4,4,4,4,1,4,4,3,2,2,2,2,2,2,3,2,1,2,-44,-44,-44,-44,-44,-44,-44,-44,-44,1,-44,4,4,4,4,3,4,4,4,1,4,2,2,1,-44,-44,-44,-44,-44,-44,"-44",1,1,2,1,2,2,"-44",2,2,-44,-44,2,2,-44,-44,-44,-44,"-44",-44,-44,-44,-44,"-44",-44,-44,-44,-44,"-44",-44,-44,-44,-44,"-44",-44,-44,-44,-44,"-44",-44,-44,-44,-44,"-44",-44,"-44",-44,"-44",-44,-44,-44,-44,2,2,-44,-44,-44,-44,-44,"-44",-44,-44,-44,-44,-44,"-44",-44,-44,-44,-44,-44,-44,-44,-44,-44,-44,-44,-44,-44,-44,-44,-44,-44,-44,-44,-44,-44,-44,2,2,-44,-44,4,5,3,2,4,1,2,5,5,4,4,2,5,1,5,1,3,3,3,2,1,2,3,2,3,1,2,2,1,4,1,"-44",2,2,2,2,1,2,0,0,0,0,1,1,0,2,0,1,4,1,4,2,4,4,0,4,4,1,1,231,269709000,233333100,319779900,1,252,244660700,235065600,346846500,90,1,2,1,4,"UASIN GISHU",7,"-44","-44",241,116,201,1,-44,1,-44,11,4.61700010299683,"Kenya"
54744,2,3,"M1 through M5",-44,-44,"M6",-44,-44,"-44",2,-44,1993,3,"-44",1,13,409,236,173,64,40,24,1,56,50,56,35.7142857142857,10.7142857142857,0,1,23,23,23,69.5652173913043,0,0,2,-44,-44,-44,-44,-44,-44,1,61,50,52,90.1639344262295,0,1,146,115,182,54.1095890410959,0,1,61,55,61,31.1475409836066,0,2,-44,-44,-44,-44,-44,2,-44,-44,-44,-44,-44,2,-44,-44,-44,-44,-44,1,126,126,126,6.34920634920635,0,1,1,1,1,1,2,2,2,"-44",1,1,2,2,1,1,2,2,"-44",2,-44,-44,-44,-44,-44,-44,-44,"-44",1,1,2,2,1,2,1,2,"-44",1,1,2,2,2,2,2,2,"-44",1,1,2,1,2,2,2,2,"-44",2,-44,-44,-44,-44,-44,-44,-44,"-44",2,-44,-44,-44,-44,-44,-44,-44,"-44",2,-44,-44,-44,-44,-44,-44,-44,"-44",1,1,1,2,2,1,1,2,"-44",1,1,2,2,"Professionals",1,1,1,2,2,2,1,6,"Sales workers","Professionals","Sales workers",2,1,2,2,2,1,1,1,2,2,2,2,1,2,2,2,1,2,1,1,30,70,30,70,20,10,4,4,2,2,66400,21300,2,2,1,1,5,-44,-44,-44,-44,-44,-44,-44,3,2,5,-44,-44,-44,2,1,1,1,2,2,2,1,1,1,2,1,2,2,1,1,2,3,1,1,56100,20200,2,2,5,6,6,4,2,2,1,1,41,29,2,2,3,2,1,2,2,2,2,2,2,2,1,1,-44,-44,1,-44,-44,-44,-44,-44,-44,-44,1,1,4,4,4,3,4,4,4,1,4,2,4,4,2,3,2,2,2,2,2,2,2,2,2,-44,-44,-44,-44,-44,-44,-44,-44,-44,-44,-44,4,4,4,2,4,4,4,4,3,4,1,1,2,1,2,2,1,1,2,"-44",-44,-44,-44,-44,-44,-44,"-44",2,1,-44,30,2,2,-44,-44,-44,-44,"-44",-44,-44,-44,-44,"-44",-44,-44,-44,-44,"-44",-44,-44,-44,-44,"-44",-44,-44,-44,-44,"-44",-44,-44,-44,-44,"-44",-44,"-44",-44,"-44",-44,-44,-44,-44,2,2,-44,-44,-44,-44,-44,"-44",-44,-44,-44,-44,-44,"-44",-44,-44,-44,-44,-44,-44,-44,-44,-44,-44,-44,-44,-44,-44,-44,-44,-44,-44,-44,-44,-44,-44,2,1,-44,888997,5,4,5,2,5,1,4,2,5,1,3,3,2,4,2,3,1,1,3,3,1,1,3,1,1,3,2,1,3,5,1,"-44",2,2,2,1,1,2,1,0,4,2,0,4,0,4,0,0,1,2,3,0,0,2,1,0,1,1,1,509,5392800,173824000,272208000,1,490,18489600,200880000,298116000,60,1,1,1,4,"KERICHO",13,"-44","-44",473,121,202,1,-44,1,-44,11,4.61700010299683,"Kenya"
60551,2,3,"M1 through M5",-44,-44,"M6",-44,-44,"-44",2,-44,1997,1,"-44",1,3,198,112,86,0,0,0,1,15,11,15,13.3333333333333,26.6666666666667,0,2,-44,-44,-44,-44,-44,-44,2,-44,-44,-44,-44,-44,-44,2,-44,-44,-44,-44,-44,1,93,78,82,74.1935483870968,0,2,-44,-44,-44,-44,-44,2,-44,-44,-44,-44,-44,2,-44,-44,-44,-44,-44,2,-44,-44,-44,-44,-44,1,90,72,82,16.6666666666667,0,1,1,2,2,1,2,2,2,"-44",2,-44,-44,-44,-44,-44,-44,-44,"-44",2,-44,-44,-44,-44,-44,-44,-44,"-44",2,-44,-44,-44,-44,-44,-44,-44,"-44",1,1,2,1,2,1,2,2,"-44",2,-44,-44,-44,-44,-44,-44,-44,"-44",2,-44,-44,-44,-44,-44,-44,-44,"-44",2,-44,-44,-44,-44,-44,-44,-44,"-44",2,-44,-44,-44,-44,-44,-44,-44,"-44",1,1,1,1,1,2,1,2,"-44",1,2,2,1,"Managers",2,1,2,2,2,2,1,5,"Service workers","Managers","Service workers",2,2,2,1,1,2,2,1,2,2,2,2,2,1,2,1,2,2,1,1,40,50,50,50,30,10,6,5,2,1,37000,12400,2,2,1,2,1,5,-44,2,1,2,-44,-44,1,5,-44,2,1,2,-44,-44,1,1,1,2,2,1,1,1,2,2,2,1,1,2,3,3,3,1,56000,9500,2,2,8,5,6,4,2,1,1,1,35,36,1,1,2,2,2,2,2,3,2,3,3,1,1,3,-44,-44,-44,-44,-44,-44,-44,-44,-44,1,2,-44,3,4,4,4,4,4,4,2,4,4,4,1,2,2,1,2,2,3,3,2,2,2,2,-44,-44,1,-44,-44,-44,-44,-44,-44,-44,-44,2,4,4,4,4,3,4,4,1,4,4,1,1,1,1,1,1,1,2,"-44",1,2,1,1,1,2,"-44",2,2,-44,-44,2,2,-44,-44,-44,-44,"-44",-44,-44,-44,-44,"-44",-44,-44,-44,-44,"-44",-44,-44,-44,-44,"-44",-44,-44,-44,-44,"-44",-44,-44,-44,-44,"-44",-44,"-44",-44,"-44",-44,-44,-44,-44,2,2,-44,-44,-44,-44,-44,"-44",-44,-44,-44,-44,-44,"-44",-44,-44,-44,-44,-44,-44,-44,-44,-44,-44,-44,-44,-44,-44,-44,-44,-44,-44,-44,-44,-44,-44,2,2,-44,-44,4,4,5,5,4,1,1,5,3,4,5,2,3,5,2,5,3,1,2,2,1,1,2,1,2,3,3,2,4,2,1,"-44",2,1,1,1,2,1,1,1,0,1,0,2,4,1,1,0,2,0,2,0,0,2,0,4,4,1,3,210,17212700,76986000,133650000,3,207,22450800,87912000,131868000,80,1,2,2,3,"KERICHO",3,"-44","-44",198,120,202,1,-44,1,-44,11,4.61700010299683,"Kenya"
71541,1,4,"M1 through M5",-44,-44,"M6",-44,-44,"-44",2,-44,2008,2,"-44",1,3,122,73,49,32,12,20,1,10,10,10,20,0,0,1,28,28,30,28.5714285714286,0,2,1,25,21,25,68,16,0,1,49,49,49,42.8571428571429,5,1,20,17,14,30,0,1,9,7,9,88.8888888888889,1,2,-44,-44,-44,-44,-44,1,7,7,7,42.8571428571429,0,1,4,3,5,75,0,1,2,2,2,50,0,2,-44,-44,-44,-44,-44,-44,-44,"-44",1,1,2,1,1,1,1,2,"-44",1,1,2,1,1,2,1,2,"-44",2,-44,-44,-44,-44,-44,-44,-44,"-44",1,1,2,2,2,2,2,2,"-44",1,1,2,2,1,1,2,2,"-44",2,-44,-44,-44,-44,-44,-44,-44,"-44",2,-44,-44,-44,-44,-44,-44,-44,"-44",1,1,1,2,1,2,2,2,"-44",1,1,1,1,2,2,2,2,"-44",1,1,1,3,"Technicians and associate professionals",1,1,1,2,1,1,1,8,"Construction, craft, and related trade w","Technicians and associate professionals","Construction, craft, and related trade w",2,1,2,2,2,1,2,1,2,2,1,1,1,1,2,1,1,1,1,2,50,-44,-44,-44,15,-44,6,4,1,1,94300,30000,2,2,2,2,3,2,1,2,2,1,2,1,3,2,5,-44,-44,-44,1,2,1,1,1,1,2,1,1,1,2,1,1,2,2,2,4,1,1,3,88900,22500,2,2,12,5,5,4,1,1,2,2,50,36,2,1,2,2,1,2,2,3,2,2,2,2,3,2,-44,-44,2,-44,-44,-44,-44,-44,-44,-44,-44,-44,4,4,4,4,4,4,2,1,4,3,4,4,2,2,3,2,2,2,2,2,2,2,1,-44,-44,-44,-44,-44,-44,-44,-44,-44,-44,3,2,4,4,4,1,4,4,4,3,4,4,1,1,2,2,1,1,1,2,"-44",1,1,1,1,2,2,"-44",1,1,70,60,2,2,-44,-44,-44,-44,"-44",-44,-44,-44,-44,"-44",-44,-44,-44,-44,"-44",-44,-44,-44,-44,"-44",-44,-44,-44,-44,"-44",-44,-44,-44,-44,"-44",-44,"-44",-44,"-44",-44,-44,-44,-44,2,2,-44,-44,-44,-44,-44,"-44",-44,-44,-44,-44,-44,"-44",-44,-44,-44,-44,-44,-44,-44,-44,-44,-44,-44,-44,-44,-44,-44,-44,-44,-44,-44,-44,-44,-44,1,1,888997,888997,4,4,2,4,4,1,5,1,3,5,4,2,5,4,5,3,3,3,3,1,3,3,3,3,2,3,3,1,2,1,4,"-44",1,1,2,2,2,2,1,1,2,4,0,1,0,4,4,4,1,4,4,0,1,0,1,1,0,1,6,153,57474000,226720000,372960000,6,154,8008000,31884800,39060000,80,1,2,1,3,"KAJIADO",3,"-44","-44",154,119,202,1,-44,1,-44,11,4.61700010299683,"Kenya"
60596,2,3,"M1 through M5",-44,-44,"M6",-44,-44,"-44",2,-44,1981,6,"-44",2,3,202,105,97,78,38,40,1,11,11,11,90.9090909090909,0,0,1,163,155,166,50.3067484662577,4.9079754601227,3,2,-44,-44,-44,-44,-44,-44,1,79,71,88,56.9620253164557,10,2,-44,-44,-44,-44,-44,2,-44,-44,-44,-44,-44,2,-44,-44,-44,-44,-44,2,-44,-44,-44,-44,-44,2,-44,-44,-44,-44,-44,1,27,23,29,0,0,1,1,1,1,1,1,2,2,"-44",1,1,2,1,2,1,2,2,"-44",2,-44,-44,-44,-44,-44,-44,-44,"-44",1,1,2,1,1,1,2,2,"-44",2,-44,-44,-44,-44,-44,-44,-44,"-44",2,-44,-44,-44,-44,-44,-44,-44,"-44",2,-44,-44,-44,-44,-44,-44,-44,"-44",2,-44,-44,-44,-44,-44,-44,-44,"-44",2,-44,-44,-44,-44,-44,-44,-44,"-44",1,1,1,2,2,2,1,2,"-44",1,1,2,2,"Professionals",1,2,2,2,2,2,1,4,"Clerical and support workers","Professionals","Clerical and support workers",2,1,1,2,1,2,1,1,2,2,2,2,2,2,1,2,2,1,1,1,80,30,70,30,30,30,4,6,2,2,58300,18700,2,2,2,2,1,2,3,2,1,2,2,1,2,1,5,2,2,1,2,1,1,1,1,1,1,1,2,1,1,2,2,2,1,1,4,3,3,2,43500,21200,2,2,1,5,5,4,1,1,1,1,40,51,2,2,2,3,2,2,1,2,2,2,2,2,2,2,-44,-44,-44,-44,2,-44,-44,-44,-44,-44,-44,-44,3,4,4,2,4,4,1,4,4,4,4,4,2,2,2,2,2,2,2,2,3,1,2,-44,-44,-44,-44,-44,-44,-44,-44,-44,1,-44,2,4,4,4,4,4,4,3,1,4,4,1,2,1,2,2,1,1,2,"-44",-44,-44,-44,-44,-44,-44,"-44",2,2,-44,-44,2,2,-44,-44,-44,-44,"-44",-44,-44,-44,-44,"-44",-44,-44,-44,-44,"-44",-44,-44,-44,-44,"-44",-44,-44,-44,-44,"-44",-44,-44,-44,-44,"-44",-44,"-44",-44,"-44",-44,-44,-44,-44,2,2,-44,-44,-44,-44,-44,"-44",-44,-44,-44,-44,-44,"-44",-44,-44,-44,-44,-44,-44,-44,-44,-44,-44,-44,-44,-44,-44,-44,-44,-44,-44,-44,-44,-44,-44,2,2,-44,-44,1,5,4,2,2,1,5,5,5,3,2,5,2,2,4,1,3,2,3,3,3,3,3,3,1,3,2,1,2,3,4,"-44",1,1,2,2,2,2,4,3,0,2,4,0,1,1,1,2,0,0,3,0,2,4,1,0,2,1,1,283,1647400,30466800,66883100,1,280,2465600,42369600,88845900,60,2,1,2,4,"KERICHO",3,"-44","-44",280,121,202,1,-44,1,-44,11,4.61700010299683,"Kenya"
50531,2,3,"M1 through M5",-44,-44,"M6",-44,-44,"-44",2,-44,1987,2,"-44",1,8,387,187,200,101,80,21,1,67,58,67,49.2537313432836,13.4328358208955,0,2,-44,-44,-44,-44,-44,-44,1,57,57,57,47.3684210526316,0,0,1,53,40,57,83.0188679245283,4,2,-44,-44,-44,-44,-44,2,-44,-44,-44,-44,-44,2,-44,-44,-44,-44,-44,1,24,24,29,100,0,1,196,196,217,31.6326530612245,1,1,91,89,91,34.0659340659341,1,1,1,2,1,1,2,1,2,"-44",2,-44,-44,-44,-44,-44,-44,-44,"-44",1,1,1,1,1,2,2,2,"-44",1,1,2,1,1,2,2,2,"-44",2,-44,-44,-44,-44,-44,-44,-44,"-44",2,-44,-44,-44,-44,-44,-44,-44,"-44",2,-44,-44,-44,-44,-44,-44,-44,"-44",2,-44,-44,-44,-44,-44,-44,-44,"-44",2,-44,-44,-44,-44,-44,-44,-44,"-44",1,1,2,2,2,2,2,2,"-44",1,2,1,3,"Technicians and associate professionals",1,2,2,2,1,1,1,10,"Elementary occupations","Technicians and associate professionals","Elementary occupations",2,1,2,1,2,2,2,1,2,2,2,2,1,1,1,2,2,2,1,1,70,40,60,40,15,6,6,3,1,2,56600,17300,2,2,2,1,2,1,5,2,1,2,1,2,5,-44,-44,-44,-44,-44,-44,-44,2,1,2,1,2,2,2,1,1,2,1,2,1,1,4,1,1,3,85100,18900,2,2,12,12,6,3,2,2,2,2,28,28,1,1,2,2,2,2,2,2,3,2,2,2,2,2,-44,-44,-44,-44,-44,-44,-44,-44,-44,-44,-44,-44,2,4,4,4,4,4,4,4,4,3,4,1,2,2,2,2,2,2,2,2,3,2,2,-44,-44,-44,-44,-44,-44,-44,-44,-44,-44,-44,4,4,4,2,4,4,1,4,3,4,4,2,1,-44,-44,-44,-44,-44,-44,"-44",1,1,2,1,2,2,"-44",2,2,-44,-44,2,2,-44,-44,-44,-44,"-44",-44,-44,-44,-44,"-44",-44,-44,-44,-44,"-44",-44,-44,-44,-44,"-44",-44,-44,-44,-44,"-44",-44,-44,-44,-44,"-44",-44,"-44",-44,"-44",-44,-44,-44,-44,2,2,-44,-44,-44,-44,-44,"-44",-44,-44,-44,-44,-44,"-44",-44,-44,-44,-44,-44,-44,-44,-44,-44,-44,-44,-44,-44,-44,-44,-44,-44,-44,-44,-44,-44,-44,2,2,-44,-44,2,1,2,3,4,1,3,5,3,5,3,4,1,1,1,3,2,3,3,3,3,3,2,2,3,3,2,2,5,2,4,"-44",2,2,2,2,2,2,1,0,1,4,0,4,4,3,2,0,4,0,2,4,1,1,0,4,0,1,11,503,12768000,5562000,57552000,11,508,1393920000,7566000,84715200,100,2,1,1,3,"UASIN GISHU",8,"-44","-44",488,116,201,1,-44,1,-44,11,4.61700010299683,"Kenya"
98350,1,2,"M1 through M5",-44,-44,"M6",-44,-44,"-44",2,-44,1992,4,"-44",1,19,33,32,1,0,0,0,1,1,1,1,0,0,0,1,1,1,1,0,0,0,1,1,1,1,0,0,0,1,1,1,1,100,0,1,29,29,29,0,0,2,-44,-44,-44,-44,-44,2,-44,-44,-44,-44,-44,2,-44,-44,-44,-44,-44,2,-44,-44,-44,-44,-44,2,-44,-44,-44,-44,-44,2,-44,-44,-44,-44,-44,-44,-44,"-44",2,-44,-44,-44,-44,-44,-44,-44,"-44",2,-44,-44,-44,-44,-44,-44,-44,"-44",1,1,1,2,1,2,1,2,"-44",1,1,1,2,2,1,1,2,"-44",2,-44,-44,-44,-44,-44,-44,-44,"-44",2,-44,-44,-44,-44,-44,-44,-44,"-44",2,-44,-44,-44,-44,-44,-44,-44,"-44",2,-44,-44,-44,-44,-44,-44,-44,"-44",2,-44,-44,-44,-44,-44,-44,-44,"-44",1,1,1,2,"Professionals",1,1,2,2,2,2,2,5,"Service workers","Professionals","Service workers",2,2,2,1,1,2,1,1,2,2,2,2,1,1,2,1,1,2,2,1,-44,30,70,30,-44,10,6,6,2,1,15000,8000,2,2,1,1,1,2,3,2,1,2,1,2,1,2,3,2,1,2,1,2,1,1,1,1,1,2,1,1,1,2,2,1,1,1,4,1,3,3,15000,8000,2,2,6,6,6,4,1,1,1,1,35,28,1,1,2,2,2,2,2,2,2,2,2,2,2,2,-44,-44,-44,-44,-44,-44,-44,-44,-44,-44,-44,-44,4,1,4,3,4,4,4,2,4,4,4,4,2,2,2,2,2,2,2,2,2,2,2,-44,-44,-44,-44,-44,-44,-44,-44,-44,-44,-44,4,4,4,4,1,4,3,2,4,4,4,1,1,1,2,2,1,1,2,"-44",1,2,2,1,1,2,"-44",2,2,-44,-44,2,2,-44,-44,-44,-44,"-44",-44,-44,-44,-44,"-44",-44,-44,-44,-44,"-44",-44,-44,-44,-44,"-44",-44,-44,-44,-44,"-44",-44,-44,-44,-44,"-44",-44,"-44",-44,"-44",-44,-44,-44,-44,2,2,-44,-44,-44,-44,-44,"-44",-44,-44,-44,-44,-44,"-44",-44,-44,-44,-44,-44,-44,-44,-44,-44,-44,-44,-44,-44,-44,-44,-44,-44,-44,-44,-44,-44,-44,2,2,-44,-44,4,5,4,2,3,1,4,5,4,2,3,4,2,2,5,5,3,3,3,1,1,1,3,1,3,3,3,3,4,4,1,"-44",2,2,2,1,1,2,0,1,0,1,1,1,3,4,3,1,2,2,1,2,2,2,2,2,2,1,12,33,3420000,342000,5700000,12,33,3420000,342000,5700000,100,1,2,1,2,"KISUMU",19,"-44","-44",33,102,102,1,-44,1,-44,11,4.61700010299683,"Kenya"
54557,1,3,"M1 through M5",-44,-44,"M6",-44,-44,"-44",2,-44,1986,1,"-44",1,3,76,39,37,16,6,10,1,14,13,15,28.5714285714286,7.14285714285714,0,2,-44,-44,-44,-44,-44,-44,1,51,41,62,37.2549019607843,19.6078431372549,2,1,27,24,35,88.8888888888889,0,2,-44,-44,-44,-44,-44,2,-44,-44,-44,-44,-44,2,-44,-44,-44,-44,-44,2,-44,-44,-44,-44,-44,2,-44,-44,-44,-44,-44,2,-44,-44,-44,-44,-44,1,1,2,1,1,2,1,2,"-44",2,-44,-44,-44,-44,-44,-44,-44,"-44",1,1,2,2,2,2,1,2,"-44",1,1,2,2,2,2,1,2,"-44",2,-44,-44,-44,-44,-44,-44,-44,"-44",2,-44,-44,-44,-44,-44,-44,-44,"-44",2,-44,-44,-44,-44,-44,-44,-44,"-44",2,-44,-44,-44,-44,-44,-44,-44,"-44",2,-44,-44,-44,-44,-44,-44,-44,"-44",2,-44,-44,-44,-44,-44,-44,-44,"-44",1,2,1,3,"Technicians and associate professionals",1,2,2,2,2,2,2,4,"Clerical and support workers","Technicians and associate professionals","Clerical and support workers",2,2,1,2,1,2,2,1,2,1,2,2,1,2,1,2,1,2,1,1,30,30,70,30,15,40,5,6,2,1,45200,22900,2,2,2,2,5,-44,-44,-44,-44,-44,-44,-44,2,1,3,2,1,2,2,1,2,1,1,2,2,1,1,1,1,2,2,2,2,1,4,3,2,2,52200,22300,2,2,8,0,6,4,2,1,1,2,26,31,1,2,2,3,3,2,2,2,3,2,2,2,2,2,-44,-44,-44,-44,-44,-44,-44,-44,-44,-44,-44,-44,1,4,4,3,4,4,4,4,4,4,2,4,2,2,2,2,3,2,3,2,2,2,2,-44,-44,-44,-44,-44,-44,-44,-44,-44,-44,-44,3,4,4,4,2,1,4,4,4,4,4,1,1,1,2,2,2,1,2,"-44",2,2,2,1,2,2,"-44",2,2,-44,-44,2,2,-44,-44,-44,-44,"-44",-44,-44,-44,-44,"-44",-44,-44,-44,-44,"-44",-44,-44,-44,-44,"-44",-44,-44,-44,-44,"-44",-44,-44,-44,-44,"-44",-44,"-44",-44,"-44",-44,-44,-44,-44,2,2,-44,-44,-44,-44,-44,"-44",-44,-44,-44,-44,-44,"-44",-44,-44,-44,-44,-44,-44,-44,-44,-44,-44,-44,-44,-44,-44,-44,-44,-44,-44,-44,-44,-44,-44,2,2,-44,-44,4,5,2,3,5,1,4,2,4,4,5,1,2,4,5,4,2,1,3,3,3,1,2,3,1,3,1,1,5,5,2,"-44",2,2,2,1,2,2,0,0,4,3,0,4,0,1,2,4,4,1,4,0,1,1,2,1,0,1,3,102,41664500,14256000,93195000,3,98,47654000,17622000,101088000,100,2,2,2,4,"KERICHO",3,"-44","-44",92,120,202,1,-44,1,-44,11,4.61700010299683,"Kenya"
98248,1,2,"M1 through M5",-44,-44,"M6",-44,-44,"-44",1,1992,1992,3,"-44",2,7,12,7,5,0,0,0,1,3,3,3,33.3333333333333,0,0,2,-44,-44,-44,-44,-44,-44,1,2,2,2,50,0,0,2,-44,-44,-44,-44,-44,2,-44,-44,-44,-44,-44,1,5,5,5,20,0,2,-44,-44,-44,-44,-44,2,-44,-44,-44,-44,-44,2,-44,-44,-44,-44,-44,1,2,2,2,100,0,2,-44,-44,-44,-44,-44,-44,-44,"-44",2,-44,-44,-44,-44,-44,-44,-44,"-44",2,-44,-44,-44,-44,-44,-44,-44,"-44",2,-44,-44,-44,-44,-44,-44,-44,"-44",2,-44,-44,-44,-44,-44,-44,-44,"-44",1,1,2,2,1,2,2,2,"-44",2,-44,-44,-44,-44,-44,-44,-44,"-44",2,-44,-44,-44,-44,-44,-44,-44,"-44",2,-44,-44,-44,-44,-44,-44,-44,"-44",2,-44,-44,-44,-44,-44,-44,-44,"-44",1,2,1,3,"Technicians and associate professionals",2,2,1,2,2,2,1,6,"Sales workers","Technicians and associate professionals","Sales workers",2,2,2,2,2,2,2,1,2,2,2,2,2,2,2,1,1,2,2,1,-44,30,70,30,-44,21,5,6,2,1,32000,28000,2,2,2,2,5,-44,-44,-44,-44,-44,-44,-44,5,-44,-44,-44,-44,-44,-44,-44,1,1,1,2,2,2,1,1,1,1,1,1,1,1,3,2,3,3,32000,28000,2,2,8,5,6,6,1,1,1,1,35,35,1,1,2,2,3,2,2,2,2,2,2,2,2,2,-44,-44,-44,-44,-44,-44,-44,-44,-44,-44,-44,-44,1,2,4,4,4,4,4,4,4,4,3,4,2,2,3,2,2,2,2,2,2,2,2,-44,-44,-44,-44,-44,-44,-44,-44,-44,-44,-44,2,1,4,4,3,4,4,4,4,4,4,2,2,-44,-44,-44,-44,-44,-44,"-44",-44,-44,-44,-44,-44,-44,"-44",2,2,-44,-44,2,2,-44,-44,-44,-44,"-44",-44,-44,-44,-44,"-44",-44,-44,-44,-44,"-44",-44,-44,-44,-44,"-44",-44,-44,-44,-44,"-44",-44,-44,-44,-44,"-44",-44,"-44",-44,"-44",-44,-44,-44,-44,2,2,-44,-44,-44,-44,-44,"-44",-44,-44,-44,-44,-44,"-44",-44,-44,-44,-44,-44,-44,-44,-44,-44,-44,-44,-44,-44,-44,-44,-44,-44,-44,-44,-44,-44,-44,2,2,-44,-44,4,5,5,2,3,2,-44,-44,-44,-44,-44,3,3,1,1,1,3,3,2,3,3,3,3,3,3,2,1,1,4,5,1,"-44",1,1,1,1,1,2,0,0,3,3,4,0,2,4,4,4,0,0,0,0,0,0,0,0,3,2,6,12,4848000,84000000,120000000,6,12,4848000,94800000,136800000,100,1,1,1,4,"KISUMU",7,"-44","-44",12,106,999,1,-44,1,-44,12,19.7646999359131,"Kenya"
27069,1,3,"M1 through M5",-44,-44,"M6",-44,-44,"-44",2,-44,2010,3,"-44",1,7,8,2,6,2,1,1,1,1,0,1,100,100,0,1,4,1,4,25,75,0,2,-44,-44,-44,-44,-44,-44,2,-44,-44,-44,-44,-44,1,5,3,5,100,0,2,-44,-44,-44,-44,-44,2,-44,-44,-44,-44,-44,2,-44,-44,-44,-44,-44,2,-44,-44,-44,-44,-44,2,-44,-44,-44,-44,-44,1,1,2,2,2,2,2,2,"-44",1,1,1,2,1,2,1,2,"-44",2,-44,-44,-44,-44,-44,-44,-44,"-44",2,-44,-44,-44,-44,-44,-44,-44,"-44",1,1,1,2,1,2,1,2,"-44",2,-44,-44,-44,-44,-44,-44,-44,"-44",2,-44,-44,-44,-44,-44,-44,-44,"-44",2,-44,-44,-44,-44,-44,-44,-44,"-44",2,-44,-44,-44,-44,-44,-44,-44,"-44",2,-44,-44,-44,-44,-44,-44,-44,"-44",1,1,2,2,"Professionals",2,1,2,2,2,2,2,5,"Service workers","Professionals","Service workers",2,2,2,2,2,1,1,2,2,2,2,2,2,2,1,1,1,2,1,1,40,40,60,40,10,10,6,6,1,1,17000,13000,2,2,2,2,1,5,-44,1,2,2,-44,-44,3,1,2,1,2,2,1,2,1,2,2,2,2,1,1,1,2,2,2,2,2,1,4,3,1,2,14000,12000,2,2,6,6,5,4,1,1,1,2,18,24,1,1,1,2,3,1,2,2,2,2,2,2,1,1,2,-44,-44,1,-44,-44,-44,-44,-44,-44,2,3,4,1,4,4,4,4,3,4,2,4,4,4,3,2,1,2,2,1,2,2,2,1,1,-44,-44,1,-44,-44,1,-44,-44,-44,1,1,4,1,4,3,4,2,4,4,4,4,4,2,1,-44,-44,-44,-44,-44,-44,"-44",2,2,2,2,1,2,"-44",2,2,-44,-44,2,2,-44,-44,-44,-44,"-44",-44,-44,-44,-44,"-44",-44,-44,-44,-44,"-44",-44,-44,-44,-44,"-44",-44,-44,-44,-44,"-44",-44,-44,-44,-44,"-44",-44,"-44",-44,"-44",-44,-44,-44,-44,2,2,-44,-44,-44,-44,-44,"-44",-44,-44,-44,-44,-44,"-44",-44,-44,-44,-44,-44,-44,-44,-44,-44,-44,-44,-44,-44,-44,-44,-44,-44,-44,-44,-44,-44,-44,2,2,-44,-44,1,5,4,4,4,2,-44,-44,-44,-44,-44,4,1,1,1,1,2,3,2,1,3,3,3,1,1,1,3,3,5,3,1,"-44",2,2,2,1,1,2,1,2,0,2,0,1,3,3,1,2,0,3,1,1,1,2,3,2,1,1,12,7,970000,88000,2730000,12,10,10560000,137000,420000,30,1,1,1,4,"KISUMU",7,"-44","-44",10,112,999,1,-44,1,-44,12,19.7646999359131,"Kenya"
98394,2,2,"M1 through M5",-44,-44,"M6",-44,-44,"-44",2,-44,2004,1,"-44",1,9,2,1,1,3,1,2,1,1,1,1,0,0,0,2,-44,-44,-44,-44,-44,-44,2,-44,-44,-44,-44,-44,-44,1,1,1,1,100,0,1,3,3,3,66.6666666666667,0,2,-44,-44,-44,-44,-44,2,-44,-44,-44,-44,-44,2,-44,-44,-44,-44,-44,2,-44,-44,-44,-44,-44,2,-44,-44,-44,-44,-44,2,-44,-44,-44,-44,-44,-44,-44,"-44",2,-44,-44,-44,-44,-44,-44,-44,"-44",2,-44,-44,-44,-44,-44,-44,-44,"-44",1,1,2,2,1,2,2,2,"-44",1,1,2,2,2,2,2,2,"-44",2,-44,-44,-44,-44,-44,-44,-44,"-44",2,-44,-44,-44,-44,-44,-44,-44,"-44",2,-44,-44,-44,-44,-44,-44,-44,"-44",2,-44,-44,-44,-44,-44,-44,-44,"-44",2,-44,-44,-44,-44,-44,-44,-44,"-44",1,2,2,1,"Managers",1,1,2,2,2,2,2,5,"Service workers","Managers","Service workers",2,2,2,1,2,1,2,1,2,2,2,2,1,2,2,2,2,2,2,1,-44,60,40,60,-44,14,6,5,1,2,15000,7000,2,1,2,1,2,1,4,2,1,2,1,2,1,2,4,2,1,2,2,1,1,1,1,1,1,1,1,1,1,1,2,2,2,1,2,2,3,1,15000,7000,2,1,12,6,6,5,1,1,1,1,35,25,1,2,2,2,1,2,2,2,2,2,2,2,2,2,-44,-44,2,-44,-44,-44,-44,-44,-44,-44,-44,-44,4,1,4,4,4,4,4,2,3,4,4,4,2,2,1,2,2,2,2,2,2,2,2,-44,-44,2,-44,-44,-44,-44,-44,-44,-44,-44,1,2,4,4,3,4,4,4,4,4,4,2,2,-44,-44,-44,-44,-44,-44,"-44",-44,-44,-44,-44,-44,-44,"-44",2,2,-44,-44,2,2,-44,-44,-44,-44,"-44",-44,-44,-44,-44,"-44",-44,-44,-44,-44,"-44",-44,-44,-44,-44,"-44",-44,-44,-44,-44,"-44",-44,-44,-44,-44,"-44",-44,"-44",-44,"-44",-44,-44,-44,-44,2,2,-44,-44,-44,-44,-44,"-44",-44,-44,-44,-44,-44,"-44",-44,-44,-44,-44,-44,-44,-44,-44,-44,-44,-44,-44,-44,-44,-44,-44,-44,-44,-44,-44,-44,-44,2,2,-44,-44,3,4,4,4,4,2,-44,-44,-44,-44,-44,4,4,4,4,5,1,2,2,1,1,3,1,1,1,1,2,1,4,3,1,"-44",2,2,2,1,1,2,2,3,1,1,1,1,2,2,2,2,2,2,2,2,2,3,3,2,2,2,12,5,612000,100000,1500000,12,5,612000,100000,1800000,50,1,1,1,2,"KISUMU",9,"-44","-44",5,102,102,2,-44,1,-44,12,19.7646999359131,"Kenya"
60556,1,2,"M1 through M5",-44,-44,"M6",-44,-44,"-44",2,-44,1991,6,"-44",2,7,87,58,29,15,15,0,1,10,10,10,0,0,0,1,10,10,20,0,0,0,1,26,26,52,0,0,1,1,31,31,31,45.1612903225806,0,2,-44,-44,-44,-44,-44,1,15,15,15,100,0,2,-44,-44,-44,-44,-44,2,-44,-44,-44,-44,-44,2,-44,-44,-44,-44,-44,1,10,10,10,0,0,2,-44,-44,-44,-44,-44,-44,-44,"-44",2,-44,-44,-44,-44,-44,-44,-44,"-44",1,1,2,1,2,1,2,2,"-44",2,-44,-44,-44,-44,-44,-44,-44,"-44",2,-44,-44,-44,-44,-44,-44,-44,"-44",2,-44,-44,-44,-44,-44,-44,-44,"-44",2,-44,-44,-44,-44,-44,-44,-44,"-44",2,-44,-44,-44,-44,-44,-44,-44,"-44",2,-44,-44,-44,-44,-44,-44,-44,"-44",1,1,2,2,2,1,1,2,"-44",1,1,1,2,"Professionals",1,2,1,2,2,2,1,6,"Sales workers","Professionals","Sales workers",2,2,2,2,2,1,2,1,2,2,1,1,2,2,2,2,1,2,2,2,-44,-44,-44,-44,-44,-44,5,4,1,2,66100,17100,2,2,1,1,2,5,-44,-44,-44,-44,1,2,1,3,5,2,1,2,-44,-44,1,2,1,2,2,1,2,1,1,2,1,1,1,2,4,2,3,3,66100,17100,2,2,12,1,4,4,1,2,1,1,27,33,1,2,1,2,1,2,1,3,2,2,3,2,2,2,3,-44,2,-44,1,-44,-44,-44,-44,-44,-44,-44,4,4,4,2,4,4,4,1,4,3,4,4,2,2,1,2,2,2,2,3,2,1,1,-44,-44,2,-44,-44,-44,-44,-44,-44,3,1,4,3,4,4,2,4,4,4,1,4,4,1,1,1,1,1,1,2,2,"-44",2,2,2,1,1,2,"-44",1,1,100,90,1,1,1,1,2,-44,"-44",1,2,1,-44,"-44",100,100,-44,-44,"-44",6,3,-44,-44,"-44",30,-44,20,-44,"-44",3,-44,5,-44,"-44",4,"-44",4,"-44",6,5,-44,21000,1,2,2,2,1,2,2,"-44",-44,-44,-44,-44,-44,"-44",-44,-44,100,-44,-44,-44,-44,5,-44,-44,-44,-44,-44,-44,-44,-44,-44,-44,-44,-44,3000,-44,1,1,4,3,5,4,3,3,4,1,2,3,5,4,1,2,1,3,5,1,1,2,3,2,3,3,2,3,3,3,3,3,5,5,1,"-44",1,2,1,2,1,2,1,3,1,2,4,2,4,4,4,4,0,1,1,0,0,0,0,4,4,2,1,102,2501600,6316800,18781200,1,102,2291400,7326000,17782200,30,1,1,2,4,"KISUMU",7,"-44","-44",102,118,201,1,-44,1,-44,12,19.7646999359131,"Kenya"
54561,1,3,"M1 through M5",-44,-44,"M6",-44,-44,"-44",2,-44,1992,2,"-44",1,11,27,25,2,0,0,0,1,1,1,1,0,0,0,1,1,1,1,0,0,0,2,-44,-44,-44,-44,-44,-44,1,23,23,1,4.34782608695652,0,1,1,1,1,100,0,2,-44,-44,-44,-44,-44,2,-44,-44,-44,-44,-44,2,-44,-44,-44,-44,-44,1,1,1,1,0,0,2,-44,-44,-44,-44,-44,2,-44,-44,-44,-44,-44,-44,-44,"-44",2,-44,-44,-44,-44,-44,-44,-44,"-44",2,-44,-44,-44,-44,-44,-44,-44,"-44",2,-44,-44,-44,-44,-44,-44,-44,"-44",1,1,1,2,2,2,1,2,"-44",2,-44,-44,-44,-44,-44,-44,-44,"-44",2,-44,-44,-44,-44,-44,-44,-44,"-44",2,-44,-44,-44,-44,-44,-44,-44,"-44",2,-44,-44,-44,-44,-44,-44,-44,"-44",2,-44,-44,-44,-44,-44,-44,-44,"-44",1,1,2,2,"Professionals",1,1,2,2,2,1,2,9,"Plant and machine operators, and assembl","Professionals","Plant and machine operators, and assembl",2,2,1,2,2,2,2,1,2,2,2,2,1,2,2,1,1,2,2,2,-44,-44,-44,-44,-44,-44,4,4,1,1,44900,12700,2,2,2,2,5,-44,-44,-44,-44,-44,-44,-44,2,5,-44,-44,-44,-44,1,2,1,2,2,1,2,1,1,1,1,2,2,2,2,1,4,1,3,2,44900,12700,2,2,2,1,6,5,1,1,2,1,24,36,1,1,1,3,2,2,3,2,2,2,2,3,1,3,1,-44,-44,-44,-44,-44,-44,-44,-44,-44,1,-44,4,4,4,2,4,1,3,4,4,4,4,4,2,2,3,3,1,2,2,2,3,2,3,-44,-44,-44,-44,3,-44,-44,-44,-44,-44,-44,4,4,4,1,3,4,4,4,2,4,4,2,1,-44,-44,-44,-44,-44,-44,"-44",2,1,2,2,1,2,"-44",1,1,100,40,2,2,-44,-44,-44,-44,"-44",-44,-44,-44,-44,"-44",-44,-44,-44,-44,"-44",-44,-44,-44,-44,"-44",-44,-44,-44,-44,"-44",-44,-44,-44,-44,"-44",-44,"-44",-44,"-44",-44,-44,-44,-44,2,2,-44,-44,-44,-44,-44,"-44",-44,-44,-44,-44,-44,"-44",-44,-44,-44,-44,-44,-44,-44,-44,-44,-44,-44,-44,-44,-44,-44,-44,-44,-44,-44,-44,-44,-44,1,1,4,4,1,3,5,5,3,2,-44,-44,-44,-44,-44,2,5,2,5,4,1,3,3,3,1,3,2,1,3,3,3,3,5,3,1,"-44",2,1,2,2,1,2,4,2,1,1,0,2,0,2,0,0,0,4,1,1,4,0,0,4,0,2,12,27,6199700,7789600,11624500,12,27,7808300,4968000,11132000,20,1,1,1,4,"KISUMU",11,"-44","-44",27,118,201,1,-44,1,-44,12,19.7646999359131,"Kenya"
21005,1,2,"M1 through M5",-44,-44,"M6",-44,-44,"-44",2,-44,2011,1,"-44",1,7,8,6,2,2,0,2,1,1,1,1,100,0,0,1,2,1,2,100,50,0,1,2,1,2,50,50,0,1,5,5,5,0,0,2,-44,-44,-44,-44,-44,2,-44,-44,-44,-44,-44,2,-44,-44,-44,-44,-44,2,-44,-44,-44,-44,-44,2,-44,-44,-44,-44,-44,2,-44,-44,-44,-44,-44,2,-44,-44,-44,-44,-44,-44,-44,"-44",1,1,1,2,1,2,2,2,"-44",1,1,2,1,2,1,1,2,"-44",1,1,2,1,1,2,2,2,"-44",2,-44,-44,-44,-44,-44,-44,-44,"-44",2,-44,-44,-44,-44,-44,-44,-44,"-44",2,-44,-44,-44,-44,-44,-44,-44,"-44",2,-44,-44,-44,-44,-44,-44,-44,"-44",2,-44,-44,-44,-44,-44,-44,-44,"-44",2,-44,-44,-44,-44,-44,-44,-44,"-44",1,1,1,2,"Professionals",1,2,2,2,2,2,2,4,"Clerical and support workers","Professionals","Clerical and support workers",2,2,2,2,2,2,2,1,2,2,1,2,2,2,2,2,1,2,1,1,90,60,40,60,45,15,6,6,1,1,100000,28000,2,2,1,2,3,1,5,1,2,2,-44,-44,3,1,2,2,2,1,1,2,1,2,2,1,2,2,1,1,1,2,2,2,2,1,3,3,2,2,80000,25000,2,2,7,4,5,4,1,1,1,1,22,44,1,1,1,2,2,1,2,2,1,2,3,1,1,2,1,-44,-44,1,-44,-44,1,-44,-44,2,1,-44,4,4,4,1,4,4,4,4,4,2,4,3,1,1,3,2,2,1,1,1,2,3,2,1,1,-44,-44,-44,1,1,1,-44,-44,-44,4,4,4,4,2,4,4,4,1,4,3,1,2,2,1,1,2,2,2,"-44",-44,-44,-44,-44,-44,-44,"-44",2,2,-44,-44,2,2,-44,-44,-44,-44,"-44",-44,-44,-44,-44,"-44",-44,-44,-44,-44,"-44",-44,-44,-44,-44,"-44",-44,-44,-44,-44,"-44",-44,-44,-44,-44,"-44",-44,"-44",-44,"-44",-44,-44,-44,-44,2,2,-44,-44,-44,-44,-44,"-44",-44,-44,-44,-44,-44,"-44",-44,-44,-44,-44,-44,-44,-44,-44,-44,-44,-44,-44,-44,-44,-44,-44,-44,-44,-44,-44,-44,-44,2,2,-44,-44,1,2,4,2,2,2,-44,-44,-44,-44,-44,4,5,1,4,4,3,2,3,3,2,3,3,1,3,1,3,1,4,5,1,"-44",2,2,1,2,1,2,1,0,0,0,4,1,0,3,0,1,2,1,0,0,2,0,0,1,2,2,1,12,16740000,10400000,66500000,1,11,4992000,7280000,25440000,100,1,1,1,3,"KISUMU",7,"-44","-44",10,104,999,2,-44,1,-44,12,19.7646999359131,"Kenya"
38031,2,2,"M1 through M5",-44,-44,"M6",-44,-44,"-44",2,-44,2004,2,"-44",1,7,8,6,2,0,0,0,1,1,1,1,0,0,0,2,-44,-44,-44,-44,-44,-44,1,2,2,2,50,0,0,1,1,1,1,100,0,2,-44,-44,-44,-44,-44,2,-44,-44,-44,-44,-44,2,-44,-44,-44,-44,-44,1,1,1,1,0,0,1,2,2,2,0,0,1,1,1,1,0,0,2,-44,-44,-44,-44,-44,-44,-44,"-44",2,-44,-44,-44,-44,-44,-44,-44,"-44",1,2,1,1,1,1,1,2,"-44",2,-44,-44,-44,-44,-44,-44,-44,"-44",2,-44,-44,-44,-44,-44,-44,-44,"-44",2,-44,-44,-44,-44,-44,-44,-44,"-44",2,-44,-44,-44,-44,-44,-44,-44,"-44",1,1,1,1,1,1,1,2,"-44",2,-44,-44,-44,-44,-44,-44,-44,"-44",2,-44,-44,-44,-44,-44,-44,-44,"-44",1,2,1,3,"Technicians and associate professionals",1,2,2,2,1,1,1,10,"Elementary occupations","Technicians and associate professionals","Elementary occupations",2,2,2,2,2,2,2,1,2,2,2,2,1,2,2,1,1,1,1,2,90,-44,-44,-44,30,-44,5,2,1,1,65000,18000,2,2,1,1,3,1,5,1,2,2,-44,-44,3,5,-44,-44,-44,-44,-44,-44,2,2,1,2,2,1,1,2,2,2,2,2,2,1,2,1,1,3,74000,18000,2,2,7,7,6,2,1,2,1,1,23,33,2,1,2,2,1,2,2,2,1,2,2,2,1,2,-44,-44,1,-44,-44,-44,2,-44,-44,-44,2,-44,4,4,4,4,2,1,3,4,4,4,4,4,2,3,3,2,2,2,2,2,2,2,2,-44,-44,-44,-44,-44,-44,-44,-44,-44,-44,-44,4,4,4,4,1,3,2,4,4,4,4,2,2,-44,-44,-44,-44,-44,-44,"-44",-44,-44,-44,-44,-44,-44,"-44",1,1,100,30,1,2,1,1,1,-44,"-44",-44,-44,-44,-44,"-44",50,100,100,-44,"-44",10,15,5,-44,"-44",-44,-44,-44,-44,"-44",-44,-44,-44,-44,"-44",4,"-44",-44,"-44",15,-44,10000,-44,2,2,-44,-44,-44,-44,-44,"-44",-44,-44,-44,-44,-44,"-44",-44,-44,-44,-44,-44,-44,-44,-44,-44,-44,-44,-44,-44,-44,-44,-44,-44,-44,-44,-44,-44,-44,1,1,2,4,4,1,2,1,4,2,-44,-44,-44,-44,-44,1,3,3,2,4,3,3,2,1,1,3,3,3,2,3,3,1,3,3,1,"-44",2,1,2,1,2,2,0,0,0,2,1,4,0,4,2,2,2,1,3,0,1,0,1,0,0,2,12,7,190000,103000,1090000,12,8,26400000,130000,1332000,80,2,2,1,4,"KISUMU",7,"-44","-44",8,108,999,2,-44,1,-44,12,19.7646999359131,"Kenya"
98332,1,2,"M1 through M5",-44,-44,"M6",-44,-44,"-44",2,-44,2006,1,"-44",1,10,8,5,3,0,0,0,1,1,1,1,0,0,0,2,-44,-44,-44,-44,-44,-44,1,1,1,1,0,0,0,1,1,1,1,0,0,1,5,5,5,60,0,2,-44,-44,-44,-44,-44,2,-44,-44,-44,-44,-44,2,-44,-44,-44,-44,-44,2,-44,-44,-44,-44,-44,2,-44,-44,-44,-44,-44,1,2,2,2,2,2,2,2,"-44",2,-44,-44,-44,-44,-44,-44,-44,"-44",1,1,2,2,2,2,2,2,"-44",1,1,2,2,2,2,2,2,"-44",1,1,2,2,2,2,2,2,"-44",2,-44,-44,-44,-44,-44,-44,-44,"-44",2,-44,-44,-44,-44,-44,-44,-44,"-44",2,-44,-44,-44,-44,-44,-44,-44,"-44",2,-44,-44,-44,-44,-44,-44,-44,"-44",2,-44,-44,-44,-44,-44,-44,-44,"-44",1,2,1,1,"Managers",1,1,2,2,2,2,2,5,"Service workers","Managers","Service workers",2,2,2,1,2,1,2,1,2,2,2,2,1,2,1,2,1,2,1,1,100,40,60,40,30,30,5,4,1,2,15000,6000,2,2,1,1,1,2,4,2,1,2,1,2,1,2,4,2,1,2,1,2,1,1,1,1,2,1,1,1,1,1,2,2,1,2,3,2,1,1,15000,8000,2,2,12,12,5,4,1,2,1,1,32,25,1,2,2,2,1,2,2,2,2,2,2,2,2,2,-44,-44,1,-44,-44,-44,-44,-44,-44,-44,-44,-44,1,2,4,3,4,4,4,4,4,4,4,4,2,2,1,2,2,2,2,2,2,2,2,-44,-44,3,-44,-44,-44,-44,-44,-44,-44,-44,1,2,4,4,3,4,4,4,4,4,4,2,2,-44,-44,-44,-44,-44,-44,"-44",-44,-44,-44,-44,-44,-44,"-44",2,2,-44,-44,2,2,-44,-44,-44,-44,"-44",-44,-44,-44,-44,"-44",-44,-44,-44,-44,"-44",-44,-44,-44,-44,"-44",-44,-44,-44,-44,"-44",-44,-44,-44,-44,"-44",-44,"-44",-44,"-44",-44,-44,-44,-44,2,2,-44,-44,-44,-44,-44,"-44",-44,-44,-44,-44,-44,"-44",-44,-44,-44,-44,-44,-44,-44,-44,-44,-44,-44,-44,-44,-44,-44,-44,-44,-44,-44,-44,-44,-44,2,2,-44,-44,4,4,4,4,4,2,-44,-44,-44,-44,-44,3,2,3,5,5,1,2,2,1,1,2,2,1,1,1,2,1,4,3,1,"-44",2,1,2,1,1,2,3,3,1,2,2,2,3,1,1,1,1,2,2,2,2,3,2,2,2,1,12,8,1020000,500000,3000000,12,8,1020000,450000,2800000,60,1,1,2,2,"KISUMU",10,"-44","-44",8,102,102,2,-44,1,-44,12,19.7646999359131,"Kenya"
98323,1,3,"M1 through M5",-44,-44,"M6",-44,-44,"-44",2,-44,1997,2,"-44",1,7,8,5,3,0,0,0,1,2,2,2,0,0,0,2,-44,-44,-44,-44,-44,-44,1,1,1,1,0,0,0,2,-44,-44,-44,-44,-44,2,-44,-44,-44,-44,-44,1,2,2,2,100,0,2,-44,-44,-44,-44,-44,2,-44,-44,-44,-44,-44,1,1,1,1,0,0,1,2,2,2,50,0,2,-44,-44,-44,-44,-44,-44,-44,"-44",2,-44,-44,-44,-44,-44,-44,-44,"-44",2,-44,-44,-44,-44,-44,-44,-44,"-44",2,-44,-44,-44,-44,-44,-44,-44,"-44",2,-44,-44,-44,-44,-44,-44,-44,"-44",1,1,2,2,1,2,1,2,"-44",2,-44,-44,-44,-44,-44,-44,-44,"-44",2,-44,-44,-44,-44,-44,-44,-44,"-44",2,-44,-44,-44,-44,-44,-44,-44,"-44",2,-44,-44,-44,-44,-44,-44,-44,"-44",1,2,1,3,"Technicians and associate professionals",2,2,1,2,2,1,1,6,"Sales workers","Technicians and associate professionals","Sales workers",2,2,2,2,2,2,1,1,2,2,2,2,2,2,2,1,1,2,2,2,-44,-44,-44,-44,-44,-44,5,5,1,2,32000,21000,2,2,1,2,5,-44,-44,-44,-44,-44,-44,-44,5,-44,-44,-44,-44,-44,-44,-44,1,1,1,2,2,2,1,1,1,1,2,1,2,2,2,2,3,3,32000,21000,2,2,38,27,5,5,1,1,1,1,35,30,1,2,2,2,3,2,2,2,2,2,2,2,3,2,-44,-44,-44,-44,-44,-44,-44,-44,-44,-44,-44,-44,1,4,4,4,4,3,4,4,4,4,4,2,2,2,3,2,2,2,2,2,2,2,2,-44,-44,-44,-44,-44,-44,-44,-44,-44,-44,-44,2,4,4,4,1,3,4,4,4,4,4,2,2,-44,-44,-44,-44,-44,-44,"-44",-44,-44,-44,-44,-44,-44,"-44",2,2,-44,-44,2,2,-44,-44,-44,-44,"-44",-44,-44,-44,-44,"-44",-44,-44,-44,-44,"-44",-44,-44,-44,-44,"-44",-44,-44,-44,-44,"-44",-44,-44,-44,-44,"-44",-44,"-44",-44,"-44",-44,-44,-44,-44,2,2,-44,-44,-44,-44,-44,"-44",-44,-44,-44,-44,-44,"-44",-44,-44,-44,-44,-44,-44,-44,-44,-44,-44,-44,-44,-44,-44,-44,-44,-44,-44,-44,-44,-44,-44,2,2,-44,-44,4,5,3,3,5,2,-44,-44,-44,-44,-44,1,1,1,1,4,3,3,2,3,3,3,3,3,3,3,1,3,4,4,1,"-44",1,1,2,2,2,2,0,0,0,3,3,0,1,2,3,4,0,0,0,0,0,0,0,0,3,2,6,8,2544000,102000000,140400000,6,8,2544000,109679000,149800000,100,1,1,1,4,"KISUMU",7,"-44","-44",8,106,999,1,-44,1,-44,12,19.7646999359131,"Kenya"
10049,1,2,"M1 through M5",-44,-44,"M6",-44,-44,"-44",2,-44,2005,1,"-44",1,16,26,11,15,4,4,0,1,1,1,0,0,0,0,1,24,11,0,45.8333333333333,8.33333333333333,0,2,-44,-44,-44,-44,-44,-44,2,-44,-44,-44,-44,-44,2,-44,-44,-44,-44,-44,2,-44,-44,-44,-44,-44,2,-44,-44,-44,-44,-44,2,-44,-44,-44,-44,-44,2,-44,-44,-44,-44,-44,1,5,4,0,80,0,2,-44,-44,-44,-44,-44,-44,-44,"-44",1,1,2,2,1,1,2,2,"-44",2,-44,-44,-44,-44,-44,-44,-44,"-44",2,-44,-44,-44,-44,-44,-44,-44,"-44",2,-44,-44,-44,-44,-44,-44,-44,"-44",2,-44,-44,-44,-44,-44,-44,-44,"-44",2,-44,-44,-44,-44,-44,-44,-44,"-44",2,-44,-44,-44,-44,-44,-44,-44,"-44",2,-44,-44,-44,-44,-44,-44,-44,"-44",1,1,2,2,1,1,1,2,"-44",1,1,2,2,"Professionals",2,2,2,2,2,2,1,10,"Elementary occupations","Professionals","Elementary occupations",2,2,2,1,2,2,1,1,2,2,2,2,2,2,2,2,2,1,1,1,40,80,20,80,3,1,5,4,1,2,32000,11000,1,2,1,1,1,2,3,2,1,2,1,2,2,1,3,2,1,2,2,1,1,1,1,2,2,2,1,2,2,2,2,2,2,1,2,1,3,3,10000,10000,2,2,6,6,5,4,1,2,1,1,28,30,2,2,2,2,3,3,3,1,2,2,2,2,3,3,-44,-44,-44,-44,-44,2,-44,-44,-44,-44,-44,-44,1,2,4,4,4,4,3,4,4,4,4,4,1,2,3,2,2,2,2,3,3,3,3,1,-44,-44,-44,-44,-44,-44,-44,-44,-44,-44,2,4,4,4,1,3,4,4,4,4,4,1,2,2,2,1,2,1,2,"-44",-44,-44,-44,-44,-44,-44,"-44",2,2,-44,-44,1,2,2,2,1,-44,"-44",-44,-44,-44,-44,"-44",-44,-44,100,-44,"-44",-44,-44,2,-44,"-44",-44,-44,-44,-44,"-44",-44,-44,-44,-44,"-44",5,"-44",-44,"-44",2,-44,10000,-44,1,2,1,2,2,2,2,"-44",-44,-44,-44,-44,-44,"-44",10,-44,-44,-44,-44,30,-44,-44,-44,-44,-44,-44,-44,-44,-44,-44,-44,-44,-44,-44,2000,-44,1,2,3,-44,1,2,1,4,3,2,-44,-44,-44,-44,-44,5,1,1,2,4,1,2,888997,1,1,1,3,1,1,1,3,3,3,4,1,"-44",2,1,2,1,1,2,0,0,0,0,0,0,0,3,0,0,0,2,0,0,0,0,0,0,2,2,7,25,3120000,1000000,6000000,7,26,3120000,1000000,6500000,100,1,1,1,4,"KISUMU",16,"-44","-44",30,106,999,1,-44,1,-44,12,19.7646999359131,"Kenya"
98372,1,2,"M1 through M5",-44,-44,"M6",-44,-44,"-44",2,-44,2011,4,"-44",1,11,12,7,5,0,0,0,1,2,2,2,0,0,1,1,7,7,7,42.8571428571429,0,0,2,-44,-44,-44,-44,-44,-44,1,1,1,1,100,0,2,-44,-44,-44,-44,-44,2,-44,-44,-44,-44,-44,2,-44,-44,-44,-44,-44,2,-44,-44,-44,-44,-44,1,1,1,1,0,0,1,1,1,1,100,0,2,-44,-44,-44,-44,-44,-44,-44,"-44",1,1,2,2,1,1,2,2,"-44",2,-44,-44,-44,-44,-44,-44,-44,"-44",2,-44,-44,-44,-44,-44,-44,-44,"-44",2,-44,-44,-44,-44,-44,-44,-44,"-44",2,-44,-44,-44,-44,-44,-44,-44,"-44",2,-44,-44,-44,-44,-44,-44,-44,"-44",2,-44,-44,-44,-44,-44,-44,-44,"-44",2,-44,-44,-44,-44,-44,-44,-44,"-44",2,-44,-44,-44,-44,-44,-44,-44,"-44",1,1,2,2,"Professionals",1,2,2,2,2,1,1,4,"Clerical and support workers","Professionals","Clerical and support workers",2,2,2,1,2,2,1,2,2,2,2,2,2,2,2,2,1,2,2,2,-44,-44,-44,-44,-44,-44,6,5,2,2,75000,18000,2,2,1,2,5,-44,-44,-44,-44,-44,-44,-44,5,-44,-44,-44,-44,-44,-44,-44,1,1,1,1,2,1,2,1,1,2,2,2,2,1,4,2,3,3,75000,18000,2,2,7,36,6,5,1,1,1,1,37,30,1,2,2,2,3,2,2,2,2,2,2,2,2,2,-44,-44,-44,-44,-44,-44,-44,-44,-44,-44,-44,-44,3,4,4,4,4,4,4,4,4,4,2,1,2,2,3,2,2,2,2,2,2,2,3,-44,-44,-44,-44,-44,-44,-44,-44,-44,-44,-44,4,1,4,4,2,3,4,4,4,4,4,2,2,-44,-44,-44,-44,-44,-44,"-44",-44,-44,-44,-44,-44,-44,"-44",2,2,-44,-44,2,2,-44,-44,-44,-44,"-44",-44,-44,-44,-44,"-44",-44,-44,-44,-44,"-44",-44,-44,-44,-44,"-44",-44,-44,-44,-44,"-44",-44,-44,-44,-44,"-44",-44,"-44",-44,"-44",-44,-44,-44,-44,2,2,-44,-44,-44,-44,-44,"-44",-44,-44,-44,-44,-44,"-44",-44,-44,-44,-44,-44,-44,-44,-44,-44,-44,-44,-44,-44,-44,-44,-44,-44,-44,-44,-44,-44,-44,2,2,-44,-44,3,4,2,1,5,2,-44,-44,-44,-44,-44,2,2,1,1,4,3,3,3,3,3,3,3,3,1,3,3,3,4,4,1,"-44",1,1,1,1,1,2,0,0,0,3,0,0,2,4,2,4,0,0,2,3,0,4,4,0,3,2,6,12,9300000,1560000000,1848000000,6,12,9300000,1618000000,1903000000,100,1,1,1,4,"KISUMU",11,"-44","-44",12,106,999,1,-44,1,-44,12,19.7646999359131,"Kenya"
27087,1,3,"M1 through M5",-44,-44,"M6",-44,-44,"-44",2,-44,2011,1,"-44",1,7,10,7,3,0,0,0,1,1,1,1,0,0,0,1,3,3,3,33.3333333333333,0,0,1,2,1,2,50,50,0,1,4,4,4,25,1,2,-44,-44,-44,-44,-44,2,-44,-44,-44,-44,-44,2,-44,-44,-44,-44,-44,2,-44,-44,-44,-44,-44,2,-44,-44,-44,-44,-44,2,-44,-44,-44,-44,-44,2,-44,-44,-44,-44,-44,-44,-44,"-44",2,-44,-44,-44,-44,-44,-44,-44,"-44",1,1,1,1,2,2,1,2,"-44",1,1,2,1,1,2,2,2,"-44",2,-44,-44,-44,-44,-44,-44,-44,"-44",2,-44,-44,-44,-44,-44,-44,-44,"-44",2,-44,-44,-44,-44,-44,-44,-44,"-44",2,-44,-44,-44,-44,-44,-44,-44,"-44",2,-44,-44,-44,-44,-44,-44,-44,"-44",2,-44,-44,-44,-44,-44,-44,-44,"-44",1,1,1,2,"Professionals",1,2,2,2,2,2,2,4,"Clerical and support workers","Professionals","Clerical and support workers",2,1,2,2,2,1,1,1,2,2,2,2,2,2,2,2,1,2,2,1,-44,50,50,50,-44,5,6,6,2,1,99000,32000,2,2,1,2,5,-44,-44,-44,-44,-44,-44,-44,2,5,-44,-44,-44,-44,1,2,1,1,1,1,2,2,1,1,2,2,1,2,2,1,4,3,1,2,117000,28000,2,2,5,18,5,6,1,1,1,2,26,35,2,1,1,2,3,2,1,2,2,2,2,2,1,2,1,-44,-44,-44,1,-44,-44,-44,-44,-44,2,-44,4,4,4,4,4,1,4,4,4,2,4,3,2,2,1,1,2,1,2,2,2,3,3,-44,-44,1,3,-44,2,-44,-44,-44,-44,-44,4,4,4,4,1,4,4,4,4,4,2,2,1,-44,-44,-44,-44,-44,-44,"-44",2,2,2,1,2,2,"-44",2,2,-44,-44,2,2,-44,-44,-44,-44,"-44",-44,-44,-44,-44,"-44",-44,-44,-44,-44,"-44",-44,-44,-44,-44,"-44",-44,-44,-44,-44,"-44",-44,-44,-44,-44,"-44",-44,"-44",-44,"-44",-44,-44,-44,-44,2,2,-44,-44,-44,-44,-44,"-44",-44,-44,-44,-44,-44,"-44",-44,-44,-44,-44,-44,-44,-44,-44,-44,-44,-44,-44,-44,-44,-44,-44,-44,-44,-44,-44,-44,-44,2,2,-44,-44,4,1,2,4,4,2,-44,-44,-44,-44,-44,1,5,4,1,5,2,3,3,1,3,3,3,3,2,1,3,3,4,4,2,"-44",2,1,1,2,1,1,2,1,3,0,3,0,0,2,2,0,1,1,0,2,0,2,0,1,0,2,6,8,16920000,10300000,61600000,6,10,4464000,6160000,22800000,100,1,1,1,4,"KISUMU",7,"-44","-44",10,103,999,1,-44,1,-44,12,19.7646999359131,"Kenya"
98251,1,3,"M1 through M5",-44,-44,"M6",-44,-44,"-44",2,-44,2001,1,"-44",1,9,6,5,1,0,0,0,1,1,1,1,0,0,0,2,-44,-44,-44,-44,-44,-44,2,-44,-44,-44,-44,-44,-44,2,-44,-44,-44,-44,-44,1,5,5,5,20,0,2,-44,-44,-44,-44,-44,2,-44,-44,-44,-44,-44,2,-44,-44,-44,-44,-44,2,-44,-44,-44,-44,-44,2,-44,-44,-44,-44,-44,1,2,1,2,2,1,2,2,"-44",2,-44,-44,-44,-44,-44,-44,-44,"-44",2,-44,-44,-44,-44,-44,-44,-44,"-44",2,-44,-44,-44,-44,-44,-44,-44,"-44",1,1,2,2,2,2,2,2,"-44",2,-44,-44,-44,-44,-44,-44,-44,"-44",2,-44,-44,-44,-44,-44,-44,-44,"-44",2,-44,-44,-44,-44,-44,-44,-44,"-44",2,-44,-44,-44,-44,-44,-44,-44,"-44",2,-44,-44,-44,-44,-44,-44,-44,"-44",1,2,2,1,"Managers",2,1,2,2,2,2,2,5,"Service workers","Managers","Service workers",2,2,2,1,2,2,2,1,2,2,2,2,1,2,2,2,1,2,2,2,-44,-44,-44,-44,-44,-44,5,3,1,1,15000,12000,2,2,2,2,1,2,3,2,1,2,1,2,1,2,3,2,1,2,1,2,1,1,1,1,2,1,1,1,1,1,1,2,1,1,3,1,3,3,15000,12000,2,2,12,12,5,3,1,2,1,1,45,30,1,1,2,2,1,2,2,2,2,2,2,2,2,2,-44,-44,3,-44,-44,-44,-44,-44,-44,-44,-44,-44,4,2,4,3,4,1,4,4,4,4,4,4,2,2,1,2,2,2,2,2,2,3,2,-44,-44,3,-44,-44,-44,-44,-44,-44,-44,-44,4,4,3,1,4,2,4,4,4,4,4,1,2,2,2,2,2,1,2,"-44",-44,-44,-44,-44,-44,-44,"-44",2,2,-44,-44,2,2,-44,-44,-44,-44,"-44",-44,-44,-44,-44,"-44",-44,-44,-44,-44,"-44",-44,-44,-44,-44,"-44",-44,-44,-44,-44,"-44",-44,-44,-44,-44,"-44",-44,"-44",-44,"-44",-44,-44,-44,-44,2,2,-44,-44,-44,-44,-44,"-44",-44,-44,-44,-44,-44,"-44",-44,-44,-44,-44,-44,-44,-44,-44,-44,-44,-44,-44,-44,-44,-44,-44,-44,-44,-44,-44,-44,-44,2,2,-44,-44,3,4,4,4,3,2,-44,-44,-44,-44,-44,1,1,1,4,5,3,3,3,3,3,3,3,3,1,1,2,3,3,3,1,"-44",1,1,1,1,2,2,3,3,4,0,4,4,4,4,1,0,4,4,0,2,2,3,3,2,3,2,12,6,756000,200000,2000000,12,6,756000,220000,2000000,100,2,2,3,2,"KISUMU",9,"-44","-44",6,102,102,2,-44,1,-44,12,19.7646999359131,"Kenya"
27017,1,3,"M1 through M5",-44,-44,"M6",-44,-44,"-44",2,-44,1986,1,"-44",1,7,9,7,2,0,0,0,1,1,1,1,100,0,0,2,-44,-44,-44,-44,-44,-44,2,-44,-44,-44,-44,-44,-44,2,-44,-44,-44,-44,-44,2,-44,-44,-44,-44,-44,1,8,8,8,12.5,0,2,-44,-44,-44,-44,-44,2,-44,-44,-44,-44,-44,2,-44,-44,-44,-44,-44,2,-44,-44,-44,-44,-44,2,-44,-44,-44,-44,-44,-44,-44,"-44",2,-44,-44,-44,-44,-44,-44,-44,"-44",2,-44,-44,-44,-44,-44,-44,-44,"-44",2,-44,-44,-44,-44,-44,-44,-44,"-44",2,-44,-44,-44,-44,-44,-44,-44,"-44",2,-44,-44,-44,-44,-44,-44,-44,"-44",2,-44,-44,-44,-44,-44,-44,-44,"-44",2,-44,-44,-44,-44,-44,-44,-44,"-44",2,-44,-44,-44,-44,-44,-44,-44,"-44",2,-44,-44,-44,-44,-44,-44,-44,"-44",1,2,2,1,"Managers",2,2,1,2,2,2,2,6,"Sales workers","Managers","Sales workers",2,1,2,2,2,2,2,1,2,1,2,1,2,2,2,2,1,2,2,2,-44,-44,-44,-44,-44,-44,5,5,1,1,18000,9000,2,2,1,2,3,5,-44,-44,-44,-44,-44,-44,2,3,1,2,2,1,1,2,2,1,2,2,2,1,1,1,1,1,2,2,1,1,5,2,1,2,18000,10000,2,2,18,2,5,5,1,1,1,1,44,33,1,1,2,1,3,1,2,2,2,1,2,2,2,2,-44,2,-44,1,-44,-44,-44,1,-44,-44,-44,-44,4,4,4,4,4,1,4,4,3,4,4,2,2,1,3,2,2,3,2,2,2,2,3,-44,2,-44,-44,-44,-44,-44,-44,-44,-44,-44,4,4,4,2,4,3,1,4,4,4,4,2,2,-44,-44,-44,-44,-44,-44,"-44",-44,-44,-44,-44,-44,-44,"-44",2,2,-44,-44,2,2,-44,-44,-44,-44,"-44",-44,-44,-44,-44,"-44",-44,-44,-44,-44,"-44",-44,-44,-44,-44,"-44",-44,-44,-44,-44,"-44",-44,-44,-44,-44,"-44",-44,"-44",-44,"-44",-44,-44,-44,-44,2,2,-44,-44,-44,-44,-44,"-44",-44,-44,-44,-44,-44,"-44",-44,-44,-44,-44,-44,-44,-44,-44,-44,-44,-44,-44,-44,-44,-44,-44,-44,-44,-44,-44,-44,-44,2,2,-44,-44,5,3,5,4,5,2,-44,-44,-44,-44,-44,5,1,2,1,2,1,3,2,3,1,2,3,1,2,1,3,3,4,4,1,"-44",2,2,1,1,2,2,1,0,3,1,1,2,0,1,1,0,0,3,1,0,0,1,1,0,1,1,11,9,523000,133000,742000,11,9,456000,124000,648000,0,2,1,1,3,"KISUMU",7,"-44","-44",9,105,999,2,-44,1,-44,12,19.7646999359131,"Kenya"
